datetime,tradingsymbol,instrument_identifier,open,high,low,close,volume,open_interest,expiry_date_source,verified_expiry_date,contract_month
2026-06-01 09:15:00+05:30,NIFTY26JUNFUT,NSE:NIFTY26JUNFUT,23740.0,23779.0,23675.0,23699.8,397670.0,17264455.0,2026-06-30,2026-06-30,JUN 2026
2026-06-01 09:20:00+05:30,NIFTY26JUNFUT,NSE:NIFTY26JUNFUT,23695.1,23707.8,23652.6,23665.0,140140.0,17273555.0,2026-06-30,2026-06-30,JUN 2026
2026-06-01 09:25:00+05:30,NIFTY26JUNFUT,NSE:NIFTY26JUNFUT,23662.3,23680.1,23652.0,23660.5,88270.0,17287400.0,2026-06-30,2026-06-30,JUN 2026
2026-06-01 09:30:00+05:30,NIFTY26JUNFUT,NSE:NIFTY26JUNFUT,23660.5,23687.5,23652.0,23680.0,88400.0,17288895.0,2026-06-30,2026-06-30,JUN 2026
2026-06-01 09:35:00+05:30,NIFTY26JUNFUT,NSE:NIFTY26JUNFUT,23676.0,23681.0,23637.0,23679.5,121615.0,17300140.0,2026-06-30,2026-06-30,JUN 2026
2026-06-01 09:40:00+05:30,NIFTY26JUNFUT,NSE:NIFTY26JUNFUT,23679.5,23692.0,23643.0,23650.0,56225.0,17298905.0,2026-06-30,2026-06-30,JUN 2026
2026-06-01 09:45:00+05:30,NIFTY26JUNFUT,NSE:NIFTY26JUNFUT,23645.0,23665.0,23634.0,23647.5,104845.0,17298190.0,2026-06-30,2026-06-30,JUN 2026
2026-06-01 09:50:00+05:30,NIFTY26JUNFUT,NSE:NIFTY26JUNFUT,23644.6,23665.0,23636.3,23656.5,52650.0,17312750.0,2026-06-30,2026-06-30,JUN 2026
2026-06-01 09:55:00+05:30,NIFTY26JUNFUT,NSE:NIFTY26JUNFUT,23655.0,23657.0,23625.0,23625.0,51870.0,17327245.0,2026-06-30,2026-06-30,JUN 2026
2026-06-01 10:00:00+05:30,NIFTY26JUNFUT,NSE:NIFTY26JUNFUT,23625.0,23634.5,23606.0,23606.9,91195.0,17336215.0,2026-06-30,2026-06-30,JUN 2026
2026-06-01 10:05:00+05:30,NIFTY26JUNFUT,NSE:NIFTY26JUNFUT,23609.4,23637.5,23601.7,23632.0,70655.0,17345835.0,2026-06-30,2026-06-30,JUN 2026
2026-06-01 10:10:00+05:30,NIFTY26JUNFUT,NSE:NIFTY26JUNFUT,23634.4,23640.0,23616.0,23616.0,63700.0,17344080.0,2026-06-30,2026-06-30,JUN 2026
2026-06-01 10:15:00+05:30,NIFTY26JUNFUT,NSE:NIFTY26JUNFUT,23615.0,23634.5,23605.0,23625.0,39195.0,17366115.0,2026-06-30,2026-06-30,JUN 2026
2026-06-01 10:20:00+05:30,NIFTY26JUNFUT,NSE:NIFTY26JUNFUT,23626.0,23634.4,23615.9,23619.5,38350.0,17363060.0,2026-06-30,2026-06-30,JUN 2026
2026-06-01 10:25:00+05:30,NIFTY26JUNFUT,NSE:NIFTY26JUNFUT,23619.5,23628.4,23602.5,23608.6,28795.0,17374890.0,2026-06-30,2026-06-30,JUN 2026
2026-06-01 10:30:00+05:30,NIFTY26JUNFUT,NSE:NIFTY26JUNFUT,23607.5,23617.9,23581.0,23588.6,64610.0,17388085.0,2026-06-30,2026-06-30,JUN 2026
2026-06-01 10:35:00+05:30,NIFTY26JUNFUT,NSE:NIFTY26JUNFUT,23586.9,23623.1,23585.0,23612.2,89765.0,17407000.0,2026-06-30,2026-06-30,JUN 2026
2026-06-01 10:40:00+05:30,NIFTY26JUNFUT,NSE:NIFTY26JUNFUT,23606.0,23626.9,23601.0,23612.6,40755.0,17424290.0,2026-06-30,2026-06-30,JUN 2026
2026-06-01 10:45:00+05:30,NIFTY26JUNFUT,NSE:NIFTY26JUNFUT,23612.7,23648.0,23610.0,23640.0,51480.0,17438850.0,2026-06-30,2026-06-30,JUN 2026
2026-06-01 10:50:00+05:30,NIFTY26JUNFUT,NSE:NIFTY26JUNFUT,23638.0,23665.0,23631.0,23664.4,72020.0,17463875.0,2026-06-30,2026-06-30,JUN 2026
2026-06-01 10:55:00+05:30,NIFTY26JUNFUT,NSE:NIFTY26JUNFUT,23664.9,23666.5,23640.0,23643.5,65780.0,17480905.0,2026-06-30,2026-06-30,JUN 2026
2026-06-01 11:00:00+05:30,NIFTY26JUNFUT,NSE:NIFTY26JUNFUT,23640.0,23665.0,23640.0,23654.1,53235.0,17491305.0,2026-06-30,2026-06-30,JUN 2026
2026-06-01 11:05:00+05:30,NIFTY26JUNFUT,NSE:NIFTY26JUNFUT,23654.1,23679.0,23654.1,23678.4,60060.0,17481750.0,2026-06-30,2026-06-30,JUN 2026
2026-06-01 11:10:00+05:30,NIFTY26JUNFUT,NSE:NIFTY26JUNFUT,23678.1,23680.0,23670.0,23674.0,26780.0,17481945.0,2026-06-30,2026-06-30,JUN 2026
2026-06-01 11:15:00+05:30,NIFTY26JUNFUT,NSE:NIFTY26JUNFUT,23677.4,23693.0,23666.0,23675.0,59930.0,17493580.0,2026-06-30,2026-06-30,JUN 2026
2026-06-01 11:20:00+05:30,NIFTY26JUNFUT,NSE:NIFTY26JUNFUT,23672.0,23680.0,23650.0,23651.0,44135.0,17501445.0,2026-06-30,2026-06-30,JUN 2026
2026-06-01 11:25:00+05:30,NIFTY26JUNFUT,NSE:NIFTY26JUNFUT,23651.0,23653.9,23628.0,23630.4,27690.0,17513925.0,2026-06-30,2026-06-30,JUN 2026
2026-06-01 11:30:00+05:30,NIFTY26JUNFUT,NSE:NIFTY26JUNFUT,23630.4,23636.6,23610.6,23616.9,43355.0,17535765.0,2026-06-30,2026-06-30,JUN 2026
2026-06-01 11:35:00+05:30,NIFTY26JUNFUT,NSE:NIFTY26JUNFUT,23615.6,23640.0,23615.0,23630.2,29510.0,17548960.0,2026-06-30,2026-06-30,JUN 2026
2026-06-01 11:40:00+05:30,NIFTY26JUNFUT,NSE:NIFTY26JUNFUT,23630.2,23639.0,23615.0,23617.5,22880.0,17561635.0,2026-06-30,2026-06-30,JUN 2026
2026-06-01 11:45:00+05:30,NIFTY26JUNFUT,NSE:NIFTY26JUNFUT,23617.5,23624.9,23600.1,23620.8,41665.0,17577755.0,2026-06-30,2026-06-30,JUN 2026
2026-06-01 11:50:00+05:30,NIFTY26JUNFUT,NSE:NIFTY26JUNFUT,23620.8,23632.4,23613.5,23620.4,25610.0,17587700.0,2026-06-30,2026-06-30,JUN 2026
2026-06-01 11:55:00+05:30,NIFTY26JUNFUT,NSE:NIFTY26JUNFUT,23619.0,23621.5,23555.0,23555.0,134550.0,17618445.0,2026-06-30,2026-06-30,JUN 2026
2026-06-01 12:00:00+05:30,NIFTY26JUNFUT,NSE:NIFTY26JUNFUT,23556.0,23566.1,23550.0,23562.6,120445.0,17685395.0,2026-06-30,2026-06-30,JUN 2026
2026-06-01 12:05:00+05:30,NIFTY26JUNFUT,NSE:NIFTY26JUNFUT,23562.6,23580.0,23560.0,23570.5,42315.0,17704050.0,2026-06-30,2026-06-30,JUN 2026
2026-06-01 12:10:00+05:30,NIFTY26JUNFUT,NSE:NIFTY26JUNFUT,23570.5,23592.5,23565.0,23585.2,35620.0,17718870.0,2026-06-30,2026-06-30,JUN 2026
2026-06-01 12:15:00+05:30,NIFTY26JUNFUT,NSE:NIFTY26JUNFUT,23590.0,23594.9,23570.0,23588.0,49465.0,17725175.0,2026-06-30,2026-06-30,JUN 2026
2026-06-01 12:20:00+05:30,NIFTY26JUNFUT,NSE:NIFTY26JUNFUT,23588.0,23591.0,23567.8,23575.0,45435.0,17730050.0,2026-06-30,2026-06-30,JUN 2026
2026-06-01 12:25:00+05:30,NIFTY26JUNFUT,NSE:NIFTY26JUNFUT,23575.0,23589.5,23572.3,23578.2,9100.0,17730050.0,2026-06-30,2026-06-30,JUN 2026
2026-06-01 12:30:00+05:30,NIFTY26JUNFUT,NSE:NIFTY26JUNFUT,23578.0,23578.3,23570.0,23572.0,12870.0,17731025.0,2026-06-30,2026-06-30,JUN 2026
2026-06-01 12:35:00+05:30,NIFTY26JUNFUT,NSE:NIFTY26JUNFUT,23572.0,23585.0,23570.1,23575.0,19630.0,17735120.0,2026-06-30,2026-06-30,JUN 2026
2026-06-01 12:40:00+05:30,NIFTY26JUNFUT,NSE:NIFTY26JUNFUT,23575.0,23577.0,23565.0,23577.0,21775.0,17746300.0,2026-06-30,2026-06-30,JUN 2026
2026-06-01 12:45:00+05:30,NIFTY26JUNFUT,NSE:NIFTY26JUNFUT,23577.0,23599.0,23576.0,23598.5,20865.0,17748640.0,2026-06-30,2026-06-30,JUN 2026
2026-06-01 12:50:00+05:30,NIFTY26JUNFUT,NSE:NIFTY26JUNFUT,23590.6,23598.5,23576.4,23585.5,24180.0,17747405.0,2026-06-30,2026-06-30,JUN 2026
2026-06-01 12:55:00+05:30,NIFTY26JUNFUT,NSE:NIFTY26JUNFUT,23588.0,23592.5,23558.0,23575.5,32305.0,17751500.0,2026-06-30,2026-06-30,JUN 2026
2026-06-01 13:00:00+05:30,NIFTY26JUNFUT,NSE:NIFTY26JUNFUT,23576.0,23582.4,23550.0,23558.6,28210.0,17768270.0,2026-06-30,2026-06-30,JUN 2026
2026-06-01 13:05:00+05:30,NIFTY26JUNFUT,NSE:NIFTY26JUNFUT,23558.5,23559.5,23535.0,23540.0,101140.0,17788615.0,2026-06-30,2026-06-30,JUN 2026
2026-06-01 13:10:00+05:30,NIFTY26JUNFUT,NSE:NIFTY26JUNFUT,23540.0,23540.8,23510.0,23515.5,85150.0,17815005.0,2026-06-30,2026-06-30,JUN 2026
2026-06-01 13:15:00+05:30,NIFTY26JUNFUT,NSE:NIFTY26JUNFUT,23515.0,23539.0,23515.0,23534.0,55055.0,17832165.0,2026-06-30,2026-06-30,JUN 2026
2026-06-01 13:20:00+05:30,NIFTY26JUNFUT,NSE:NIFTY26JUNFUT,23531.1,23538.9,23525.0,23525.0,28665.0,17846010.0,2026-06-30,2026-06-30,JUN 2026
2026-06-01 13:25:00+05:30,NIFTY26JUNFUT,NSE:NIFTY26JUNFUT,23526.0,23543.0,23522.7,23543.0,31395.0,17861870.0,2026-06-30,2026-06-30,JUN 2026
2026-06-01 13:30:00+05:30,NIFTY26JUNFUT,NSE:NIFTY26JUNFUT,23542.7,23568.0,23540.0,23545.0,37375.0,17860115.0,2026-06-30,2026-06-30,JUN 2026
2026-06-01 13:35:00+05:30,NIFTY26JUNFUT,NSE:NIFTY26JUNFUT,23548.4,23557.5,23535.1,23547.0,48230.0,17868890.0,2026-06-30,2026-06-30,JUN 2026
2026-06-01 13:40:00+05:30,NIFTY26JUNFUT,NSE:NIFTY26JUNFUT,23555.0,23559.0,23541.5,23542.0,11245.0,17868630.0,2026-06-30,2026-06-30,JUN 2026
2026-06-01 13:45:00+05:30,NIFTY26JUNFUT,NSE:NIFTY26JUNFUT,23549.5,23549.5,23530.0,23533.5,22750.0,17874350.0,2026-06-30,2026-06-30,JUN 2026
2026-06-01 13:50:00+05:30,NIFTY26JUNFUT,NSE:NIFTY26JUNFUT,23533.5,23541.9,23521.0,23521.0,28665.0,17878445.0,2026-06-30,2026-06-30,JUN 2026
2026-06-01 13:55:00+05:30,NIFTY26JUNFUT,NSE:NIFTY26JUNFUT,23521.0,23538.2,23515.0,23526.5,76960.0,17886830.0,2026-06-30,2026-06-30,JUN 2026
2026-06-01 14:00:00+05:30,NIFTY26JUNFUT,NSE:NIFTY26JUNFUT,23526.5,23529.7,23488.2,23509.8,141440.0,17898920.0,2026-06-30,2026-06-30,JUN 2026
2026-06-01 14:05:00+05:30,NIFTY26JUNFUT,NSE:NIFTY26JUNFUT,23507.0,23510.0,23487.9,23489.7,40040.0,17917900.0,2026-06-30,2026-06-30,JUN 2026
2026-06-01 14:10:00+05:30,NIFTY26JUNFUT,NSE:NIFTY26JUNFUT,23489.7,23498.6,23474.5,23477.6,88335.0,17954495.0,2026-06-30,2026-06-30,JUN 2026
2026-06-01 14:15:00+05:30,NIFTY26JUNFUT,NSE:NIFTY26JUNFUT,23479.0,23496.0,23468.0,23495.0,62855.0,17966585.0,2026-06-30,2026-06-30,JUN 2026
2026-06-01 14:20:00+05:30,NIFTY26JUNFUT,NSE:NIFTY26JUNFUT,23490.0,23493.0,23461.0,23461.0,59865.0,17978090.0,2026-06-30,2026-06-30,JUN 2026
2026-06-01 14:25:00+05:30,NIFTY26JUNFUT,NSE:NIFTY26JUNFUT,23461.0,23484.1,23460.0,23463.2,46215.0,17985500.0,2026-06-30,2026-06-30,JUN 2026
2026-06-01 14:30:00+05:30,NIFTY26JUNFUT,NSE:NIFTY26JUNFUT,23467.8,23484.5,23452.0,23470.0,45240.0,17997915.0,2026-06-30,2026-06-30,JUN 2026
2026-06-01 14:35:00+05:30,NIFTY26JUNFUT,NSE:NIFTY26JUNFUT,23466.7,23495.0,23466.7,23491.8,62660.0,18022550.0,2026-06-30,2026-06-30,JUN 2026
2026-06-01 14:40:00+05:30,NIFTY26JUNFUT,NSE:NIFTY26JUNFUT,23495.0,23497.0,23488.0,23491.0,29770.0,18033080.0,2026-06-30,2026-06-30,JUN 2026
2026-06-01 14:45:00+05:30,NIFTY26JUNFUT,NSE:NIFTY26JUNFUT,23490.0,23507.4,23473.9,23487.8,61295.0,18049395.0,2026-06-30,2026-06-30,JUN 2026
2026-06-01 14:50:00+05:30,NIFTY26JUNFUT,NSE:NIFTY26JUNFUT,23487.1,23487.1,23448.8,23465.8,70590.0,18067205.0,2026-06-30,2026-06-30,JUN 2026
2026-06-01 14:55:00+05:30,NIFTY26JUNFUT,NSE:NIFTY26JUNFUT,23466.6,23466.6,23442.0,23451.0,55185.0,18084495.0,2026-06-30,2026-06-30,JUN 2026
2026-06-01 15:00:00+05:30,NIFTY26JUNFUT,NSE:NIFTY26JUNFUT,23451.2,23479.4,23436.0,23469.2,123110.0,18140720.0,2026-06-30,2026-06-30,JUN 2026
2026-06-01 15:05:00+05:30,NIFTY26JUNFUT,NSE:NIFTY26JUNFUT,23474.8,23493.9,23460.0,23488.1,44655.0,18152160.0,2026-06-30,2026-06-30,JUN 2026
2026-06-01 15:10:00+05:30,NIFTY26JUNFUT,NSE:NIFTY26JUNFUT,23490.0,23498.7,23466.0,23466.0,94510.0,18180500.0,2026-06-30,2026-06-30,JUN 2026
2026-06-01 15:15:00+05:30,NIFTY26JUNFUT,NSE:NIFTY26JUNFUT,23466.9,23484.0,23456.6,23458.0,107835.0,18217810.0,2026-06-30,2026-06-30,JUN 2026
2026-06-01 15:20:00+05:30,NIFTY26JUNFUT,NSE:NIFTY26JUNFUT,23456.7,23469.5,23449.2,23455.7,118560.0,18227365.0,2026-06-30,2026-06-30,JUN 2026
2026-06-01 15:25:00+05:30,NIFTY26JUNFUT,NSE:NIFTY26JUNFUT,23457.6,23469.8,23444.6,23459.9,226330.0,18334095.0,2026-06-30,2026-06-30,JUN 2026
2026-06-02 09:15:00+05:30,NIFTY26JUNFUT,NSE:NIFTY26JUNFUT,23299.0,23347.8,23286.0,23343.9,369330.0,17834050.0,2026-06-30,2026-06-30,JUN 2026
2026-06-02 09:20:00+05:30,NIFTY26JUNFUT,NSE:NIFTY26JUNFUT,23343.4,23356.4,23330.1,23353.3,258635.0,17896905.0,2026-06-30,2026-06-30,JUN 2026
2026-06-02 09:25:00+05:30,NIFTY26JUNFUT,NSE:NIFTY26JUNFUT,23352.0,23370.2,23338.1,23353.1,137930.0,17869215.0,2026-06-30,2026-06-30,JUN 2026
2026-06-02 09:30:00+05:30,NIFTY26JUNFUT,NSE:NIFTY26JUNFUT,23353.9,23364.0,23331.0,23359.9,93015.0,17862715.0,2026-06-30,2026-06-30,JUN 2026
2026-06-02 09:35:00+05:30,NIFTY26JUNFUT,NSE:NIFTY26JUNFUT,23359.9,23378.4,23353.7,23369.0,97890.0,17869670.0,2026-06-30,2026-06-30,JUN 2026
2026-06-02 09:40:00+05:30,NIFTY26JUNFUT,NSE:NIFTY26JUNFUT,23369.0,23374.9,23345.0,23373.6,65065.0,17886570.0,2026-06-30,2026-06-30,JUN 2026
2026-06-02 09:45:00+05:30,NIFTY26JUNFUT,NSE:NIFTY26JUNFUT,23372.2,23375.9,23347.0,23362.3,85800.0,17897750.0,2026-06-30,2026-06-30,JUN 2026
2026-06-02 09:50:00+05:30,NIFTY26JUNFUT,NSE:NIFTY26JUNFUT,23362.2,23391.0,23355.1,23390.0,65260.0,17885725.0,2026-06-30,2026-06-30,JUN 2026
2026-06-02 09:55:00+05:30,NIFTY26JUNFUT,NSE:NIFTY26JUNFUT,23387.4,23400.0,23378.0,23398.0,63375.0,17886050.0,2026-06-30,2026-06-30,JUN 2026
2026-06-02 10:00:00+05:30,NIFTY26JUNFUT,NSE:NIFTY26JUNFUT,23395.5,23398.2,23382.7,23393.7,40690.0,17893265.0,2026-06-30,2026-06-30,JUN 2026
2026-06-02 10:05:00+05:30,NIFTY26JUNFUT,NSE:NIFTY26JUNFUT,23395.8,23400.0,23370.0,23378.0,63960.0,17888195.0,2026-06-30,2026-06-30,JUN 2026
2026-06-02 10:10:00+05:30,NIFTY26JUNFUT,NSE:NIFTY26JUNFUT,23375.0,23380.6,23358.6,23360.0,33995.0,17898595.0,2026-06-30,2026-06-30,JUN 2026
2026-06-02 10:15:00+05:30,NIFTY26JUNFUT,NSE:NIFTY26JUNFUT,23358.8,23392.0,23348.0,23392.0,59020.0,17901130.0,2026-06-30,2026-06-30,JUN 2026
2026-06-02 10:20:00+05:30,NIFTY26JUNFUT,NSE:NIFTY26JUNFUT,23393.0,23438.0,23386.0,23423.0,95355.0,17879810.0,2026-06-30,2026-06-30,JUN 2026
2026-06-02 10:25:00+05:30,NIFTY26JUNFUT,NSE:NIFTY26JUNFUT,23430.0,23450.0,23422.7,23447.6,73190.0,17875390.0,2026-06-30,2026-06-30,JUN 2026
2026-06-02 10:30:00+05:30,NIFTY26JUNFUT,NSE:NIFTY26JUNFUT,23445.0,23450.0,23408.7,23424.0,51415.0,17880395.0,2026-06-30,2026-06-30,JUN 2026
2026-06-02 10:35:00+05:30,NIFTY26JUNFUT,NSE:NIFTY26JUNFUT,23424.9,23429.8,23406.3,23426.9,36725.0,17891575.0,2026-06-30,2026-06-30,JUN 2026
2026-06-02 10:40:00+05:30,NIFTY26JUNFUT,NSE:NIFTY26JUNFUT,23426.8,23439.8,23421.7,23423.5,20995.0,17893590.0,2026-06-30,2026-06-30,JUN 2026
2026-06-02 10:45:00+05:30,NIFTY26JUNFUT,NSE:NIFTY26JUNFUT,23423.5,23430.0,23402.6,23402.6,29510.0,17901585.0,2026-06-30,2026-06-30,JUN 2026
2026-06-02 10:50:00+05:30,NIFTY26JUNFUT,NSE:NIFTY26JUNFUT,23408.0,23414.9,23375.0,23381.9,46410.0,17907305.0,2026-06-30,2026-06-30,JUN 2026
2026-06-02 10:55:00+05:30,NIFTY26JUNFUT,NSE:NIFTY26JUNFUT,23381.9,23384.9,23359.8,23381.9,55185.0,17932070.0,2026-06-30,2026-06-30,JUN 2026
2026-06-02 11:00:00+05:30,NIFTY26JUNFUT,NSE:NIFTY26JUNFUT,23378.0,23387.9,23371.0,23378.0,32825.0,17947930.0,2026-06-30,2026-06-30,JUN 2026
2026-06-02 11:05:00+05:30,NIFTY26JUNFUT,NSE:NIFTY26JUNFUT,23378.0,23387.9,23368.6,23372.1,13130.0,17951960.0,2026-06-30,2026-06-30,JUN 2026
2026-06-02 11:10:00+05:30,NIFTY26JUNFUT,NSE:NIFTY26JUNFUT,23372.0,23400.0,23370.0,23398.9,20215.0,17955145.0,2026-06-30,2026-06-30,JUN 2026
2026-06-02 11:15:00+05:30,NIFTY26JUNFUT,NSE:NIFTY26JUNFUT,23395.0,23398.5,23375.0,23397.2,17290.0,17961320.0,2026-06-30,2026-06-30,JUN 2026
2026-06-02 11:20:00+05:30,NIFTY26JUNFUT,NSE:NIFTY26JUNFUT,23398.0,23445.0,23387.6,23445.0,187785.0,18073055.0,2026-06-30,2026-06-30,JUN 2026
2026-06-02 11:25:00+05:30,NIFTY26JUNFUT,NSE:NIFTY26JUNFUT,23445.0,23445.0,23406.8,23421.0,25415.0,18074420.0,2026-06-30,2026-06-30,JUN 2026
2026-06-02 11:30:00+05:30,NIFTY26JUNFUT,NSE:NIFTY26JUNFUT,23420.0,23427.9,23410.0,23419.1,11180.0,17944550.0,2026-06-30,2026-06-30,JUN 2026
2026-06-02 11:35:00+05:30,NIFTY26JUNFUT,NSE:NIFTY26JUNFUT,23415.0,23421.1,23369.0,23369.0,24700.0,17954755.0,2026-06-30,2026-06-30,JUN 2026
2026-06-02 11:40:00+05:30,NIFTY26JUNFUT,NSE:NIFTY26JUNFUT,23370.0,23392.9,23368.6,23378.0,14885.0,17958720.0,2026-06-30,2026-06-30,JUN 2026
2026-06-02 11:45:00+05:30,NIFTY26JUNFUT,NSE:NIFTY26JUNFUT,23376.1,23392.9,23371.0,23388.0,11895.0,17961255.0,2026-06-30,2026-06-30,JUN 2026
2026-06-02 11:50:00+05:30,NIFTY26JUNFUT,NSE:NIFTY26JUNFUT,23380.6,23393.0,23380.0,23386.0,10725.0,17963400.0,2026-06-30,2026-06-30,JUN 2026
2026-06-02 11:55:00+05:30,NIFTY26JUNFUT,NSE:NIFTY26JUNFUT,23381.3,23394.1,23365.0,23371.0,20540.0,17969835.0,2026-06-30,2026-06-30,JUN 2026
2026-06-02 12:00:00+05:30,NIFTY26JUNFUT,NSE:NIFTY26JUNFUT,23370.8,23386.0,23360.6,23374.0,12545.0,17971785.0,2026-06-30,2026-06-30,JUN 2026
2026-06-02 12:05:00+05:30,NIFTY26JUNFUT,NSE:NIFTY26JUNFUT,23374.0,23389.9,23361.2,23381.6,11375.0,17971655.0,2026-06-30,2026-06-30,JUN 2026
2026-06-02 12:10:00+05:30,NIFTY26JUNFUT,NSE:NIFTY26JUNFUT,23381.6,23387.3,23359.4,23360.0,19890.0,17973215.0,2026-06-30,2026-06-30,JUN 2026
2026-06-02 12:15:00+05:30,NIFTY26JUNFUT,NSE:NIFTY26JUNFUT,23359.3,23379.9,23358.7,23372.0,28795.0,17979845.0,2026-06-30,2026-06-30,JUN 2026
2026-06-02 12:20:00+05:30,NIFTY26JUNFUT,NSE:NIFTY26JUNFUT,23370.0,23375.0,23364.7,23370.9,8970.0,17978870.0,2026-06-30,2026-06-30,JUN 2026
2026-06-02 12:25:00+05:30,NIFTY26JUNFUT,NSE:NIFTY26JUNFUT,23374.4,23375.0,23360.0,23360.0,19175.0,17980105.0,2026-06-30,2026-06-30,JUN 2026
2026-06-02 12:30:00+05:30,NIFTY26JUNFUT,NSE:NIFTY26JUNFUT,23360.0,23440.0,23360.0,23426.4,96590.0,17989335.0,2026-06-30,2026-06-30,JUN 2026
2026-06-02 12:35:00+05:30,NIFTY26JUNFUT,NSE:NIFTY26JUNFUT,23417.2,23433.0,23410.0,23430.0,35165.0,17988425.0,2026-06-30,2026-06-30,JUN 2026
2026-06-02 12:40:00+05:30,NIFTY26JUNFUT,NSE:NIFTY26JUNFUT,23428.4,23473.8,23423.0,23466.0,142220.0,17979455.0,2026-06-30,2026-06-30,JUN 2026
2026-06-02 12:45:00+05:30,NIFTY26JUNFUT,NSE:NIFTY26JUNFUT,23464.8,23542.3,23464.8,23530.0,390780.0,17964570.0,2026-06-30,2026-06-30,JUN 2026
2026-06-02 12:50:00+05:30,NIFTY26JUNFUT,NSE:NIFTY26JUNFUT,23525.7,23551.0,23521.0,23536.0,329615.0,18064800.0,2026-06-30,2026-06-30,JUN 2026
2026-06-02 12:55:00+05:30,NIFTY26JUNFUT,NSE:NIFTY26JUNFUT,23536.0,23575.0,23527.3,23559.9,150475.0,18078255.0,2026-06-30,2026-06-30,JUN 2026
2026-06-02 13:00:00+05:30,NIFTY26JUNFUT,NSE:NIFTY26JUNFUT,23559.9,23564.0,23538.2,23555.0,100555.0,17903795.0,2026-06-30,2026-06-30,JUN 2026
2026-06-02 13:05:00+05:30,NIFTY26JUNFUT,NSE:NIFTY26JUNFUT,23552.1,23569.0,23548.7,23560.0,62985.0,17871165.0,2026-06-30,2026-06-30,JUN 2026
2026-06-02 13:10:00+05:30,NIFTY26JUNFUT,NSE:NIFTY26JUNFUT,23560.0,23599.0,23555.0,23588.0,136110.0,17794725.0,2026-06-30,2026-06-30,JUN 2026
2026-06-02 13:15:00+05:30,NIFTY26JUNFUT,NSE:NIFTY26JUNFUT,23579.0,23595.0,23575.1,23580.0,44070.0,17781985.0,2026-06-30,2026-06-30,JUN 2026
2026-06-02 13:20:00+05:30,NIFTY26JUNFUT,NSE:NIFTY26JUNFUT,23576.0,23590.8,23568.8,23590.0,31980.0,17729075.0,2026-06-30,2026-06-30,JUN 2026
2026-06-02 13:25:00+05:30,NIFTY26JUNFUT,NSE:NIFTY26JUNFUT,23593.9,23615.5,23590.0,23609.8,80925.0,17710030.0,2026-06-30,2026-06-30,JUN 2026
2026-06-02 13:30:00+05:30,NIFTY26JUNFUT,NSE:NIFTY26JUNFUT,23614.0,23645.6,23614.0,23632.8,155025.0,17677400.0,2026-06-30,2026-06-30,JUN 2026
2026-06-02 13:35:00+05:30,NIFTY26JUNFUT,NSE:NIFTY26JUNFUT,23635.0,23636.0,23602.0,23603.1,45175.0,17684485.0,2026-06-30,2026-06-30,JUN 2026
2026-06-02 13:40:00+05:30,NIFTY26JUNFUT,NSE:NIFTY26JUNFUT,23609.9,23615.0,23590.2,23602.9,27950.0,17669925.0,2026-06-30,2026-06-30,JUN 2026
2026-06-02 13:45:00+05:30,NIFTY26JUNFUT,NSE:NIFTY26JUNFUT,23600.1,23630.0,23600.0,23630.0,28925.0,17662840.0,2026-06-30,2026-06-30,JUN 2026
2026-06-02 13:50:00+05:30,NIFTY26JUNFUT,NSE:NIFTY26JUNFUT,23630.0,23635.0,23609.4,23618.9,69485.0,17686305.0,2026-06-30,2026-06-30,JUN 2026
2026-06-02 13:55:00+05:30,NIFTY26JUNFUT,NSE:NIFTY26JUNFUT,23620.0,23622.1,23608.1,23618.0,17550.0,17684875.0,2026-06-30,2026-06-30,JUN 2026
2026-06-02 14:00:00+05:30,NIFTY26JUNFUT,NSE:NIFTY26JUNFUT,23619.0,23632.0,23610.0,23631.0,27235.0,17676750.0,2026-06-30,2026-06-30,JUN 2026
2026-06-02 14:05:00+05:30,NIFTY26JUNFUT,NSE:NIFTY26JUNFUT,23631.0,23635.0,23621.0,23635.0,21970.0,17679610.0,2026-06-30,2026-06-30,JUN 2026
2026-06-02 14:10:00+05:30,NIFTY26JUNFUT,NSE:NIFTY26JUNFUT,23635.0,23638.0,23625.2,23627.1,40495.0,17678635.0,2026-06-30,2026-06-30,JUN 2026
2026-06-02 14:15:00+05:30,NIFTY26JUNFUT,NSE:NIFTY26JUNFUT,23627.1,23638.0,23607.1,23610.0,68120.0,17675710.0,2026-06-30,2026-06-30,JUN 2026
2026-06-02 14:20:00+05:30,NIFTY26JUNFUT,NSE:NIFTY26JUNFUT,23610.0,23650.0,23606.3,23630.0,178750.0,17659005.0,2026-06-30,2026-06-30,JUN 2026
2026-06-02 14:25:00+05:30,NIFTY26JUNFUT,NSE:NIFTY26JUNFUT,23630.0,23631.5,23605.1,23611.0,119145.0,17666805.0,2026-06-30,2026-06-30,JUN 2026
2026-06-02 14:30:00+05:30,NIFTY26JUNFUT,NSE:NIFTY26JUNFUT,23610.8,23620.0,23600.0,23617.0,96135.0,17692415.0,2026-06-30,2026-06-30,JUN 2026
2026-06-02 14:35:00+05:30,NIFTY26JUNFUT,NSE:NIFTY26JUNFUT,23617.0,23619.7,23567.1,23568.7,43420.0,17693455.0,2026-06-30,2026-06-30,JUN 2026
2026-06-02 14:40:00+05:30,NIFTY26JUNFUT,NSE:NIFTY26JUNFUT,23566.0,23574.0,23525.0,23536.0,174980.0,17739865.0,2026-06-30,2026-06-30,JUN 2026
2026-06-02 14:45:00+05:30,NIFTY26JUNFUT,NSE:NIFTY26JUNFUT,23535.5,23559.0,23516.0,23555.0,96200.0,17748640.0,2026-06-30,2026-06-30,JUN 2026
2026-06-02 14:50:00+05:30,NIFTY26JUNFUT,NSE:NIFTY26JUNFUT,23555.0,23568.2,23548.4,23562.6,134940.0,17663685.0,2026-06-30,2026-06-30,JUN 2026
2026-06-02 14:55:00+05:30,NIFTY26JUNFUT,NSE:NIFTY26JUNFUT,23562.6,23562.9,23536.2,23537.0,30680.0,17669925.0,2026-06-30,2026-06-30,JUN 2026
2026-06-02 15:00:00+05:30,NIFTY26JUNFUT,NSE:NIFTY26JUNFUT,23537.0,23585.0,23522.0,23583.0,54015.0,17663165.0,2026-06-30,2026-06-30,JUN 2026
2026-06-02 15:05:00+05:30,NIFTY26JUNFUT,NSE:NIFTY26JUNFUT,23575.0,23598.0,23571.7,23597.5,66560.0,17670315.0,2026-06-30,2026-06-30,JUN 2026
2026-06-02 15:10:00+05:30,NIFTY26JUNFUT,NSE:NIFTY26JUNFUT,23597.5,23619.0,23593.1,23609.0,63245.0,17681300.0,2026-06-30,2026-06-30,JUN 2026
2026-06-02 15:15:00+05:30,NIFTY26JUNFUT,NSE:NIFTY26JUNFUT,23605.0,23628.3,23600.0,23621.8,67990.0,17699110.0,2026-06-30,2026-06-30,JUN 2026
2026-06-02 15:20:00+05:30,NIFTY26JUNFUT,NSE:NIFTY26JUNFUT,23617.7,23625.0,23611.2,23614.1,68315.0,17716790.0,2026-06-30,2026-06-30,JUN 2026
2026-06-02 15:25:00+05:30,NIFTY26JUNFUT,NSE:NIFTY26JUNFUT,23614.1,23625.0,23601.2,23605.2,108420.0,17747210.0,2026-06-30,2026-06-30,JUN 2026
2026-06-03 09:15:00+05:30,NIFTY26JUNFUT,NSE:NIFTY26JUNFUT,23500.0,23511.0,23351.0,23356.6,789360.0,17789525.0,2026-06-30,2026-06-30,JUN 2026
2026-06-03 09:20:00+05:30,NIFTY26JUNFUT,NSE:NIFTY26JUNFUT,23356.6,23368.2,23340.9,23362.0,356460.0,17984200.0,2026-06-30,2026-06-30,JUN 2026
2026-06-03 09:25:00+05:30,NIFTY26JUNFUT,NSE:NIFTY26JUNFUT,23362.0,23365.0,23320.5,23341.7,220350.0,18111405.0,2026-06-30,2026-06-30,JUN 2026
2026-06-03 09:30:00+05:30,NIFTY26JUNFUT,NSE:NIFTY26JUNFUT,23345.0,23356.7,23311.0,23314.5,180895.0,18192655.0,2026-06-30,2026-06-30,JUN 2026
2026-06-03 09:35:00+05:30,NIFTY26JUNFUT,NSE:NIFTY26JUNFUT,23314.6,23340.1,23304.2,23331.5,117845.0,18274100.0,2026-06-30,2026-06-30,JUN 2026
2026-06-03 09:40:00+05:30,NIFTY26JUNFUT,NSE:NIFTY26JUNFUT,23331.4,23339.5,23315.0,23325.0,93795.0,18315115.0,2026-06-30,2026-06-30,JUN 2026
2026-06-03 09:45:00+05:30,NIFTY26JUNFUT,NSE:NIFTY26JUNFUT,23330.0,23345.0,23318.0,23342.0,117910.0,18365945.0,2026-06-30,2026-06-30,JUN 2026
2026-06-03 09:50:00+05:30,NIFTY26JUNFUT,NSE:NIFTY26JUNFUT,23342.0,23358.7,23310.0,23313.0,143845.0,18390775.0,2026-06-30,2026-06-30,JUN 2026
2026-06-03 09:55:00+05:30,NIFTY26JUNFUT,NSE:NIFTY26JUNFUT,23313.0,23334.0,23283.0,23315.0,176085.0,18470465.0,2026-06-30,2026-06-30,JUN 2026
2026-06-03 10:00:00+05:30,NIFTY26JUNFUT,NSE:NIFTY26JUNFUT,23319.3,23345.3,23310.4,23342.0,61165.0,18474040.0,2026-06-30,2026-06-30,JUN 2026
2026-06-03 10:05:00+05:30,NIFTY26JUNFUT,NSE:NIFTY26JUNFUT,23342.0,23354.0,23316.8,23328.9,42705.0,18475340.0,2026-06-30,2026-06-30,JUN 2026
2026-06-03 10:10:00+05:30,NIFTY26JUNFUT,NSE:NIFTY26JUNFUT,23328.2,23328.2,23290.0,23298.4,57395.0,18467020.0,2026-06-30,2026-06-30,JUN 2026
2026-06-03 10:15:00+05:30,NIFTY26JUNFUT,NSE:NIFTY26JUNFUT,23298.4,23324.6,23285.8,23324.0,57070.0,18474495.0,2026-06-30,2026-06-30,JUN 2026
2026-06-03 10:20:00+05:30,NIFTY26JUNFUT,NSE:NIFTY26JUNFUT,23324.5,23340.0,23319.0,23322.1,61425.0,18492435.0,2026-06-30,2026-06-30,JUN 2026
2026-06-03 10:25:00+05:30,NIFTY26JUNFUT,NSE:NIFTY26JUNFUT,23319.8,23332.3,23304.4,23315.4,70980.0,18519670.0,2026-06-30,2026-06-30,JUN 2026
2026-06-03 10:30:00+05:30,NIFTY26JUNFUT,NSE:NIFTY26JUNFUT,23315.5,23322.2,23271.0,23274.2,120250.0,18538000.0,2026-06-30,2026-06-30,JUN 2026
2026-06-03 10:35:00+05:30,NIFTY26JUNFUT,NSE:NIFTY26JUNFUT,23274.2,23298.4,23270.0,23293.0,59800.0,18557045.0,2026-06-30,2026-06-30,JUN 2026
2026-06-03 10:40:00+05:30,NIFTY26JUNFUT,NSE:NIFTY26JUNFUT,23293.0,23309.1,23285.0,23292.0,31525.0,18568745.0,2026-06-30,2026-06-30,JUN 2026
2026-06-03 10:45:00+05:30,NIFTY26JUNFUT,NSE:NIFTY26JUNFUT,23290.0,23303.3,23281.1,23300.9,26650.0,18576350.0,2026-06-30,2026-06-30,JUN 2026
2026-06-03 10:50:00+05:30,NIFTY26JUNFUT,NSE:NIFTY26JUNFUT,23300.0,23305.2,23290.0,23302.2,19370.0,18586490.0,2026-06-30,2026-06-30,JUN 2026
2026-06-03 10:55:00+05:30,NIFTY26JUNFUT,NSE:NIFTY26JUNFUT,23304.9,23306.2,23280.0,23288.0,26845.0,18602545.0,2026-06-30,2026-06-30,JUN 2026
2026-06-03 11:00:00+05:30,NIFTY26JUNFUT,NSE:NIFTY26JUNFUT,23288.0,23300.0,23274.0,23280.0,22165.0,18609435.0,2026-06-30,2026-06-30,JUN 2026
2026-06-03 11:05:00+05:30,NIFTY26JUNFUT,NSE:NIFTY26JUNFUT,23280.0,23286.5,23258.0,23259.0,77090.0,18631795.0,2026-06-30,2026-06-30,JUN 2026
2026-06-03 11:10:00+05:30,NIFTY26JUNFUT,NSE:NIFTY26JUNFUT,23259.0,23278.4,23257.0,23262.0,53235.0,18651555.0,2026-06-30,2026-06-30,JUN 2026
2026-06-03 11:15:00+05:30,NIFTY26JUNFUT,NSE:NIFTY26JUNFUT,23262.0,23297.0,23255.6,23289.4,44850.0,18669560.0,2026-06-30,2026-06-30,JUN 2026
2026-06-03 11:20:00+05:30,NIFTY26JUNFUT,NSE:NIFTY26JUNFUT,23284.0,23309.0,23275.0,23292.5,31460.0,18678595.0,2026-06-30,2026-06-30,JUN 2026
2026-06-03 11:25:00+05:30,NIFTY26JUNFUT,NSE:NIFTY26JUNFUT,23291.7,23299.9,23270.1,23284.0,32500.0,18695755.0,2026-06-30,2026-06-30,JUN 2026
2026-06-03 11:30:00+05:30,NIFTY26JUNFUT,NSE:NIFTY26JUNFUT,23271.0,23298.0,23271.0,23287.4,11765.0,18702580.0,2026-06-30,2026-06-30,JUN 2026
2026-06-03 11:35:00+05:30,NIFTY26JUNFUT,NSE:NIFTY26JUNFUT,23287.4,23290.0,23261.0,23265.4,22165.0,18712200.0,2026-06-30,2026-06-30,JUN 2026
2026-06-03 11:40:00+05:30,NIFTY26JUNFUT,NSE:NIFTY26JUNFUT,23265.2,23286.4,23260.0,23277.0,19370.0,18721040.0,2026-06-30,2026-06-30,JUN 2026
2026-06-03 11:45:00+05:30,NIFTY26JUNFUT,NSE:NIFTY26JUNFUT,23277.3,23292.3,23271.0,23276.9,24765.0,18719220.0,2026-06-30,2026-06-30,JUN 2026
2026-06-03 11:50:00+05:30,NIFTY26JUNFUT,NSE:NIFTY26JUNFUT,23277.9,23288.0,23270.9,23280.0,15990.0,18730660.0,2026-06-30,2026-06-30,JUN 2026
2026-06-03 11:55:00+05:30,NIFTY26JUNFUT,NSE:NIFTY26JUNFUT,23278.6,23279.1,23250.0,23250.0,55705.0,18757245.0,2026-06-30,2026-06-30,JUN 2026
2026-06-03 12:00:00+05:30,NIFTY26JUNFUT,NSE:NIFTY26JUNFUT,23251.0,23260.0,23212.0,23231.3,144690.0,18809830.0,2026-06-30,2026-06-30,JUN 2026
2026-06-03 12:05:00+05:30,NIFTY26JUNFUT,NSE:NIFTY26JUNFUT,23231.3,23244.9,23222.0,23244.4,53495.0,18834920.0,2026-06-30,2026-06-30,JUN 2026
2026-06-03 12:10:00+05:30,NIFTY26JUNFUT,NSE:NIFTY26JUNFUT,23244.3,23249.0,23231.0,23246.0,44915.0,18856955.0,2026-06-30,2026-06-30,JUN 2026
2026-06-03 12:15:00+05:30,NIFTY26JUNFUT,NSE:NIFTY26JUNFUT,23246.9,23255.9,23232.6,23251.0,128505.0,18948085.0,2026-06-30,2026-06-30,JUN 2026
2026-06-03 12:20:00+05:30,NIFTY26JUNFUT,NSE:NIFTY26JUNFUT,23251.2,23268.5,23250.4,23260.0,129025.0,19000540.0,2026-06-30,2026-06-30,JUN 2026
2026-06-03 12:25:00+05:30,NIFTY26JUNFUT,NSE:NIFTY26JUNFUT,23256.0,23322.0,23251.0,23306.4,135915.0,19055270.0,2026-06-30,2026-06-30,JUN 2026
2026-06-03 12:30:00+05:30,NIFTY26JUNFUT,NSE:NIFTY26JUNFUT,23313.1,23372.0,23306.6,23370.0,234065.0,18958810.0,2026-06-30,2026-06-30,JUN 2026
2026-06-03 12:35:00+05:30,NIFTY26JUNFUT,NSE:NIFTY26JUNFUT,23370.0,23431.8,23369.9,23410.1,359970.0,18824910.0,2026-06-30,2026-06-30,JUN 2026
2026-06-03 12:40:00+05:30,NIFTY26JUNFUT,NSE:NIFTY26JUNFUT,23410.1,23439.0,23401.2,23403.5,473720.0,19148675.0,2026-06-30,2026-06-30,JUN 2026
2026-06-03 12:45:00+05:30,NIFTY26JUNFUT,NSE:NIFTY26JUNFUT,23404.1,23419.0,23370.9,23379.2,123500.0,19207370.0,2026-06-30,2026-06-30,JUN 2026
2026-06-03 12:50:00+05:30,NIFTY26JUNFUT,NSE:NIFTY26JUNFUT,23382.0,23399.8,23353.5,23353.5,76830.0,19237010.0,2026-06-30,2026-06-30,JUN 2026
2026-06-03 12:55:00+05:30,NIFTY26JUNFUT,NSE:NIFTY26JUNFUT,23353.5,23373.9,23351.1,23360.0,237640.0,19250400.0,2026-06-30,2026-06-30,JUN 2026
2026-06-03 13:00:00+05:30,NIFTY26JUNFUT,NSE:NIFTY26JUNFUT,23362.2,23389.0,23353.0,23372.4,39715.0,19138405.0,2026-06-30,2026-06-30,JUN 2026
2026-06-03 13:05:00+05:30,NIFTY26JUNFUT,NSE:NIFTY26JUNFUT,23372.4,23384.0,23350.0,23370.0,70590.0,19182280.0,2026-06-30,2026-06-30,JUN 2026
2026-06-03 13:10:00+05:30,NIFTY26JUNFUT,NSE:NIFTY26JUNFUT,23370.0,23382.0,23360.0,23382.0,7150.0,19183190.0,2026-06-30,2026-06-30,JUN 2026
2026-06-03 13:15:00+05:30,NIFTY26JUNFUT,NSE:NIFTY26JUNFUT,23387.0,23418.6,23382.5,23395.0,301925.0,19195995.0,2026-06-30,2026-06-30,JUN 2026
2026-06-03 13:20:00+05:30,NIFTY26JUNFUT,NSE:NIFTY26JUNFUT,23395.0,23430.0,23392.1,23425.8,46605.0,19193980.0,2026-06-30,2026-06-30,JUN 2026
2026-06-03 13:25:00+05:30,NIFTY26JUNFUT,NSE:NIFTY26JUNFUT,23429.7,23440.0,23410.2,23430.4,70980.0,18995145.0,2026-06-30,2026-06-30,JUN 2026
2026-06-03 13:30:00+05:30,NIFTY26JUNFUT,NSE:NIFTY26JUNFUT,23422.2,23435.0,23400.0,23418.0,51675.0,19006260.0,2026-06-30,2026-06-30,JUN 2026
2026-06-03 13:35:00+05:30,NIFTY26JUNFUT,NSE:NIFTY26JUNFUT,23418.0,23430.3,23410.0,23417.0,28860.0,19005610.0,2026-06-30,2026-06-30,JUN 2026
2026-06-03 13:40:00+05:30,NIFTY26JUNFUT,NSE:NIFTY26JUNFUT,23420.0,23439.0,23401.5,23416.2,87490.0,19002815.0,2026-06-30,2026-06-30,JUN 2026
2026-06-03 13:45:00+05:30,NIFTY26JUNFUT,NSE:NIFTY26JUNFUT,23416.2,23532.6,23413.3,23490.0,336765.0,18929625.0,2026-06-30,2026-06-30,JUN 2026
2026-06-03 13:50:00+05:30,NIFTY26JUNFUT,NSE:NIFTY26JUNFUT,23488.0,23490.0,23460.0,23473.0,100815.0,18960045.0,2026-06-30,2026-06-30,JUN 2026
2026-06-03 13:55:00+05:30,NIFTY26JUNFUT,NSE:NIFTY26JUNFUT,23473.0,23478.0,23438.0,23452.0,55705.0,18969860.0,2026-06-30,2026-06-30,JUN 2026
2026-06-03 14:00:00+05:30,NIFTY26JUNFUT,NSE:NIFTY26JUNFUT,23458.6,23502.0,23458.1,23500.1,59995.0,18964725.0,2026-06-30,2026-06-30,JUN 2026
2026-06-03 14:05:00+05:30,NIFTY26JUNFUT,NSE:NIFTY26JUNFUT,23500.1,23516.0,23480.0,23492.0,72865.0,18972590.0,2026-06-30,2026-06-30,JUN 2026
2026-06-03 14:10:00+05:30,NIFTY26JUNFUT,NSE:NIFTY26JUNFUT,23492.4,23503.9,23483.8,23500.0,81640.0,18989620.0,2026-06-30,2026-06-30,JUN 2026
2026-06-03 14:15:00+05:30,NIFTY26JUNFUT,NSE:NIFTY26JUNFUT,23500.0,23531.8,23500.0,23524.7,74490.0,19004635.0,2026-06-30,2026-06-30,JUN 2026
2026-06-03 14:20:00+05:30,NIFTY26JUNFUT,NSE:NIFTY26JUNFUT,23528.7,23565.0,23516.3,23552.1,293735.0,19173895.0,2026-06-30,2026-06-30,JUN 2026
2026-06-03 14:25:00+05:30,NIFTY26JUNFUT,NSE:NIFTY26JUNFUT,23555.0,23555.6,23526.0,23531.1,61295.0,19059300.0,2026-06-30,2026-06-30,JUN 2026
2026-06-03 14:30:00+05:30,NIFTY26JUNFUT,NSE:NIFTY26JUNFUT,23531.1,23559.0,23530.0,23553.9,96265.0,19084780.0,2026-06-30,2026-06-30,JUN 2026
2026-06-03 14:35:00+05:30,NIFTY26JUNFUT,NSE:NIFTY26JUNFUT,23550.0,23554.8,23525.2,23554.6,55120.0,19100835.0,2026-06-30,2026-06-30,JUN 2026
2026-06-03 14:40:00+05:30,NIFTY26JUNFUT,NSE:NIFTY26JUNFUT,23550.0,23574.3,23550.0,23565.0,111865.0,19167525.0,2026-06-30,2026-06-30,JUN 2026
2026-06-03 14:45:00+05:30,NIFTY26JUNFUT,NSE:NIFTY26JUNFUT,23566.8,23572.0,23547.0,23559.9,58175.0,19193395.0,2026-06-30,2026-06-30,JUN 2026
2026-06-03 14:50:00+05:30,NIFTY26JUNFUT,NSE:NIFTY26JUNFUT,23559.9,23580.0,23549.1,23573.0,73125.0,19190015.0,2026-06-30,2026-06-30,JUN 2026
2026-06-03 14:55:00+05:30,NIFTY26JUNFUT,NSE:NIFTY26JUNFUT,23572.9,23572.9,23548.8,23555.7,63245.0,19192940.0,2026-06-30,2026-06-30,JUN 2026
2026-06-03 15:00:00+05:30,NIFTY26JUNFUT,NSE:NIFTY26JUNFUT,23564.9,23580.0,23515.8,23558.0,99320.0,19218030.0,2026-06-30,2026-06-30,JUN 2026
2026-06-03 15:05:00+05:30,NIFTY26JUNFUT,NSE:NIFTY26JUNFUT,23557.7,23574.9,23504.0,23509.5,169845.0,19262815.0,2026-06-30,2026-06-30,JUN 2026
2026-06-03 15:10:00+05:30,NIFTY26JUNFUT,NSE:NIFTY26JUNFUT,23505.7,23514.9,23485.6,23510.0,187525.0,19261645.0,2026-06-30,2026-06-30,JUN 2026
2026-06-03 15:15:00+05:30,NIFTY26JUNFUT,NSE:NIFTY26JUNFUT,23508.7,23520.0,23500.0,23506.5,105820.0,19296290.0,2026-06-30,2026-06-30,JUN 2026
2026-06-03 15:20:00+05:30,NIFTY26JUNFUT,NSE:NIFTY26JUNFUT,23508.0,23519.3,23501.8,23503.0,72605.0,19293300.0,2026-06-30,2026-06-30,JUN 2026
2026-06-03 15:25:00+05:30,NIFTY26JUNFUT,NSE:NIFTY26JUNFUT,23501.6,23513.0,23488.5,23490.0,155805.0,19328205.0,2026-06-30,2026-06-30,JUN 2026
2026-06-04 09:15:00+05:30,NIFTY26JUNFUT,NSE:NIFTY26JUNFUT,23352.0,23425.9,23326.0,23412.8,279110.0,19082700.0,2026-06-30,2026-06-30,JUN 2026
2026-06-04 09:20:00+05:30,NIFTY26JUNFUT,NSE:NIFTY26JUNFUT,23412.0,23429.0,23385.3,23415.9,85085.0,19101030.0,2026-06-30,2026-06-30,JUN 2026
2026-06-04 09:25:00+05:30,NIFTY26JUNFUT,NSE:NIFTY26JUNFUT,23410.8,23435.0,23400.0,23416.0,69875.0,19122025.0,2026-06-30,2026-06-30,JUN 2026
2026-06-04 09:30:00+05:30,NIFTY26JUNFUT,NSE:NIFTY26JUNFUT,23412.0,23415.0,23382.0,23407.0,80730.0,19137105.0,2026-06-30,2026-06-30,JUN 2026
2026-06-04 09:35:00+05:30,NIFTY26JUNFUT,NSE:NIFTY26JUNFUT,23404.5,23440.0,23396.0,23400.1,66365.0,19146075.0,2026-06-30,2026-06-30,JUN 2026
2026-06-04 09:40:00+05:30,NIFTY26JUNFUT,NSE:NIFTY26JUNFUT,23396.0,23427.5,23377.6,23426.7,45825.0,19172855.0,2026-06-30,2026-06-30,JUN 2026
2026-06-04 09:45:00+05:30,NIFTY26JUNFUT,NSE:NIFTY26JUNFUT,23428.0,23456.0,23421.2,23450.0,66690.0,19190990.0,2026-06-30,2026-06-30,JUN 2026
2026-06-04 09:50:00+05:30,NIFTY26JUNFUT,NSE:NIFTY26JUNFUT,23450.0,23459.0,23432.1,23458.0,50245.0,19202560.0,2026-06-30,2026-06-30,JUN 2026
2026-06-04 09:55:00+05:30,NIFTY26JUNFUT,NSE:NIFTY26JUNFUT,23458.0,23509.0,23451.0,23470.8,100295.0,19200805.0,2026-06-30,2026-06-30,JUN 2026
2026-06-04 10:00:00+05:30,NIFTY26JUNFUT,NSE:NIFTY26JUNFUT,23470.8,23493.8,23460.2,23485.1,41275.0,19206915.0,2026-06-30,2026-06-30,JUN 2026
2026-06-04 10:05:00+05:30,NIFTY26JUNFUT,NSE:NIFTY26JUNFUT,23485.0,23500.0,23482.0,23495.4,63570.0,19227845.0,2026-06-30,2026-06-30,JUN 2026
2026-06-04 10:10:00+05:30,NIFTY26JUNFUT,NSE:NIFTY26JUNFUT,23495.1,23507.6,23487.6,23490.6,61620.0,19273800.0,2026-06-30,2026-06-30,JUN 2026
2026-06-04 10:15:00+05:30,NIFTY26JUNFUT,NSE:NIFTY26JUNFUT,23495.0,23510.0,23480.0,23505.0,28470.0,19275360.0,2026-06-30,2026-06-30,JUN 2026
2026-06-04 10:20:00+05:30,NIFTY26JUNFUT,NSE:NIFTY26JUNFUT,23505.0,23509.9,23494.6,23508.0,27170.0,19274515.0,2026-06-30,2026-06-30,JUN 2026
2026-06-04 10:25:00+05:30,NIFTY26JUNFUT,NSE:NIFTY26JUNFUT,23508.0,23510.0,23482.0,23490.0,18590.0,19281145.0,2026-06-30,2026-06-30,JUN 2026
2026-06-04 10:30:00+05:30,NIFTY26JUNFUT,NSE:NIFTY26JUNFUT,23490.0,23490.0,23448.0,23450.0,46085.0,19289270.0,2026-06-30,2026-06-30,JUN 2026
2026-06-04 10:35:00+05:30,NIFTY26JUNFUT,NSE:NIFTY26JUNFUT,23450.0,23470.0,23436.1,23448.4,35750.0,19309745.0,2026-06-30,2026-06-30,JUN 2026
2026-06-04 10:40:00+05:30,NIFTY26JUNFUT,NSE:NIFTY26JUNFUT,23448.3,23475.8,23448.0,23475.4,42055.0,19316830.0,2026-06-30,2026-06-30,JUN 2026
2026-06-04 10:45:00+05:30,NIFTY26JUNFUT,NSE:NIFTY26JUNFUT,23475.0,23515.0,23470.2,23480.0,40755.0,19318455.0,2026-06-30,2026-06-30,JUN 2026
2026-06-04 10:50:00+05:30,NIFTY26JUNFUT,NSE:NIFTY26JUNFUT,23484.0,23485.0,23467.1,23478.9,17420.0,19325150.0,2026-06-30,2026-06-30,JUN 2026
2026-06-04 10:55:00+05:30,NIFTY26JUNFUT,NSE:NIFTY26JUNFUT,23478.9,23494.4,23475.9,23484.2,17810.0,19330025.0,2026-06-30,2026-06-30,JUN 2026
2026-06-04 11:00:00+05:30,NIFTY26JUNFUT,NSE:NIFTY26JUNFUT,23480.0,23490.0,23443.0,23455.2,26390.0,19335030.0,2026-06-30,2026-06-30,JUN 2026
2026-06-04 11:05:00+05:30,NIFTY26JUNFUT,NSE:NIFTY26JUNFUT,23453.0,23465.0,23436.0,23448.6,31395.0,19338085.0,2026-06-30,2026-06-30,JUN 2026
2026-06-04 11:10:00+05:30,NIFTY26JUNFUT,NSE:NIFTY26JUNFUT,23448.6,23465.4,23441.0,23463.5,16575.0,19340035.0,2026-06-30,2026-06-30,JUN 2026
2026-06-04 11:15:00+05:30,NIFTY26JUNFUT,NSE:NIFTY26JUNFUT,23466.4,23466.6,23442.4,23442.4,18005.0,19347575.0,2026-06-30,2026-06-30,JUN 2026
2026-06-04 11:20:00+05:30,NIFTY26JUNFUT,NSE:NIFTY26JUNFUT,23442.0,23455.2,23441.0,23441.1,18200.0,19358885.0,2026-06-30,2026-06-30,JUN 2026
2026-06-04 11:25:00+05:30,NIFTY26JUNFUT,NSE:NIFTY26JUNFUT,23443.6,23467.8,23434.0,23452.1,31525.0,19368765.0,2026-06-30,2026-06-30,JUN 2026
2026-06-04 11:30:00+05:30,NIFTY26JUNFUT,NSE:NIFTY26JUNFUT,23450.5,23467.0,23412.6,23465.0,48750.0,19375395.0,2026-06-30,2026-06-30,JUN 2026
2026-06-04 11:35:00+05:30,NIFTY26JUNFUT,NSE:NIFTY26JUNFUT,23464.5,23511.0,23458.3,23504.6,54990.0,19377865.0,2026-06-30,2026-06-30,JUN 2026
2026-06-04 11:40:00+05:30,NIFTY26JUNFUT,NSE:NIFTY26JUNFUT,23503.5,23525.0,23498.2,23500.6,81575.0,19389435.0,2026-06-30,2026-06-30,JUN 2026
2026-06-04 11:45:00+05:30,NIFTY26JUNFUT,NSE:NIFTY26JUNFUT,23500.2,23518.5,23489.6,23495.2,25610.0,19397560.0,2026-06-30,2026-06-30,JUN 2026
2026-06-04 11:50:00+05:30,NIFTY26JUNFUT,NSE:NIFTY26JUNFUT,23495.7,23500.4,23456.2,23460.0,19370.0,19403215.0,2026-06-30,2026-06-30,JUN 2026
2026-06-04 11:55:00+05:30,NIFTY26JUNFUT,NSE:NIFTY26JUNFUT,23463.9,23492.0,23457.9,23479.0,17940.0,19405425.0,2026-06-30,2026-06-30,JUN 2026
2026-06-04 12:00:00+05:30,NIFTY26JUNFUT,NSE:NIFTY26JUNFUT,23488.7,23500.0,23474.8,23487.2,19890.0,19405230.0,2026-06-30,2026-06-30,JUN 2026
2026-06-04 12:05:00+05:30,NIFTY26JUNFUT,NSE:NIFTY26JUNFUT,23487.2,23503.9,23487.2,23498.9,14365.0,19410690.0,2026-06-30,2026-06-30,JUN 2026
2026-06-04 12:10:00+05:30,NIFTY26JUNFUT,NSE:NIFTY26JUNFUT,23503.0,23510.0,23498.9,23508.2,9360.0,19411210.0,2026-06-30,2026-06-30,JUN 2026
2026-06-04 12:15:00+05:30,NIFTY26JUNFUT,NSE:NIFTY26JUNFUT,23509.0,23509.0,23487.2,23487.2,12740.0,19410430.0,2026-06-30,2026-06-30,JUN 2026
2026-06-04 12:20:00+05:30,NIFTY26JUNFUT,NSE:NIFTY26JUNFUT,23494.0,23505.6,23485.0,23495.0,12740.0,19412185.0,2026-06-30,2026-06-30,JUN 2026
2026-06-04 12:25:00+05:30,NIFTY26JUNFUT,NSE:NIFTY26JUNFUT,23495.0,23499.0,23480.6,23490.5,6825.0,19412705.0,2026-06-30,2026-06-30,JUN 2026
2026-06-04 12:30:00+05:30,NIFTY26JUNFUT,NSE:NIFTY26JUNFUT,23490.1,23492.6,23451.0,23464.3,32370.0,19423430.0,2026-06-30,2026-06-30,JUN 2026
2026-06-04 12:35:00+05:30,NIFTY26JUNFUT,NSE:NIFTY26JUNFUT,23451.0,23465.0,23436.7,23457.0,38220.0,19445270.0,2026-06-30,2026-06-30,JUN 2026
2026-06-04 12:40:00+05:30,NIFTY26JUNFUT,NSE:NIFTY26JUNFUT,23457.3,23465.0,23436.9,23436.9,46995.0,19479005.0,2026-06-30,2026-06-30,JUN 2026
2026-06-04 12:45:00+05:30,NIFTY26JUNFUT,NSE:NIFTY26JUNFUT,23440.0,23463.9,23430.1,23444.7,53690.0,19502080.0,2026-06-30,2026-06-30,JUN 2026
2026-06-04 12:50:00+05:30,NIFTY26JUNFUT,NSE:NIFTY26JUNFUT,23444.6,23460.0,23435.6,23453.5,41535.0,19521905.0,2026-06-30,2026-06-30,JUN 2026
2026-06-04 12:55:00+05:30,NIFTY26JUNFUT,NSE:NIFTY26JUNFUT,23450.8,23472.8,23445.4,23459.7,52780.0,19553885.0,2026-06-30,2026-06-30,JUN 2026
2026-06-04 13:00:00+05:30,NIFTY26JUNFUT,NSE:NIFTY26JUNFUT,23471.7,23477.0,23447.8,23464.7,23595.0,19571760.0,2026-06-30,2026-06-30,JUN 2026
2026-06-04 13:05:00+05:30,NIFTY26JUNFUT,NSE:NIFTY26JUNFUT,23463.9,23467.9,23428.0,23456.6,53950.0,19595355.0,2026-06-30,2026-06-30,JUN 2026
2026-06-04 13:10:00+05:30,NIFTY26JUNFUT,NSE:NIFTY26JUNFUT,23452.2,23466.7,23381.0,23381.0,116415.0,19617520.0,2026-06-30,2026-06-30,JUN 2026
2026-06-04 13:15:00+05:30,NIFTY26JUNFUT,NSE:NIFTY26JUNFUT,23385.0,23405.0,23359.2,23389.9,138190.0,19656520.0,2026-06-30,2026-06-30,JUN 2026
2026-06-04 13:20:00+05:30,NIFTY26JUNFUT,NSE:NIFTY26JUNFUT,23401.8,23418.9,23380.0,23415.9,63375.0,19681805.0,2026-06-30,2026-06-30,JUN 2026
2026-06-04 13:25:00+05:30,NIFTY26JUNFUT,NSE:NIFTY26JUNFUT,23415.9,23422.0,23398.3,23405.1,33670.0,19688435.0,2026-06-30,2026-06-30,JUN 2026
2026-06-04 13:30:00+05:30,NIFTY26JUNFUT,NSE:NIFTY26JUNFUT,23406.6,23418.0,23400.0,23418.0,8190.0,19687525.0,2026-06-30,2026-06-30,JUN 2026
2026-06-04 13:35:00+05:30,NIFTY26JUNFUT,NSE:NIFTY26JUNFUT,23418.0,23433.8,23418.0,23426.0,18330.0,19685640.0,2026-06-30,2026-06-30,JUN 2026
2026-06-04 13:40:00+05:30,NIFTY26JUNFUT,NSE:NIFTY26JUNFUT,23426.0,23433.6,23402.0,23413.5,18135.0,19680960.0,2026-06-30,2026-06-30,JUN 2026
2026-06-04 13:45:00+05:30,NIFTY26JUNFUT,NSE:NIFTY26JUNFUT,23413.5,23433.0,23411.0,23422.2,13585.0,19681350.0,2026-06-30,2026-06-30,JUN 2026
2026-06-04 13:50:00+05:30,NIFTY26JUNFUT,NSE:NIFTY26JUNFUT,23429.0,23429.4,23405.1,23420.6,14170.0,19681415.0,2026-06-30,2026-06-30,JUN 2026
2026-06-04 13:55:00+05:30,NIFTY26JUNFUT,NSE:NIFTY26JUNFUT,23420.6,23434.0,23405.0,23431.4,15860.0,19686550.0,2026-06-30,2026-06-30,JUN 2026
2026-06-04 14:00:00+05:30,NIFTY26JUNFUT,NSE:NIFTY26JUNFUT,23434.0,23480.0,23430.5,23467.6,64480.0,19668415.0,2026-06-30,2026-06-30,JUN 2026
2026-06-04 14:05:00+05:30,NIFTY26JUNFUT,NSE:NIFTY26JUNFUT,23470.0,23487.6,23455.3,23487.4,49400.0,19670885.0,2026-06-30,2026-06-30,JUN 2026
2026-06-04 14:10:00+05:30,NIFTY26JUNFUT,NSE:NIFTY26JUNFUT,23487.4,23494.0,23470.1,23472.0,38025.0,19686095.0,2026-06-30,2026-06-30,JUN 2026
2026-06-04 14:15:00+05:30,NIFTY26JUNFUT,NSE:NIFTY26JUNFUT,23472.7,23493.0,23472.7,23475.0,29705.0,19697600.0,2026-06-30,2026-06-30,JUN 2026
2026-06-04 14:20:00+05:30,NIFTY26JUNFUT,NSE:NIFTY26JUNFUT,23475.0,23479.0,23460.9,23476.0,27820.0,19708975.0,2026-06-30,2026-06-30,JUN 2026
2026-06-04 14:25:00+05:30,NIFTY26JUNFUT,NSE:NIFTY26JUNFUT,23478.0,23492.0,23473.7,23481.5,29380.0,19708910.0,2026-06-30,2026-06-30,JUN 2026
2026-06-04 14:30:00+05:30,NIFTY26JUNFUT,NSE:NIFTY26JUNFUT,23482.0,23510.0,23478.0,23488.8,688350.0,20307755.0,2026-06-30,2026-06-30,JUN 2026
2026-06-04 14:35:00+05:30,NIFTY26JUNFUT,NSE:NIFTY26JUNFUT,23490.0,23520.0,23488.5,23513.0,74620.0,19737445.0,2026-06-30,2026-06-30,JUN 2026
2026-06-04 14:40:00+05:30,NIFTY26JUNFUT,NSE:NIFTY26JUNFUT,23513.0,23521.0,23490.0,23498.0,53365.0,19764615.0,2026-06-30,2026-06-30,JUN 2026
2026-06-04 14:45:00+05:30,NIFTY26JUNFUT,NSE:NIFTY26JUNFUT,23492.3,23543.8,23486.2,23496.3,137020.0,19785285.0,2026-06-30,2026-06-30,JUN 2026
2026-06-04 14:50:00+05:30,NIFTY26JUNFUT,NSE:NIFTY26JUNFUT,23496.3,23509.6,23470.0,23471.5,72800.0,19829745.0,2026-06-30,2026-06-30,JUN 2026
2026-06-04 14:55:00+05:30,NIFTY26JUNFUT,NSE:NIFTY26JUNFUT,23471.5,23482.5,23470.0,23482.5,33085.0,19840275.0,2026-06-30,2026-06-30,JUN 2026
2026-06-04 15:00:00+05:30,NIFTY26JUNFUT,NSE:NIFTY26JUNFUT,23478.4,23489.9,23455.0,23478.0,39455.0,19845735.0,2026-06-30,2026-06-30,JUN 2026
2026-06-04 15:05:00+05:30,NIFTY26JUNFUT,NSE:NIFTY26JUNFUT,23467.4,23485.0,23463.1,23479.0,19760.0,19847100.0,2026-06-30,2026-06-30,JUN 2026
2026-06-04 15:10:00+05:30,NIFTY26JUNFUT,NSE:NIFTY26JUNFUT,23479.0,23505.0,23479.0,23500.0,69290.0,19856655.0,2026-06-30,2026-06-30,JUN 2026
2026-06-04 15:15:00+05:30,NIFTY26JUNFUT,NSE:NIFTY26JUNFUT,23500.0,23515.7,23495.0,23507.6,33800.0,19843525.0,2026-06-30,2026-06-30,JUN 2026
2026-06-04 15:20:00+05:30,NIFTY26JUNFUT,NSE:NIFTY26JUNFUT,23509.0,23520.9,23501.0,23516.3,96590.0,19816485.0,2026-06-30,2026-06-30,JUN 2026
2026-06-04 15:25:00+05:30,NIFTY26JUNFUT,NSE:NIFTY26JUNFUT,23520.0,23540.0,23516.5,23527.0,169585.0,19805825.0,2026-06-30,2026-06-30,JUN 2026
2026-06-05 09:15:00+05:30,NIFTY26JUNFUT,NSE:NIFTY26JUNFUT,23560.0,23565.0,23515.0,23525.0,131820.0,19712225.0,2026-06-30,2026-06-30,JUN 2026
2026-06-05 09:20:00+05:30,NIFTY26JUNFUT,NSE:NIFTY26JUNFUT,23526.2,23535.0,23501.2,23515.0,82615.0,19718075.0,2026-06-30,2026-06-30,JUN 2026
2026-06-05 09:25:00+05:30,NIFTY26JUNFUT,NSE:NIFTY26JUNFUT,23506.0,23524.3,23501.0,23521.0,37505.0,19734065.0,2026-06-30,2026-06-30,JUN 2026
2026-06-05 09:30:00+05:30,NIFTY26JUNFUT,NSE:NIFTY26JUNFUT,23521.0,23553.8,23520.0,23522.0,170560.0,19791720.0,2026-06-30,2026-06-30,JUN 2026
2026-06-05 09:35:00+05:30,NIFTY26JUNFUT,NSE:NIFTY26JUNFUT,23530.0,23557.0,23515.1,23524.5,28210.0,19797245.0,2026-06-30,2026-06-30,JUN 2026
2026-06-05 09:40:00+05:30,NIFTY26JUNFUT,NSE:NIFTY26JUNFUT,23532.0,23554.6,23512.5,23550.0,27950.0,19793670.0,2026-06-30,2026-06-30,JUN 2026
2026-06-05 09:45:00+05:30,NIFTY26JUNFUT,NSE:NIFTY26JUNFUT,23550.0,23554.0,23512.8,23516.0,19045.0,19791200.0,2026-06-30,2026-06-30,JUN 2026
2026-06-05 09:50:00+05:30,NIFTY26JUNFUT,NSE:NIFTY26JUNFUT,23516.0,23539.5,23511.0,23534.5,40755.0,19785545.0,2026-06-30,2026-06-30,JUN 2026
2026-06-05 09:55:00+05:30,NIFTY26JUNFUT,NSE:NIFTY26JUNFUT,23534.5,23538.0,23512.0,23514.0,34450.0,19801665.0,2026-06-30,2026-06-30,JUN 2026
2026-06-05 10:00:00+05:30,NIFTY26JUNFUT,NSE:NIFTY26JUNFUT,23512.0,23563.0,23490.0,23536.0,86775.0,19791980.0,2026-06-30,2026-06-30,JUN 2026
2026-06-05 10:05:00+05:30,NIFTY26JUNFUT,NSE:NIFTY26JUNFUT,23536.0,23565.0,23503.0,23553.3,51805.0,19786520.0,2026-06-30,2026-06-30,JUN 2026
2026-06-05 10:10:00+05:30,NIFTY26JUNFUT,NSE:NIFTY26JUNFUT,23560.0,23590.0,23537.6,23540.0,106860.0,19760260.0,2026-06-30,2026-06-30,JUN 2026
2026-06-05 10:15:00+05:30,NIFTY26JUNFUT,NSE:NIFTY26JUNFUT,23545.0,23560.0,23521.5,23547.4,65260.0,19748950.0,2026-06-30,2026-06-30,JUN 2026
2026-06-05 10:20:00+05:30,NIFTY26JUNFUT,NSE:NIFTY26JUNFUT,23550.0,23565.0,23531.0,23565.0,46020.0,19739850.0,2026-06-30,2026-06-30,JUN 2026
2026-06-05 10:25:00+05:30,NIFTY26JUNFUT,NSE:NIFTY26JUNFUT,23565.0,23567.4,23528.1,23538.0,32760.0,19737055.0,2026-06-30,2026-06-30,JUN 2026
2026-06-05 10:30:00+05:30,NIFTY26JUNFUT,NSE:NIFTY26JUNFUT,23538.7,23542.1,23496.0,23499.9,63180.0,19749080.0,2026-06-30,2026-06-30,JUN 2026
2026-06-05 10:35:00+05:30,NIFTY26JUNFUT,NSE:NIFTY26JUNFUT,23499.9,23504.4,23430.0,23440.0,202735.0,19747975.0,2026-06-30,2026-06-30,JUN 2026
2026-06-05 10:40:00+05:30,NIFTY26JUNFUT,NSE:NIFTY26JUNFUT,23440.0,23444.5,23410.2,23430.0,241735.0,19755970.0,2026-06-30,2026-06-30,JUN 2026
2026-06-05 10:45:00+05:30,NIFTY26JUNFUT,NSE:NIFTY26JUNFUT,23432.9,23436.0,23391.1,23434.0,190840.0,19792240.0,2026-06-30,2026-06-30,JUN 2026
2026-06-05 10:50:00+05:30,NIFTY26JUNFUT,NSE:NIFTY26JUNFUT,23434.0,23459.6,23434.0,23452.6,59150.0,19804980.0,2026-06-30,2026-06-30,JUN 2026
2026-06-05 10:55:00+05:30,NIFTY26JUNFUT,NSE:NIFTY26JUNFUT,23452.8,23470.0,23447.8,23470.0,40625.0,19807775.0,2026-06-30,2026-06-30,JUN 2026
2026-06-05 11:00:00+05:30,NIFTY26JUNFUT,NSE:NIFTY26JUNFUT,23470.0,23530.0,23466.0,23525.0,150670.0,19792045.0,2026-06-30,2026-06-30,JUN 2026
2026-06-05 11:05:00+05:30,NIFTY26JUNFUT,NSE:NIFTY26JUNFUT,23527.1,23576.7,23523.4,23560.0,278980.0,19822400.0,2026-06-30,2026-06-30,JUN 2026
2026-06-05 11:10:00+05:30,NIFTY26JUNFUT,NSE:NIFTY26JUNFUT,23555.0,23570.0,23520.4,23522.0,76115.0,19806085.0,2026-06-30,2026-06-30,JUN 2026
2026-06-05 11:15:00+05:30,NIFTY26JUNFUT,NSE:NIFTY26JUNFUT,23530.0,23532.0,23491.2,23502.0,41665.0,19811415.0,2026-06-30,2026-06-30,JUN 2026
2026-06-05 11:20:00+05:30,NIFTY26JUNFUT,NSE:NIFTY26JUNFUT,23502.0,23509.9,23463.0,23485.0,173680.0,19927960.0,2026-06-30,2026-06-30,JUN 2026
2026-06-05 11:25:00+05:30,NIFTY26JUNFUT,NSE:NIFTY26JUNFUT,23485.0,23497.6,23471.1,23497.6,17290.0,19934655.0,2026-06-30,2026-06-30,JUN 2026
2026-06-05 11:30:00+05:30,NIFTY26JUNFUT,NSE:NIFTY26JUNFUT,23495.3,23514.9,23485.8,23492.3,52520.0,19938100.0,2026-06-30,2026-06-30,JUN 2026
2026-06-05 11:35:00+05:30,NIFTY26JUNFUT,NSE:NIFTY26JUNFUT,23492.3,23500.0,23471.0,23494.6,24570.0,19926855.0,2026-06-30,2026-06-30,JUN 2026
2026-06-05 11:40:00+05:30,NIFTY26JUNFUT,NSE:NIFTY26JUNFUT,23494.7,23510.0,23477.0,23493.0,15470.0,19905535.0,2026-06-30,2026-06-30,JUN 2026
2026-06-05 11:45:00+05:30,NIFTY26JUNFUT,NSE:NIFTY26JUNFUT,23493.0,23510.0,23490.2,23505.0,40690.0,19906250.0,2026-06-30,2026-06-30,JUN 2026
2026-06-05 11:50:00+05:30,NIFTY26JUNFUT,NSE:NIFTY26JUNFUT,23500.3,23505.0,23477.0,23477.9,12220.0,19909630.0,2026-06-30,2026-06-30,JUN 2026
2026-06-05 11:55:00+05:30,NIFTY26JUNFUT,NSE:NIFTY26JUNFUT,23477.1,23484.0,23460.0,23464.3,27430.0,19915740.0,2026-06-30,2026-06-30,JUN 2026
2026-06-05 12:00:00+05:30,NIFTY26JUNFUT,NSE:NIFTY26JUNFUT,23462.0,23500.0,23460.0,23495.0,16640.0,19914635.0,2026-06-30,2026-06-30,JUN 2026
2026-06-05 12:05:00+05:30,NIFTY26JUNFUT,NSE:NIFTY26JUNFUT,23500.0,23510.5,23490.0,23500.0,31460.0,19910605.0,2026-06-30,2026-06-30,JUN 2026
2026-06-05 12:10:00+05:30,NIFTY26JUNFUT,NSE:NIFTY26JUNFUT,23500.0,23515.0,23475.0,23503.5,41600.0,19909565.0,2026-06-30,2026-06-30,JUN 2026
2026-06-05 12:15:00+05:30,NIFTY26JUNFUT,NSE:NIFTY26JUNFUT,23503.3,23523.9,23498.0,23507.4,62530.0,19889350.0,2026-06-30,2026-06-30,JUN 2026
2026-06-05 12:20:00+05:30,NIFTY26JUNFUT,NSE:NIFTY26JUNFUT,23510.0,23519.9,23500.1,23519.0,8645.0,19888310.0,2026-06-30,2026-06-30,JUN 2026
2026-06-05 12:25:00+05:30,NIFTY26JUNFUT,NSE:NIFTY26JUNFUT,23511.1,23530.0,23503.0,23505.0,24180.0,19870825.0,2026-06-30,2026-06-30,JUN 2026
2026-06-05 12:30:00+05:30,NIFTY26JUNFUT,NSE:NIFTY26JUNFUT,23502.0,23505.0,23475.0,23480.0,24245.0,19854510.0,2026-06-30,2026-06-30,JUN 2026
2026-06-05 12:35:00+05:30,NIFTY26JUNFUT,NSE:NIFTY26JUNFUT,23480.0,23490.0,23443.8,23463.5,82355.0,19840210.0,2026-06-30,2026-06-30,JUN 2026
2026-06-05 12:40:00+05:30,NIFTY26JUNFUT,NSE:NIFTY26JUNFUT,23463.6,23470.0,23435.2,23442.0,38545.0,19841705.0,2026-06-30,2026-06-30,JUN 2026
2026-06-05 12:45:00+05:30,NIFTY26JUNFUT,NSE:NIFTY26JUNFUT,23442.0,23465.7,23436.0,23438.5,25935.0,19844110.0,2026-06-30,2026-06-30,JUN 2026
2026-06-05 12:50:00+05:30,NIFTY26JUNFUT,NSE:NIFTY26JUNFUT,23440.0,23452.0,23422.0,23436.0,36595.0,19847620.0,2026-06-30,2026-06-30,JUN 2026
2026-06-05 12:55:00+05:30,NIFTY26JUNFUT,NSE:NIFTY26JUNFUT,23431.0,23450.4,23430.1,23441.0,15275.0,19851975.0,2026-06-30,2026-06-30,JUN 2026
2026-06-05 13:00:00+05:30,NIFTY26JUNFUT,NSE:NIFTY26JUNFUT,23440.4,23449.0,23428.9,23448.2,27690.0,19847230.0,2026-06-30,2026-06-30,JUN 2026
2026-06-05 13:05:00+05:30,NIFTY26JUNFUT,NSE:NIFTY26JUNFUT,23448.2,23452.0,23420.0,23428.9,33605.0,19851910.0,2026-06-30,2026-06-30,JUN 2026
2026-06-05 13:10:00+05:30,NIFTY26JUNFUT,NSE:NIFTY26JUNFUT,23428.9,23432.0,23409.0,23409.0,108810.0,19831175.0,2026-06-30,2026-06-30,JUN 2026
2026-06-05 13:15:00+05:30,NIFTY26JUNFUT,NSE:NIFTY26JUNFUT,23408.5,23435.7,23402.5,23425.7,101075.0,19820450.0,2026-06-30,2026-06-30,JUN 2026
2026-06-05 13:20:00+05:30,NIFTY26JUNFUT,NSE:NIFTY26JUNFUT,23425.7,23430.0,23381.1,23396.3,84695.0,19812715.0,2026-06-30,2026-06-30,JUN 2026
2026-06-05 13:25:00+05:30,NIFTY26JUNFUT,NSE:NIFTY26JUNFUT,23396.3,23423.8,23385.9,23385.9,56485.0,19840535.0,2026-06-30,2026-06-30,JUN 2026
2026-06-05 13:30:00+05:30,NIFTY26JUNFUT,NSE:NIFTY26JUNFUT,23385.1,23404.4,23365.0,23377.4,106860.0,19862830.0,2026-06-30,2026-06-30,JUN 2026
2026-06-05 13:35:00+05:30,NIFTY26JUNFUT,NSE:NIFTY26JUNFUT,23377.4,23390.0,23375.0,23388.0,34450.0,19868810.0,2026-06-30,2026-06-30,JUN 2026
2026-06-05 13:40:00+05:30,NIFTY26JUNFUT,NSE:NIFTY26JUNFUT,23390.0,23390.0,23350.0,23365.0,98475.0,19912945.0,2026-06-30,2026-06-30,JUN 2026
2026-06-05 13:45:00+05:30,NIFTY26JUNFUT,NSE:NIFTY26JUNFUT,23371.7,23388.3,23365.0,23385.0,32435.0,19924775.0,2026-06-30,2026-06-30,JUN 2026
2026-06-05 13:50:00+05:30,NIFTY26JUNFUT,NSE:NIFTY26JUNFUT,23383.8,23388.9,23367.8,23380.0,32500.0,19928480.0,2026-06-30,2026-06-30,JUN 2026
2026-06-05 13:55:00+05:30,NIFTY26JUNFUT,NSE:NIFTY26JUNFUT,23381.0,23395.0,23372.2,23395.0,27495.0,19941805.0,2026-06-30,2026-06-30,JUN 2026
2026-06-05 14:00:00+05:30,NIFTY26JUNFUT,NSE:NIFTY26JUNFUT,23398.0,23409.0,23384.3,23404.8,43420.0,19959030.0,2026-06-30,2026-06-30,JUN 2026
2026-06-05 14:05:00+05:30,NIFTY26JUNFUT,NSE:NIFTY26JUNFUT,23394.9,23419.1,23394.9,23409.2,21060.0,19955390.0,2026-06-30,2026-06-30,JUN 2026
2026-06-05 14:10:00+05:30,NIFTY26JUNFUT,NSE:NIFTY26JUNFUT,23407.1,23409.2,23378.2,23397.7,18265.0,19957730.0,2026-06-30,2026-06-30,JUN 2026
2026-06-05 14:15:00+05:30,NIFTY26JUNFUT,NSE:NIFTY26JUNFUT,23390.0,23397.9,23370.0,23386.0,23530.0,19951555.0,2026-06-30,2026-06-30,JUN 2026
2026-06-05 14:20:00+05:30,NIFTY26JUNFUT,NSE:NIFTY26JUNFUT,23381.0,23400.0,23371.0,23399.8,33865.0,19965010.0,2026-06-30,2026-06-30,JUN 2026
2026-06-05 14:25:00+05:30,NIFTY26JUNFUT,NSE:NIFTY26JUNFUT,23396.0,23422.0,23396.0,23419.9,29965.0,19961630.0,2026-06-30,2026-06-30,JUN 2026
2026-06-05 14:30:00+05:30,NIFTY26JUNFUT,NSE:NIFTY26JUNFUT,23423.0,23444.3,23416.4,23419.9,62790.0,19944925.0,2026-06-30,2026-06-30,JUN 2026
2026-06-05 14:35:00+05:30,NIFTY26JUNFUT,NSE:NIFTY26JUNFUT,23420.0,23421.8,23385.1,23404.6,29055.0,19951490.0,2026-06-30,2026-06-30,JUN 2026
2026-06-05 14:40:00+05:30,NIFTY26JUNFUT,NSE:NIFTY26JUNFUT,23404.6,23495.7,23402.3,23488.8,143650.0,19930300.0,2026-06-30,2026-06-30,JUN 2026
2026-06-05 14:45:00+05:30,NIFTY26JUNFUT,NSE:NIFTY26JUNFUT,23489.0,23513.0,23444.1,23453.7,274625.0,19900140.0,2026-06-30,2026-06-30,JUN 2026
2026-06-05 14:50:00+05:30,NIFTY26JUNFUT,NSE:NIFTY26JUNFUT,23457.1,23480.0,23453.9,23470.0,38740.0,19901505.0,2026-06-30,2026-06-30,JUN 2026
2026-06-05 14:55:00+05:30,NIFTY26JUNFUT,NSE:NIFTY26JUNFUT,23470.0,23475.0,23433.0,23449.6,32565.0,19904820.0,2026-06-30,2026-06-30,JUN 2026
2026-06-05 15:00:00+05:30,NIFTY26JUNFUT,NSE:NIFTY26JUNFUT,23452.0,23459.9,23412.5,23456.7,57395.0,19867445.0,2026-06-30,2026-06-30,JUN 2026
2026-06-05 15:05:00+05:30,NIFTY26JUNFUT,NSE:NIFTY26JUNFUT,23459.0,23459.0,23440.0,23445.0,34710.0,19869460.0,2026-06-30,2026-06-30,JUN 2026
2026-06-05 15:10:00+05:30,NIFTY26JUNFUT,NSE:NIFTY26JUNFUT,23445.0,23455.4,23439.0,23450.1,30615.0,19868160.0,2026-06-30,2026-06-30,JUN 2026
2026-06-05 15:15:00+05:30,NIFTY26JUNFUT,NSE:NIFTY26JUNFUT,23457.0,23473.3,23450.1,23465.0,89050.0,19865820.0,2026-06-30,2026-06-30,JUN 2026
2026-06-05 15:20:00+05:30,NIFTY26JUNFUT,NSE:NIFTY26JUNFUT,23462.6,23467.0,23444.8,23460.0,99060.0,19872125.0,2026-06-30,2026-06-30,JUN 2026
2026-06-05 15:25:00+05:30,NIFTY26JUNFUT,NSE:NIFTY26JUNFUT,23459.9,23463.0,23434.0,23440.0,167310.0,19902805.0,2026-06-30,2026-06-30,JUN 2026
2026-06-08 09:15:00+05:30,NIFTY26JUNFUT,NSE:NIFTY26JUNFUT,23201.1,23212.0,23166.0,23208.1,548795.0,19630780.0,2026-06-30,2026-06-30,JUN 2026
2026-06-08 09:20:00+05:30,NIFTY26JUNFUT,NSE:NIFTY26JUNFUT,23208.2,23212.0,23180.0,23208.5,288665.0,19735950.0,2026-06-30,2026-06-30,JUN 2026
2026-06-08 09:25:00+05:30,NIFTY26JUNFUT,NSE:NIFTY26JUNFUT,23208.5,23224.0,23199.6,23224.0,166270.0,19809140.0,2026-06-30,2026-06-30,JUN 2026
2026-06-08 09:30:00+05:30,NIFTY26JUNFUT,NSE:NIFTY26JUNFUT,23220.0,23249.8,23220.0,23249.8,108095.0,19792565.0,2026-06-30,2026-06-30,JUN 2026
2026-06-08 09:35:00+05:30,NIFTY26JUNFUT,NSE:NIFTY26JUNFUT,23245.9,23250.0,23203.7,23224.6,81445.0,19798285.0,2026-06-30,2026-06-30,JUN 2026
2026-06-08 09:40:00+05:30,NIFTY26JUNFUT,NSE:NIFTY26JUNFUT,23228.0,23246.7,23215.0,23225.1,46540.0,19797635.0,2026-06-30,2026-06-30,JUN 2026
2026-06-08 09:45:00+05:30,NIFTY26JUNFUT,NSE:NIFTY26JUNFUT,23235.0,23252.8,23205.0,23209.9,53300.0,19792500.0,2026-06-30,2026-06-30,JUN 2026
2026-06-08 09:50:00+05:30,NIFTY26JUNFUT,NSE:NIFTY26JUNFUT,23203.0,23245.0,23200.0,23238.2,56290.0,19798220.0,2026-06-30,2026-06-30,JUN 2026
2026-06-08 09:55:00+05:30,NIFTY26JUNFUT,NSE:NIFTY26JUNFUT,23237.3,23272.2,23235.3,23270.0,87230.0,19781840.0,2026-06-30,2026-06-30,JUN 2026
2026-06-08 10:00:00+05:30,NIFTY26JUNFUT,NSE:NIFTY26JUNFUT,23270.0,23272.0,23236.8,23236.8,46410.0,19795490.0,2026-06-30,2026-06-30,JUN 2026
2026-06-08 10:05:00+05:30,NIFTY26JUNFUT,NSE:NIFTY26JUNFUT,23236.8,23257.3,23219.2,23242.9,46605.0,19793800.0,2026-06-30,2026-06-30,JUN 2026
2026-06-08 10:10:00+05:30,NIFTY26JUNFUT,NSE:NIFTY26JUNFUT,23242.9,23256.9,23235.0,23235.3,32890.0,19795165.0,2026-06-30,2026-06-30,JUN 2026
2026-06-08 10:15:00+05:30,NIFTY26JUNFUT,NSE:NIFTY26JUNFUT,23235.3,23248.9,23226.4,23241.9,28405.0,19811935.0,2026-06-30,2026-06-30,JUN 2026
2026-06-08 10:20:00+05:30,NIFTY26JUNFUT,NSE:NIFTY26JUNFUT,23241.9,23255.0,23235.0,23247.8,25610.0,19813950.0,2026-06-30,2026-06-30,JUN 2026
2026-06-08 10:25:00+05:30,NIFTY26JUNFUT,NSE:NIFTY26JUNFUT,23247.8,23247.9,23225.0,23235.0,15015.0,19817850.0,2026-06-30,2026-06-30,JUN 2026
2026-06-08 10:30:00+05:30,NIFTY26JUNFUT,NSE:NIFTY26JUNFUT,23239.8,23275.0,23236.0,23272.9,42575.0,19815250.0,2026-06-30,2026-06-30,JUN 2026
2026-06-08 10:35:00+05:30,NIFTY26JUNFUT,NSE:NIFTY26JUNFUT,23273.0,23277.4,23260.0,23266.0,26260.0,19815120.0,2026-06-30,2026-06-30,JUN 2026
2026-06-08 10:40:00+05:30,NIFTY26JUNFUT,NSE:NIFTY26JUNFUT,23261.8,23285.0,23241.3,23241.3,31850.0,19809985.0,2026-06-30,2026-06-30,JUN 2026
2026-06-08 10:45:00+05:30,NIFTY26JUNFUT,NSE:NIFTY26JUNFUT,23245.0,23267.0,23237.0,23255.0,25870.0,19802380.0,2026-06-30,2026-06-30,JUN 2026
2026-06-08 10:50:00+05:30,NIFTY26JUNFUT,NSE:NIFTY26JUNFUT,23260.0,23268.0,23254.8,23257.9,8905.0,19801275.0,2026-06-30,2026-06-30,JUN 2026
2026-06-08 10:55:00+05:30,NIFTY26JUNFUT,NSE:NIFTY26JUNFUT,23263.0,23278.0,23250.0,23278.0,17810.0,19799520.0,2026-06-30,2026-06-30,JUN 2026
2026-06-08 11:00:00+05:30,NIFTY26JUNFUT,NSE:NIFTY26JUNFUT,23277.0,23277.0,23260.0,23267.5,9230.0,19797765.0,2026-06-30,2026-06-30,JUN 2026
2026-06-08 11:05:00+05:30,NIFTY26JUNFUT,NSE:NIFTY26JUNFUT,23267.5,23267.5,23241.0,23252.3,23465.0,19797050.0,2026-06-30,2026-06-30,JUN 2026
2026-06-08 11:10:00+05:30,NIFTY26JUNFUT,NSE:NIFTY26JUNFUT,23252.3,23263.9,23241.2,23246.6,18395.0,19799325.0,2026-06-30,2026-06-30,JUN 2026
2026-06-08 11:15:00+05:30,NIFTY26JUNFUT,NSE:NIFTY26JUNFUT,23247.0,23257.2,23230.3,23231.0,39000.0,19796205.0,2026-06-30,2026-06-30,JUN 2026
2026-06-08 11:20:00+05:30,NIFTY26JUNFUT,NSE:NIFTY26JUNFUT,23232.3,23250.0,23231.0,23232.2,15730.0,19795880.0,2026-06-30,2026-06-30,JUN 2026
2026-06-08 11:25:00+05:30,NIFTY26JUNFUT,NSE:NIFTY26JUNFUT,23232.9,23246.7,23232.3,23235.1,30420.0,19808035.0,2026-06-30,2026-06-30,JUN 2026
2026-06-08 11:30:00+05:30,NIFTY26JUNFUT,NSE:NIFTY26JUNFUT,23235.1,23250.0,23235.1,23250.0,41470.0,19783725.0,2026-06-30,2026-06-30,JUN 2026
2026-06-08 11:35:00+05:30,NIFTY26JUNFUT,NSE:NIFTY26JUNFUT,23250.0,23265.0,23241.8,23257.5,11570.0,19780410.0,2026-06-30,2026-06-30,JUN 2026
2026-06-08 11:40:00+05:30,NIFTY26JUNFUT,NSE:NIFTY26JUNFUT,23257.5,23270.0,23257.0,23257.2,33735.0,19792305.0,2026-06-30,2026-06-30,JUN 2026
2026-06-08 11:45:00+05:30,NIFTY26JUNFUT,NSE:NIFTY26JUNFUT,23257.2,23272.4,23255.0,23265.5,49270.0,19817720.0,2026-06-30,2026-06-30,JUN 2026
2026-06-08 11:50:00+05:30,NIFTY26JUNFUT,NSE:NIFTY26JUNFUT,23263.9,23269.5,23259.5,23260.0,13130.0,19816615.0,2026-06-30,2026-06-30,JUN 2026
2026-06-08 11:55:00+05:30,NIFTY26JUNFUT,NSE:NIFTY26JUNFUT,23260.0,23275.0,23260.0,23269.1,26325.0,19802575.0,2026-06-30,2026-06-30,JUN 2026
2026-06-08 12:00:00+05:30,NIFTY26JUNFUT,NSE:NIFTY26JUNFUT,23268.7,23275.0,23255.0,23262.8,14365.0,19800040.0,2026-06-30,2026-06-30,JUN 2026
2026-06-08 12:05:00+05:30,NIFTY26JUNFUT,NSE:NIFTY26JUNFUT,23262.8,23269.0,23250.0,23257.8,22945.0,19801405.0,2026-06-30,2026-06-30,JUN 2026
2026-06-08 12:10:00+05:30,NIFTY26JUNFUT,NSE:NIFTY26JUNFUT,23260.1,23295.5,23260.0,23272.8,60515.0,19782425.0,2026-06-30,2026-06-30,JUN 2026
2026-06-08 12:15:00+05:30,NIFTY26JUNFUT,NSE:NIFTY26JUNFUT,23272.8,23288.0,23265.0,23266.7,14235.0,19782620.0,2026-06-30,2026-06-30,JUN 2026
2026-06-08 12:20:00+05:30,NIFTY26JUNFUT,NSE:NIFTY26JUNFUT,23278.2,23295.0,23268.6,23295.0,46085.0,19772285.0,2026-06-30,2026-06-30,JUN 2026
2026-06-08 12:25:00+05:30,NIFTY26JUNFUT,NSE:NIFTY26JUNFUT,23296.0,23296.9,23280.0,23288.5,25350.0,19767800.0,2026-06-30,2026-06-30,JUN 2026
2026-06-08 12:30:00+05:30,NIFTY26JUNFUT,NSE:NIFTY26JUNFUT,23288.7,23298.2,23281.0,23290.0,46280.0,19780540.0,2026-06-30,2026-06-30,JUN 2026
2026-06-08 12:35:00+05:30,NIFTY26JUNFUT,NSE:NIFTY26JUNFUT,23290.1,23299.0,23285.6,23286.6,47840.0,19796790.0,2026-06-30,2026-06-30,JUN 2026
2026-06-08 12:40:00+05:30,NIFTY26JUNFUT,NSE:NIFTY26JUNFUT,23287.5,23321.9,23287.5,23310.0,63830.0,19776965.0,2026-06-30,2026-06-30,JUN 2026
2026-06-08 12:45:00+05:30,NIFTY26JUNFUT,NSE:NIFTY26JUNFUT,23315.9,23324.0,23300.0,23319.2,33670.0,19776380.0,2026-06-30,2026-06-30,JUN 2026
2026-06-08 12:50:00+05:30,NIFTY26JUNFUT,NSE:NIFTY26JUNFUT,23320.0,23353.6,23313.6,23328.1,102375.0,19746545.0,2026-06-30,2026-06-30,JUN 2026
2026-06-08 12:55:00+05:30,NIFTY26JUNFUT,NSE:NIFTY26JUNFUT,23320.2,23334.9,23319.0,23319.0,51805.0,19748885.0,2026-06-30,2026-06-30,JUN 2026
2026-06-08 13:00:00+05:30,NIFTY26JUNFUT,NSE:NIFTY26JUNFUT,23319.0,23328.0,23305.0,23308.0,49725.0,19752460.0,2026-06-30,2026-06-30,JUN 2026
2026-06-08 13:05:00+05:30,NIFTY26JUNFUT,NSE:NIFTY26JUNFUT,23305.0,23308.0,23290.0,23302.6,31980.0,19749730.0,2026-06-30,2026-06-30,JUN 2026
2026-06-08 13:10:00+05:30,NIFTY26JUNFUT,NSE:NIFTY26JUNFUT,23303.0,23303.5,23286.8,23288.1,21970.0,19745635.0,2026-06-30,2026-06-30,JUN 2026
2026-06-08 13:15:00+05:30,NIFTY26JUNFUT,NSE:NIFTY26JUNFUT,23288.0,23309.0,23288.0,23296.0,13260.0,19747260.0,2026-06-30,2026-06-30,JUN 2026
2026-06-08 13:20:00+05:30,NIFTY26JUNFUT,NSE:NIFTY26JUNFUT,23296.0,23298.0,23281.0,23285.0,20865.0,19754930.0,2026-06-30,2026-06-30,JUN 2026
2026-06-08 13:25:00+05:30,NIFTY26JUNFUT,NSE:NIFTY26JUNFUT,23285.0,23290.0,23267.9,23277.3,65715.0,19783595.0,2026-06-30,2026-06-30,JUN 2026
2026-06-08 13:30:00+05:30,NIFTY26JUNFUT,NSE:NIFTY26JUNFUT,23277.6,23286.0,23259.4,23272.0,58565.0,19807385.0,2026-06-30,2026-06-30,JUN 2026
2026-06-08 13:35:00+05:30,NIFTY26JUNFUT,NSE:NIFTY26JUNFUT,23270.0,23275.5,23252.0,23273.0,23985.0,19814210.0,2026-06-30,2026-06-30,JUN 2026
2026-06-08 13:40:00+05:30,NIFTY26JUNFUT,NSE:NIFTY26JUNFUT,23268.7,23269.8,23235.0,23237.6,47840.0,19822725.0,2026-06-30,2026-06-30,JUN 2026
2026-06-08 13:45:00+05:30,NIFTY26JUNFUT,NSE:NIFTY26JUNFUT,23237.4,23244.0,23211.0,23238.5,91715.0,19847100.0,2026-06-30,2026-06-30,JUN 2026
2026-06-08 13:50:00+05:30,NIFTY26JUNFUT,NSE:NIFTY26JUNFUT,23238.6,23244.0,23223.0,23230.8,57720.0,19872255.0,2026-06-30,2026-06-30,JUN 2026
2026-06-08 13:55:00+05:30,NIFTY26JUNFUT,NSE:NIFTY26JUNFUT,23227.2,23237.0,23214.0,23231.4,62725.0,19909630.0,2026-06-30,2026-06-30,JUN 2026
2026-06-08 14:00:00+05:30,NIFTY26JUNFUT,NSE:NIFTY26JUNFUT,23231.4,23248.0,23228.9,23236.0,37115.0,19922370.0,2026-06-30,2026-06-30,JUN 2026
2026-06-08 14:05:00+05:30,NIFTY26JUNFUT,NSE:NIFTY26JUNFUT,23240.0,23243.5,23215.0,23215.7,28730.0,19921200.0,2026-06-30,2026-06-30,JUN 2026
2026-06-08 14:10:00+05:30,NIFTY26JUNFUT,NSE:NIFTY26JUNFUT,23215.3,23221.8,23208.0,23210.0,41860.0,19938425.0,2026-06-30,2026-06-30,JUN 2026
2026-06-08 14:15:00+05:30,NIFTY26JUNFUT,NSE:NIFTY26JUNFUT,23208.0,23229.0,23200.0,23227.0,49205.0,19943170.0,2026-06-30,2026-06-30,JUN 2026
2026-06-08 14:20:00+05:30,NIFTY26JUNFUT,NSE:NIFTY26JUNFUT,23226.0,23230.9,23200.8,23205.7,61945.0,19921850.0,2026-06-30,2026-06-30,JUN 2026
2026-06-08 14:25:00+05:30,NIFTY26JUNFUT,NSE:NIFTY26JUNFUT,23205.7,23216.0,23200.0,23201.0,62270.0,19919965.0,2026-06-30,2026-06-30,JUN 2026
2026-06-08 14:30:00+05:30,NIFTY26JUNFUT,NSE:NIFTY26JUNFUT,23205.0,23220.0,23201.0,23215.0,22620.0,19924645.0,2026-06-30,2026-06-30,JUN 2026
2026-06-08 14:35:00+05:30,NIFTY26JUNFUT,NSE:NIFTY26JUNFUT,23217.0,23219.9,23206.0,23209.0,21320.0,19925685.0,2026-06-30,2026-06-30,JUN 2026
2026-06-08 14:40:00+05:30,NIFTY26JUNFUT,NSE:NIFTY26JUNFUT,23209.0,23235.0,23203.4,23235.0,39845.0,19940765.0,2026-06-30,2026-06-30,JUN 2026
2026-06-08 14:45:00+05:30,NIFTY26JUNFUT,NSE:NIFTY26JUNFUT,23235.6,23245.0,23220.0,23226.9,45435.0,19956755.0,2026-06-30,2026-06-30,JUN 2026
2026-06-08 14:50:00+05:30,NIFTY26JUNFUT,NSE:NIFTY26JUNFUT,23226.9,23232.9,23214.6,23220.0,30290.0,19975020.0,2026-06-30,2026-06-30,JUN 2026
2026-06-08 14:55:00+05:30,NIFTY26JUNFUT,NSE:NIFTY26JUNFUT,23220.0,23250.0,23211.2,23229.4,41795.0,19986135.0,2026-06-30,2026-06-30,JUN 2026
2026-06-08 15:00:00+05:30,NIFTY26JUNFUT,NSE:NIFTY26JUNFUT,23231.4,23231.4,23161.0,23175.0,192920.0,20044115.0,2026-06-30,2026-06-30,JUN 2026
2026-06-08 15:05:00+05:30,NIFTY26JUNFUT,NSE:NIFTY26JUNFUT,23175.0,23197.0,23160.0,23191.1,222300.0,20116460.0,2026-06-30,2026-06-30,JUN 2026
2026-06-08 15:10:00+05:30,NIFTY26JUNFUT,NSE:NIFTY26JUNFUT,23191.0,23198.0,23180.0,23197.5,229970.0,20237815.0,2026-06-30,2026-06-30,JUN 2026
2026-06-08 15:15:00+05:30,NIFTY26JUNFUT,NSE:NIFTY26JUNFUT,23197.5,23198.0,23180.0,23185.0,62205.0,20248215.0,2026-06-30,2026-06-30,JUN 2026
2026-06-08 15:20:00+05:30,NIFTY26JUNFUT,NSE:NIFTY26JUNFUT,23185.0,23188.0,23153.6,23162.7,179660.0,20288775.0,2026-06-30,2026-06-30,JUN 2026
2026-06-08 15:25:00+05:30,NIFTY26JUNFUT,NSE:NIFTY26JUNFUT,23156.0,23162.3,23142.9,23147.1,309075.0,20445425.0,2026-06-30,2026-06-30,JUN 2026
2026-06-09 09:15:00+05:30,NIFTY26JUNFUT,NSE:NIFTY26JUNFUT,23230.0,23260.9,23220.0,23254.9,233935.0,19520410.0,2026-06-30,2026-06-30,JUN 2026
2026-06-09 09:20:00+05:30,NIFTY26JUNFUT,NSE:NIFTY26JUNFUT,23254.9,23270.0,23245.6,23269.0,125125.0,19493955.0,2026-06-30,2026-06-30,JUN 2026
2026-06-09 09:25:00+05:30,NIFTY26JUNFUT,NSE:NIFTY26JUNFUT,23268.6,23270.0,23250.0,23253.0,45435.0,19488950.0,2026-06-30,2026-06-30,JUN 2026
2026-06-09 09:30:00+05:30,NIFTY26JUNFUT,NSE:NIFTY26JUNFUT,23260.0,23290.0,23254.1,23285.0,121810.0,19455670.0,2026-06-30,2026-06-30,JUN 2026
2026-06-09 09:35:00+05:30,NIFTY26JUNFUT,NSE:NIFTY26JUNFUT,23285.0,23286.7,23253.0,23265.1,71435.0,19445790.0,2026-06-30,2026-06-30,JUN 2026
2026-06-09 09:40:00+05:30,NIFTY26JUNFUT,NSE:NIFTY26JUNFUT,23256.0,23270.0,23245.6,23246.0,75985.0,19404775.0,2026-06-30,2026-06-30,JUN 2026
2026-06-09 09:45:00+05:30,NIFTY26JUNFUT,NSE:NIFTY26JUNFUT,23247.9,23268.0,23234.0,23234.0,52325.0,19394245.0,2026-06-30,2026-06-30,JUN 2026
2026-06-09 09:50:00+05:30,NIFTY26JUNFUT,NSE:NIFTY26JUNFUT,23239.0,23273.7,23228.6,23270.0,44265.0,19388200.0,2026-06-30,2026-06-30,JUN 2026
2026-06-09 09:55:00+05:30,NIFTY26JUNFUT,NSE:NIFTY26JUNFUT,23269.4,23269.8,23236.0,23248.5,25935.0,19380660.0,2026-06-30,2026-06-30,JUN 2026
2026-06-09 10:00:00+05:30,NIFTY26JUNFUT,NSE:NIFTY26JUNFUT,23247.8,23256.7,23225.0,23225.0,42770.0,19382740.0,2026-06-30,2026-06-30,JUN 2026
2026-06-09 10:05:00+05:30,NIFTY26JUNFUT,NSE:NIFTY26JUNFUT,23225.0,23235.0,23221.6,23227.0,40885.0,19378840.0,2026-06-30,2026-06-30,JUN 2026
2026-06-09 10:10:00+05:30,NIFTY26JUNFUT,NSE:NIFTY26JUNFUT,23226.0,23236.1,23221.6,23229.0,29055.0,19392945.0,2026-06-30,2026-06-30,JUN 2026
2026-06-09 10:15:00+05:30,NIFTY26JUNFUT,NSE:NIFTY26JUNFUT,23226.0,23237.6,23221.5,23230.0,22880.0,19403605.0,2026-06-30,2026-06-30,JUN 2026
2026-06-09 10:20:00+05:30,NIFTY26JUNFUT,NSE:NIFTY26JUNFUT,23231.7,23231.7,23200.0,23214.1,55770.0,19414460.0,2026-06-30,2026-06-30,JUN 2026
2026-06-09 10:25:00+05:30,NIFTY26JUNFUT,NSE:NIFTY26JUNFUT,23206.0,23218.0,23203.0,23208.0,22360.0,19426680.0,2026-06-30,2026-06-30,JUN 2026
2026-06-09 10:30:00+05:30,NIFTY26JUNFUT,NSE:NIFTY26JUNFUT,23216.4,23218.7,23200.5,23205.2,77090.0,19484660.0,2026-06-30,2026-06-30,JUN 2026
2026-06-09 10:35:00+05:30,NIFTY26JUNFUT,NSE:NIFTY26JUNFUT,23205.2,23211.3,23200.0,23202.0,38220.0,19501495.0,2026-06-30,2026-06-30,JUN 2026
2026-06-09 10:40:00+05:30,NIFTY26JUNFUT,NSE:NIFTY26JUNFUT,23200.1,23218.9,23200.0,23218.0,46085.0,19530745.0,2026-06-30,2026-06-30,JUN 2026
2026-06-09 10:45:00+05:30,NIFTY26JUNFUT,NSE:NIFTY26JUNFUT,23218.9,23222.0,23178.0,23178.0,53690.0,19540105.0,2026-06-30,2026-06-30,JUN 2026
2026-06-09 10:50:00+05:30,NIFTY26JUNFUT,NSE:NIFTY26JUNFUT,23178.0,23208.0,23162.3,23208.0,114465.0,19538740.0,2026-06-30,2026-06-30,JUN 2026
2026-06-09 10:55:00+05:30,NIFTY26JUNFUT,NSE:NIFTY26JUNFUT,23208.0,23212.3,23190.0,23198.1,24115.0,19546930.0,2026-06-30,2026-06-30,JUN 2026
2026-06-09 11:00:00+05:30,NIFTY26JUNFUT,NSE:NIFTY26JUNFUT,23195.0,23205.0,23192.0,23204.8,36335.0,19573125.0,2026-06-30,2026-06-30,JUN 2026
2026-06-09 11:05:00+05:30,NIFTY26JUNFUT,NSE:NIFTY26JUNFUT,23204.0,23208.5,23194.0,23199.8,20735.0,19587750.0,2026-06-30,2026-06-30,JUN 2026
2026-06-09 11:10:00+05:30,NIFTY26JUNFUT,NSE:NIFTY26JUNFUT,23194.0,23199.9,23183.1,23188.9,35035.0,19614010.0,2026-06-30,2026-06-30,JUN 2026
2026-06-09 11:15:00+05:30,NIFTY26JUNFUT,NSE:NIFTY26JUNFUT,23185.0,23200.0,23183.0,23191.0,157170.0,19723600.0,2026-06-30,2026-06-30,JUN 2026
2026-06-09 11:20:00+05:30,NIFTY26JUNFUT,NSE:NIFTY26JUNFUT,23192.0,23197.8,23150.1,23154.1,103480.0,19770400.0,2026-06-30,2026-06-30,JUN 2026
2026-06-09 11:25:00+05:30,NIFTY26JUNFUT,NSE:NIFTY26JUNFUT,23155.2,23182.2,23145.0,23170.5,89960.0,19800690.0,2026-06-30,2026-06-30,JUN 2026
2026-06-09 11:30:00+05:30,NIFTY26JUNFUT,NSE:NIFTY26JUNFUT,23165.0,23182.0,23163.9,23180.1,40820.0,19811285.0,2026-06-30,2026-06-30,JUN 2026
2026-06-09 11:35:00+05:30,NIFTY26JUNFUT,NSE:NIFTY26JUNFUT,23180.2,23204.0,23173.0,23200.0,63570.0,19847360.0,2026-06-30,2026-06-30,JUN 2026
2026-06-09 11:40:00+05:30,NIFTY26JUNFUT,NSE:NIFTY26JUNFUT,23200.8,23205.0,23177.0,23203.0,35555.0,19860750.0,2026-06-30,2026-06-30,JUN 2026
2026-06-09 11:45:00+05:30,NIFTY26JUNFUT,NSE:NIFTY26JUNFUT,23202.0,23245.0,23200.0,23220.0,63375.0,19866535.0,2026-06-30,2026-06-30,JUN 2026
2026-06-09 11:50:00+05:30,NIFTY26JUNFUT,NSE:NIFTY26JUNFUT,23220.0,23230.5,23206.8,23214.6,25155.0,19877650.0,2026-06-30,2026-06-30,JUN 2026
2026-06-09 11:55:00+05:30,NIFTY26JUNFUT,NSE:NIFTY26JUNFUT,23214.6,23233.5,23211.0,23229.5,18525.0,19886555.0,2026-06-30,2026-06-30,JUN 2026
2026-06-09 12:00:00+05:30,NIFTY26JUNFUT,NSE:NIFTY26JUNFUT,23229.5,23241.0,23220.1,23228.8,47385.0,19905730.0,2026-06-30,2026-06-30,JUN 2026
2026-06-09 12:05:00+05:30,NIFTY26JUNFUT,NSE:NIFTY26JUNFUT,23228.9,23228.9,23220.0,23220.6,13000.0,19911385.0,2026-06-30,2026-06-30,JUN 2026
2026-06-09 12:10:00+05:30,NIFTY26JUNFUT,NSE:NIFTY26JUNFUT,23220.1,23234.1,23220.0,23232.0,15730.0,19914765.0,2026-06-30,2026-06-30,JUN 2026
2026-06-09 12:15:00+05:30,NIFTY26JUNFUT,NSE:NIFTY26JUNFUT,23233.0,23240.0,23230.0,23238.0,14430.0,19916910.0,2026-06-30,2026-06-30,JUN 2026
2026-06-09 12:20:00+05:30,NIFTY26JUNFUT,NSE:NIFTY26JUNFUT,23238.0,23250.0,23229.9,23240.0,40365.0,19916455.0,2026-06-30,2026-06-30,JUN 2026
2026-06-09 12:25:00+05:30,NIFTY26JUNFUT,NSE:NIFTY26JUNFUT,23244.4,23250.0,23232.1,23247.0,20280.0,19919315.0,2026-06-30,2026-06-30,JUN 2026
2026-06-09 12:30:00+05:30,NIFTY26JUNFUT,NSE:NIFTY26JUNFUT,23245.0,23267.0,23239.7,23260.0,64480.0,19910930.0,2026-06-30,2026-06-30,JUN 2026
2026-06-09 12:35:00+05:30,NIFTY26JUNFUT,NSE:NIFTY26JUNFUT,23261.0,23270.0,23251.1,23256.0,26845.0,19903780.0,2026-06-30,2026-06-30,JUN 2026
2026-06-09 12:40:00+05:30,NIFTY26JUNFUT,NSE:NIFTY26JUNFUT,23252.0,23262.0,23233.1,23249.9,33605.0,19898905.0,2026-06-30,2026-06-30,JUN 2026
2026-06-09 12:45:00+05:30,NIFTY26JUNFUT,NSE:NIFTY26JUNFUT,23250.0,23254.4,23240.0,23240.6,26065.0,19907030.0,2026-06-30,2026-06-30,JUN 2026
2026-06-09 12:50:00+05:30,NIFTY26JUNFUT,NSE:NIFTY26JUNFUT,23240.0,23246.2,23230.0,23239.0,25480.0,19915935.0,2026-06-30,2026-06-30,JUN 2026
2026-06-09 12:55:00+05:30,NIFTY26JUNFUT,NSE:NIFTY26JUNFUT,23239.0,23239.0,23211.1,23220.0,41340.0,19923605.0,2026-06-30,2026-06-30,JUN 2026
2026-06-09 13:00:00+05:30,NIFTY26JUNFUT,NSE:NIFTY26JUNFUT,23221.0,23235.1,23221.0,23235.1,15925.0,19926790.0,2026-06-30,2026-06-30,JUN 2026
2026-06-09 13:05:00+05:30,NIFTY26JUNFUT,NSE:NIFTY26JUNFUT,23235.1,23239.0,23227.0,23233.0,7150.0,19927115.0,2026-06-30,2026-06-30,JUN 2026
2026-06-09 13:10:00+05:30,NIFTY26JUNFUT,NSE:NIFTY26JUNFUT,23233.0,23260.0,23227.0,23259.4,19175.0,19928740.0,2026-06-30,2026-06-30,JUN 2026
2026-06-09 13:15:00+05:30,NIFTY26JUNFUT,NSE:NIFTY26JUNFUT,23257.0,23260.6,23241.0,23245.0,23595.0,19930235.0,2026-06-30,2026-06-30,JUN 2026
2026-06-09 13:20:00+05:30,NIFTY26JUNFUT,NSE:NIFTY26JUNFUT,23242.5,23250.0,23232.0,23232.6,20800.0,19933420.0,2026-06-30,2026-06-30,JUN 2026
2026-06-09 13:25:00+05:30,NIFTY26JUNFUT,NSE:NIFTY26JUNFUT,23238.0,23247.9,23231.0,23245.0,9295.0,19938230.0,2026-06-30,2026-06-30,JUN 2026
2026-06-09 13:30:00+05:30,NIFTY26JUNFUT,NSE:NIFTY26JUNFUT,23244.5,23244.5,23225.0,23239.0,12805.0,19943430.0,2026-06-30,2026-06-30,JUN 2026
2026-06-09 13:35:00+05:30,NIFTY26JUNFUT,NSE:NIFTY26JUNFUT,23239.0,23261.1,23237.0,23260.5,23270.0,19945120.0,2026-06-30,2026-06-30,JUN 2026
2026-06-09 13:40:00+05:30,NIFTY26JUNFUT,NSE:NIFTY26JUNFUT,23260.5,23269.9,23248.5,23268.0,34320.0,19949410.0,2026-06-30,2026-06-30,JUN 2026
2026-06-09 13:45:00+05:30,NIFTY26JUNFUT,NSE:NIFTY26JUNFUT,23268.1,23268.2,23254.2,23256.0,15665.0,19951360.0,2026-06-30,2026-06-30,JUN 2026
2026-06-09 13:50:00+05:30,NIFTY26JUNFUT,NSE:NIFTY26JUNFUT,23256.0,23256.0,23242.7,23245.0,18980.0,19957015.0,2026-06-30,2026-06-30,JUN 2026
2026-06-09 13:55:00+05:30,NIFTY26JUNFUT,NSE:NIFTY26JUNFUT,23245.0,23250.0,23225.6,23238.4,19370.0,19962475.0,2026-06-30,2026-06-30,JUN 2026
2026-06-09 14:00:00+05:30,NIFTY26JUNFUT,NSE:NIFTY26JUNFUT,23235.0,23242.0,23230.0,23238.0,12935.0,19965075.0,2026-06-30,2026-06-30,JUN 2026
2026-06-09 14:05:00+05:30,NIFTY26JUNFUT,NSE:NIFTY26JUNFUT,23238.0,23260.0,23238.0,23260.0,16510.0,19967675.0,2026-06-30,2026-06-30,JUN 2026
2026-06-09 14:10:00+05:30,NIFTY26JUNFUT,NSE:NIFTY26JUNFUT,23260.0,23265.0,23251.0,23259.0,21580.0,19965400.0,2026-06-30,2026-06-30,JUN 2026
2026-06-09 14:15:00+05:30,NIFTY26JUNFUT,NSE:NIFTY26JUNFUT,23259.9,23268.0,23246.8,23260.0,29185.0,19969040.0,2026-06-30,2026-06-30,JUN 2026
2026-06-09 14:20:00+05:30,NIFTY26JUNFUT,NSE:NIFTY26JUNFUT,23260.0,23260.0,23241.0,23249.5,20085.0,19969040.0,2026-06-30,2026-06-30,JUN 2026
2026-06-09 14:25:00+05:30,NIFTY26JUNFUT,NSE:NIFTY26JUNFUT,23249.5,23269.8,23248.0,23269.8,22100.0,19959030.0,2026-06-30,2026-06-30,JUN 2026
2026-06-09 14:30:00+05:30,NIFTY26JUNFUT,NSE:NIFTY26JUNFUT,23269.8,23275.0,23260.0,23273.0,25220.0,19956690.0,2026-06-30,2026-06-30,JUN 2026
2026-06-09 14:35:00+05:30,NIFTY26JUNFUT,NSE:NIFTY26JUNFUT,23274.5,23299.0,23266.0,23297.5,58955.0,19940115.0,2026-06-30,2026-06-30,JUN 2026
2026-06-09 14:40:00+05:30,NIFTY26JUNFUT,NSE:NIFTY26JUNFUT,23297.8,23330.0,23297.8,23310.0,147030.0,19899880.0,2026-06-30,2026-06-30,JUN 2026
2026-06-09 14:45:00+05:30,NIFTY26JUNFUT,NSE:NIFTY26JUNFUT,23319.2,23325.0,23301.6,23301.6,49400.0,19887205.0,2026-06-30,2026-06-30,JUN 2026
2026-06-09 14:50:00+05:30,NIFTY26JUNFUT,NSE:NIFTY26JUNFUT,23301.6,23330.0,23301.0,23330.0,46085.0,19881485.0,2026-06-30,2026-06-30,JUN 2026
2026-06-09 14:55:00+05:30,NIFTY26JUNFUT,NSE:NIFTY26JUNFUT,23335.9,23343.4,23320.4,23333.9,83525.0,19872775.0,2026-06-30,2026-06-30,JUN 2026
2026-06-09 15:00:00+05:30,NIFTY26JUNFUT,NSE:NIFTY26JUNFUT,23330.0,23333.6,23304.7,23319.9,61100.0,19875505.0,2026-06-30,2026-06-30,JUN 2026
2026-06-09 15:05:00+05:30,NIFTY26JUNFUT,NSE:NIFTY26JUNFUT,23320.0,23339.0,23318.1,23332.0,59735.0,19869525.0,2026-06-30,2026-06-30,JUN 2026
2026-06-09 15:10:00+05:30,NIFTY26JUNFUT,NSE:NIFTY26JUNFUT,23337.9,23337.9,23326.6,23332.5,87620.0,19860490.0,2026-06-30,2026-06-30,JUN 2026
2026-06-09 15:15:00+05:30,NIFTY26JUNFUT,NSE:NIFTY26JUNFUT,23333.0,23333.0,23325.0,23325.7,134485.0,19853470.0,2026-06-30,2026-06-30,JUN 2026
2026-06-09 15:20:00+05:30,NIFTY26JUNFUT,NSE:NIFTY26JUNFUT,23325.1,23340.0,23323.3,23340.0,108355.0,19867510.0,2026-06-30,2026-06-30,JUN 2026
2026-06-09 15:25:00+05:30,NIFTY26JUNFUT,NSE:NIFTY26JUNFUT,23336.7,23349.0,23328.9,23347.0,179595.0,19868420.0,2026-06-30,2026-06-30,JUN 2026
2026-06-10 09:15:00+05:30,NIFTY26JUNFUT,NSE:NIFTY26JUNFUT,23267.5,23366.0,23236.1,23355.0,209300.0,19418945.0,2026-06-30,2026-06-30,JUN 2026
2026-06-10 09:20:00+05:30,NIFTY26JUNFUT,NSE:NIFTY26JUNFUT,23349.2,23360.0,23325.2,23360.0,122655.0,19458335.0,2026-06-30,2026-06-30,JUN 2026
2026-06-10 09:25:00+05:30,NIFTY26JUNFUT,NSE:NIFTY26JUNFUT,23352.9,23366.0,23345.0,23366.0,74360.0,19465420.0,2026-06-30,2026-06-30,JUN 2026
2026-06-10 09:30:00+05:30,NIFTY26JUNFUT,NSE:NIFTY26JUNFUT,23361.4,23378.0,23357.2,23374.0,81965.0,19459765.0,2026-06-30,2026-06-30,JUN 2026
2026-06-10 09:35:00+05:30,NIFTY26JUNFUT,NSE:NIFTY26JUNFUT,23374.9,23375.1,23360.0,23368.8,32565.0,19451965.0,2026-06-30,2026-06-30,JUN 2026
2026-06-10 09:40:00+05:30,NIFTY26JUNFUT,NSE:NIFTY26JUNFUT,23368.8,23386.9,23361.1,23376.0,49400.0,19431945.0,2026-06-30,2026-06-30,JUN 2026
2026-06-10 09:45:00+05:30,NIFTY26JUNFUT,NSE:NIFTY26JUNFUT,23380.0,23408.3,23376.0,23402.0,107120.0,19387810.0,2026-06-30,2026-06-30,JUN 2026
2026-06-10 09:50:00+05:30,NIFTY26JUNFUT,NSE:NIFTY26JUNFUT,23405.0,23411.9,23395.0,23395.6,96330.0,19385405.0,2026-06-30,2026-06-30,JUN 2026
2026-06-10 09:55:00+05:30,NIFTY26JUNFUT,NSE:NIFTY26JUNFUT,23401.0,23401.0,23390.1,23392.0,55835.0,19388005.0,2026-06-30,2026-06-30,JUN 2026
2026-06-10 10:00:00+05:30,NIFTY26JUNFUT,NSE:NIFTY26JUNFUT,23393.0,23395.0,23376.0,23380.0,44720.0,19377540.0,2026-06-30,2026-06-30,JUN 2026
2026-06-10 10:05:00+05:30,NIFTY26JUNFUT,NSE:NIFTY26JUNFUT,23380.0,23389.7,23370.0,23376.0,46930.0,19376045.0,2026-06-30,2026-06-30,JUN 2026
2026-06-10 10:10:00+05:30,NIFTY26JUNFUT,NSE:NIFTY26JUNFUT,23376.0,23388.0,23342.0,23342.0,43485.0,19378385.0,2026-06-30,2026-06-30,JUN 2026
2026-06-10 10:15:00+05:30,NIFTY26JUNFUT,NSE:NIFTY26JUNFUT,23344.0,23365.0,23327.0,23360.0,54665.0,19376500.0,2026-06-30,2026-06-30,JUN 2026
2026-06-10 10:20:00+05:30,NIFTY26JUNFUT,NSE:NIFTY26JUNFUT,23360.0,23370.0,23336.4,23349.0,25610.0,19376175.0,2026-06-30,2026-06-30,JUN 2026
2026-06-10 10:25:00+05:30,NIFTY26JUNFUT,NSE:NIFTY26JUNFUT,23349.0,23354.4,23339.0,23350.0,18265.0,19379555.0,2026-06-30,2026-06-30,JUN 2026
2026-06-10 10:30:00+05:30,NIFTY26JUNFUT,NSE:NIFTY26JUNFUT,23348.0,23374.4,23340.0,23366.5,18070.0,19382610.0,2026-06-30,2026-06-30,JUN 2026
2026-06-10 10:35:00+05:30,NIFTY26JUNFUT,NSE:NIFTY26JUNFUT,23368.8,23388.3,23356.0,23356.0,17355.0,19382935.0,2026-06-30,2026-06-30,JUN 2026
2026-06-10 10:40:00+05:30,NIFTY26JUNFUT,NSE:NIFTY26JUNFUT,23360.0,23380.0,23355.7,23377.4,13780.0,19385535.0,2026-06-30,2026-06-30,JUN 2026
2026-06-10 10:45:00+05:30,NIFTY26JUNFUT,NSE:NIFTY26JUNFUT,23377.0,23380.0,23367.3,23373.2,10270.0,19388200.0,2026-06-30,2026-06-30,JUN 2026
2026-06-10 10:50:00+05:30,NIFTY26JUNFUT,NSE:NIFTY26JUNFUT,23380.0,23390.0,23368.0,23385.3,27820.0,19385600.0,2026-06-30,2026-06-30,JUN 2026
2026-06-10 10:55:00+05:30,NIFTY26JUNFUT,NSE:NIFTY26JUNFUT,23385.3,23409.5,23380.0,23409.5,39780.0,19378645.0,2026-06-30,2026-06-30,JUN 2026
2026-06-10 11:00:00+05:30,NIFTY26JUNFUT,NSE:NIFTY26JUNFUT,23410.0,23418.9,23386.0,23401.1,51805.0,19363760.0,2026-06-30,2026-06-30,JUN 2026
2026-06-10 11:05:00+05:30,NIFTY26JUNFUT,NSE:NIFTY26JUNFUT,23401.1,23409.0,23386.1,23409.0,32370.0,19367985.0,2026-06-30,2026-06-30,JUN 2026
2026-06-10 11:10:00+05:30,NIFTY26JUNFUT,NSE:NIFTY26JUNFUT,23409.0,23419.9,23400.0,23401.0,26260.0,19368960.0,2026-06-30,2026-06-30,JUN 2026
2026-06-10 11:15:00+05:30,NIFTY26JUNFUT,NSE:NIFTY26JUNFUT,23403.0,23409.4,23385.6,23387.7,17875.0,19369415.0,2026-06-30,2026-06-30,JUN 2026
2026-06-10 11:20:00+05:30,NIFTY26JUNFUT,NSE:NIFTY26JUNFUT,23387.7,23409.4,23385.0,23409.4,16770.0,19367075.0,2026-06-30,2026-06-30,JUN 2026
2026-06-10 11:25:00+05:30,NIFTY26JUNFUT,NSE:NIFTY26JUNFUT,23409.4,23430.0,23402.2,23425.0,44135.0,19364020.0,2026-06-30,2026-06-30,JUN 2026
2026-06-10 11:30:00+05:30,NIFTY26JUNFUT,NSE:NIFTY26JUNFUT,23429.6,23430.0,23420.0,23427.0,25220.0,19362590.0,2026-06-30,2026-06-30,JUN 2026
2026-06-10 11:35:00+05:30,NIFTY26JUNFUT,NSE:NIFTY26JUNFUT,23427.0,23443.4,23421.0,23436.5,50180.0,19351540.0,2026-06-30,2026-06-30,JUN 2026
2026-06-10 11:40:00+05:30,NIFTY26JUNFUT,NSE:NIFTY26JUNFUT,23435.5,23444.0,23429.5,23438.0,64220.0,19334250.0,2026-06-30,2026-06-30,JUN 2026
2026-06-10 11:45:00+05:30,NIFTY26JUNFUT,NSE:NIFTY26JUNFUT,23438.0,23438.0,23419.7,23435.0,34515.0,19340295.0,2026-06-30,2026-06-30,JUN 2026
2026-06-10 11:50:00+05:30,NIFTY26JUNFUT,NSE:NIFTY26JUNFUT,23435.0,23439.2,23425.0,23430.0,13260.0,19334770.0,2026-06-30,2026-06-30,JUN 2026
2026-06-10 11:55:00+05:30,NIFTY26JUNFUT,NSE:NIFTY26JUNFUT,23429.8,23441.9,23427.0,23438.8,19630.0,19330285.0,2026-06-30,2026-06-30,JUN 2026
2026-06-10 12:00:00+05:30,NIFTY26JUNFUT,NSE:NIFTY26JUNFUT,23440.2,23441.2,23411.0,23415.0,39975.0,19336200.0,2026-06-30,2026-06-30,JUN 2026
2026-06-10 12:05:00+05:30,NIFTY26JUNFUT,NSE:NIFTY26JUNFUT,23422.2,23433.1,23414.0,23421.5,20020.0,19329635.0,2026-06-30,2026-06-30,JUN 2026
2026-06-10 12:10:00+05:30,NIFTY26JUNFUT,NSE:NIFTY26JUNFUT,23428.0,23432.3,23415.0,23431.9,11505.0,19319560.0,2026-06-30,2026-06-30,JUN 2026
2026-06-10 12:15:00+05:30,NIFTY26JUNFUT,NSE:NIFTY26JUNFUT,23432.0,23434.3,23420.0,23425.0,14690.0,19320730.0,2026-06-30,2026-06-30,JUN 2026
2026-06-10 12:20:00+05:30,NIFTY26JUNFUT,NSE:NIFTY26JUNFUT,23425.0,23425.0,23410.0,23410.0,10725.0,19318455.0,2026-06-30,2026-06-30,JUN 2026
2026-06-10 12:25:00+05:30,NIFTY26JUNFUT,NSE:NIFTY26JUNFUT,23410.0,23411.0,23402.2,23406.0,17615.0,19310330.0,2026-06-30,2026-06-30,JUN 2026
2026-06-10 12:30:00+05:30,NIFTY26JUNFUT,NSE:NIFTY26JUNFUT,23407.0,23410.0,23397.9,23400.0,13715.0,19308185.0,2026-06-30,2026-06-30,JUN 2026
2026-06-10 12:35:00+05:30,NIFTY26JUNFUT,NSE:NIFTY26JUNFUT,23400.0,23410.0,23395.0,23395.0,20475.0,19307210.0,2026-06-30,2026-06-30,JUN 2026
2026-06-10 12:40:00+05:30,NIFTY26JUNFUT,NSE:NIFTY26JUNFUT,23395.0,23395.0,23369.5,23374.8,44265.0,19308900.0,2026-06-30,2026-06-30,JUN 2026
2026-06-10 12:45:00+05:30,NIFTY26JUNFUT,NSE:NIFTY26JUNFUT,23370.0,23392.6,23350.1,23385.0,62075.0,19307925.0,2026-06-30,2026-06-30,JUN 2026
2026-06-10 12:50:00+05:30,NIFTY26JUNFUT,NSE:NIFTY26JUNFUT,23389.0,23417.3,23385.0,23411.0,25220.0,19302140.0,2026-06-30,2026-06-30,JUN 2026
2026-06-10 12:55:00+05:30,NIFTY26JUNFUT,NSE:NIFTY26JUNFUT,23412.0,23412.0,23388.5,23409.7,13520.0,19298760.0,2026-06-30,2026-06-30,JUN 2026
2026-06-10 13:00:00+05:30,NIFTY26JUNFUT,NSE:NIFTY26JUNFUT,23410.0,23450.0,23410.0,23449.0,52260.0,19292650.0,2026-06-30,2026-06-30,JUN 2026
2026-06-10 13:05:00+05:30,NIFTY26JUNFUT,NSE:NIFTY26JUNFUT,23450.0,23456.0,23435.1,23445.0,48100.0,19284005.0,2026-06-30,2026-06-30,JUN 2026
2026-06-10 13:10:00+05:30,NIFTY26JUNFUT,NSE:NIFTY26JUNFUT,23445.0,23450.0,23430.0,23439.0,19435.0,19289400.0,2026-06-30,2026-06-30,JUN 2026
2026-06-10 13:15:00+05:30,NIFTY26JUNFUT,NSE:NIFTY26JUNFUT,23439.0,23444.0,23422.8,23426.7,17030.0,19286215.0,2026-06-30,2026-06-30,JUN 2026
2026-06-10 13:20:00+05:30,NIFTY26JUNFUT,NSE:NIFTY26JUNFUT,23427.0,23436.3,23403.1,23403.1,25870.0,19283420.0,2026-06-30,2026-06-30,JUN 2026
2026-06-10 13:25:00+05:30,NIFTY26JUNFUT,NSE:NIFTY26JUNFUT,23403.2,23430.8,23403.0,23430.0,8125.0,19283680.0,2026-06-30,2026-06-30,JUN 2026
2026-06-10 13:30:00+05:30,NIFTY26JUNFUT,NSE:NIFTY26JUNFUT,23430.8,23430.8,23398.4,23401.6,14885.0,19283550.0,2026-06-30,2026-06-30,JUN 2026
2026-06-10 13:35:00+05:30,NIFTY26JUNFUT,NSE:NIFTY26JUNFUT,23401.5,23405.0,23391.0,23394.0,15015.0,19283550.0,2026-06-30,2026-06-30,JUN 2026
2026-06-10 13:40:00+05:30,NIFTY26JUNFUT,NSE:NIFTY26JUNFUT,23392.9,23407.7,23366.0,23371.4,37180.0,19279390.0,2026-06-30,2026-06-30,JUN 2026
2026-06-10 13:45:00+05:30,NIFTY26JUNFUT,NSE:NIFTY26JUNFUT,23371.4,23395.4,23371.4,23388.3,33280.0,19273930.0,2026-06-30,2026-06-30,JUN 2026
2026-06-10 13:50:00+05:30,NIFTY26JUNFUT,NSE:NIFTY26JUNFUT,23380.1,23388.0,23369.0,23370.0,22295.0,19269510.0,2026-06-30,2026-06-30,JUN 2026
2026-06-10 13:55:00+05:30,NIFTY26JUNFUT,NSE:NIFTY26JUNFUT,23374.0,23375.0,23362.6,23367.6,46280.0,19255600.0,2026-06-30,2026-06-30,JUN 2026
2026-06-10 14:00:00+05:30,NIFTY26JUNFUT,NSE:NIFTY26JUNFUT,23372.8,23388.0,23365.5,23382.0,36660.0,19251115.0,2026-06-30,2026-06-30,JUN 2026
2026-06-10 14:05:00+05:30,NIFTY26JUNFUT,NSE:NIFTY26JUNFUT,23382.0,23385.0,23361.0,23361.0,10920.0,19253195.0,2026-06-30,2026-06-30,JUN 2026
2026-06-10 14:10:00+05:30,NIFTY26JUNFUT,NSE:NIFTY26JUNFUT,23361.0,23372.6,23330.0,23335.0,72215.0,19252805.0,2026-06-30,2026-06-30,JUN 2026
2026-06-10 14:15:00+05:30,NIFTY26JUNFUT,NSE:NIFTY26JUNFUT,23331.0,23349.2,23320.0,23343.0,75855.0,19248385.0,2026-06-30,2026-06-30,JUN 2026
2026-06-10 14:20:00+05:30,NIFTY26JUNFUT,NSE:NIFTY26JUNFUT,23340.2,23350.0,23338.0,23340.1,52520.0,19239025.0,2026-06-30,2026-06-30,JUN 2026
2026-06-10 14:25:00+05:30,NIFTY26JUNFUT,NSE:NIFTY26JUNFUT,23340.2,23350.0,23324.0,23328.0,33670.0,19248515.0,2026-06-30,2026-06-30,JUN 2026
2026-06-10 14:30:00+05:30,NIFTY26JUNFUT,NSE:NIFTY26JUNFUT,23328.0,23330.0,23290.8,23325.2,93990.0,19241950.0,2026-06-30,2026-06-30,JUN 2026
2026-06-10 14:35:00+05:30,NIFTY26JUNFUT,NSE:NIFTY26JUNFUT,23315.1,23334.0,23296.2,23302.0,30485.0,19249945.0,2026-06-30,2026-06-30,JUN 2026
2026-06-10 14:40:00+05:30,NIFTY26JUNFUT,NSE:NIFTY26JUNFUT,23302.0,23317.0,23270.2,23273.9,95030.0,19248515.0,2026-06-30,2026-06-30,JUN 2026
2026-06-10 14:45:00+05:30,NIFTY26JUNFUT,NSE:NIFTY26JUNFUT,23273.9,23290.0,23250.3,23252.0,84760.0,19250400.0,2026-06-30,2026-06-30,JUN 2026
2026-06-10 14:50:00+05:30,NIFTY26JUNFUT,NSE:NIFTY26JUNFUT,23260.3,23278.9,23250.1,23260.0,43485.0,19267625.0,2026-06-30,2026-06-30,JUN 2026
2026-06-10 14:55:00+05:30,NIFTY26JUNFUT,NSE:NIFTY26JUNFUT,23260.0,23275.0,23260.0,23266.0,27235.0,19272175.0,2026-06-30,2026-06-30,JUN 2026
2026-06-10 15:00:00+05:30,NIFTY26JUNFUT,NSE:NIFTY26JUNFUT,23272.2,23272.2,23249.7,23255.0,97825.0,19237205.0,2026-06-30,2026-06-30,JUN 2026
2026-06-10 15:05:00+05:30,NIFTY26JUNFUT,NSE:NIFTY26JUNFUT,23250.0,23260.0,23241.0,23255.0,58565.0,19241170.0,2026-06-30,2026-06-30,JUN 2026
2026-06-10 15:10:00+05:30,NIFTY26JUNFUT,NSE:NIFTY26JUNFUT,23255.0,23259.0,23222.6,23225.0,121940.0,19231745.0,2026-06-30,2026-06-30,JUN 2026
2026-06-10 15:15:00+05:30,NIFTY26JUNFUT,NSE:NIFTY26JUNFUT,23233.4,23245.0,23221.0,23243.5,129935.0,19256965.0,2026-06-30,2026-06-30,JUN 2026
2026-06-10 15:20:00+05:30,NIFTY26JUNFUT,NSE:NIFTY26JUNFUT,23243.5,23248.0,23227.2,23242.9,76700.0,19239610.0,2026-06-30,2026-06-30,JUN 2026
2026-06-10 15:25:00+05:30,NIFTY26JUNFUT,NSE:NIFTY26JUNFUT,23242.0,23250.0,23235.0,23235.5,98995.0,19263400.0,2026-06-30,2026-06-30,JUN 2026
2026-06-11 09:15:00+05:30,NIFTY26JUNFUT,NSE:NIFTY26JUNFUT,23138.0,23164.3,23105.0,23135.9,252590.0,19170060.0,2026-06-30,2026-06-30,JUN 2026
2026-06-11 09:20:00+05:30,NIFTY26JUNFUT,NSE:NIFTY26JUNFUT,23134.0,23171.0,23134.0,23147.6,169650.0,19206850.0,2026-06-30,2026-06-30,JUN 2026
2026-06-11 09:25:00+05:30,NIFTY26JUNFUT,NSE:NIFTY26JUNFUT,23142.0,23158.3,23116.1,23153.2,116610.0,19267690.0,2026-06-30,2026-06-30,JUN 2026
2026-06-11 09:30:00+05:30,NIFTY26JUNFUT,NSE:NIFTY26JUNFUT,23154.0,23155.9,23120.0,23130.0,49660.0,19265415.0,2026-06-30,2026-06-30,JUN 2026
2026-06-11 09:35:00+05:30,NIFTY26JUNFUT,NSE:NIFTY26JUNFUT,23130.0,23159.0,23111.1,23147.0,51805.0,19256315.0,2026-06-30,2026-06-30,JUN 2026
2026-06-11 09:40:00+05:30,NIFTY26JUNFUT,NSE:NIFTY26JUNFUT,23157.9,23169.0,23135.0,23168.0,34580.0,19259370.0,2026-06-30,2026-06-30,JUN 2026
2026-06-11 09:45:00+05:30,NIFTY26JUNFUT,NSE:NIFTY26JUNFUT,23160.2,23175.0,23153.9,23170.0,33670.0,19262880.0,2026-06-30,2026-06-30,JUN 2026
2026-06-11 09:50:00+05:30,NIFTY26JUNFUT,NSE:NIFTY26JUNFUT,23170.0,23189.0,23160.0,23171.0,64285.0,19263595.0,2026-06-30,2026-06-30,JUN 2026
2026-06-11 09:55:00+05:30,NIFTY26JUNFUT,NSE:NIFTY26JUNFUT,23173.3,23180.5,23133.0,23133.0,56875.0,19269965.0,2026-06-30,2026-06-30,JUN 2026
2026-06-11 10:00:00+05:30,NIFTY26JUNFUT,NSE:NIFTY26JUNFUT,23133.0,23158.3,23128.0,23128.0,37635.0,19288880.0,2026-06-30,2026-06-30,JUN 2026
2026-06-11 10:05:00+05:30,NIFTY26JUNFUT,NSE:NIFTY26JUNFUT,23128.0,23180.0,23121.0,23172.3,37635.0,19290700.0,2026-06-30,2026-06-30,JUN 2026
2026-06-11 10:10:00+05:30,NIFTY26JUNFUT,NSE:NIFTY26JUNFUT,23172.3,23185.0,23161.0,23174.6,22815.0,19291350.0,2026-06-30,2026-06-30,JUN 2026
2026-06-11 10:15:00+05:30,NIFTY26JUNFUT,NSE:NIFTY26JUNFUT,23174.6,23200.0,23160.1,23198.9,52455.0,19299605.0,2026-06-30,2026-06-30,JUN 2026
2026-06-11 10:20:00+05:30,NIFTY26JUNFUT,NSE:NIFTY26JUNFUT,23200.0,23210.0,23198.0,23201.0,70460.0,19312735.0,2026-06-30,2026-06-30,JUN 2026
2026-06-11 10:25:00+05:30,NIFTY26JUNFUT,NSE:NIFTY26JUNFUT,23201.0,23221.2,23191.3,23218.0,40040.0,19314360.0,2026-06-30,2026-06-30,JUN 2026
2026-06-11 10:30:00+05:30,NIFTY26JUNFUT,NSE:NIFTY26JUNFUT,23218.0,23219.0,23198.7,23218.0,36010.0,19323655.0,2026-06-30,2026-06-30,JUN 2026
2026-06-11 10:35:00+05:30,NIFTY26JUNFUT,NSE:NIFTY26JUNFUT,23218.0,23222.0,23202.0,23222.0,28600.0,19324825.0,2026-06-30,2026-06-30,JUN 2026
2026-06-11 10:40:00+05:30,NIFTY26JUNFUT,NSE:NIFTY26JUNFUT,23222.0,23226.0,23206.0,23213.1,21385.0,19317870.0,2026-06-30,2026-06-30,JUN 2026
2026-06-11 10:45:00+05:30,NIFTY26JUNFUT,NSE:NIFTY26JUNFUT,23213.1,23220.0,23203.0,23203.0,24115.0,19320080.0,2026-06-30,2026-06-30,JUN 2026
2026-06-11 10:50:00+05:30,NIFTY26JUNFUT,NSE:NIFTY26JUNFUT,23203.0,23209.4,23185.3,23191.3,25805.0,19322615.0,2026-06-30,2026-06-30,JUN 2026
2026-06-11 10:55:00+05:30,NIFTY26JUNFUT,NSE:NIFTY26JUNFUT,23191.3,23198.0,23185.1,23191.6,19695.0,19329310.0,2026-06-30,2026-06-30,JUN 2026
2026-06-11 11:00:00+05:30,NIFTY26JUNFUT,NSE:NIFTY26JUNFUT,23193.8,23208.0,23182.0,23200.0,46085.0,19354465.0,2026-06-30,2026-06-30,JUN 2026
2026-06-11 11:05:00+05:30,NIFTY26JUNFUT,NSE:NIFTY26JUNFUT,23203.0,23226.8,23200.0,23213.6,33410.0,19345625.0,2026-06-30,2026-06-30,JUN 2026
2026-06-11 11:10:00+05:30,NIFTY26JUNFUT,NSE:NIFTY26JUNFUT,23213.6,23215.3,23196.7,23206.0,13195.0,19345950.0,2026-06-30,2026-06-30,JUN 2026
2026-06-11 11:15:00+05:30,NIFTY26JUNFUT,NSE:NIFTY26JUNFUT,23206.0,23227.9,23193.7,23215.0,14950.0,19343350.0,2026-06-30,2026-06-30,JUN 2026
2026-06-11 11:20:00+05:30,NIFTY26JUNFUT,NSE:NIFTY26JUNFUT,23223.8,23240.0,23214.7,23227.8,49205.0,19334185.0,2026-06-30,2026-06-30,JUN 2026
2026-06-11 11:25:00+05:30,NIFTY26JUNFUT,NSE:NIFTY26JUNFUT,23227.8,23261.9,23225.2,23255.1,53885.0,19320925.0,2026-06-30,2026-06-30,JUN 2026
2026-06-11 11:30:00+05:30,NIFTY26JUNFUT,NSE:NIFTY26JUNFUT,23260.0,23268.0,23242.8,23251.6,40755.0,19310850.0,2026-06-30,2026-06-30,JUN 2026
2026-06-11 11:35:00+05:30,NIFTY26JUNFUT,NSE:NIFTY26JUNFUT,23251.6,23254.0,23230.4,23238.5,29315.0,19296550.0,2026-06-30,2026-06-30,JUN 2026
2026-06-11 11:40:00+05:30,NIFTY26JUNFUT,NSE:NIFTY26JUNFUT,23238.5,23274.3,23238.0,23271.8,49530.0,19272955.0,2026-06-30,2026-06-30,JUN 2026
2026-06-11 11:45:00+05:30,NIFTY26JUNFUT,NSE:NIFTY26JUNFUT,23274.3,23297.8,23266.0,23284.0,83005.0,19265220.0,2026-06-30,2026-06-30,JUN 2026
2026-06-11 11:50:00+05:30,NIFTY26JUNFUT,NSE:NIFTY26JUNFUT,23284.0,23298.9,23280.0,23285.2,45305.0,19265740.0,2026-06-30,2026-06-30,JUN 2026
2026-06-11 11:55:00+05:30,NIFTY26JUNFUT,NSE:NIFTY26JUNFUT,23286.0,23318.0,23286.0,23300.4,60710.0,19232850.0,2026-06-30,2026-06-30,JUN 2026
2026-06-11 12:00:00+05:30,NIFTY26JUNFUT,NSE:NIFTY26JUNFUT,23304.0,23316.0,23300.0,23308.0,28340.0,19233240.0,2026-06-30,2026-06-30,JUN 2026
2026-06-11 12:05:00+05:30,NIFTY26JUNFUT,NSE:NIFTY26JUNFUT,23306.2,23310.0,23291.0,23300.8,55510.0,19247735.0,2026-06-30,2026-06-30,JUN 2026
2026-06-11 12:10:00+05:30,NIFTY26JUNFUT,NSE:NIFTY26JUNFUT,23296.5,23300.8,23283.5,23299.0,54600.0,19254105.0,2026-06-30,2026-06-30,JUN 2026
2026-06-11 12:15:00+05:30,NIFTY26JUNFUT,NSE:NIFTY26JUNFUT,23299.8,23324.9,23297.5,23308.0,79950.0,19248580.0,2026-06-30,2026-06-30,JUN 2026
2026-06-11 12:20:00+05:30,NIFTY26JUNFUT,NSE:NIFTY26JUNFUT,23308.0,23315.0,23294.2,23300.7,28080.0,19244290.0,2026-06-30,2026-06-30,JUN 2026
2026-06-11 12:25:00+05:30,NIFTY26JUNFUT,NSE:NIFTY26JUNFUT,23308.0,23323.5,23298.0,23306.5,29575.0,19236425.0,2026-06-30,2026-06-30,JUN 2026
2026-06-11 12:30:00+05:30,NIFTY26JUNFUT,NSE:NIFTY26JUNFUT,23306.5,23340.0,23306.5,23338.0,66560.0,19148155.0,2026-06-30,2026-06-30,JUN 2026
2026-06-11 12:35:00+05:30,NIFTY26JUNFUT,NSE:NIFTY26JUNFUT,23335.0,23342.6,23312.0,23319.0,38025.0,19138145.0,2026-06-30,2026-06-30,JUN 2026
2026-06-11 12:40:00+05:30,NIFTY26JUNFUT,NSE:NIFTY26JUNFUT,23319.0,23325.0,23308.6,23311.5,17810.0,19129890.0,2026-06-30,2026-06-30,JUN 2026
2026-06-11 12:45:00+05:30,NIFTY26JUNFUT,NSE:NIFTY26JUNFUT,23314.9,23336.9,23295.1,23300.0,53495.0,19109545.0,2026-06-30,2026-06-30,JUN 2026
2026-06-11 12:50:00+05:30,NIFTY26JUNFUT,NSE:NIFTY26JUNFUT,23295.0,23318.0,23295.0,23305.0,48620.0,19123715.0,2026-06-30,2026-06-30,JUN 2026
2026-06-11 12:55:00+05:30,NIFTY26JUNFUT,NSE:NIFTY26JUNFUT,23305.0,23340.0,23303.0,23340.0,50635.0,19116695.0,2026-06-30,2026-06-30,JUN 2026
2026-06-11 13:00:00+05:30,NIFTY26JUNFUT,NSE:NIFTY26JUNFUT,23340.0,23363.9,23330.7,23331.0,89180.0,19086405.0,2026-06-30,2026-06-30,JUN 2026
2026-06-11 13:05:00+05:30,NIFTY26JUNFUT,NSE:NIFTY26JUNFUT,23336.1,23336.1,23310.0,23311.0,37830.0,19057805.0,2026-06-30,2026-06-30,JUN 2026
2026-06-11 13:10:00+05:30,NIFTY26JUNFUT,NSE:NIFTY26JUNFUT,23311.0,23319.9,23290.0,23291.7,65390.0,19038370.0,2026-06-30,2026-06-30,JUN 2026
2026-06-11 13:15:00+05:30,NIFTY26JUNFUT,NSE:NIFTY26JUNFUT,23291.0,23300.0,23286.5,23288.0,41470.0,19040190.0,2026-06-30,2026-06-30,JUN 2026
2026-06-11 13:20:00+05:30,NIFTY26JUNFUT,NSE:NIFTY26JUNFUT,23288.0,23291.2,23254.4,23269.9,61425.0,19027580.0,2026-06-30,2026-06-30,JUN 2026
2026-06-11 13:25:00+05:30,NIFTY26JUNFUT,NSE:NIFTY26JUNFUT,23267.1,23275.4,23255.0,23275.4,55055.0,19018025.0,2026-06-30,2026-06-30,JUN 2026
2026-06-11 13:30:00+05:30,NIFTY26JUNFUT,NSE:NIFTY26JUNFUT,23275.0,23307.4,23272.0,23280.5,58890.0,18995795.0,2026-06-30,2026-06-30,JUN 2026
2026-06-11 13:35:00+05:30,NIFTY26JUNFUT,NSE:NIFTY26JUNFUT,23280.5,23287.9,23262.0,23263.0,19760.0,18988775.0,2026-06-30,2026-06-30,JUN 2026
2026-06-11 13:40:00+05:30,NIFTY26JUNFUT,NSE:NIFTY26JUNFUT,23262.0,23270.0,23250.9,23257.0,23465.0,18980585.0,2026-06-30,2026-06-30,JUN 2026
2026-06-11 13:45:00+05:30,NIFTY26JUNFUT,NSE:NIFTY26JUNFUT,23256.9,23277.4,23250.0,23267.2,31265.0,18977465.0,2026-06-30,2026-06-30,JUN 2026
2026-06-11 13:50:00+05:30,NIFTY26JUNFUT,NSE:NIFTY26JUNFUT,23265.8,23274.1,23257.0,23267.0,12935.0,18972460.0,2026-06-30,2026-06-30,JUN 2026
2026-06-11 13:55:00+05:30,NIFTY26JUNFUT,NSE:NIFTY26JUNFUT,23267.0,23283.5,23266.6,23274.0,14625.0,18970705.0,2026-06-30,2026-06-30,JUN 2026
2026-06-11 14:00:00+05:30,NIFTY26JUNFUT,NSE:NIFTY26JUNFUT,23274.0,23280.2,23270.0,23274.0,21450.0,18978895.0,2026-06-30,2026-06-30,JUN 2026
2026-06-11 14:05:00+05:30,NIFTY26JUNFUT,NSE:NIFTY26JUNFUT,23274.0,23276.0,23241.0,23252.6,44070.0,18991700.0,2026-06-30,2026-06-30,JUN 2026
2026-06-11 14:10:00+05:30,NIFTY26JUNFUT,NSE:NIFTY26JUNFUT,23253.0,23269.6,23247.0,23259.0,36920.0,18990205.0,2026-06-30,2026-06-30,JUN 2026
2026-06-11 14:15:00+05:30,NIFTY26JUNFUT,NSE:NIFTY26JUNFUT,23259.0,23260.0,23244.9,23251.6,62205.0,18975515.0,2026-06-30,2026-06-30,JUN 2026
2026-06-11 14:20:00+05:30,NIFTY26JUNFUT,NSE:NIFTY26JUNFUT,23252.0,23269.3,23250.0,23250.2,14495.0,18969470.0,2026-06-30,2026-06-30,JUN 2026
2026-06-11 14:25:00+05:30,NIFTY26JUNFUT,NSE:NIFTY26JUNFUT,23251.8,23290.0,23250.2,23283.0,24245.0,18966285.0,2026-06-30,2026-06-30,JUN 2026
2026-06-11 14:30:00+05:30,NIFTY26JUNFUT,NSE:NIFTY26JUNFUT,23282.3,23286.8,23265.0,23272.6,15275.0,18969080.0,2026-06-30,2026-06-30,JUN 2026
2026-06-11 14:35:00+05:30,NIFTY26JUNFUT,NSE:NIFTY26JUNFUT,23272.6,23277.0,23230.0,23242.0,58955.0,18980910.0,2026-06-30,2026-06-30,JUN 2026
2026-06-11 14:40:00+05:30,NIFTY26JUNFUT,NSE:NIFTY26JUNFUT,23235.4,23247.0,23215.1,23219.9,73840.0,19006260.0,2026-06-30,2026-06-30,JUN 2026
2026-06-11 14:45:00+05:30,NIFTY26JUNFUT,NSE:NIFTY26JUNFUT,23218.0,23231.0,23186.0,23214.8,114920.0,19044415.0,2026-06-30,2026-06-30,JUN 2026
2026-06-11 14:50:00+05:30,NIFTY26JUNFUT,NSE:NIFTY26JUNFUT,23214.8,23215.1,23191.0,23201.0,46280.0,19052995.0,2026-06-30,2026-06-30,JUN 2026
2026-06-11 14:55:00+05:30,NIFTY26JUNFUT,NSE:NIFTY26JUNFUT,23201.0,23209.1,23190.0,23202.8,33215.0,19055205.0,2026-06-30,2026-06-30,JUN 2026
2026-06-11 15:00:00+05:30,NIFTY26JUNFUT,NSE:NIFTY26JUNFUT,23200.1,23215.0,23170.0,23179.0,129935.0,19076200.0,2026-06-30,2026-06-30,JUN 2026
2026-06-11 15:05:00+05:30,NIFTY26JUNFUT,NSE:NIFTY26JUNFUT,23175.0,23189.0,23161.2,23186.1,93600.0,19112990.0,2026-06-30,2026-06-30,JUN 2026
2026-06-11 15:10:00+05:30,NIFTY26JUNFUT,NSE:NIFTY26JUNFUT,23184.0,23211.4,23181.7,23206.0,90285.0,19140095.0,2026-06-30,2026-06-30,JUN 2026
2026-06-11 15:15:00+05:30,NIFTY26JUNFUT,NSE:NIFTY26JUNFUT,23205.1,23225.0,23192.6,23210.4,88205.0,19169735.0,2026-06-30,2026-06-30,JUN 2026
2026-06-11 15:20:00+05:30,NIFTY26JUNFUT,NSE:NIFTY26JUNFUT,23210.7,23221.5,23205.8,23213.0,106665.0,19201650.0,2026-06-30,2026-06-30,JUN 2026
2026-06-11 15:25:00+05:30,NIFTY26JUNFUT,NSE:NIFTY26JUNFUT,23214.8,23230.0,23210.0,23227.9,103025.0,19180720.0,2026-06-30,2026-06-30,JUN 2026
2026-06-12 09:15:00+05:30,NIFTY26JUNFUT,NSE:NIFTY26JUNFUT,23450.0,23475.0,23415.6,23464.0,500890.0,18744635.0,2026-06-30,2026-06-30,JUN 2026
2026-06-12 09:20:00+05:30,NIFTY26JUNFUT,NSE:NIFTY26JUNFUT,23461.5,23472.0,23447.0,23449.0,250250.0,18771480.0,2026-06-30,2026-06-30,JUN 2026
2026-06-12 09:25:00+05:30,NIFTY26JUNFUT,NSE:NIFTY26JUNFUT,23450.0,23455.0,23423.1,23423.6,218400.0,18782075.0,2026-06-30,2026-06-30,JUN 2026
2026-06-12 09:30:00+05:30,NIFTY26JUNFUT,NSE:NIFTY26JUNFUT,23430.0,23440.0,23412.0,23440.0,100490.0,18658965.0,2026-06-30,2026-06-30,JUN 2026
2026-06-12 09:35:00+05:30,NIFTY26JUNFUT,NSE:NIFTY26JUNFUT,23440.0,23440.0,23409.6,23427.0,295490.0,18872880.0,2026-06-30,2026-06-30,JUN 2026
2026-06-12 09:40:00+05:30,NIFTY26JUNFUT,NSE:NIFTY26JUNFUT,23425.0,23430.0,23394.4,23405.0,90870.0,18702255.0,2026-06-30,2026-06-30,JUN 2026
2026-06-12 09:45:00+05:30,NIFTY26JUNFUT,NSE:NIFTY26JUNFUT,23401.0,23414.0,23390.0,23406.0,40690.0,18710705.0,2026-06-30,2026-06-30,JUN 2026
2026-06-12 09:50:00+05:30,NIFTY26JUNFUT,NSE:NIFTY26JUNFUT,23405.7,23414.4,23388.7,23390.1,30940.0,18714475.0,2026-06-30,2026-06-30,JUN 2026
2026-06-12 09:55:00+05:30,NIFTY26JUNFUT,NSE:NIFTY26JUNFUT,23390.1,23399.6,23380.4,23390.0,36010.0,18722210.0,2026-06-30,2026-06-30,JUN 2026
2026-06-12 10:00:00+05:30,NIFTY26JUNFUT,NSE:NIFTY26JUNFUT,23390.0,23394.0,23370.0,23388.0,54600.0,18732415.0,2026-06-30,2026-06-30,JUN 2026
2026-06-12 10:05:00+05:30,NIFTY26JUNFUT,NSE:NIFTY26JUNFUT,23388.4,23395.8,23375.6,23380.0,40105.0,18741255.0,2026-06-30,2026-06-30,JUN 2026
2026-06-12 10:10:00+05:30,NIFTY26JUNFUT,NSE:NIFTY26JUNFUT,23383.0,23393.0,23374.9,23383.1,18720.0,18748145.0,2026-06-30,2026-06-30,JUN 2026
2026-06-12 10:15:00+05:30,NIFTY26JUNFUT,NSE:NIFTY26JUNFUT,23383.1,23390.0,23362.5,23363.0,34125.0,18753280.0,2026-06-30,2026-06-30,JUN 2026
2026-06-12 10:20:00+05:30,NIFTY26JUNFUT,NSE:NIFTY26JUNFUT,23363.5,23399.4,23361.6,23397.7,22360.0,18757635.0,2026-06-30,2026-06-30,JUN 2026
2026-06-12 10:25:00+05:30,NIFTY26JUNFUT,NSE:NIFTY26JUNFUT,23399.0,23408.8,23381.1,23391.0,91130.0,18785130.0,2026-06-30,2026-06-30,JUN 2026
2026-06-12 10:30:00+05:30,NIFTY26JUNFUT,NSE:NIFTY26JUNFUT,23391.0,23403.6,23383.4,23394.1,17160.0,18786105.0,2026-06-30,2026-06-30,JUN 2026
2026-06-12 10:35:00+05:30,NIFTY26JUNFUT,NSE:NIFTY26JUNFUT,23393.6,23400.0,23380.0,23400.0,19175.0,18786885.0,2026-06-30,2026-06-30,JUN 2026
2026-06-12 10:40:00+05:30,NIFTY26JUNFUT,NSE:NIFTY26JUNFUT,23399.4,23399.4,23388.0,23389.7,7865.0,18788315.0,2026-06-30,2026-06-30,JUN 2026
2026-06-12 10:45:00+05:30,NIFTY26JUNFUT,NSE:NIFTY26JUNFUT,23389.7,23398.0,23365.0,23379.7,23595.0,18791305.0,2026-06-30,2026-06-30,JUN 2026
2026-06-12 10:50:00+05:30,NIFTY26JUNFUT,NSE:NIFTY26JUNFUT,23379.7,23390.0,23370.1,23385.3,15860.0,18790655.0,2026-06-30,2026-06-30,JUN 2026
2026-06-12 10:55:00+05:30,NIFTY26JUNFUT,NSE:NIFTY26JUNFUT,23388.2,23399.0,23386.0,23398.0,12740.0,18790395.0,2026-06-30,2026-06-30,JUN 2026
2026-06-12 11:00:00+05:30,NIFTY26JUNFUT,NSE:NIFTY26JUNFUT,23394.3,23397.3,23380.0,23388.1,9555.0,18792410.0,2026-06-30,2026-06-30,JUN 2026
2026-06-12 11:05:00+05:30,NIFTY26JUNFUT,NSE:NIFTY26JUNFUT,23386.0,23392.0,23371.0,23385.2,16380.0,18794880.0,2026-06-30,2026-06-30,JUN 2026
2026-06-12 11:10:00+05:30,NIFTY26JUNFUT,NSE:NIFTY26JUNFUT,23385.2,23406.2,23378.0,23406.0,41665.0,18801250.0,2026-06-30,2026-06-30,JUN 2026
2026-06-12 11:15:00+05:30,NIFTY26JUNFUT,NSE:NIFTY26JUNFUT,23406.0,23410.0,23379.7,23385.0,27300.0,18812300.0,2026-06-30,2026-06-30,JUN 2026
2026-06-12 11:20:00+05:30,NIFTY26JUNFUT,NSE:NIFTY26JUNFUT,23389.0,23389.3,23370.0,23386.0,19760.0,18816915.0,2026-06-30,2026-06-30,JUN 2026
2026-06-12 11:25:00+05:30,NIFTY26JUNFUT,NSE:NIFTY26JUNFUT,23388.0,23391.3,23376.0,23376.9,10790.0,18817955.0,2026-06-30,2026-06-30,JUN 2026
2026-06-12 11:30:00+05:30,NIFTY26JUNFUT,NSE:NIFTY26JUNFUT,23376.9,23399.0,23375.5,23395.7,25935.0,18821140.0,2026-06-30,2026-06-30,JUN 2026
2026-06-12 11:35:00+05:30,NIFTY26JUNFUT,NSE:NIFTY26JUNFUT,23395.2,23399.9,23385.4,23399.9,12025.0,18820620.0,2026-06-30,2026-06-30,JUN 2026
2026-06-12 11:40:00+05:30,NIFTY26JUNFUT,NSE:NIFTY26JUNFUT,23395.8,23403.2,23393.4,23399.1,11830.0,18820815.0,2026-06-30,2026-06-30,JUN 2026
2026-06-12 11:45:00+05:30,NIFTY26JUNFUT,NSE:NIFTY26JUNFUT,23404.0,23413.8,23392.5,23410.0,29055.0,18824065.0,2026-06-30,2026-06-30,JUN 2026
2026-06-12 11:50:00+05:30,NIFTY26JUNFUT,NSE:NIFTY26JUNFUT,23410.0,23413.4,23390.0,23410.0,21255.0,18825755.0,2026-06-30,2026-06-30,JUN 2026
2026-06-12 11:55:00+05:30,NIFTY26JUNFUT,NSE:NIFTY26JUNFUT,23410.0,23420.0,23400.0,23406.7,26455.0,18821335.0,2026-06-30,2026-06-30,JUN 2026
2026-06-12 12:00:00+05:30,NIFTY26JUNFUT,NSE:NIFTY26JUNFUT,23406.7,23409.8,23392.4,23406.8,19045.0,18826665.0,2026-06-30,2026-06-30,JUN 2026
2026-06-12 12:05:00+05:30,NIFTY26JUNFUT,NSE:NIFTY26JUNFUT,23406.8,23408.1,23386.0,23390.0,23725.0,18830630.0,2026-06-30,2026-06-30,JUN 2026
2026-06-12 12:10:00+05:30,NIFTY26JUNFUT,NSE:NIFTY26JUNFUT,23385.9,23393.6,23368.0,23373.0,63180.0,18848440.0,2026-06-30,2026-06-30,JUN 2026
2026-06-12 12:15:00+05:30,NIFTY26JUNFUT,NSE:NIFTY26JUNFUT,23370.0,23382.8,23367.0,23373.5,21580.0,18839340.0,2026-06-30,2026-06-30,JUN 2026
2026-06-12 12:20:00+05:30,NIFTY26JUNFUT,NSE:NIFTY26JUNFUT,23373.5,23391.0,23372.6,23386.1,16120.0,18841485.0,2026-06-30,2026-06-30,JUN 2026
2026-06-12 12:25:00+05:30,NIFTY26JUNFUT,NSE:NIFTY26JUNFUT,23386.1,23397.0,23382.9,23394.0,12740.0,18846230.0,2026-06-30,2026-06-30,JUN 2026
2026-06-12 12:30:00+05:30,NIFTY26JUNFUT,NSE:NIFTY26JUNFUT,23393.8,23394.0,23369.0,23374.4,71760.0,18869500.0,2026-06-30,2026-06-30,JUN 2026
2026-06-12 12:35:00+05:30,NIFTY26JUNFUT,NSE:NIFTY26JUNFUT,23374.4,23379.9,23355.0,23371.7,39650.0,18872490.0,2026-06-30,2026-06-30,JUN 2026
2026-06-12 12:40:00+05:30,NIFTY26JUNFUT,NSE:NIFTY26JUNFUT,23372.0,23375.0,23345.0,23347.6,59995.0,18873140.0,2026-06-30,2026-06-30,JUN 2026
2026-06-12 12:45:00+05:30,NIFTY26JUNFUT,NSE:NIFTY26JUNFUT,23347.5,23356.7,23335.0,23349.0,61555.0,18871190.0,2026-06-30,2026-06-30,JUN 2026
2026-06-12 12:50:00+05:30,NIFTY26JUNFUT,NSE:NIFTY26JUNFUT,23347.3,23360.0,23340.1,23360.0,33995.0,18877820.0,2026-06-30,2026-06-30,JUN 2026
2026-06-12 12:55:00+05:30,NIFTY26JUNFUT,NSE:NIFTY26JUNFUT,23360.0,23362.9,23350.0,23354.8,29055.0,18882955.0,2026-06-30,2026-06-30,JUN 2026
2026-06-12 13:00:00+05:30,NIFTY26JUNFUT,NSE:NIFTY26JUNFUT,23355.3,23365.0,23350.0,23362.7,31785.0,18890495.0,2026-06-30,2026-06-30,JUN 2026
2026-06-12 13:05:00+05:30,NIFTY26JUNFUT,NSE:NIFTY26JUNFUT,23363.8,23375.6,23355.4,23367.8,31915.0,18896670.0,2026-06-30,2026-06-30,JUN 2026
2026-06-12 13:10:00+05:30,NIFTY26JUNFUT,NSE:NIFTY26JUNFUT,23368.0,23380.0,23360.0,23374.9,43355.0,18901285.0,2026-06-30,2026-06-30,JUN 2026
2026-06-12 13:15:00+05:30,NIFTY26JUNFUT,NSE:NIFTY26JUNFUT,23372.3,23385.0,23369.0,23383.7,40105.0,18899465.0,2026-06-30,2026-06-30,JUN 2026
2026-06-12 13:20:00+05:30,NIFTY26JUNFUT,NSE:NIFTY26JUNFUT,23383.7,23387.0,23370.0,23373.2,56940.0,18938140.0,2026-06-30,2026-06-30,JUN 2026
2026-06-12 13:25:00+05:30,NIFTY26JUNFUT,NSE:NIFTY26JUNFUT,23373.6,23440.8,23360.0,23425.0,169910.0,18935735.0,2026-06-30,2026-06-30,JUN 2026
2026-06-12 13:30:00+05:30,NIFTY26JUNFUT,NSE:NIFTY26JUNFUT,23436.7,23472.3,23430.0,23470.0,221390.0,18947760.0,2026-06-30,2026-06-30,JUN 2026
2026-06-12 13:35:00+05:30,NIFTY26JUNFUT,NSE:NIFTY26JUNFUT,23470.0,23515.0,23464.1,23514.5,263185.0,18901805.0,2026-06-30,2026-06-30,JUN 2026
2026-06-12 13:40:00+05:30,NIFTY26JUNFUT,NSE:NIFTY26JUNFUT,23513.0,23543.1,23511.1,23539.0,229970.0,18863000.0,2026-06-30,2026-06-30,JUN 2026
2026-06-12 13:45:00+05:30,NIFTY26JUNFUT,NSE:NIFTY26JUNFUT,23539.8,23565.0,23526.0,23555.0,200135.0,18849415.0,2026-06-30,2026-06-30,JUN 2026
2026-06-12 13:50:00+05:30,NIFTY26JUNFUT,NSE:NIFTY26JUNFUT,23553.4,23567.0,23536.7,23555.0,135135.0,18876260.0,2026-06-30,2026-06-30,JUN 2026
2026-06-12 13:55:00+05:30,NIFTY26JUNFUT,NSE:NIFTY26JUNFUT,23555.0,23571.0,23545.4,23569.0,140920.0,18754320.0,2026-06-30,2026-06-30,JUN 2026
2026-06-12 14:00:00+05:30,NIFTY26JUNFUT,NSE:NIFTY26JUNFUT,23569.0,23583.0,23560.0,23582.7,118430.0,18747365.0,2026-06-30,2026-06-30,JUN 2026
2026-06-12 14:05:00+05:30,NIFTY26JUNFUT,NSE:NIFTY26JUNFUT,23582.7,23585.0,23560.0,23570.0,143585.0,18754970.0,2026-06-30,2026-06-30,JUN 2026
2026-06-12 14:10:00+05:30,NIFTY26JUNFUT,NSE:NIFTY26JUNFUT,23570.0,23588.9,23550.1,23585.0,100490.0,18744050.0,2026-06-30,2026-06-30,JUN 2026
2026-06-12 14:15:00+05:30,NIFTY26JUNFUT,NSE:NIFTY26JUNFUT,23587.3,23592.7,23575.0,23591.4,91975.0,18767190.0,2026-06-30,2026-06-30,JUN 2026
2026-06-12 14:20:00+05:30,NIFTY26JUNFUT,NSE:NIFTY26JUNFUT,23591.8,23599.0,23581.0,23594.1,112385.0,18768815.0,2026-06-30,2026-06-30,JUN 2026
2026-06-12 14:25:00+05:30,NIFTY26JUNFUT,NSE:NIFTY26JUNFUT,23594.1,23612.4,23579.6,23610.9,127855.0,18778955.0,2026-06-30,2026-06-30,JUN 2026
2026-06-12 14:30:00+05:30,NIFTY26JUNFUT,NSE:NIFTY26JUNFUT,23608.0,23620.7,23600.5,23611.0,88140.0,18784545.0,2026-06-30,2026-06-30,JUN 2026
2026-06-12 14:35:00+05:30,NIFTY26JUNFUT,NSE:NIFTY26JUNFUT,23612.0,23624.0,23591.0,23622.8,220675.0,18818475.0,2026-06-30,2026-06-30,JUN 2026
2026-06-12 14:40:00+05:30,NIFTY26JUNFUT,NSE:NIFTY26JUNFUT,23622.8,23628.0,23603.0,23622.5,107055.0,18798715.0,2026-06-30,2026-06-30,JUN 2026
2026-06-12 14:45:00+05:30,NIFTY26JUNFUT,NSE:NIFTY26JUNFUT,23622.5,23643.9,23615.0,23641.5,189345.0,18801900.0,2026-06-30,2026-06-30,JUN 2026
2026-06-12 14:50:00+05:30,NIFTY26JUNFUT,NSE:NIFTY26JUNFUT,23645.0,23651.7,23633.0,23649.0,151125.0,18815550.0,2026-06-30,2026-06-30,JUN 2026
2026-06-12 14:55:00+05:30,NIFTY26JUNFUT,NSE:NIFTY26JUNFUT,23651.7,23660.0,23641.0,23650.0,186875.0,18803980.0,2026-06-30,2026-06-30,JUN 2026
2026-06-12 15:00:00+05:30,NIFTY26JUNFUT,NSE:NIFTY26JUNFUT,23648.0,23708.9,23627.7,23699.5,323505.0,18778305.0,2026-06-30,2026-06-30,JUN 2026
2026-06-12 15:05:00+05:30,NIFTY26JUNFUT,NSE:NIFTY26JUNFUT,23700.0,23716.0,23678.6,23680.0,191880.0,18784220.0,2026-06-30,2026-06-30,JUN 2026
2026-06-12 15:10:00+05:30,NIFTY26JUNFUT,NSE:NIFTY26JUNFUT,23680.0,23693.9,23661.0,23689.9,158535.0,18660590.0,2026-06-30,2026-06-30,JUN 2026
2026-06-12 15:15:00+05:30,NIFTY26JUNFUT,NSE:NIFTY26JUNFUT,23688.4,23693.9,23674.0,23680.0,130975.0,18667155.0,2026-06-30,2026-06-30,JUN 2026
2026-06-12 15:20:00+05:30,NIFTY26JUNFUT,NSE:NIFTY26JUNFUT,23678.0,23691.0,23666.2,23683.8,219375.0,18691335.0,2026-06-30,2026-06-30,JUN 2026
2026-06-12 15:25:00+05:30,NIFTY26JUNFUT,NSE:NIFTY26JUNFUT,23683.8,23719.0,23677.2,23708.6,275925.0,18770310.0,2026-06-30,2026-06-30,JUN 2026
2026-06-15 09:15:00+05:30,NIFTY26JUNFUT,NSE:NIFTY26JUNFUT,23974.0,24003.7,23920.0,23953.0,925600.0,18220930.0,2026-06-30,2026-06-30,JUN 2026
2026-06-15 09:20:00+05:30,NIFTY26JUNFUT,NSE:NIFTY26JUNFUT,23952.5,23969.0,23951.9,23956.8,288340.0,18171790.0,2026-06-30,2026-06-30,JUN 2026
2026-06-15 09:25:00+05:30,NIFTY26JUNFUT,NSE:NIFTY26JUNFUT,23956.0,23956.8,23939.4,23949.7,162110.0,18225415.0,2026-06-30,2026-06-30,JUN 2026
2026-06-15 09:30:00+05:30,NIFTY26JUNFUT,NSE:NIFTY26JUNFUT,23949.9,23953.0,23932.1,23949.0,85540.0,18224180.0,2026-06-30,2026-06-30,JUN 2026
2026-06-15 09:35:00+05:30,NIFTY26JUNFUT,NSE:NIFTY26JUNFUT,23949.0,23950.0,23932.9,23947.1,72865.0,18233475.0,2026-06-30,2026-06-30,JUN 2026
2026-06-15 09:40:00+05:30,NIFTY26JUNFUT,NSE:NIFTY26JUNFUT,23943.0,23970.0,23938.7,23970.0,113620.0,18251545.0,2026-06-30,2026-06-30,JUN 2026
2026-06-15 09:45:00+05:30,NIFTY26JUNFUT,NSE:NIFTY26JUNFUT,23966.5,23982.0,23966.1,23967.8,108225.0,18264090.0,2026-06-30,2026-06-30,JUN 2026
2026-06-15 09:50:00+05:30,NIFTY26JUNFUT,NSE:NIFTY26JUNFUT,23979.6,23979.9,23954.1,23955.2,66365.0,18247125.0,2026-06-30,2026-06-30,JUN 2026
2026-06-15 09:55:00+05:30,NIFTY26JUNFUT,NSE:NIFTY26JUNFUT,23959.0,23959.9,23939.2,23946.0,160680.0,18238155.0,2026-06-30,2026-06-30,JUN 2026
2026-06-15 10:00:00+05:30,NIFTY26JUNFUT,NSE:NIFTY26JUNFUT,23944.0,23970.0,23941.3,23962.0,79560.0,18227365.0,2026-06-30,2026-06-30,JUN 2026
2026-06-15 10:05:00+05:30,NIFTY26JUNFUT,NSE:NIFTY26JUNFUT,23955.4,23964.9,23940.0,23940.2,36270.0,18235100.0,2026-06-30,2026-06-30,JUN 2026
2026-06-15 10:10:00+05:30,NIFTY26JUNFUT,NSE:NIFTY26JUNFUT,23949.9,23950.0,23930.0,23941.4,44655.0,18242705.0,2026-06-30,2026-06-30,JUN 2026
2026-06-15 10:15:00+05:30,NIFTY26JUNFUT,NSE:NIFTY26JUNFUT,23943.0,23945.0,23930.9,23940.0,35425.0,18239325.0,2026-06-30,2026-06-30,JUN 2026
2026-06-15 10:20:00+05:30,NIFTY26JUNFUT,NSE:NIFTY26JUNFUT,23936.3,23959.0,23935.0,23957.0,19825.0,18239260.0,2026-06-30,2026-06-30,JUN 2026
2026-06-15 10:25:00+05:30,NIFTY26JUNFUT,NSE:NIFTY26JUNFUT,23957.0,23970.0,23945.0,23970.0,25415.0,18241665.0,2026-06-30,2026-06-30,JUN 2026
2026-06-15 10:30:00+05:30,NIFTY26JUNFUT,NSE:NIFTY26JUNFUT,23965.5,23980.0,23962.5,23976.9,26260.0,18203445.0,2026-06-30,2026-06-30,JUN 2026
2026-06-15 10:35:00+05:30,NIFTY26JUNFUT,NSE:NIFTY26JUNFUT,23970.1,23981.6,23970.0,23980.0,22230.0,18203055.0,2026-06-30,2026-06-30,JUN 2026
2026-06-15 10:40:00+05:30,NIFTY26JUNFUT,NSE:NIFTY26JUNFUT,23980.0,23989.9,23976.4,23988.8,56030.0,18218005.0,2026-06-30,2026-06-30,JUN 2026
2026-06-15 10:45:00+05:30,NIFTY26JUNFUT,NSE:NIFTY26JUNFUT,23988.9,24000.0,23981.6,24000.0,74880.0,18207280.0,2026-06-30,2026-06-30,JUN 2026
2026-06-15 10:50:00+05:30,NIFTY26JUNFUT,NSE:NIFTY26JUNFUT,23999.9,24029.7,23999.9,24015.0,129025.0,18176340.0,2026-06-30,2026-06-30,JUN 2026
2026-06-15 10:55:00+05:30,NIFTY26JUNFUT,NSE:NIFTY26JUNFUT,24008.0,24023.9,24008.0,24023.6,78650.0,18103605.0,2026-06-30,2026-06-30,JUN 2026
2026-06-15 11:00:00+05:30,NIFTY26JUNFUT,NSE:NIFTY26JUNFUT,24020.9,24022.8,23982.1,23997.1,73385.0,18127590.0,2026-06-30,2026-06-30,JUN 2026
2026-06-15 11:05:00+05:30,NIFTY26JUNFUT,NSE:NIFTY26JUNFUT,23999.0,24000.0,23982.1,23992.0,28925.0,17996160.0,2026-06-30,2026-06-30,JUN 2026
2026-06-15 11:10:00+05:30,NIFTY26JUNFUT,NSE:NIFTY26JUNFUT,23992.0,23999.0,23982.0,23982.0,31590.0,17994405.0,2026-06-30,2026-06-30,JUN 2026
2026-06-15 11:15:00+05:30,NIFTY26JUNFUT,NSE:NIFTY26JUNFUT,23982.2,23997.7,23976.1,23994.0,31590.0,17996160.0,2026-06-30,2026-06-30,JUN 2026
2026-06-15 11:20:00+05:30,NIFTY26JUNFUT,NSE:NIFTY26JUNFUT,23994.0,23996.9,23979.0,23979.0,19565.0,17999345.0,2026-06-30,2026-06-30,JUN 2026
2026-06-15 11:25:00+05:30,NIFTY26JUNFUT,NSE:NIFTY26JUNFUT,23981.5,23998.7,23979.0,23994.5,18850.0,17867525.0,2026-06-30,2026-06-30,JUN 2026
2026-06-15 11:30:00+05:30,NIFTY26JUNFUT,NSE:NIFTY26JUNFUT,23998.7,23999.0,23978.7,23980.0,11050.0,17864990.0,2026-06-30,2026-06-30,JUN 2026
2026-06-15 11:35:00+05:30,NIFTY26JUNFUT,NSE:NIFTY26JUNFUT,23979.5,23991.4,23975.6,23977.3,15275.0,17868695.0,2026-06-30,2026-06-30,JUN 2026
2026-06-15 11:40:00+05:30,NIFTY26JUNFUT,NSE:NIFTY26JUNFUT,23985.0,23990.0,23975.6,23978.0,13975.0,17873440.0,2026-06-30,2026-06-30,JUN 2026
2026-06-15 11:45:00+05:30,NIFTY26JUNFUT,NSE:NIFTY26JUNFUT,23977.9,23988.0,23970.0,23980.0,24700.0,17875975.0,2026-06-30,2026-06-30,JUN 2026
2026-06-15 11:50:00+05:30,NIFTY26JUNFUT,NSE:NIFTY26JUNFUT,23980.0,23999.0,23975.0,23999.0,24505.0,17872790.0,2026-06-30,2026-06-30,JUN 2026
2026-06-15 11:55:00+05:30,NIFTY26JUNFUT,NSE:NIFTY26JUNFUT,23992.4,23998.8,23977.0,23988.0,23725.0,17882735.0,2026-06-30,2026-06-30,JUN 2026
2026-06-15 12:00:00+05:30,NIFTY26JUNFUT,NSE:NIFTY26JUNFUT,23981.5,23988.0,23973.2,23980.0,11375.0,17886245.0,2026-06-30,2026-06-30,JUN 2026
2026-06-15 12:05:00+05:30,NIFTY26JUNFUT,NSE:NIFTY26JUNFUT,23972.2,23979.4,23955.0,23955.4,56745.0,17888845.0,2026-06-30,2026-06-30,JUN 2026
2026-06-15 12:10:00+05:30,NIFTY26JUNFUT,NSE:NIFTY26JUNFUT,23954.9,23967.1,23950.2,23964.8,39195.0,17897035.0,2026-06-30,2026-06-30,JUN 2026
2026-06-15 12:15:00+05:30,NIFTY26JUNFUT,NSE:NIFTY26JUNFUT,23964.8,23964.8,23930.0,23934.6,71890.0,17910295.0,2026-06-30,2026-06-30,JUN 2026
2026-06-15 12:20:00+05:30,NIFTY26JUNFUT,NSE:NIFTY26JUNFUT,23934.6,23949.9,23927.5,23938.5,27235.0,17912310.0,2026-06-30,2026-06-30,JUN 2026
2026-06-15 12:25:00+05:30,NIFTY26JUNFUT,NSE:NIFTY26JUNFUT,23948.0,23948.0,23920.1,23920.1,38805.0,17922580.0,2026-06-30,2026-06-30,JUN 2026
2026-06-15 12:30:00+05:30,NIFTY26JUNFUT,NSE:NIFTY26JUNFUT,23928.0,23945.0,23920.0,23945.0,45370.0,17926935.0,2026-06-30,2026-06-30,JUN 2026
2026-06-15 12:35:00+05:30,NIFTY26JUNFUT,NSE:NIFTY26JUNFUT,23943.0,23955.4,23936.0,23937.0,24310.0,17925635.0,2026-06-30,2026-06-30,JUN 2026
2026-06-15 12:40:00+05:30,NIFTY26JUNFUT,NSE:NIFTY26JUNFUT,23937.0,23954.0,23923.3,23950.1,33020.0,17935125.0,2026-06-30,2026-06-30,JUN 2026
2026-06-15 12:45:00+05:30,NIFTY26JUNFUT,NSE:NIFTY26JUNFUT,23953.0,23953.9,23930.0,23930.0,27105.0,17944550.0,2026-06-30,2026-06-30,JUN 2026
2026-06-15 12:50:00+05:30,NIFTY26JUNFUT,NSE:NIFTY26JUNFUT,23932.7,23945.0,23924.6,23937.0,16250.0,17949880.0,2026-06-30,2026-06-30,JUN 2026
2026-06-15 12:55:00+05:30,NIFTY26JUNFUT,NSE:NIFTY26JUNFUT,23930.0,23950.0,23930.0,23938.0,19760.0,17950985.0,2026-06-30,2026-06-30,JUN 2026
2026-06-15 13:00:00+05:30,NIFTY26JUNFUT,NSE:NIFTY26JUNFUT,23937.2,23940.0,23928.0,23928.0,28145.0,17957615.0,2026-06-30,2026-06-30,JUN 2026
2026-06-15 13:05:00+05:30,NIFTY26JUNFUT,NSE:NIFTY26JUNFUT,23928.0,23958.5,23928.0,23958.5,28860.0,17965740.0,2026-06-30,2026-06-30,JUN 2026
2026-06-15 13:10:00+05:30,NIFTY26JUNFUT,NSE:NIFTY26JUNFUT,23959.6,23985.0,23951.0,23951.0,43745.0,17967625.0,2026-06-30,2026-06-30,JUN 2026
2026-06-15 13:15:00+05:30,NIFTY26JUNFUT,NSE:NIFTY26JUNFUT,23951.0,23960.0,23929.0,23943.0,20800.0,17974840.0,2026-06-30,2026-06-30,JUN 2026
2026-06-15 13:20:00+05:30,NIFTY26JUNFUT,NSE:NIFTY26JUNFUT,23932.0,23959.0,23932.0,23952.1,11440.0,17979715.0,2026-06-30,2026-06-30,JUN 2026
2026-06-15 13:25:00+05:30,NIFTY26JUNFUT,NSE:NIFTY26JUNFUT,23959.0,23960.0,23938.0,23952.0,14040.0,17984850.0,2026-06-30,2026-06-30,JUN 2026
2026-06-15 13:30:00+05:30,NIFTY26JUNFUT,NSE:NIFTY26JUNFUT,23952.0,23953.0,23939.0,23945.0,18850.0,17992130.0,2026-06-30,2026-06-30,JUN 2026
2026-06-15 13:35:00+05:30,NIFTY26JUNFUT,NSE:NIFTY26JUNFUT,23945.0,23952.0,23932.3,23936.0,12480.0,17995705.0,2026-06-30,2026-06-30,JUN 2026
2026-06-15 13:40:00+05:30,NIFTY26JUNFUT,NSE:NIFTY26JUNFUT,23938.0,23950.0,23921.3,23941.2,30745.0,17995705.0,2026-06-30,2026-06-30,JUN 2026
2026-06-15 13:45:00+05:30,NIFTY26JUNFUT,NSE:NIFTY26JUNFUT,23936.1,23949.0,23933.0,23942.2,12935.0,17995445.0,2026-06-30,2026-06-30,JUN 2026
2026-06-15 13:50:00+05:30,NIFTY26JUNFUT,NSE:NIFTY26JUNFUT,23942.2,23942.2,23902.0,23933.0,76375.0,18004155.0,2026-06-30,2026-06-30,JUN 2026
2026-06-15 13:55:00+05:30,NIFTY26JUNFUT,NSE:NIFTY26JUNFUT,23933.9,23960.0,23932.0,23960.0,33150.0,18008185.0,2026-06-30,2026-06-30,JUN 2026
2026-06-15 14:00:00+05:30,NIFTY26JUNFUT,NSE:NIFTY26JUNFUT,23960.0,23966.0,23945.0,23945.5,19760.0,18015465.0,2026-06-30,2026-06-30,JUN 2026
2026-06-15 14:05:00+05:30,NIFTY26JUNFUT,NSE:NIFTY26JUNFUT,23951.1,23951.2,23933.0,23942.9,24830.0,18027945.0,2026-06-30,2026-06-30,JUN 2026
2026-06-15 14:10:00+05:30,NIFTY26JUNFUT,NSE:NIFTY26JUNFUT,23938.0,23950.0,23932.0,23940.0,12870.0,18033990.0,2026-06-30,2026-06-30,JUN 2026
2026-06-15 14:15:00+05:30,NIFTY26JUNFUT,NSE:NIFTY26JUNFUT,23940.0,23950.0,23932.0,23950.0,18265.0,18042505.0,2026-06-30,2026-06-30,JUN 2026
2026-06-15 14:20:00+05:30,NIFTY26JUNFUT,NSE:NIFTY26JUNFUT,23946.0,23958.6,23940.1,23957.0,11505.0,18046665.0,2026-06-30,2026-06-30,JUN 2026
2026-06-15 14:25:00+05:30,NIFTY26JUNFUT,NSE:NIFTY26JUNFUT,23958.9,23960.0,23945.0,23945.0,13715.0,18044845.0,2026-06-30,2026-06-30,JUN 2026
2026-06-15 14:30:00+05:30,NIFTY26JUNFUT,NSE:NIFTY26JUNFUT,23953.7,23977.2,23947.4,23971.9,37245.0,18034900.0,2026-06-30,2026-06-30,JUN 2026
2026-06-15 14:35:00+05:30,NIFTY26JUNFUT,NSE:NIFTY26JUNFUT,23972.0,23984.0,23969.5,23970.0,28405.0,18033600.0,2026-06-30,2026-06-30,JUN 2026
2026-06-15 14:40:00+05:30,NIFTY26JUNFUT,NSE:NIFTY26JUNFUT,23977.0,23977.8,23954.5,23966.9,21645.0,18036785.0,2026-06-30,2026-06-30,JUN 2026
2026-06-15 14:45:00+05:30,NIFTY26JUNFUT,NSE:NIFTY26JUNFUT,23960.1,23970.0,23953.0,23965.3,20930.0,18033405.0,2026-06-30,2026-06-30,JUN 2026
2026-06-15 14:50:00+05:30,NIFTY26JUNFUT,NSE:NIFTY26JUNFUT,23965.6,23965.6,23925.0,23933.0,28730.0,18032495.0,2026-06-30,2026-06-30,JUN 2026
2026-06-15 14:55:00+05:30,NIFTY26JUNFUT,NSE:NIFTY26JUNFUT,23930.0,23940.0,23919.0,23923.0,30290.0,18033665.0,2026-06-30,2026-06-30,JUN 2026
2026-06-15 15:00:00+05:30,NIFTY26JUNFUT,NSE:NIFTY26JUNFUT,23923.0,23941.3,23900.0,23926.0,123110.0,18011760.0,2026-06-30,2026-06-30,JUN 2026
2026-06-15 15:05:00+05:30,NIFTY26JUNFUT,NSE:NIFTY26JUNFUT,23926.5,23926.5,23906.0,23916.1,59020.0,18031325.0,2026-06-30,2026-06-30,JUN 2026
2026-06-15 15:10:00+05:30,NIFTY26JUNFUT,NSE:NIFTY26JUNFUT,23914.2,23917.6,23881.0,23901.0,171210.0,18023395.0,2026-06-30,2026-06-30,JUN 2026
2026-06-15 15:15:00+05:30,NIFTY26JUNFUT,NSE:NIFTY26JUNFUT,23900.0,23939.0,23900.0,23932.0,107250.0,18008445.0,2026-06-30,2026-06-30,JUN 2026
2026-06-15 15:20:00+05:30,NIFTY26JUNFUT,NSE:NIFTY26JUNFUT,23931.5,23941.6,23921.8,23933.2,97955.0,18019950.0,2026-06-30,2026-06-30,JUN 2026
2026-06-15 15:25:00+05:30,NIFTY26JUNFUT,NSE:NIFTY26JUNFUT,23931.7,23933.7,23913.5,23930.0,156130.0,18025410.0,2026-06-30,2026-06-30,JUN 2026
2026-06-16 09:15:00+05:30,NIFTY26JUNFUT,NSE:NIFTY26JUNFUT,23956.0,23970.0,23930.3,23963.7,241475.0,17804995.0,2026-06-30,2026-06-30,JUN 2026
2026-06-16 09:20:00+05:30,NIFTY26JUNFUT,NSE:NIFTY26JUNFUT,23964.0,23969.3,23943.1,23952.6,72345.0,17824430.0,2026-06-30,2026-06-30,JUN 2026
2026-06-16 09:25:00+05:30,NIFTY26JUNFUT,NSE:NIFTY26JUNFUT,23950.0,23967.5,23944.9,23966.4,88530.0,17823000.0,2026-06-30,2026-06-30,JUN 2026
2026-06-16 09:30:00+05:30,NIFTY26JUNFUT,NSE:NIFTY26JUNFUT,23966.4,23978.0,23956.7,23969.8,83915.0,17815265.0,2026-06-30,2026-06-30,JUN 2026
2026-06-16 09:35:00+05:30,NIFTY26JUNFUT,NSE:NIFTY26JUNFUT,23969.8,23980.0,23956.0,23961.7,73060.0,17836390.0,2026-06-30,2026-06-30,JUN 2026
2026-06-16 09:40:00+05:30,NIFTY26JUNFUT,NSE:NIFTY26JUNFUT,23962.6,23965.0,23943.0,23952.4,43680.0,17835480.0,2026-06-30,2026-06-30,JUN 2026
2026-06-16 09:45:00+05:30,NIFTY26JUNFUT,NSE:NIFTY26JUNFUT,23952.4,23970.0,23945.5,23965.0,32370.0,17835025.0,2026-06-30,2026-06-30,JUN 2026
2026-06-16 09:50:00+05:30,NIFTY26JUNFUT,NSE:NIFTY26JUNFUT,23961.4,23966.9,23945.5,23965.1,20020.0,17833010.0,2026-06-30,2026-06-30,JUN 2026
2026-06-16 09:55:00+05:30,NIFTY26JUNFUT,NSE:NIFTY26JUNFUT,23965.1,23968.3,23955.0,23965.0,17680.0,17832360.0,2026-06-30,2026-06-30,JUN 2026
2026-06-16 10:00:00+05:30,NIFTY26JUNFUT,NSE:NIFTY26JUNFUT,23965.0,23974.0,23936.0,23940.0,31850.0,17825405.0,2026-06-30,2026-06-30,JUN 2026
2026-06-16 10:05:00+05:30,NIFTY26JUNFUT,NSE:NIFTY26JUNFUT,23936.9,23954.9,23930.0,23939.9,33670.0,17829045.0,2026-06-30,2026-06-30,JUN 2026
2026-06-16 10:10:00+05:30,NIFTY26JUNFUT,NSE:NIFTY26JUNFUT,23936.0,23943.9,23929.0,23935.0,19565.0,17828135.0,2026-06-30,2026-06-30,JUN 2026
2026-06-16 10:15:00+05:30,NIFTY26JUNFUT,NSE:NIFTY26JUNFUT,23940.0,23955.0,23935.0,23951.0,18915.0,17821505.0,2026-06-30,2026-06-30,JUN 2026
2026-06-16 10:20:00+05:30,NIFTY26JUNFUT,NSE:NIFTY26JUNFUT,23952.0,23974.5,23946.0,23960.0,29185.0,17810780.0,2026-06-30,2026-06-30,JUN 2026
2026-06-16 10:25:00+05:30,NIFTY26JUNFUT,NSE:NIFTY26JUNFUT,23964.0,23968.0,23949.0,23968.0,12480.0,17809870.0,2026-06-30,2026-06-30,JUN 2026
2026-06-16 10:30:00+05:30,NIFTY26JUNFUT,NSE:NIFTY26JUNFUT,23969.0,23973.8,23961.0,23968.2,24050.0,17804345.0,2026-06-30,2026-06-30,JUN 2026
2026-06-16 10:35:00+05:30,NIFTY26JUNFUT,NSE:NIFTY26JUNFUT,23970.0,23992.2,23965.0,23984.0,54730.0,17797325.0,2026-06-30,2026-06-30,JUN 2026
2026-06-16 10:40:00+05:30,NIFTY26JUNFUT,NSE:NIFTY26JUNFUT,23985.7,23990.0,23977.6,23980.5,22360.0,17795440.0,2026-06-30,2026-06-30,JUN 2026
2026-06-16 10:45:00+05:30,NIFTY26JUNFUT,NSE:NIFTY26JUNFUT,23980.5,23999.0,23978.6,23999.0,41990.0,17785495.0,2026-06-30,2026-06-30,JUN 2026
2026-06-16 10:50:00+05:30,NIFTY26JUNFUT,NSE:NIFTY26JUNFUT,23998.0,23999.0,23982.7,23985.0,24180.0,17783480.0,2026-06-30,2026-06-30,JUN 2026
2026-06-16 10:55:00+05:30,NIFTY26JUNFUT,NSE:NIFTY26JUNFUT,23985.0,23998.9,23980.0,23988.5,33670.0,17779775.0,2026-06-30,2026-06-30,JUN 2026
2026-06-16 11:00:00+05:30,NIFTY26JUNFUT,NSE:NIFTY26JUNFUT,23987.0,23988.9,23966.0,23966.0,32370.0,17781010.0,2026-06-30,2026-06-30,JUN 2026
2026-06-16 11:05:00+05:30,NIFTY26JUNFUT,NSE:NIFTY26JUNFUT,23966.0,23977.0,23960.0,23965.5,24505.0,17776265.0,2026-06-30,2026-06-30,JUN 2026
2026-06-16 11:10:00+05:30,NIFTY26JUNFUT,NSE:NIFTY26JUNFUT,23966.5,23967.0,23950.0,23954.4,20215.0,17771455.0,2026-06-30,2026-06-30,JUN 2026
2026-06-16 11:15:00+05:30,NIFTY26JUNFUT,NSE:NIFTY26JUNFUT,23958.0,23970.0,23942.1,23949.9,20475.0,17768010.0,2026-06-30,2026-06-30,JUN 2026
2026-06-16 11:20:00+05:30,NIFTY26JUNFUT,NSE:NIFTY26JUNFUT,23950.0,23967.9,23941.0,23959.9,35295.0,17774770.0,2026-06-30,2026-06-30,JUN 2026
2026-06-16 11:25:00+05:30,NIFTY26JUNFUT,NSE:NIFTY26JUNFUT,23967.9,23970.0,23945.5,23956.0,11830.0,17772235.0,2026-06-30,2026-06-30,JUN 2026
2026-06-16 11:30:00+05:30,NIFTY26JUNFUT,NSE:NIFTY26JUNFUT,23946.9,23956.0,23944.3,23955.7,15340.0,17774445.0,2026-06-30,2026-06-30,JUN 2026
2026-06-16 11:35:00+05:30,NIFTY26JUNFUT,NSE:NIFTY26JUNFUT,23956.0,23959.7,23937.2,23948.9,21385.0,17775550.0,2026-06-30,2026-06-30,JUN 2026
2026-06-16 11:40:00+05:30,NIFTY26JUNFUT,NSE:NIFTY26JUNFUT,23949.0,23959.0,23940.1,23944.7,14820.0,17773600.0,2026-06-30,2026-06-30,JUN 2026
2026-06-16 11:45:00+05:30,NIFTY26JUNFUT,NSE:NIFTY26JUNFUT,23942.5,23959.0,23942.1,23958.4,12675.0,17772105.0,2026-06-30,2026-06-30,JUN 2026
2026-06-16 11:50:00+05:30,NIFTY26JUNFUT,NSE:NIFTY26JUNFUT,23958.3,23969.0,23946.1,23948.4,17550.0,17770350.0,2026-06-30,2026-06-30,JUN 2026
2026-06-16 11:55:00+05:30,NIFTY26JUNFUT,NSE:NIFTY26JUNFUT,23948.4,23960.0,23933.8,23945.8,49920.0,17798170.0,2026-06-30,2026-06-30,JUN 2026
2026-06-16 12:00:00+05:30,NIFTY26JUNFUT,NSE:NIFTY26JUNFUT,23946.2,23959.7,23930.0,23935.9,69095.0,17833140.0,2026-06-30,2026-06-30,JUN 2026
2026-06-16 12:05:00+05:30,NIFTY26JUNFUT,NSE:NIFTY26JUNFUT,23936.0,23952.8,23933.6,23950.0,53170.0,17834180.0,2026-06-30,2026-06-30,JUN 2026
2026-06-16 12:10:00+05:30,NIFTY26JUNFUT,NSE:NIFTY26JUNFUT,23938.8,23950.0,23936.6,23936.6,49205.0,17833400.0,2026-06-30,2026-06-30,JUN 2026
2026-06-16 12:15:00+05:30,NIFTY26JUNFUT,NSE:NIFTY26JUNFUT,23944.8,23944.8,23930.0,23934.0,17615.0,17820725.0,2026-06-30,2026-06-30,JUN 2026
2026-06-16 12:20:00+05:30,NIFTY26JUNFUT,NSE:NIFTY26JUNFUT,23934.7,23940.0,23920.0,23934.6,38740.0,17805515.0,2026-06-30,2026-06-30,JUN 2026
2026-06-16 12:25:00+05:30,NIFTY26JUNFUT,NSE:NIFTY26JUNFUT,23935.6,23960.0,23930.8,23953.3,31395.0,17802135.0,2026-06-30,2026-06-30,JUN 2026
2026-06-16 12:30:00+05:30,NIFTY26JUNFUT,NSE:NIFTY26JUNFUT,23955.0,23965.0,23942.0,23945.1,26000.0,17796740.0,2026-06-30,2026-06-30,JUN 2026
2026-06-16 12:35:00+05:30,NIFTY26JUNFUT,NSE:NIFTY26JUNFUT,23944.9,23959.0,23942.3,23948.0,25805.0,17809155.0,2026-06-30,2026-06-30,JUN 2026
2026-06-16 12:40:00+05:30,NIFTY26JUNFUT,NSE:NIFTY26JUNFUT,23948.0,23957.0,23936.3,23937.6,17160.0,17817475.0,2026-06-30,2026-06-30,JUN 2026
2026-06-16 12:45:00+05:30,NIFTY26JUNFUT,NSE:NIFTY26JUNFUT,23946.0,23956.6,23935.2,23946.2,21645.0,17804475.0,2026-06-30,2026-06-30,JUN 2026
2026-06-16 12:50:00+05:30,NIFTY26JUNFUT,NSE:NIFTY26JUNFUT,23946.2,23957.7,23930.0,23935.4,50245.0,17829110.0,2026-06-30,2026-06-30,JUN 2026
2026-06-16 12:55:00+05:30,NIFTY26JUNFUT,NSE:NIFTY26JUNFUT,23935.2,23953.0,23931.4,23942.0,60515.0,17851405.0,2026-06-30,2026-06-30,JUN 2026
2026-06-16 13:00:00+05:30,NIFTY26JUNFUT,NSE:NIFTY26JUNFUT,23941.8,23954.0,23936.1,23953.8,29770.0,17859075.0,2026-06-30,2026-06-30,JUN 2026
2026-06-16 13:05:00+05:30,NIFTY26JUNFUT,NSE:NIFTY26JUNFUT,23954.0,23960.0,23937.4,23956.1,72280.0,17826965.0,2026-06-30,2026-06-30,JUN 2026
2026-06-16 13:10:00+05:30,NIFTY26JUNFUT,NSE:NIFTY26JUNFUT,23962.0,23970.0,23956.0,23968.5,19760.0,17815200.0,2026-06-30,2026-06-30,JUN 2026
2026-06-16 13:15:00+05:30,NIFTY26JUNFUT,NSE:NIFTY26JUNFUT,23965.0,23970.0,23953.3,23965.0,15860.0,17801680.0,2026-06-30,2026-06-30,JUN 2026
2026-06-16 13:20:00+05:30,NIFTY26JUNFUT,NSE:NIFTY26JUNFUT,23966.0,23979.3,23953.2,23978.0,23725.0,17804215.0,2026-06-30,2026-06-30,JUN 2026
2026-06-16 13:25:00+05:30,NIFTY26JUNFUT,NSE:NIFTY26JUNFUT,23974.0,23992.0,23972.2,23992.0,47710.0,17800510.0,2026-06-30,2026-06-30,JUN 2026
2026-06-16 13:30:00+05:30,NIFTY26JUNFUT,NSE:NIFTY26JUNFUT,23988.9,23989.6,23974.1,23984.6,18525.0,17787770.0,2026-06-30,2026-06-30,JUN 2026
2026-06-16 13:35:00+05:30,NIFTY26JUNFUT,NSE:NIFTY26JUNFUT,23986.4,23996.0,23980.9,23987.6,33410.0,17771325.0,2026-06-30,2026-06-30,JUN 2026
2026-06-16 13:40:00+05:30,NIFTY26JUNFUT,NSE:NIFTY26JUNFUT,23986.6,23991.0,23976.1,23982.5,26130.0,17767100.0,2026-06-30,2026-06-30,JUN 2026
2026-06-16 13:45:00+05:30,NIFTY26JUNFUT,NSE:NIFTY26JUNFUT,23986.1,23990.0,23976.1,23989.6,22555.0,17761445.0,2026-06-30,2026-06-30,JUN 2026
2026-06-16 13:50:00+05:30,NIFTY26JUNFUT,NSE:NIFTY26JUNFUT,23989.6,23989.6,23970.4,23985.0,36530.0,17740450.0,2026-06-30,2026-06-30,JUN 2026
2026-06-16 13:55:00+05:30,NIFTY26JUNFUT,NSE:NIFTY26JUNFUT,23985.0,23995.0,23977.9,23990.0,23205.0,17732845.0,2026-06-30,2026-06-30,JUN 2026
2026-06-16 14:00:00+05:30,NIFTY26JUNFUT,NSE:NIFTY26JUNFUT,23985.4,23998.0,23980.0,23992.0,35360.0,17722575.0,2026-06-30,2026-06-30,JUN 2026
2026-06-16 14:05:00+05:30,NIFTY26JUNFUT,NSE:NIFTY26JUNFUT,23991.1,24002.0,23989.4,24000.0,67860.0,17710680.0,2026-06-30,2026-06-30,JUN 2026
2026-06-16 14:10:00+05:30,NIFTY26JUNFUT,NSE:NIFTY26JUNFUT,24000.5,24018.6,23999.0,24011.0,79040.0,17704635.0,2026-06-30,2026-06-30,JUN 2026
2026-06-16 14:15:00+05:30,NIFTY26JUNFUT,NSE:NIFTY26JUNFUT,24010.9,24018.8,24001.1,24010.0,45760.0,17684420.0,2026-06-30,2026-06-30,JUN 2026
2026-06-16 14:20:00+05:30,NIFTY26JUNFUT,NSE:NIFTY26JUNFUT,24010.5,24011.0,23990.1,23995.4,38935.0,17683185.0,2026-06-30,2026-06-30,JUN 2026
2026-06-16 14:25:00+05:30,NIFTY26JUNFUT,NSE:NIFTY26JUNFUT,23995.5,24012.5,23992.0,23993.1,34320.0,17671680.0,2026-06-30,2026-06-30,JUN 2026
2026-06-16 14:30:00+05:30,NIFTY26JUNFUT,NSE:NIFTY26JUNFUT,24006.0,24015.0,23996.0,24007.1,81705.0,17708145.0,2026-06-30,2026-06-30,JUN 2026
2026-06-16 14:35:00+05:30,NIFTY26JUNFUT,NSE:NIFTY26JUNFUT,24007.1,24011.2,23996.0,24009.9,17290.0,17711785.0,2026-06-30,2026-06-30,JUN 2026
2026-06-16 14:40:00+05:30,NIFTY26JUNFUT,NSE:NIFTY26JUNFUT,24003.0,24010.0,23972.9,23974.0,44330.0,17687345.0,2026-06-30,2026-06-30,JUN 2026
2026-06-16 14:45:00+05:30,NIFTY26JUNFUT,NSE:NIFTY26JUNFUT,23974.0,23994.0,23971.1,23985.8,85215.0,17690335.0,2026-06-30,2026-06-30,JUN 2026
2026-06-16 14:50:00+05:30,NIFTY26JUNFUT,NSE:NIFTY26JUNFUT,23986.0,24005.0,23985.0,24000.5,54405.0,17719520.0,2026-06-30,2026-06-30,JUN 2026
2026-06-16 14:55:00+05:30,NIFTY26JUNFUT,NSE:NIFTY26JUNFUT,24000.5,24005.5,23990.0,24004.2,51090.0,17732715.0,2026-06-30,2026-06-30,JUN 2026
2026-06-16 15:00:00+05:30,NIFTY26JUNFUT,NSE:NIFTY26JUNFUT,24004.3,24009.8,23991.0,24001.4,58435.0,17716335.0,2026-06-30,2026-06-30,JUN 2026
2026-06-16 15:05:00+05:30,NIFTY26JUNFUT,NSE:NIFTY26JUNFUT,24001.0,24006.8,23996.1,24002.1,37050.0,17706455.0,2026-06-30,2026-06-30,JUN 2026
2026-06-16 15:10:00+05:30,NIFTY26JUNFUT,NSE:NIFTY26JUNFUT,24003.0,24003.0,23995.0,24001.9,50440.0,17675450.0,2026-06-30,2026-06-30,JUN 2026
2026-06-16 15:15:00+05:30,NIFTY26JUNFUT,NSE:NIFTY26JUNFUT,23998.0,24001.9,23992.2,23998.0,67665.0,17679220.0,2026-06-30,2026-06-30,JUN 2026
2026-06-16 15:20:00+05:30,NIFTY26JUNFUT,NSE:NIFTY26JUNFUT,23997.9,23999.4,23995.0,23997.9,85475.0,17682470.0,2026-06-30,2026-06-30,JUN 2026
2026-06-16 15:25:00+05:30,NIFTY26JUNFUT,NSE:NIFTY26JUNFUT,23998.9,24015.0,23997.3,24007.0,202410.0,17635215.0,2026-06-30,2026-06-30,JUN 2026
2026-06-17 09:15:00+05:30,NIFTY26JUNFUT,NSE:NIFTY26JUNFUT,24041.7,24044.5,24000.0,24001.0,118235.0,17208295.0,2026-06-30,2026-06-30,JUN 2026
2026-06-17 09:20:00+05:30,NIFTY26JUNFUT,NSE:NIFTY26JUNFUT,24001.0,24015.0,23991.0,23998.9,76570.0,17244175.0,2026-06-30,2026-06-30,JUN 2026
2026-06-17 09:25:00+05:30,NIFTY26JUNFUT,NSE:NIFTY26JUNFUT,23995.0,24029.9,23993.0,24029.9,45370.0,17235270.0,2026-06-30,2026-06-30,JUN 2026
2026-06-17 09:30:00+05:30,NIFTY26JUNFUT,NSE:NIFTY26JUNFUT,24029.9,24050.0,24024.2,24042.0,79885.0,17227015.0,2026-06-30,2026-06-30,JUN 2026
2026-06-17 09:35:00+05:30,NIFTY26JUNFUT,NSE:NIFTY26JUNFUT,24043.6,24060.0,24030.0,24056.5,59995.0,17230720.0,2026-06-30,2026-06-30,JUN 2026
2026-06-17 09:40:00+05:30,NIFTY26JUNFUT,NSE:NIFTY26JUNFUT,24060.0,24076.0,24054.5,24075.0,89700.0,17211350.0,2026-06-30,2026-06-30,JUN 2026
2026-06-17 09:45:00+05:30,NIFTY26JUNFUT,NSE:NIFTY26JUNFUT,24076.0,24080.0,24068.5,24075.0,50895.0,17206995.0,2026-06-30,2026-06-30,JUN 2026
2026-06-17 09:50:00+05:30,NIFTY26JUNFUT,NSE:NIFTY26JUNFUT,24077.0,24080.0,24064.0,24077.0,24635.0,17206800.0,2026-06-30,2026-06-30,JUN 2026
2026-06-17 09:55:00+05:30,NIFTY26JUNFUT,NSE:NIFTY26JUNFUT,24074.8,24080.0,24068.1,24073.0,33280.0,17204460.0,2026-06-30,2026-06-30,JUN 2026
2026-06-17 10:00:00+05:30,NIFTY26JUNFUT,NSE:NIFTY26JUNFUT,24075.0,24075.0,24055.0,24055.0,32825.0,17202185.0,2026-06-30,2026-06-30,JUN 2026
2026-06-17 10:05:00+05:30,NIFTY26JUNFUT,NSE:NIFTY26JUNFUT,24055.0,24083.6,24051.0,24077.0,25415.0,17200170.0,2026-06-30,2026-06-30,JUN 2026
2026-06-17 10:10:00+05:30,NIFTY26JUNFUT,NSE:NIFTY26JUNFUT,24077.0,24082.2,24057.0,24057.1,17030.0,17202900.0,2026-06-30,2026-06-30,JUN 2026
2026-06-17 10:15:00+05:30,NIFTY26JUNFUT,NSE:NIFTY26JUNFUT,24058.1,24081.0,24057.0,24080.0,35750.0,17202120.0,2026-06-30,2026-06-30,JUN 2026
2026-06-17 10:20:00+05:30,NIFTY26JUNFUT,NSE:NIFTY26JUNFUT,24081.0,24097.0,24076.9,24096.1,81055.0,17199715.0,2026-06-30,2026-06-30,JUN 2026
2026-06-17 10:25:00+05:30,NIFTY26JUNFUT,NSE:NIFTY26JUNFUT,24096.1,24098.0,24074.7,24076.6,45760.0,17194385.0,2026-06-30,2026-06-30,JUN 2026
2026-06-17 10:30:00+05:30,NIFTY26JUNFUT,NSE:NIFTY26JUNFUT,24076.6,24089.8,24075.0,24089.8,18590.0,17194515.0,2026-06-30,2026-06-30,JUN 2026
2026-06-17 10:35:00+05:30,NIFTY26JUNFUT,NSE:NIFTY26JUNFUT,24086.1,24094.0,24084.1,24085.0,27040.0,17190940.0,2026-06-30,2026-06-30,JUN 2026
2026-06-17 10:40:00+05:30,NIFTY26JUNFUT,NSE:NIFTY26JUNFUT,24085.0,24095.1,24084.5,24095.0,30485.0,17179695.0,2026-06-30,2026-06-30,JUN 2026
2026-06-17 10:45:00+05:30,NIFTY26JUNFUT,NSE:NIFTY26JUNFUT,24091.1,24096.0,24082.1,24083.0,10660.0,17173390.0,2026-06-30,2026-06-30,JUN 2026
2026-06-17 10:50:00+05:30,NIFTY26JUNFUT,NSE:NIFTY26JUNFUT,24083.0,24092.2,24080.0,24083.1,23855.0,17176835.0,2026-06-30,2026-06-30,JUN 2026
2026-06-17 10:55:00+05:30,NIFTY26JUNFUT,NSE:NIFTY26JUNFUT,24083.5,24098.0,24079.1,24080.1,25025.0,17177225.0,2026-06-30,2026-06-30,JUN 2026
2026-06-17 11:00:00+05:30,NIFTY26JUNFUT,NSE:NIFTY26JUNFUT,24079.6,24086.8,24072.2,24080.0,23985.0,17174950.0,2026-06-30,2026-06-30,JUN 2026
2026-06-17 11:05:00+05:30,NIFTY26JUNFUT,NSE:NIFTY26JUNFUT,24080.0,24083.6,24067.1,24067.1,20085.0,17173325.0,2026-06-30,2026-06-30,JUN 2026
2026-06-17 11:10:00+05:30,NIFTY26JUNFUT,NSE:NIFTY26JUNFUT,24070.0,24083.5,24061.8,24081.0,29315.0,17174755.0,2026-06-30,2026-06-30,JUN 2026
2026-06-17 11:15:00+05:30,NIFTY26JUNFUT,NSE:NIFTY26JUNFUT,24077.6,24085.0,24075.2,24085.0,10920.0,17175665.0,2026-06-30,2026-06-30,JUN 2026
2026-06-17 11:20:00+05:30,NIFTY26JUNFUT,NSE:NIFTY26JUNFUT,24084.7,24095.0,24080.2,24085.0,16185.0,17165720.0,2026-06-30,2026-06-30,JUN 2026
2026-06-17 11:25:00+05:30,NIFTY26JUNFUT,NSE:NIFTY26JUNFUT,24080.2,24090.0,24075.7,24090.0,9295.0,17156035.0,2026-06-30,2026-06-30,JUN 2026
2026-06-17 11:30:00+05:30,NIFTY26JUNFUT,NSE:NIFTY26JUNFUT,24090.0,24099.5,24082.5,24099.5,40820.0,17148560.0,2026-06-30,2026-06-30,JUN 2026
2026-06-17 11:35:00+05:30,NIFTY26JUNFUT,NSE:NIFTY26JUNFUT,24099.5,24099.5,24071.1,24071.1,23790.0,17151095.0,2026-06-30,2026-06-30,JUN 2026
2026-06-17 11:40:00+05:30,NIFTY26JUNFUT,NSE:NIFTY26JUNFUT,24070.1,24085.0,24065.0,24078.1,19175.0,17151745.0,2026-06-30,2026-06-30,JUN 2026
2026-06-17 11:45:00+05:30,NIFTY26JUNFUT,NSE:NIFTY26JUNFUT,24078.1,24085.0,24068.0,24068.0,14170.0,17151355.0,2026-06-30,2026-06-30,JUN 2026
2026-06-17 11:50:00+05:30,NIFTY26JUNFUT,NSE:NIFTY26JUNFUT,24075.0,24075.0,24064.1,24066.7,19890.0,17152655.0,2026-06-30,2026-06-30,JUN 2026
2026-06-17 11:55:00+05:30,NIFTY26JUNFUT,NSE:NIFTY26JUNFUT,24066.7,24074.9,24048.0,24049.0,41340.0,17144205.0,2026-06-30,2026-06-30,JUN 2026
2026-06-17 12:00:00+05:30,NIFTY26JUNFUT,NSE:NIFTY26JUNFUT,24059.2,24062.5,24042.7,24060.0,55055.0,17143815.0,2026-06-30,2026-06-30,JUN 2026
2026-06-17 12:05:00+05:30,NIFTY26JUNFUT,NSE:NIFTY26JUNFUT,24061.8,24062.0,24055.0,24056.4,23985.0,17139330.0,2026-06-30,2026-06-30,JUN 2026
2026-06-17 12:10:00+05:30,NIFTY26JUNFUT,NSE:NIFTY26JUNFUT,24057.1,24062.0,24051.1,24052.0,11050.0,17134780.0,2026-06-30,2026-06-30,JUN 2026
2026-06-17 12:15:00+05:30,NIFTY26JUNFUT,NSE:NIFTY26JUNFUT,24051.0,24065.0,24048.0,24060.0,20085.0,17133805.0,2026-06-30,2026-06-30,JUN 2026
2026-06-17 12:20:00+05:30,NIFTY26JUNFUT,NSE:NIFTY26JUNFUT,24060.0,24069.6,24044.0,24044.0,21775.0,17136405.0,2026-06-30,2026-06-30,JUN 2026
2026-06-17 12:25:00+05:30,NIFTY26JUNFUT,NSE:NIFTY26JUNFUT,24044.0,24054.0,24038.0,24045.5,28730.0,17140110.0,2026-06-30,2026-06-30,JUN 2026
2026-06-17 12:30:00+05:30,NIFTY26JUNFUT,NSE:NIFTY26JUNFUT,24054.0,24055.0,24041.1,24044.6,19500.0,17139850.0,2026-06-30,2026-06-30,JUN 2026
2026-06-17 12:35:00+05:30,NIFTY26JUNFUT,NSE:NIFTY26JUNFUT,24044.7,24050.0,24038.1,24045.3,17745.0,17140825.0,2026-06-30,2026-06-30,JUN 2026
2026-06-17 12:40:00+05:30,NIFTY26JUNFUT,NSE:NIFTY26JUNFUT,24045.3,24061.0,24041.0,24055.0,20215.0,17142450.0,2026-06-30,2026-06-30,JUN 2026
2026-06-17 12:45:00+05:30,NIFTY26JUNFUT,NSE:NIFTY26JUNFUT,24060.4,24068.0,24047.6,24050.4,18525.0,17147455.0,2026-06-30,2026-06-30,JUN 2026
2026-06-17 12:50:00+05:30,NIFTY26JUNFUT,NSE:NIFTY26JUNFUT,24050.4,24063.0,24042.1,24048.4,9880.0,17150185.0,2026-06-30,2026-06-30,JUN 2026
2026-06-17 12:55:00+05:30,NIFTY26JUNFUT,NSE:NIFTY26JUNFUT,24042.0,24050.2,24035.6,24044.3,18980.0,17151030.0,2026-06-30,2026-06-30,JUN 2026
2026-06-17 13:00:00+05:30,NIFTY26JUNFUT,NSE:NIFTY26JUNFUT,24038.1,24055.0,24035.1,24055.0,20475.0,17147715.0,2026-06-30,2026-06-30,JUN 2026
2026-06-17 13:05:00+05:30,NIFTY26JUNFUT,NSE:NIFTY26JUNFUT,24055.0,24061.5,24028.0,24037.7,23205.0,17146935.0,2026-06-30,2026-06-30,JUN 2026
2026-06-17 13:10:00+05:30,NIFTY26JUNFUT,NSE:NIFTY26JUNFUT,24036.3,24040.8,24028.0,24028.1,21970.0,17144530.0,2026-06-30,2026-06-30,JUN 2026
2026-06-17 13:15:00+05:30,NIFTY26JUNFUT,NSE:NIFTY26JUNFUT,24027.0,24049.0,24024.0,24041.1,34905.0,17142775.0,2026-06-30,2026-06-30,JUN 2026
2026-06-17 13:20:00+05:30,NIFTY26JUNFUT,NSE:NIFTY26JUNFUT,24046.1,24055.0,24036.0,24054.9,20800.0,17142385.0,2026-06-30,2026-06-30,JUN 2026
2026-06-17 13:25:00+05:30,NIFTY26JUNFUT,NSE:NIFTY26JUNFUT,24054.9,24055.0,24045.0,24045.3,12220.0,17145505.0,2026-06-30,2026-06-30,JUN 2026
2026-06-17 13:30:00+05:30,NIFTY26JUNFUT,NSE:NIFTY26JUNFUT,24045.5,24067.5,24045.0,24056.6,10660.0,17145635.0,2026-06-30,2026-06-30,JUN 2026
2026-06-17 13:35:00+05:30,NIFTY26JUNFUT,NSE:NIFTY26JUNFUT,24056.1,24080.0,24056.1,24080.0,30485.0,17140825.0,2026-06-30,2026-06-30,JUN 2026
2026-06-17 13:40:00+05:30,NIFTY26JUNFUT,NSE:NIFTY26JUNFUT,24080.0,24082.8,24062.0,24075.0,31460.0,17149600.0,2026-06-30,2026-06-30,JUN 2026
2026-06-17 13:45:00+05:30,NIFTY26JUNFUT,NSE:NIFTY26JUNFUT,24067.1,24076.0,24058.0,24068.0,14040.0,17152980.0,2026-06-30,2026-06-30,JUN 2026
2026-06-17 13:50:00+05:30,NIFTY26JUNFUT,NSE:NIFTY26JUNFUT,24067.9,24067.9,24043.0,24055.0,17680.0,17149860.0,2026-06-30,2026-06-30,JUN 2026
2026-06-17 13:55:00+05:30,NIFTY26JUNFUT,NSE:NIFTY26JUNFUT,24055.0,24065.0,24047.0,24059.0,62985.0,17143490.0,2026-06-30,2026-06-30,JUN 2026
2026-06-17 14:00:00+05:30,NIFTY26JUNFUT,NSE:NIFTY26JUNFUT,24058.0,24068.0,24051.2,24057.0,10010.0,17145505.0,2026-06-30,2026-06-30,JUN 2026
2026-06-17 14:05:00+05:30,NIFTY26JUNFUT,NSE:NIFTY26JUNFUT,24054.5,24063.0,24049.1,24049.2,10725.0,17114370.0,2026-06-30,2026-06-30,JUN 2026
2026-06-17 14:10:00+05:30,NIFTY26JUNFUT,NSE:NIFTY26JUNFUT,24049.2,24063.0,24040.0,24052.0,21840.0,17120025.0,2026-06-30,2026-06-30,JUN 2026
2026-06-17 14:15:00+05:30,NIFTY26JUNFUT,NSE:NIFTY26JUNFUT,24052.0,24061.9,24040.2,24058.3,11180.0,17123080.0,2026-06-30,2026-06-30,JUN 2026
2026-06-17 14:20:00+05:30,NIFTY26JUNFUT,NSE:NIFTY26JUNFUT,24058.2,24059.9,24045.0,24053.0,13260.0,17121195.0,2026-06-30,2026-06-30,JUN 2026
2026-06-17 14:25:00+05:30,NIFTY26JUNFUT,NSE:NIFTY26JUNFUT,24053.0,24053.0,24027.5,24042.9,25285.0,17126590.0,2026-06-30,2026-06-30,JUN 2026
2026-06-17 14:30:00+05:30,NIFTY26JUNFUT,NSE:NIFTY26JUNFUT,24029.6,24052.0,24025.0,24034.6,33150.0,17135105.0,2026-06-30,2026-06-30,JUN 2026
2026-06-17 14:35:00+05:30,NIFTY26JUNFUT,NSE:NIFTY26JUNFUT,24035.0,24055.0,24031.1,24053.0,21905.0,17138420.0,2026-06-30,2026-06-30,JUN 2026
2026-06-17 14:40:00+05:30,NIFTY26JUNFUT,NSE:NIFTY26JUNFUT,24051.2,24060.0,24050.2,24060.0,9425.0,17139070.0,2026-06-30,2026-06-30,JUN 2026
2026-06-17 14:45:00+05:30,NIFTY26JUNFUT,NSE:NIFTY26JUNFUT,24054.6,24064.0,24054.6,24058.1,17355.0,17137380.0,2026-06-30,2026-06-30,JUN 2026
2026-06-17 14:50:00+05:30,NIFTY26JUNFUT,NSE:NIFTY26JUNFUT,24059.0,24064.1,24050.0,24063.8,21840.0,17141540.0,2026-06-30,2026-06-30,JUN 2026
2026-06-17 14:55:00+05:30,NIFTY26JUNFUT,NSE:NIFTY26JUNFUT,24059.1,24086.0,24058.6,24084.6,46475.0,17136405.0,2026-06-30,2026-06-30,JUN 2026
2026-06-17 15:00:00+05:30,NIFTY26JUNFUT,NSE:NIFTY26JUNFUT,24084.6,24108.0,24083.0,24101.0,162370.0,17135885.0,2026-06-30,2026-06-30,JUN 2026
2026-06-17 15:05:00+05:30,NIFTY26JUNFUT,NSE:NIFTY26JUNFUT,24101.0,24103.0,24085.6,24090.0,67535.0,17141540.0,2026-06-30,2026-06-30,JUN 2026
2026-06-17 15:10:00+05:30,NIFTY26JUNFUT,NSE:NIFTY26JUNFUT,24090.0,24096.1,24086.0,24090.0,34905.0,17090450.0,2026-06-30,2026-06-30,JUN 2026
2026-06-17 15:15:00+05:30,NIFTY26JUNFUT,NSE:NIFTY26JUNFUT,24089.9,24097.0,24086.0,24097.0,50245.0,17088370.0,2026-06-30,2026-06-30,JUN 2026
2026-06-17 15:20:00+05:30,NIFTY26JUNFUT,NSE:NIFTY26JUNFUT,24095.9,24097.0,24086.7,24090.0,70395.0,17098445.0,2026-06-30,2026-06-30,JUN 2026
2026-06-17 15:25:00+05:30,NIFTY26JUNFUT,NSE:NIFTY26JUNFUT,24090.0,24094.0,24085.0,24089.9,88725.0,17098900.0,2026-06-30,2026-06-30,JUN 2026
2026-06-18 09:15:00+05:30,NIFTY26JUNFUT,NSE:NIFTY26JUNFUT,24105.5,24138.8,24075.0,24102.9,154635.0,16821025.0,2026-06-30,2026-06-30,JUN 2026
2026-06-18 09:20:00+05:30,NIFTY26JUNFUT,NSE:NIFTY26JUNFUT,24103.0,24116.0,24090.0,24108.0,65845.0,16831425.0,2026-06-30,2026-06-30,JUN 2026
2026-06-18 09:25:00+05:30,NIFTY26JUNFUT,NSE:NIFTY26JUNFUT,24108.0,24113.0,24091.6,24096.1,56095.0,16863340.0,2026-06-30,2026-06-30,JUN 2026
2026-06-18 09:30:00+05:30,NIFTY26JUNFUT,NSE:NIFTY26JUNFUT,24107.0,24110.0,24090.0,24091.0,27040.0,16879135.0,2026-06-30,2026-06-30,JUN 2026
2026-06-18 09:35:00+05:30,NIFTY26JUNFUT,NSE:NIFTY26JUNFUT,24090.0,24093.2,24071.0,24090.0,42770.0,16881345.0,2026-06-30,2026-06-30,JUN 2026
2026-06-18 09:40:00+05:30,NIFTY26JUNFUT,NSE:NIFTY26JUNFUT,24088.7,24125.0,24088.7,24117.6,45955.0,16881410.0,2026-06-30,2026-06-30,JUN 2026
2026-06-18 09:45:00+05:30,NIFTY26JUNFUT,NSE:NIFTY26JUNFUT,24123.0,24145.0,24115.0,24145.0,69940.0,16881605.0,2026-06-30,2026-06-30,JUN 2026
2026-06-18 09:50:00+05:30,NIFTY26JUNFUT,NSE:NIFTY26JUNFUT,24140.0,24153.0,24128.7,24149.9,102895.0,16898245.0,2026-06-30,2026-06-30,JUN 2026
2026-06-18 09:55:00+05:30,NIFTY26JUNFUT,NSE:NIFTY26JUNFUT,24150.0,24153.9,24133.5,24135.0,43875.0,16911050.0,2026-06-30,2026-06-30,JUN 2026
2026-06-18 10:00:00+05:30,NIFTY26JUNFUT,NSE:NIFTY26JUNFUT,24139.0,24145.7,24119.1,24123.0,59215.0,16913780.0,2026-06-30,2026-06-30,JUN 2026
2026-06-18 10:05:00+05:30,NIFTY26JUNFUT,NSE:NIFTY26JUNFUT,24121.6,24142.0,24120.0,24142.0,36205.0,16906890.0,2026-06-30,2026-06-30,JUN 2026
2026-06-18 10:10:00+05:30,NIFTY26JUNFUT,NSE:NIFTY26JUNFUT,24142.0,24145.8,24123.7,24135.4,26195.0,16906955.0,2026-06-30,2026-06-30,JUN 2026
2026-06-18 10:15:00+05:30,NIFTY26JUNFUT,NSE:NIFTY26JUNFUT,24131.0,24139.4,24114.0,24120.0,28145.0,16900390.0,2026-06-30,2026-06-30,JUN 2026
2026-06-18 10:20:00+05:30,NIFTY26JUNFUT,NSE:NIFTY26JUNFUT,24120.0,24127.8,24115.0,24120.0,16510.0,16902275.0,2026-06-30,2026-06-30,JUN 2026
2026-06-18 10:25:00+05:30,NIFTY26JUNFUT,NSE:NIFTY26JUNFUT,24120.0,24124.2,24111.0,24116.1,17810.0,16904225.0,2026-06-30,2026-06-30,JUN 2026
2026-06-18 10:30:00+05:30,NIFTY26JUNFUT,NSE:NIFTY26JUNFUT,24116.1,24122.0,24106.0,24120.0,36985.0,16895840.0,2026-06-30,2026-06-30,JUN 2026
2026-06-18 10:35:00+05:30,NIFTY26JUNFUT,NSE:NIFTY26JUNFUT,24121.0,24122.5,24085.0,24085.0,39065.0,16888820.0,2026-06-30,2026-06-30,JUN 2026
2026-06-18 10:40:00+05:30,NIFTY26JUNFUT,NSE:NIFTY26JUNFUT,24087.7,24090.0,24060.0,24080.0,94055.0,16889145.0,2026-06-30,2026-06-30,JUN 2026
2026-06-18 10:45:00+05:30,NIFTY26JUNFUT,NSE:NIFTY26JUNFUT,24080.0,24095.0,24079.4,24079.4,17615.0,16892525.0,2026-06-30,2026-06-30,JUN 2026
2026-06-18 10:50:00+05:30,NIFTY26JUNFUT,NSE:NIFTY26JUNFUT,24080.2,24092.0,24075.0,24089.5,14885.0,16892980.0,2026-06-30,2026-06-30,JUN 2026
2026-06-18 10:55:00+05:30,NIFTY26JUNFUT,NSE:NIFTY26JUNFUT,24089.5,24099.0,24085.0,24096.7,24245.0,16894995.0,2026-06-30,2026-06-30,JUN 2026
2026-06-18 11:00:00+05:30,NIFTY26JUNFUT,NSE:NIFTY26JUNFUT,24099.0,24099.0,24085.0,24092.6,7930.0,16895125.0,2026-06-30,2026-06-30,JUN 2026
2026-06-18 11:05:00+05:30,NIFTY26JUNFUT,NSE:NIFTY26JUNFUT,24092.6,24092.6,24080.3,24090.0,10985.0,16899025.0,2026-06-30,2026-06-30,JUN 2026
2026-06-18 11:10:00+05:30,NIFTY26JUNFUT,NSE:NIFTY26JUNFUT,24090.0,24090.0,24065.0,24071.4,25480.0,16899415.0,2026-06-30,2026-06-30,JUN 2026
2026-06-18 11:15:00+05:30,NIFTY26JUNFUT,NSE:NIFTY26JUNFUT,24066.3,24071.4,24052.1,24052.2,51870.0,16904810.0,2026-06-30,2026-06-30,JUN 2026
2026-06-18 11:20:00+05:30,NIFTY26JUNFUT,NSE:NIFTY26JUNFUT,24053.0,24060.0,24032.7,24051.0,76505.0,16890380.0,2026-06-30,2026-06-30,JUN 2026
2026-06-18 11:25:00+05:30,NIFTY26JUNFUT,NSE:NIFTY26JUNFUT,24051.0,24065.0,24050.1,24056.0,19760.0,16882775.0,2026-06-30,2026-06-30,JUN 2026
2026-06-18 11:30:00+05:30,NIFTY26JUNFUT,NSE:NIFTY26JUNFUT,24057.3,24070.0,24053.0,24060.0,19175.0,16876275.0,2026-06-30,2026-06-30,JUN 2026
2026-06-18 11:35:00+05:30,NIFTY26JUNFUT,NSE:NIFTY26JUNFUT,24060.0,24070.0,24052.6,24059.0,19110.0,16876340.0,2026-06-30,2026-06-30,JUN 2026
2026-06-18 11:40:00+05:30,NIFTY26JUNFUT,NSE:NIFTY26JUNFUT,24053.0,24071.5,24045.0,24068.0,31070.0,16888105.0,2026-06-30,2026-06-30,JUN 2026
2026-06-18 11:45:00+05:30,NIFTY26JUNFUT,NSE:NIFTY26JUNFUT,24071.5,24080.0,24060.0,24063.5,17160.0,16891810.0,2026-06-30,2026-06-30,JUN 2026
2026-06-18 11:50:00+05:30,NIFTY26JUNFUT,NSE:NIFTY26JUNFUT,24069.2,24075.3,24052.0,24071.9,16705.0,16896750.0,2026-06-30,2026-06-30,JUN 2026
2026-06-18 11:55:00+05:30,NIFTY26JUNFUT,NSE:NIFTY26JUNFUT,24067.0,24082.0,24061.2,24071.4,12870.0,16895840.0,2026-06-30,2026-06-30,JUN 2026
2026-06-18 12:00:00+05:30,NIFTY26JUNFUT,NSE:NIFTY26JUNFUT,24081.9,24096.0,24072.0,24095.2,23205.0,16896880.0,2026-06-30,2026-06-30,JUN 2026
2026-06-18 12:05:00+05:30,NIFTY26JUNFUT,NSE:NIFTY26JUNFUT,24093.9,24104.6,24088.0,24100.0,21710.0,16895905.0,2026-06-30,2026-06-30,JUN 2026
2026-06-18 12:10:00+05:30,NIFTY26JUNFUT,NSE:NIFTY26JUNFUT,24100.0,24101.0,24088.0,24097.3,45305.0,16886285.0,2026-06-30,2026-06-30,JUN 2026
2026-06-18 12:15:00+05:30,NIFTY26JUNFUT,NSE:NIFTY26JUNFUT,24097.3,24109.9,24090.0,24109.0,21775.0,16885570.0,2026-06-30,2026-06-30,JUN 2026
2026-06-18 12:20:00+05:30,NIFTY26JUNFUT,NSE:NIFTY26JUNFUT,24109.3,24109.9,24099.0,24109.9,17160.0,16884725.0,2026-06-30,2026-06-30,JUN 2026
2026-06-18 12:25:00+05:30,NIFTY26JUNFUT,NSE:NIFTY26JUNFUT,24106.4,24139.8,24106.4,24139.8,58695.0,16877315.0,2026-06-30,2026-06-30,JUN 2026
2026-06-18 12:30:00+05:30,NIFTY26JUNFUT,NSE:NIFTY26JUNFUT,24141.0,24148.0,24124.3,24142.3,49075.0,16877705.0,2026-06-30,2026-06-30,JUN 2026
2026-06-18 12:35:00+05:30,NIFTY26JUNFUT,NSE:NIFTY26JUNFUT,24142.3,24147.9,24125.0,24126.0,18135.0,16877900.0,2026-06-30,2026-06-30,JUN 2026
2026-06-18 12:40:00+05:30,NIFTY26JUNFUT,NSE:NIFTY26JUNFUT,24132.0,24137.3,24125.0,24129.0,16185.0,16877055.0,2026-06-30,2026-06-30,JUN 2026
2026-06-18 12:45:00+05:30,NIFTY26JUNFUT,NSE:NIFTY26JUNFUT,24129.1,24129.5,24117.2,24127.0,10270.0,16875495.0,2026-06-30,2026-06-30,JUN 2026
2026-06-18 12:50:00+05:30,NIFTY26JUNFUT,NSE:NIFTY26JUNFUT,24126.9,24139.0,24122.2,24135.9,18525.0,16871400.0,2026-06-30,2026-06-30,JUN 2026
2026-06-18 12:55:00+05:30,NIFTY26JUNFUT,NSE:NIFTY26JUNFUT,24133.1,24142.0,24127.0,24131.2,24895.0,16870880.0,2026-06-30,2026-06-30,JUN 2026
2026-06-18 13:00:00+05:30,NIFTY26JUNFUT,NSE:NIFTY26JUNFUT,24140.0,24141.9,24124.6,24136.5,8710.0,16866005.0,2026-06-30,2026-06-30,JUN 2026
2026-06-18 13:05:00+05:30,NIFTY26JUNFUT,NSE:NIFTY26JUNFUT,24136.0,24145.0,24126.3,24135.1,21645.0,16863080.0,2026-06-30,2026-06-30,JUN 2026
2026-06-18 13:10:00+05:30,NIFTY26JUNFUT,NSE:NIFTY26JUNFUT,24135.1,24142.2,24131.0,24141.6,13260.0,16861065.0,2026-06-30,2026-06-30,JUN 2026
2026-06-18 13:15:00+05:30,NIFTY26JUNFUT,NSE:NIFTY26JUNFUT,24143.0,24145.6,24124.0,24130.0,25610.0,16864445.0,2026-06-30,2026-06-30,JUN 2026
2026-06-18 13:20:00+05:30,NIFTY26JUNFUT,NSE:NIFTY26JUNFUT,24124.1,24138.9,24122.1,24132.4,14690.0,16865485.0,2026-06-30,2026-06-30,JUN 2026
2026-06-18 13:25:00+05:30,NIFTY26JUNFUT,NSE:NIFTY26JUNFUT,24132.4,24140.0,24112.6,24136.6,28535.0,16869775.0,2026-06-30,2026-06-30,JUN 2026
2026-06-18 13:30:00+05:30,NIFTY26JUNFUT,NSE:NIFTY26JUNFUT,24136.6,24153.8,24132.0,24153.0,52000.0,16863340.0,2026-06-30,2026-06-30,JUN 2026
2026-06-18 13:35:00+05:30,NIFTY26JUNFUT,NSE:NIFTY26JUNFUT,24151.5,24153.0,24142.2,24148.9,15990.0,16860350.0,2026-06-30,2026-06-30,JUN 2026
2026-06-18 13:40:00+05:30,NIFTY26JUNFUT,NSE:NIFTY26JUNFUT,24150.0,24150.9,24141.1,24142.5,12220.0,16846050.0,2026-06-30,2026-06-30,JUN 2026
2026-06-18 13:45:00+05:30,NIFTY26JUNFUT,NSE:NIFTY26JUNFUT,24142.3,24149.0,24135.0,24137.0,12545.0,16848065.0,2026-06-30,2026-06-30,JUN 2026
2026-06-18 13:50:00+05:30,NIFTY26JUNFUT,NSE:NIFTY26JUNFUT,24137.0,24144.4,24132.3,24135.1,9425.0,16847155.0,2026-06-30,2026-06-30,JUN 2026
2026-06-18 13:55:00+05:30,NIFTY26JUNFUT,NSE:NIFTY26JUNFUT,24140.0,24145.3,24129.0,24136.5,14755.0,16848195.0,2026-06-30,2026-06-30,JUN 2026
2026-06-18 14:00:00+05:30,NIFTY26JUNFUT,NSE:NIFTY26JUNFUT,24129.1,24137.9,24125.0,24126.0,16055.0,16850145.0,2026-06-30,2026-06-30,JUN 2026
2026-06-18 14:05:00+05:30,NIFTY26JUNFUT,NSE:NIFTY26JUNFUT,24129.7,24136.5,24108.2,24109.0,24505.0,16850860.0,2026-06-30,2026-06-30,JUN 2026
2026-06-18 14:10:00+05:30,NIFTY26JUNFUT,NSE:NIFTY26JUNFUT,24110.0,24127.0,24109.0,24120.0,13195.0,16860480.0,2026-06-30,2026-06-30,JUN 2026
2026-06-18 14:15:00+05:30,NIFTY26JUNFUT,NSE:NIFTY26JUNFUT,24120.0,24122.0,24100.0,24109.5,22750.0,16858725.0,2026-06-30,2026-06-30,JUN 2026
2026-06-18 14:20:00+05:30,NIFTY26JUNFUT,NSE:NIFTY26JUNFUT,24109.5,24125.0,24095.0,24124.2,26910.0,16780205.0,2026-06-30,2026-06-30,JUN 2026
2026-06-18 14:25:00+05:30,NIFTY26JUNFUT,NSE:NIFTY26JUNFUT,24124.0,24128.0,24096.8,24101.0,15925.0,16779620.0,2026-06-30,2026-06-30,JUN 2026
2026-06-18 14:30:00+05:30,NIFTY26JUNFUT,NSE:NIFTY26JUNFUT,24101.0,24108.6,24086.0,24108.6,38090.0,16778710.0,2026-06-30,2026-06-30,JUN 2026
2026-06-18 14:35:00+05:30,NIFTY26JUNFUT,NSE:NIFTY26JUNFUT,24108.6,24122.9,24101.0,24103.4,14950.0,16779165.0,2026-06-30,2026-06-30,JUN 2026
2026-06-18 14:40:00+05:30,NIFTY26JUNFUT,NSE:NIFTY26JUNFUT,24110.0,24118.7,24103.9,24115.0,9035.0,16780140.0,2026-06-30,2026-06-30,JUN 2026
2026-06-18 14:45:00+05:30,NIFTY26JUNFUT,NSE:NIFTY26JUNFUT,24114.8,24120.0,24105.0,24105.0,12675.0,16782155.0,2026-06-30,2026-06-30,JUN 2026
2026-06-18 14:50:00+05:30,NIFTY26JUNFUT,NSE:NIFTY26JUNFUT,24105.0,24120.0,24102.0,24115.6,9685.0,16782935.0,2026-06-30,2026-06-30,JUN 2026
2026-06-18 14:55:00+05:30,NIFTY26JUNFUT,NSE:NIFTY26JUNFUT,24115.6,24147.6,24113.0,24147.6,41405.0,16784105.0,2026-06-30,2026-06-30,JUN 2026
2026-06-18 15:00:00+05:30,NIFTY26JUNFUT,NSE:NIFTY26JUNFUT,24148.1,24185.0,24130.0,24180.0,156065.0,16754205.0,2026-06-30,2026-06-30,JUN 2026
2026-06-18 15:05:00+05:30,NIFTY26JUNFUT,NSE:NIFTY26JUNFUT,24176.0,24200.0,24172.3,24200.0,129350.0,16752255.0,2026-06-30,2026-06-30,JUN 2026
2026-06-18 15:10:00+05:30,NIFTY26JUNFUT,NSE:NIFTY26JUNFUT,24199.0,24207.2,24190.0,24200.0,129740.0,16774615.0,2026-06-30,2026-06-30,JUN 2026
2026-06-18 15:15:00+05:30,NIFTY26JUNFUT,NSE:NIFTY26JUNFUT,24199.0,24205.0,24190.0,24191.1,75790.0,16770195.0,2026-06-30,2026-06-30,JUN 2026
2026-06-18 15:20:00+05:30,NIFTY26JUNFUT,NSE:NIFTY26JUNFUT,24203.8,24207.6,24190.0,24205.0,104260.0,16768440.0,2026-06-30,2026-06-30,JUN 2026
2026-06-18 15:25:00+05:30,NIFTY26JUNFUT,NSE:NIFTY26JUNFUT,24205.0,24210.0,24198.0,24205.0,150540.0,16759795.0,2026-06-30,2026-06-30,JUN 2026
2026-06-19 09:15:00+05:30,NIFTY26JUNFUT,NSE:NIFTY26JUNFUT,24019.9,24050.0,23990.0,24029.0,397020.0,16590275.0,2026-06-30,2026-06-30,JUN 2026
2026-06-19 09:20:00+05:30,NIFTY26JUNFUT,NSE:NIFTY26JUNFUT,24029.9,24029.9,24006.5,24008.0,118560.0,16637465.0,2026-06-30,2026-06-30,JUN 2026
2026-06-19 09:25:00+05:30,NIFTY26JUNFUT,NSE:NIFTY26JUNFUT,24008.0,24010.4,23980.0,23997.1,139425.0,16672370.0,2026-06-30,2026-06-30,JUN 2026
2026-06-19 09:30:00+05:30,NIFTY26JUNFUT,NSE:NIFTY26JUNFUT,23996.0,24000.0,23980.0,23986.0,90415.0,16674190.0,2026-06-30,2026-06-30,JUN 2026
2026-06-19 09:35:00+05:30,NIFTY26JUNFUT,NSE:NIFTY26JUNFUT,23985.0,24007.7,23985.0,24003.0,45565.0,16682445.0,2026-06-30,2026-06-30,JUN 2026
2026-06-19 09:40:00+05:30,NIFTY26JUNFUT,NSE:NIFTY26JUNFUT,24003.0,24017.9,24001.0,24006.4,49595.0,16701100.0,2026-06-30,2026-06-30,JUN 2026
2026-06-19 09:45:00+05:30,NIFTY26JUNFUT,NSE:NIFTY26JUNFUT,24005.1,24019.6,23996.6,24018.8,59735.0,16723135.0,2026-06-30,2026-06-30,JUN 2026
2026-06-19 09:50:00+05:30,NIFTY26JUNFUT,NSE:NIFTY26JUNFUT,24018.8,24024.0,24000.1,24021.2,58045.0,16705520.0,2026-06-30,2026-06-30,JUN 2026
2026-06-19 09:55:00+05:30,NIFTY26JUNFUT,NSE:NIFTY26JUNFUT,24024.0,24025.0,24012.0,24025.0,24050.0,16705585.0,2026-06-30,2026-06-30,JUN 2026
2026-06-19 10:00:00+05:30,NIFTY26JUNFUT,NSE:NIFTY26JUNFUT,24025.0,24025.0,24000.0,24008.0,37960.0,16715075.0,2026-06-30,2026-06-30,JUN 2026
2026-06-19 10:05:00+05:30,NIFTY26JUNFUT,NSE:NIFTY26JUNFUT,24004.9,24029.0,24004.3,24028.3,30615.0,16700255.0,2026-06-30,2026-06-30,JUN 2026
2026-06-19 10:10:00+05:30,NIFTY26JUNFUT,NSE:NIFTY26JUNFUT,24028.3,24048.0,24025.0,24048.0,44850.0,16682835.0,2026-06-30,2026-06-30,JUN 2026
2026-06-19 10:15:00+05:30,NIFTY26JUNFUT,NSE:NIFTY26JUNFUT,24049.8,24049.8,24020.0,24032.0,47645.0,16680950.0,2026-06-30,2026-06-30,JUN 2026
2026-06-19 10:20:00+05:30,NIFTY26JUNFUT,NSE:NIFTY26JUNFUT,24031.8,24034.8,24015.0,24015.1,17095.0,16685760.0,2026-06-30,2026-06-30,JUN 2026
2026-06-19 10:25:00+05:30,NIFTY26JUNFUT,NSE:NIFTY26JUNFUT,24019.0,24019.7,23995.4,23995.6,45045.0,16689530.0,2026-06-30,2026-06-30,JUN 2026
2026-06-19 10:30:00+05:30,NIFTY26JUNFUT,NSE:NIFTY26JUNFUT,23996.2,24010.0,23995.0,24000.0,26000.0,16693430.0,2026-06-30,2026-06-30,JUN 2026
2026-06-19 10:35:00+05:30,NIFTY26JUNFUT,NSE:NIFTY26JUNFUT,24000.0,24012.0,24000.0,24012.0,28405.0,16690245.0,2026-06-30,2026-06-30,JUN 2026
2026-06-19 10:40:00+05:30,NIFTY26JUNFUT,NSE:NIFTY26JUNFUT,24012.0,24018.7,24000.0,24011.0,20150.0,16694340.0,2026-06-30,2026-06-30,JUN 2026
2026-06-19 10:45:00+05:30,NIFTY26JUNFUT,NSE:NIFTY26JUNFUT,24016.6,24016.6,23999.0,23999.9,12805.0,16692000.0,2026-06-30,2026-06-30,JUN 2026
2026-06-19 10:50:00+05:30,NIFTY26JUNFUT,NSE:NIFTY26JUNFUT,23999.0,24003.8,23985.5,23990.0,30550.0,16683810.0,2026-06-30,2026-06-30,JUN 2026
2026-06-19 10:55:00+05:30,NIFTY26JUNFUT,NSE:NIFTY26JUNFUT,23990.0,24000.5,23981.9,23985.0,60450.0,16671720.0,2026-06-30,2026-06-30,JUN 2026
2026-06-19 11:00:00+05:30,NIFTY26JUNFUT,NSE:NIFTY26JUNFUT,23985.0,23994.0,23984.0,23987.4,31980.0,16681600.0,2026-06-30,2026-06-30,JUN 2026
2026-06-19 11:05:00+05:30,NIFTY26JUNFUT,NSE:NIFTY26JUNFUT,23985.5,23995.0,23980.0,23995.0,32370.0,16689075.0,2026-06-30,2026-06-30,JUN 2026
2026-06-19 11:10:00+05:30,NIFTY26JUNFUT,NSE:NIFTY26JUNFUT,23995.0,24009.9,23992.0,24008.0,30095.0,16692650.0,2026-06-30,2026-06-30,JUN 2026
2026-06-19 11:15:00+05:30,NIFTY26JUNFUT,NSE:NIFTY26JUNFUT,24007.1,24007.1,23986.0,24001.0,26520.0,16695965.0,2026-06-30,2026-06-30,JUN 2026
2026-06-19 11:20:00+05:30,NIFTY26JUNFUT,NSE:NIFTY26JUNFUT,24005.0,24006.0,23990.0,23990.0,11440.0,16698760.0,2026-06-30,2026-06-30,JUN 2026
2026-06-19 11:25:00+05:30,NIFTY26JUNFUT,NSE:NIFTY26JUNFUT,23991.1,23999.0,23985.0,23999.0,11115.0,16699020.0,2026-06-30,2026-06-30,JUN 2026
2026-06-19 11:30:00+05:30,NIFTY26JUNFUT,NSE:NIFTY26JUNFUT,23990.0,24009.0,23982.0,24005.0,33150.0,16716505.0,2026-06-30,2026-06-30,JUN 2026
2026-06-19 11:35:00+05:30,NIFTY26JUNFUT,NSE:NIFTY26JUNFUT,24006.9,24012.5,23988.1,24003.7,43160.0,16695250.0,2026-06-30,2026-06-30,JUN 2026
2026-06-19 11:40:00+05:30,NIFTY26JUNFUT,NSE:NIFTY26JUNFUT,23992.0,24008.6,23992.0,24000.7,8645.0,16686150.0,2026-06-30,2026-06-30,JUN 2026
2026-06-19 11:45:00+05:30,NIFTY26JUNFUT,NSE:NIFTY26JUNFUT,24000.7,24000.7,23982.0,23983.9,25220.0,16690895.0,2026-06-30,2026-06-30,JUN 2026
2026-06-19 11:50:00+05:30,NIFTY26JUNFUT,NSE:NIFTY26JUNFUT,23990.0,23998.5,23980.6,23980.6,12480.0,16701945.0,2026-06-30,2026-06-30,JUN 2026
2026-06-19 11:55:00+05:30,NIFTY26JUNFUT,NSE:NIFTY26JUNFUT,23985.0,23995.0,23980.0,23993.2,10530.0,16705000.0,2026-06-30,2026-06-30,JUN 2026
2026-06-19 12:00:00+05:30,NIFTY26JUNFUT,NSE:NIFTY26JUNFUT,23995.0,24014.5,23993.0,23993.0,17485.0,16708575.0,2026-06-30,2026-06-30,JUN 2026
2026-06-19 12:05:00+05:30,NIFTY26JUNFUT,NSE:NIFTY26JUNFUT,23993.0,24000.0,23990.0,23990.1,9620.0,16705390.0,2026-06-30,2026-06-30,JUN 2026
2026-06-19 12:10:00+05:30,NIFTY26JUNFUT,NSE:NIFTY26JUNFUT,23990.1,24007.0,23990.1,24000.0,6370.0,16704870.0,2026-06-30,2026-06-30,JUN 2026
2026-06-19 12:15:00+05:30,NIFTY26JUNFUT,NSE:NIFTY26JUNFUT,24000.0,24007.5,23993.2,24004.6,12285.0,16702985.0,2026-06-30,2026-06-30,JUN 2026
2026-06-19 12:20:00+05:30,NIFTY26JUNFUT,NSE:NIFTY26JUNFUT,24004.6,24013.0,24000.0,24009.9,7995.0,16703700.0,2026-06-30,2026-06-30,JUN 2026
2026-06-19 12:25:00+05:30,NIFTY26JUNFUT,NSE:NIFTY26JUNFUT,24009.9,24025.0,24007.0,24021.1,33735.0,16699150.0,2026-06-30,2026-06-30,JUN 2026
2026-06-19 12:30:00+05:30,NIFTY26JUNFUT,NSE:NIFTY26JUNFUT,24021.0,24021.0,24010.0,24016.4,9880.0,16698110.0,2026-06-30,2026-06-30,JUN 2026
2026-06-19 12:35:00+05:30,NIFTY26JUNFUT,NSE:NIFTY26JUNFUT,24016.4,24016.4,24003.0,24010.0,11050.0,16692780.0,2026-06-30,2026-06-30,JUN 2026
2026-06-19 12:40:00+05:30,NIFTY26JUNFUT,NSE:NIFTY26JUNFUT,24010.0,24012.1,23960.0,23985.0,89310.0,16686800.0,2026-06-30,2026-06-30,JUN 2026
2026-06-19 12:45:00+05:30,NIFTY26JUNFUT,NSE:NIFTY26JUNFUT,23986.5,23999.9,23983.0,23991.0,39975.0,16702010.0,2026-06-30,2026-06-30,JUN 2026
2026-06-19 12:50:00+05:30,NIFTY26JUNFUT,NSE:NIFTY26JUNFUT,23991.0,23991.0,23984.0,23984.0,16315.0,16709095.0,2026-06-30,2026-06-30,JUN 2026
2026-06-19 12:55:00+05:30,NIFTY26JUNFUT,NSE:NIFTY26JUNFUT,23982.2,23990.0,23964.5,23973.0,25545.0,16714035.0,2026-06-30,2026-06-30,JUN 2026
2026-06-19 13:00:00+05:30,NIFTY26JUNFUT,NSE:NIFTY26JUNFUT,23975.0,23980.0,23958.5,23958.5,60840.0,16733015.0,2026-06-30,2026-06-30,JUN 2026
2026-06-19 13:05:00+05:30,NIFTY26JUNFUT,NSE:NIFTY26JUNFUT,23958.5,23976.0,23952.0,23965.0,64350.0,16725605.0,2026-06-30,2026-06-30,JUN 2026
2026-06-19 13:10:00+05:30,NIFTY26JUNFUT,NSE:NIFTY26JUNFUT,23962.7,23974.0,23955.6,23973.0,36205.0,16747380.0,2026-06-30,2026-06-30,JUN 2026
2026-06-19 13:15:00+05:30,NIFTY26JUNFUT,NSE:NIFTY26JUNFUT,23973.0,23978.1,23960.0,23969.3,29510.0,16746015.0,2026-06-30,2026-06-30,JUN 2026
2026-06-19 13:20:00+05:30,NIFTY26JUNFUT,NSE:NIFTY26JUNFUT,23962.0,23973.0,23955.0,23955.0,21840.0,16749070.0,2026-06-30,2026-06-30,JUN 2026
2026-06-19 13:25:00+05:30,NIFTY26JUNFUT,NSE:NIFTY26JUNFUT,23956.0,23975.0,23956.0,23971.0,13585.0,16747185.0,2026-06-30,2026-06-30,JUN 2026
2026-06-19 13:30:00+05:30,NIFTY26JUNFUT,NSE:NIFTY26JUNFUT,23975.0,23985.0,23970.0,23985.0,15860.0,16752840.0,2026-06-30,2026-06-30,JUN 2026
2026-06-19 13:35:00+05:30,NIFTY26JUNFUT,NSE:NIFTY26JUNFUT,23985.0,23993.6,23980.0,23985.0,51415.0,16769220.0,2026-06-30,2026-06-30,JUN 2026
2026-06-19 13:40:00+05:30,NIFTY26JUNFUT,NSE:NIFTY26JUNFUT,23985.0,23997.0,23983.3,23995.0,23725.0,16764280.0,2026-06-30,2026-06-30,JUN 2026
2026-06-19 13:45:00+05:30,NIFTY26JUNFUT,NSE:NIFTY26JUNFUT,23996.0,24005.0,23987.5,24004.1,32110.0,16760055.0,2026-06-30,2026-06-30,JUN 2026
2026-06-19 13:50:00+05:30,NIFTY26JUNFUT,NSE:NIFTY26JUNFUT,24003.9,24005.0,23991.3,23996.8,28015.0,16739060.0,2026-06-30,2026-06-30,JUN 2026
2026-06-19 13:55:00+05:30,NIFTY26JUNFUT,NSE:NIFTY26JUNFUT,23999.9,24012.0,23991.5,24010.0,23465.0,16734055.0,2026-06-30,2026-06-30,JUN 2026
2026-06-19 14:00:00+05:30,NIFTY26JUNFUT,NSE:NIFTY26JUNFUT,24015.0,24028.0,24000.0,24028.0,37830.0,16728920.0,2026-06-30,2026-06-30,JUN 2026
2026-06-19 14:05:00+05:30,NIFTY26JUNFUT,NSE:NIFTY26JUNFUT,24025.4,24040.0,24010.1,24026.9,73515.0,16720340.0,2026-06-30,2026-06-30,JUN 2026
2026-06-19 14:10:00+05:30,NIFTY26JUNFUT,NSE:NIFTY26JUNFUT,24026.9,24044.0,24021.0,24040.0,31135.0,16723070.0,2026-06-30,2026-06-30,JUN 2026
2026-06-19 14:15:00+05:30,NIFTY26JUNFUT,NSE:NIFTY26JUNFUT,24044.0,24046.0,24028.8,24045.0,42900.0,16720990.0,2026-06-30,2026-06-30,JUN 2026
2026-06-19 14:20:00+05:30,NIFTY26JUNFUT,NSE:NIFTY26JUNFUT,24045.0,24045.0,24005.4,24010.0,31590.0,16714100.0,2026-06-30,2026-06-30,JUN 2026
2026-06-19 14:25:00+05:30,NIFTY26JUNFUT,NSE:NIFTY26JUNFUT,24010.0,24028.8,24010.0,24017.0,23790.0,16722680.0,2026-06-30,2026-06-30,JUN 2026
2026-06-19 14:30:00+05:30,NIFTY26JUNFUT,NSE:NIFTY26JUNFUT,24017.0,24025.0,24013.5,24020.0,46735.0,16736135.0,2026-06-30,2026-06-30,JUN 2026
2026-06-19 14:35:00+05:30,NIFTY26JUNFUT,NSE:NIFTY26JUNFUT,24020.0,24045.5,24018.0,24033.2,38935.0,16727555.0,2026-06-30,2026-06-30,JUN 2026
2026-06-19 14:40:00+05:30,NIFTY26JUNFUT,NSE:NIFTY26JUNFUT,24033.2,24033.2,24012.5,24021.0,17485.0,16723460.0,2026-06-30,2026-06-30,JUN 2026
2026-06-19 14:45:00+05:30,NIFTY26JUNFUT,NSE:NIFTY26JUNFUT,24016.9,24030.0,24013.5,24025.7,16900.0,16726840.0,2026-06-30,2026-06-30,JUN 2026
2026-06-19 14:50:00+05:30,NIFTY26JUNFUT,NSE:NIFTY26JUNFUT,24030.0,24030.0,23977.0,23978.3,71695.0,16739320.0,2026-06-30,2026-06-30,JUN 2026
2026-06-19 14:55:00+05:30,NIFTY26JUNFUT,NSE:NIFTY26JUNFUT,23978.3,23980.0,23948.8,23956.2,145015.0,16794895.0,2026-06-30,2026-06-30,JUN 2026
2026-06-19 15:00:00+05:30,NIFTY26JUNFUT,NSE:NIFTY26JUNFUT,23952.5,24060.0,23950.0,24055.0,226915.0,16782155.0,2026-06-30,2026-06-30,JUN 2026
2026-06-19 15:05:00+05:30,NIFTY26JUNFUT,NSE:NIFTY26JUNFUT,24056.0,24071.2,24050.0,24061.1,143325.0,16746925.0,2026-06-30,2026-06-30,JUN 2026
2026-06-19 15:10:00+05:30,NIFTY26JUNFUT,NSE:NIFTY26JUNFUT,24067.2,24076.0,24057.9,24063.0,94185.0,16704155.0,2026-06-30,2026-06-30,JUN 2026
2026-06-19 15:15:00+05:30,NIFTY26JUNFUT,NSE:NIFTY26JUNFUT,24065.0,24072.0,24047.8,24071.6,76700.0,16697980.0,2026-06-30,2026-06-30,JUN 2026
2026-06-19 15:20:00+05:30,NIFTY26JUNFUT,NSE:NIFTY26JUNFUT,24071.6,24081.0,24066.8,24072.1,99450.0,16669835.0,2026-06-30,2026-06-30,JUN 2026
2026-06-19 15:25:00+05:30,NIFTY26JUNFUT,NSE:NIFTY26JUNFUT,24072.1,24085.0,24070.3,24077.0,116285.0,16678220.0,2026-06-30,2026-06-30,JUN 2026
2026-06-22 09:15:00+05:30,NIFTY26JUNFUT,NSE:NIFTY26JUNFUT,24102.0,24150.1,24102.0,24139.9,174850.0,16482245.0,2026-06-30,2026-06-30,JUN 2026
2026-06-22 09:20:00+05:30,NIFTY26JUNFUT,NSE:NIFTY26JUNFUT,24136.3,24150.3,24135.2,24147.5,97045.0,16440840.0,2026-06-30,2026-06-30,JUN 2026
2026-06-22 09:25:00+05:30,NIFTY26JUNFUT,NSE:NIFTY26JUNFUT,24149.8,24149.8,24134.7,24139.0,63765.0,16401970.0,2026-06-30,2026-06-30,JUN 2026
2026-06-22 09:30:00+05:30,NIFTY26JUNFUT,NSE:NIFTY26JUNFUT,24139.1,24148.0,24138.0,24143.0,46800.0,16385915.0,2026-06-30,2026-06-30,JUN 2026
2026-06-22 09:35:00+05:30,NIFTY26JUNFUT,NSE:NIFTY26JUNFUT,24148.0,24148.0,24127.0,24136.0,38350.0,16378115.0,2026-06-30,2026-06-30,JUN 2026
2026-06-22 09:40:00+05:30,NIFTY26JUNFUT,NSE:NIFTY26JUNFUT,24139.0,24139.9,24124.4,24124.4,21580.0,16372785.0,2026-06-30,2026-06-30,JUN 2026
2026-06-22 09:45:00+05:30,NIFTY26JUNFUT,NSE:NIFTY26JUNFUT,24123.6,24133.3,24122.1,24126.1,29965.0,16375905.0,2026-06-30,2026-06-30,JUN 2026
2026-06-22 09:50:00+05:30,NIFTY26JUNFUT,NSE:NIFTY26JUNFUT,24126.1,24140.4,24125.6,24140.0,24245.0,16365440.0,2026-06-30,2026-06-30,JUN 2026
2026-06-22 09:55:00+05:30,NIFTY26JUNFUT,NSE:NIFTY26JUNFUT,24140.0,24149.0,24137.0,24149.0,65715.0,16328975.0,2026-06-30,2026-06-30,JUN 2026
2026-06-22 10:00:00+05:30,NIFTY26JUNFUT,NSE:NIFTY26JUNFUT,24149.9,24154.8,24144.0,24144.0,49270.0,16308370.0,2026-06-30,2026-06-30,JUN 2026
2026-06-22 10:05:00+05:30,NIFTY26JUNFUT,NSE:NIFTY26JUNFUT,24144.0,24158.0,24140.0,24158.0,31395.0,16305965.0,2026-06-30,2026-06-30,JUN 2026
2026-06-22 10:10:00+05:30,NIFTY26JUNFUT,NSE:NIFTY26JUNFUT,24158.0,24170.0,24152.2,24160.0,64480.0,16295045.0,2026-06-30,2026-06-30,JUN 2026
2026-06-22 10:15:00+05:30,NIFTY26JUNFUT,NSE:NIFTY26JUNFUT,24161.0,24168.8,24156.2,24164.9,20020.0,16286660.0,2026-06-30,2026-06-30,JUN 2026
2026-06-22 10:20:00+05:30,NIFTY26JUNFUT,NSE:NIFTY26JUNFUT,24158.7,24164.8,24156.0,24156.0,15535.0,16287830.0,2026-06-30,2026-06-30,JUN 2026
2026-06-22 10:25:00+05:30,NIFTY26JUNFUT,NSE:NIFTY26JUNFUT,24156.0,24165.5,24153.1,24165.5,15210.0,16287050.0,2026-06-30,2026-06-30,JUN 2026
2026-06-22 10:30:00+05:30,NIFTY26JUNFUT,NSE:NIFTY26JUNFUT,24162.0,24170.0,24150.0,24150.0,24180.0,16288285.0,2026-06-30,2026-06-30,JUN 2026
2026-06-22 10:35:00+05:30,NIFTY26JUNFUT,NSE:NIFTY26JUNFUT,24160.0,24170.0,24147.9,24170.0,25935.0,16286725.0,2026-06-30,2026-06-30,JUN 2026
2026-06-22 10:40:00+05:30,NIFTY26JUNFUT,NSE:NIFTY26JUNFUT,24170.0,24170.0,24160.0,24161.1,19565.0,16282175.0,2026-06-30,2026-06-30,JUN 2026
2026-06-22 10:45:00+05:30,NIFTY26JUNFUT,NSE:NIFTY26JUNFUT,24161.1,24170.0,24155.7,24155.7,13325.0,16278990.0,2026-06-30,2026-06-30,JUN 2026
2026-06-22 10:50:00+05:30,NIFTY26JUNFUT,NSE:NIFTY26JUNFUT,24155.7,24170.4,24155.7,24168.5,26455.0,16268395.0,2026-06-30,2026-06-30,JUN 2026
2026-06-22 10:55:00+05:30,NIFTY26JUNFUT,NSE:NIFTY26JUNFUT,24169.5,24170.6,24162.3,24170.6,55510.0,16257345.0,2026-06-30,2026-06-30,JUN 2026
2026-06-22 11:00:00+05:30,NIFTY26JUNFUT,NSE:NIFTY26JUNFUT,24170.6,24170.6,24163.2,24165.5,31395.0,16236740.0,2026-06-30,2026-06-30,JUN 2026
2026-06-22 11:05:00+05:30,NIFTY26JUNFUT,NSE:NIFTY26JUNFUT,24169.3,24178.0,24164.3,24171.3,31915.0,16224520.0,2026-06-30,2026-06-30,JUN 2026
2026-06-22 11:10:00+05:30,NIFTY26JUNFUT,NSE:NIFTY26JUNFUT,24176.3,24176.3,24161.3,24169.0,11375.0,16222570.0,2026-06-30,2026-06-30,JUN 2026
2026-06-22 11:15:00+05:30,NIFTY26JUNFUT,NSE:NIFTY26JUNFUT,24169.0,24169.9,24160.0,24162.7,14365.0,16217890.0,2026-06-30,2026-06-30,JUN 2026
2026-06-22 11:20:00+05:30,NIFTY26JUNFUT,NSE:NIFTY26JUNFUT,24165.0,24165.0,24155.7,24164.0,15795.0,16217955.0,2026-06-30,2026-06-30,JUN 2026
2026-06-22 11:25:00+05:30,NIFTY26JUNFUT,NSE:NIFTY26JUNFUT,24162.9,24170.5,24162.8,24170.5,11700.0,16217565.0,2026-06-30,2026-06-30,JUN 2026
2026-06-22 11:30:00+05:30,NIFTY26JUNFUT,NSE:NIFTY26JUNFUT,24171.0,24174.0,24171.0,24173.1,36400.0,16210675.0,2026-06-30,2026-06-30,JUN 2026
2026-06-22 11:35:00+05:30,NIFTY26JUNFUT,NSE:NIFTY26JUNFUT,24173.8,24175.0,24170.1,24170.1,17680.0,16209050.0,2026-06-30,2026-06-30,JUN 2026
2026-06-22 11:40:00+05:30,NIFTY26JUNFUT,NSE:NIFTY26JUNFUT,24173.3,24174.0,24162.7,24164.9,16965.0,16192345.0,2026-06-30,2026-06-30,JUN 2026
2026-06-22 11:45:00+05:30,NIFTY26JUNFUT,NSE:NIFTY26JUNFUT,24162.6,24170.0,24158.9,24169.3,19630.0,16185845.0,2026-06-30,2026-06-30,JUN 2026
2026-06-22 11:50:00+05:30,NIFTY26JUNFUT,NSE:NIFTY26JUNFUT,24169.3,24169.3,24156.0,24156.0,30745.0,16193190.0,2026-06-30,2026-06-30,JUN 2026
2026-06-22 11:55:00+05:30,NIFTY26JUNFUT,NSE:NIFTY26JUNFUT,24159.8,24165.0,24155.1,24164.0,18525.0,16188120.0,2026-06-30,2026-06-30,JUN 2026
2026-06-22 12:00:00+05:30,NIFTY26JUNFUT,NSE:NIFTY26JUNFUT,24164.0,24165.0,24148.5,24148.8,18070.0,16179410.0,2026-06-30,2026-06-30,JUN 2026
2026-06-22 12:05:00+05:30,NIFTY26JUNFUT,NSE:NIFTY26JUNFUT,24148.8,24154.0,24146.1,24151.0,17615.0,16174665.0,2026-06-30,2026-06-30,JUN 2026
2026-06-22 12:10:00+05:30,NIFTY26JUNFUT,NSE:NIFTY26JUNFUT,24151.0,24151.0,24143.0,24143.2,19175.0,16171285.0,2026-06-30,2026-06-30,JUN 2026
2026-06-22 12:15:00+05:30,NIFTY26JUNFUT,NSE:NIFTY26JUNFUT,24143.2,24152.0,24142.3,24149.0,24180.0,16180255.0,2026-06-30,2026-06-30,JUN 2026
2026-06-22 12:20:00+05:30,NIFTY26JUNFUT,NSE:NIFTY26JUNFUT,24148.0,24162.3,24143.4,24161.7,18135.0,16185585.0,2026-06-30,2026-06-30,JUN 2026
2026-06-22 12:25:00+05:30,NIFTY26JUNFUT,NSE:NIFTY26JUNFUT,24161.7,24161.7,24143.0,24147.0,14105.0,16184870.0,2026-06-30,2026-06-30,JUN 2026
2026-06-22 12:30:00+05:30,NIFTY26JUNFUT,NSE:NIFTY26JUNFUT,24147.0,24156.9,24143.6,24150.0,10205.0,16183960.0,2026-06-30,2026-06-30,JUN 2026
2026-06-22 12:35:00+05:30,NIFTY26JUNFUT,NSE:NIFTY26JUNFUT,24149.0,24155.0,24143.0,24150.0,7865.0,16180970.0,2026-06-30,2026-06-30,JUN 2026
2026-06-22 12:40:00+05:30,NIFTY26JUNFUT,NSE:NIFTY26JUNFUT,24150.0,24150.0,24143.0,24145.0,9295.0,16176680.0,2026-06-30,2026-06-30,JUN 2026
2026-06-22 12:45:00+05:30,NIFTY26JUNFUT,NSE:NIFTY26JUNFUT,24144.0,24155.2,24141.1,24146.1,18590.0,16179865.0,2026-06-30,2026-06-30,JUN 2026
2026-06-22 12:50:00+05:30,NIFTY26JUNFUT,NSE:NIFTY26JUNFUT,24145.0,24158.4,24144.5,24144.5,9490.0,16179995.0,2026-06-30,2026-06-30,JUN 2026
2026-06-22 12:55:00+05:30,NIFTY26JUNFUT,NSE:NIFTY26JUNFUT,24145.0,24156.0,24142.9,24153.8,6695.0,16177460.0,2026-06-30,2026-06-30,JUN 2026
2026-06-22 13:00:00+05:30,NIFTY26JUNFUT,NSE:NIFTY26JUNFUT,24148.1,24153.6,24143.5,24149.9,8060.0,16178370.0,2026-06-30,2026-06-30,JUN 2026
2026-06-22 13:05:00+05:30,NIFTY26JUNFUT,NSE:NIFTY26JUNFUT,24149.9,24150.0,24140.0,24140.0,15340.0,16178630.0,2026-06-30,2026-06-30,JUN 2026
2026-06-22 13:10:00+05:30,NIFTY26JUNFUT,NSE:NIFTY26JUNFUT,24143.3,24146.6,24130.3,24134.0,26650.0,16184870.0,2026-06-30,2026-06-30,JUN 2026
2026-06-22 13:15:00+05:30,NIFTY26JUNFUT,NSE:NIFTY26JUNFUT,24144.0,24158.4,24135.0,24150.0,12350.0,16187600.0,2026-06-30,2026-06-30,JUN 2026
2026-06-22 13:20:00+05:30,NIFTY26JUNFUT,NSE:NIFTY26JUNFUT,24150.0,24150.0,24138.4,24140.7,7280.0,16187990.0,2026-06-30,2026-06-30,JUN 2026
2026-06-22 13:25:00+05:30,NIFTY26JUNFUT,NSE:NIFTY26JUNFUT,24140.7,24152.8,24140.7,24148.0,4160.0,16187145.0,2026-06-30,2026-06-30,JUN 2026
2026-06-22 13:30:00+05:30,NIFTY26JUNFUT,NSE:NIFTY26JUNFUT,24147.9,24150.0,24141.0,24149.3,6045.0,16188900.0,2026-06-30,2026-06-30,JUN 2026
2026-06-22 13:35:00+05:30,NIFTY26JUNFUT,NSE:NIFTY26JUNFUT,24149.3,24151.0,24140.3,24140.3,5265.0,16189355.0,2026-06-30,2026-06-30,JUN 2026
2026-06-22 13:40:00+05:30,NIFTY26JUNFUT,NSE:NIFTY26JUNFUT,24140.3,24150.0,24130.0,24148.0,20345.0,16194230.0,2026-06-30,2026-06-30,JUN 2026
2026-06-22 13:45:00+05:30,NIFTY26JUNFUT,NSE:NIFTY26JUNFUT,24148.0,24151.0,24141.1,24147.0,5330.0,16194620.0,2026-06-30,2026-06-30,JUN 2026
2026-06-22 13:50:00+05:30,NIFTY26JUNFUT,NSE:NIFTY26JUNFUT,24147.0,24153.0,24144.1,24153.0,5655.0,16197025.0,2026-06-30,2026-06-30,JUN 2026
2026-06-22 13:55:00+05:30,NIFTY26JUNFUT,NSE:NIFTY26JUNFUT,24153.0,24162.3,24148.0,24155.0,20540.0,16194230.0,2026-06-30,2026-06-30,JUN 2026
2026-06-22 14:00:00+05:30,NIFTY26JUNFUT,NSE:NIFTY26JUNFUT,24150.3,24157.1,24141.0,24144.7,10920.0,16195790.0,2026-06-30,2026-06-30,JUN 2026
2026-06-22 14:05:00+05:30,NIFTY26JUNFUT,NSE:NIFTY26JUNFUT,24144.7,24154.9,24141.0,24141.0,8775.0,16198780.0,2026-06-30,2026-06-30,JUN 2026
2026-06-22 14:10:00+05:30,NIFTY26JUNFUT,NSE:NIFTY26JUNFUT,24141.0,24148.7,24135.1,24144.9,9490.0,16202940.0,2026-06-30,2026-06-30,JUN 2026
2026-06-22 14:15:00+05:30,NIFTY26JUNFUT,NSE:NIFTY26JUNFUT,24144.9,24149.0,24132.8,24145.0,13975.0,16156530.0,2026-06-30,2026-06-30,JUN 2026
2026-06-22 14:20:00+05:30,NIFTY26JUNFUT,NSE:NIFTY26JUNFUT,24149.7,24149.7,24139.5,24144.0,7800.0,16159065.0,2026-06-30,2026-06-30,JUN 2026
2026-06-22 14:25:00+05:30,NIFTY26JUNFUT,NSE:NIFTY26JUNFUT,24143.8,24164.0,24140.2,24157.0,20800.0,16160235.0,2026-06-30,2026-06-30,JUN 2026
2026-06-22 14:30:00+05:30,NIFTY26JUNFUT,NSE:NIFTY26JUNFUT,24164.7,24165.0,24146.0,24159.9,21515.0,16170050.0,2026-06-30,2026-06-30,JUN 2026
2026-06-22 14:35:00+05:30,NIFTY26JUNFUT,NSE:NIFTY26JUNFUT,24152.1,24164.4,24151.0,24161.8,14625.0,16171090.0,2026-06-30,2026-06-30,JUN 2026
2026-06-22 14:40:00+05:30,NIFTY26JUNFUT,NSE:NIFTY26JUNFUT,24160.5,24162.4,24150.0,24157.0,10790.0,16172130.0,2026-06-30,2026-06-30,JUN 2026
2026-06-22 14:45:00+05:30,NIFTY26JUNFUT,NSE:NIFTY26JUNFUT,24157.9,24165.0,24151.3,24163.8,12025.0,16159455.0,2026-06-30,2026-06-30,JUN 2026
2026-06-22 14:50:00+05:30,NIFTY26JUNFUT,NSE:NIFTY26JUNFUT,24163.8,24168.9,24155.0,24155.0,25155.0,16161665.0,2026-06-30,2026-06-30,JUN 2026
2026-06-22 14:55:00+05:30,NIFTY26JUNFUT,NSE:NIFTY26JUNFUT,24160.1,24165.9,24149.9,24160.0,29380.0,16170050.0,2026-06-30,2026-06-30,JUN 2026
2026-06-22 15:00:00+05:30,NIFTY26JUNFUT,NSE:NIFTY26JUNFUT,24157.0,24168.0,24132.0,24141.0,49595.0,16178695.0,2026-06-30,2026-06-30,JUN 2026
2026-06-22 15:05:00+05:30,NIFTY26JUNFUT,NSE:NIFTY26JUNFUT,24141.0,24141.0,24117.5,24118.3,64480.0,16175120.0,2026-06-30,2026-06-30,JUN 2026
2026-06-22 15:10:00+05:30,NIFTY26JUNFUT,NSE:NIFTY26JUNFUT,24120.0,24135.9,24117.1,24125.1,59800.0,16177785.0,2026-06-30,2026-06-30,JUN 2026
2026-06-22 15:15:00+05:30,NIFTY26JUNFUT,NSE:NIFTY26JUNFUT,24127.5,24139.9,24115.2,24116.8,57070.0,16182595.0,2026-06-30,2026-06-30,JUN 2026
2026-06-22 15:20:00+05:30,NIFTY26JUNFUT,NSE:NIFTY26JUNFUT,24120.0,24125.0,24112.5,24116.0,75400.0,16192865.0,2026-06-30,2026-06-30,JUN 2026
2026-06-22 15:25:00+05:30,NIFTY26JUNFUT,NSE:NIFTY26JUNFUT,24114.7,24125.0,24112.4,24119.9,104975.0,16216525.0,2026-06-30,2026-06-30,JUN 2026
2026-06-23 09:15:00+05:30,NIFTY26JUNFUT,NSE:NIFTY26JUNFUT,24100.0,24109.1,24070.0,24095.5,123240.0,16086720.0,2026-06-30,2026-06-30,JUN 2026
2026-06-23 09:20:00+05:30,NIFTY26JUNFUT,NSE:NIFTY26JUNFUT,24097.0,24110.0,24091.3,24104.8,59605.0,16096145.0,2026-06-30,2026-06-30,JUN 2026
2026-06-23 09:25:00+05:30,NIFTY26JUNFUT,NSE:NIFTY26JUNFUT,24099.1,24107.8,24095.1,24107.0,27885.0,16101410.0,2026-06-30,2026-06-30,JUN 2026
2026-06-23 09:30:00+05:30,NIFTY26JUNFUT,NSE:NIFTY26JUNFUT,24107.0,24120.0,24100.0,24119.6,36530.0,16104205.0,2026-06-30,2026-06-30,JUN 2026
2026-06-23 09:35:00+05:30,NIFTY26JUNFUT,NSE:NIFTY26JUNFUT,24119.0,24138.0,24111.1,24138.0,56225.0,16098550.0,2026-06-30,2026-06-30,JUN 2026
2026-06-23 09:40:00+05:30,NIFTY26JUNFUT,NSE:NIFTY26JUNFUT,24139.0,24145.0,24125.2,24135.0,31525.0,16096210.0,2026-06-30,2026-06-30,JUN 2026
2026-06-23 09:45:00+05:30,NIFTY26JUNFUT,NSE:NIFTY26JUNFUT,24135.2,24144.2,24130.0,24130.0,54795.0,16096015.0,2026-06-30,2026-06-30,JUN 2026
2026-06-23 09:50:00+05:30,NIFTY26JUNFUT,NSE:NIFTY26JUNFUT,24141.6,24149.7,24131.0,24145.2,37180.0,16086850.0,2026-06-30,2026-06-30,JUN 2026
2026-06-23 09:55:00+05:30,NIFTY26JUNFUT,NSE:NIFTY26JUNFUT,24145.2,24151.7,24135.1,24142.8,47905.0,16067025.0,2026-06-30,2026-06-30,JUN 2026
2026-06-23 10:00:00+05:30,NIFTY26JUNFUT,NSE:NIFTY26JUNFUT,24142.9,24155.0,24136.0,24148.0,19305.0,16065205.0,2026-06-30,2026-06-30,JUN 2026
2026-06-23 10:05:00+05:30,NIFTY26JUNFUT,NSE:NIFTY26JUNFUT,24145.0,24150.1,24130.0,24149.8,32630.0,16066765.0,2026-06-30,2026-06-30,JUN 2026
2026-06-23 10:10:00+05:30,NIFTY26JUNFUT,NSE:NIFTY26JUNFUT,24150.0,24155.5,24142.0,24145.4,38415.0,16046290.0,2026-06-30,2026-06-30,JUN 2026
2026-06-23 10:15:00+05:30,NIFTY26JUNFUT,NSE:NIFTY26JUNFUT,24151.9,24152.4,24135.1,24150.0,16770.0,16042780.0,2026-06-30,2026-06-30,JUN 2026
2026-06-23 10:20:00+05:30,NIFTY26JUNFUT,NSE:NIFTY26JUNFUT,24150.0,24155.0,24135.0,24138.7,23660.0,16045510.0,2026-06-30,2026-06-30,JUN 2026
2026-06-23 10:25:00+05:30,NIFTY26JUNFUT,NSE:NIFTY26JUNFUT,24143.5,24144.7,24124.7,24130.0,51545.0,16040245.0,2026-06-30,2026-06-30,JUN 2026
2026-06-23 10:30:00+05:30,NIFTY26JUNFUT,NSE:NIFTY26JUNFUT,24130.0,24140.0,24124.0,24140.0,19435.0,16040960.0,2026-06-30,2026-06-30,JUN 2026
2026-06-23 10:35:00+05:30,NIFTY26JUNFUT,NSE:NIFTY26JUNFUT,24140.0,24149.9,24127.0,24140.0,12220.0,16030885.0,2026-06-30,2026-06-30,JUN 2026
2026-06-23 10:40:00+05:30,NIFTY26JUNFUT,NSE:NIFTY26JUNFUT,24130.4,24147.0,24130.0,24130.1,19955.0,16025165.0,2026-06-30,2026-06-30,JUN 2026
2026-06-23 10:45:00+05:30,NIFTY26JUNFUT,NSE:NIFTY26JUNFUT,24131.1,24137.3,24120.0,24123.5,25350.0,15989870.0,2026-06-30,2026-06-30,JUN 2026
2026-06-23 10:50:00+05:30,NIFTY26JUNFUT,NSE:NIFTY26JUNFUT,24123.5,24135.8,24120.0,24130.0,18395.0,15992535.0,2026-06-30,2026-06-30,JUN 2026
2026-06-23 10:55:00+05:30,NIFTY26JUNFUT,NSE:NIFTY26JUNFUT,24126.2,24135.2,24114.3,24127.0,27950.0,15990325.0,2026-06-30,2026-06-30,JUN 2026
2026-06-23 11:00:00+05:30,NIFTY26JUNFUT,NSE:NIFTY26JUNFUT,24117.0,24128.0,24106.4,24128.0,27040.0,15990325.0,2026-06-30,2026-06-30,JUN 2026
2026-06-23 11:05:00+05:30,NIFTY26JUNFUT,NSE:NIFTY26JUNFUT,24120.4,24130.0,24116.7,24128.4,19110.0,15986945.0,2026-06-30,2026-06-30,JUN 2026
2026-06-23 11:10:00+05:30,NIFTY26JUNFUT,NSE:NIFTY26JUNFUT,24120.1,24137.9,24117.7,24137.9,11505.0,15974920.0,2026-06-30,2026-06-30,JUN 2026
2026-06-23 11:15:00+05:30,NIFTY26JUNFUT,NSE:NIFTY26JUNFUT,24135.0,24145.0,24132.0,24135.2,19045.0,15974140.0,2026-06-30,2026-06-30,JUN 2026
2026-06-23 11:20:00+05:30,NIFTY26JUNFUT,NSE:NIFTY26JUNFUT,24137.0,24144.9,24131.9,24143.4,12935.0,15976415.0,2026-06-30,2026-06-30,JUN 2026
2026-06-23 11:25:00+05:30,NIFTY26JUNFUT,NSE:NIFTY26JUNFUT,24135.0,24144.0,24126.0,24135.0,17030.0,15977390.0,2026-06-30,2026-06-30,JUN 2026
2026-06-23 11:30:00+05:30,NIFTY26JUNFUT,NSE:NIFTY26JUNFUT,24130.0,24136.5,24123.0,24124.0,17550.0,15973815.0,2026-06-30,2026-06-30,JUN 2026
2026-06-23 11:35:00+05:30,NIFTY26JUNFUT,NSE:NIFTY26JUNFUT,24124.0,24130.9,24119.0,24127.3,21580.0,15972320.0,2026-06-30,2026-06-30,JUN 2026
2026-06-23 11:40:00+05:30,NIFTY26JUNFUT,NSE:NIFTY26JUNFUT,24121.4,24126.0,24104.0,24105.0,43290.0,15972970.0,2026-06-30,2026-06-30,JUN 2026
2026-06-23 11:45:00+05:30,NIFTY26JUNFUT,NSE:NIFTY26JUNFUT,24105.0,24110.0,24049.0,24053.1,169455.0,15968615.0,2026-06-30,2026-06-30,JUN 2026
2026-06-23 11:50:00+05:30,NIFTY26JUNFUT,NSE:NIFTY26JUNFUT,24053.1,24063.4,24039.0,24051.0,89570.0,15987140.0,2026-06-30,2026-06-30,JUN 2026
2026-06-23 11:55:00+05:30,NIFTY26JUNFUT,NSE:NIFTY26JUNFUT,24056.0,24057.9,24003.0,24014.5,147355.0,16005275.0,2026-06-30,2026-06-30,JUN 2026
2026-06-23 12:00:00+05:30,NIFTY26JUNFUT,NSE:NIFTY26JUNFUT,24021.0,24030.8,24000.0,24001.0,92690.0,16025620.0,2026-06-30,2026-06-30,JUN 2026
2026-06-23 12:05:00+05:30,NIFTY26JUNFUT,NSE:NIFTY26JUNFUT,24000.0,24016.1,23986.0,24008.7,74945.0,16031210.0,2026-06-30,2026-06-30,JUN 2026
2026-06-23 12:10:00+05:30,NIFTY26JUNFUT,NSE:NIFTY26JUNFUT,24000.0,24009.7,23985.5,24000.0,26910.0,16038750.0,2026-06-30,2026-06-30,JUN 2026
2026-06-23 12:15:00+05:30,NIFTY26JUNFUT,NSE:NIFTY26JUNFUT,24002.8,24012.6,23989.0,23999.0,34255.0,16042000.0,2026-06-30,2026-06-30,JUN 2026
2026-06-23 12:20:00+05:30,NIFTY26JUNFUT,NSE:NIFTY26JUNFUT,23999.0,24004.8,23950.0,23963.9,129480.0,16041220.0,2026-06-30,2026-06-30,JUN 2026
2026-06-23 12:25:00+05:30,NIFTY26JUNFUT,NSE:NIFTY26JUNFUT,23963.0,23988.0,23953.1,23983.9,41990.0,16028350.0,2026-06-30,2026-06-30,JUN 2026
2026-06-23 12:30:00+05:30,NIFTY26JUNFUT,NSE:NIFTY26JUNFUT,23976.3,23985.2,23963.0,23969.0,26975.0,16030820.0,2026-06-30,2026-06-30,JUN 2026
2026-06-23 12:35:00+05:30,NIFTY26JUNFUT,NSE:NIFTY26JUNFUT,23968.5,23997.9,23965.5,23990.2,60255.0,16032770.0,2026-06-30,2026-06-30,JUN 2026
2026-06-23 12:40:00+05:30,NIFTY26JUNFUT,NSE:NIFTY26JUNFUT,23990.2,23994.9,23975.2,23977.1,43875.0,16021005.0,2026-06-30,2026-06-30,JUN 2026
2026-06-23 12:45:00+05:30,NIFTY26JUNFUT,NSE:NIFTY26JUNFUT,23981.0,23985.0,23960.0,23960.0,22555.0,16005015.0,2026-06-30,2026-06-30,JUN 2026
2026-06-23 12:50:00+05:30,NIFTY26JUNFUT,NSE:NIFTY26JUNFUT,23960.0,23974.0,23955.0,23955.1,26650.0,16003390.0,2026-06-30,2026-06-30,JUN 2026
2026-06-23 12:55:00+05:30,NIFTY26JUNFUT,NSE:NIFTY26JUNFUT,23955.1,23969.5,23953.0,23955.4,25025.0,16011450.0,2026-06-30,2026-06-30,JUN 2026
2026-06-23 13:00:00+05:30,NIFTY26JUNFUT,NSE:NIFTY26JUNFUT,23955.0,23960.2,23930.2,23948.0,75335.0,16042000.0,2026-06-30,2026-06-30,JUN 2026
2026-06-23 13:05:00+05:30,NIFTY26JUNFUT,NSE:NIFTY26JUNFUT,23946.8,23970.0,23946.0,23969.0,46540.0,16058055.0,2026-06-30,2026-06-30,JUN 2026
2026-06-23 13:10:00+05:30,NIFTY26JUNFUT,NSE:NIFTY26JUNFUT,23969.0,23971.6,23940.0,23945.0,33995.0,16058510.0,2026-06-30,2026-06-30,JUN 2026
2026-06-23 13:15:00+05:30,NIFTY26JUNFUT,NSE:NIFTY26JUNFUT,23945.0,23950.0,23928.1,23950.0,46800.0,16058575.0,2026-06-30,2026-06-30,JUN 2026
2026-06-23 13:20:00+05:30,NIFTY26JUNFUT,NSE:NIFTY26JUNFUT,23947.0,23961.6,23942.2,23955.0,18135.0,16065530.0,2026-06-30,2026-06-30,JUN 2026
2026-06-23 13:25:00+05:30,NIFTY26JUNFUT,NSE:NIFTY26JUNFUT,23941.9,23953.6,23925.0,23933.0,46995.0,16066960.0,2026-06-30,2026-06-30,JUN 2026
2026-06-23 13:30:00+05:30,NIFTY26JUNFUT,NSE:NIFTY26JUNFUT,23930.0,23938.9,23890.0,23899.6,90870.0,16074890.0,2026-06-30,2026-06-30,JUN 2026
2026-06-23 13:35:00+05:30,NIFTY26JUNFUT,NSE:NIFTY26JUNFUT,23890.0,23914.3,23885.0,23908.0,53560.0,16063515.0,2026-06-30,2026-06-30,JUN 2026
2026-06-23 13:40:00+05:30,NIFTY26JUNFUT,NSE:NIFTY26JUNFUT,23908.4,23926.7,23905.0,23912.1,30940.0,16071705.0,2026-06-30,2026-06-30,JUN 2026
2026-06-23 13:45:00+05:30,NIFTY26JUNFUT,NSE:NIFTY26JUNFUT,23910.1,23931.5,23910.0,23924.2,32760.0,16071380.0,2026-06-30,2026-06-30,JUN 2026
2026-06-23 13:50:00+05:30,NIFTY26JUNFUT,NSE:NIFTY26JUNFUT,23924.4,23925.0,23884.0,23898.0,49595.0,16068585.0,2026-06-30,2026-06-30,JUN 2026
2026-06-23 13:55:00+05:30,NIFTY26JUNFUT,NSE:NIFTY26JUNFUT,23898.0,23905.8,23890.0,23895.0,32110.0,16073200.0,2026-06-30,2026-06-30,JUN 2026
2026-06-23 14:00:00+05:30,NIFTY26JUNFUT,NSE:NIFTY26JUNFUT,23895.0,23922.0,23890.0,23922.0,32695.0,16087760.0,2026-06-30,2026-06-30,JUN 2026
2026-06-23 14:05:00+05:30,NIFTY26JUNFUT,NSE:NIFTY26JUNFUT,23920.0,23926.0,23901.1,23919.0,33930.0,16091530.0,2026-06-30,2026-06-30,JUN 2026
2026-06-23 14:10:00+05:30,NIFTY26JUNFUT,NSE:NIFTY26JUNFUT,23919.0,23945.0,23910.0,23938.0,54730.0,16084315.0,2026-06-30,2026-06-30,JUN 2026
2026-06-23 14:15:00+05:30,NIFTY26JUNFUT,NSE:NIFTY26JUNFUT,23939.3,23946.0,23920.5,23921.0,26520.0,16087955.0,2026-06-30,2026-06-30,JUN 2026
2026-06-23 14:20:00+05:30,NIFTY26JUNFUT,NSE:NIFTY26JUNFUT,23920.5,23945.0,23910.2,23942.0,23465.0,16087305.0,2026-06-30,2026-06-30,JUN 2026
2026-06-23 14:25:00+05:30,NIFTY26JUNFUT,NSE:NIFTY26JUNFUT,23945.0,23946.0,23931.0,23935.0,17290.0,16088540.0,2026-06-30,2026-06-30,JUN 2026
2026-06-23 14:30:00+05:30,NIFTY26JUNFUT,NSE:NIFTY26JUNFUT,23935.0,23946.0,23927.9,23940.0,14885.0,16088280.0,2026-06-30,2026-06-30,JUN 2026
2026-06-23 14:35:00+05:30,NIFTY26JUNFUT,NSE:NIFTY26JUNFUT,23940.0,23942.0,23920.0,23925.0,17875.0,16087695.0,2026-06-30,2026-06-30,JUN 2026
2026-06-23 14:40:00+05:30,NIFTY26JUNFUT,NSE:NIFTY26JUNFUT,23935.0,23955.9,23922.0,23955.0,42380.0,16072485.0,2026-06-30,2026-06-30,JUN 2026
2026-06-23 14:45:00+05:30,NIFTY26JUNFUT,NSE:NIFTY26JUNFUT,23955.0,23958.0,23925.3,23940.0,34060.0,16065920.0,2026-06-30,2026-06-30,JUN 2026
2026-06-23 14:50:00+05:30,NIFTY26JUNFUT,NSE:NIFTY26JUNFUT,23940.0,23940.0,23922.8,23937.7,23465.0,16065985.0,2026-06-30,2026-06-30,JUN 2026
2026-06-23 14:55:00+05:30,NIFTY26JUNFUT,NSE:NIFTY26JUNFUT,23937.8,23948.8,23927.0,23933.5,17680.0,16063125.0,2026-06-30,2026-06-30,JUN 2026
2026-06-23 15:00:00+05:30,NIFTY26JUNFUT,NSE:NIFTY26JUNFUT,23933.5,23933.8,23851.7,23862.5,165100.0,16055650.0,2026-06-30,2026-06-30,JUN 2026
2026-06-23 15:05:00+05:30,NIFTY26JUNFUT,NSE:NIFTY26JUNFUT,23869.0,23897.5,23862.2,23876.0,89570.0,16081650.0,2026-06-30,2026-06-30,JUN 2026
2026-06-23 15:10:00+05:30,NIFTY26JUNFUT,NSE:NIFTY26JUNFUT,23878.2,23879.6,23862.0,23862.0,91910.0,16121170.0,2026-06-30,2026-06-30,JUN 2026
2026-06-23 15:15:00+05:30,NIFTY26JUNFUT,NSE:NIFTY26JUNFUT,23862.1,23866.0,23833.2,23842.2,183690.0,16189355.0,2026-06-30,2026-06-30,JUN 2026
2026-06-23 15:20:00+05:30,NIFTY26JUNFUT,NSE:NIFTY26JUNFUT,23842.1,23847.6,23826.0,23830.0,140205.0,16242265.0,2026-06-30,2026-06-30,JUN 2026
2026-06-23 15:25:00+05:30,NIFTY26JUNFUT,NSE:NIFTY26JUNFUT,23826.0,23832.9,23810.0,23810.0,160355.0,16290430.0,2026-06-30,2026-06-30,JUN 2026
2026-06-24 09:15:00+05:30,NIFTY26JUNFUT,NSE:NIFTY26JUNFUT,23830.0,23890.0,23805.1,23870.6,121095.0,15842775.0,2026-06-30,2026-06-30,JUN 2026
2026-06-24 09:20:00+05:30,NIFTY26JUNFUT,NSE:NIFTY26JUNFUT,23868.0,23890.0,23858.3,23875.7,88270.0,15846220.0,2026-06-30,2026-06-30,JUN 2026
2026-06-24 09:25:00+05:30,NIFTY26JUNFUT,NSE:NIFTY26JUNFUT,23875.7,23894.0,23873.2,23892.5,107250.0,15843555.0,2026-06-30,2026-06-30,JUN 2026
2026-06-24 09:30:00+05:30,NIFTY26JUNFUT,NSE:NIFTY26JUNFUT,23892.5,23899.0,23874.0,23880.0,84240.0,15814305.0,2026-06-30,2026-06-30,JUN 2026
2026-06-24 09:35:00+05:30,NIFTY26JUNFUT,NSE:NIFTY26JUNFUT,23880.0,23893.9,23867.3,23885.0,72410.0,15786875.0,2026-06-30,2026-06-30,JUN 2026
2026-06-24 09:40:00+05:30,NIFTY26JUNFUT,NSE:NIFTY26JUNFUT,23883.1,23897.9,23860.9,23870.0,61295.0,15755870.0,2026-06-30,2026-06-30,JUN 2026
2026-06-24 09:45:00+05:30,NIFTY26JUNFUT,NSE:NIFTY26JUNFUT,23870.0,23877.0,23820.0,23820.0,100555.0,15705625.0,2026-06-30,2026-06-30,JUN 2026
2026-06-24 09:50:00+05:30,NIFTY26JUNFUT,NSE:NIFTY26JUNFUT,23820.0,23839.4,23810.0,23826.1,94705.0,15680080.0,2026-06-30,2026-06-30,JUN 2026
2026-06-24 09:55:00+05:30,NIFTY26JUNFUT,NSE:NIFTY26JUNFUT,23827.0,23854.0,23825.3,23843.9,73125.0,15680210.0,2026-06-30,2026-06-30,JUN 2026
2026-06-24 10:00:00+05:30,NIFTY26JUNFUT,NSE:NIFTY26JUNFUT,23842.9,23915.0,23842.9,23896.2,142935.0,15643940.0,2026-06-30,2026-06-30,JUN 2026
2026-06-24 10:05:00+05:30,NIFTY26JUNFUT,NSE:NIFTY26JUNFUT,23896.1,23916.8,23890.6,23915.0,90415.0,15625610.0,2026-06-30,2026-06-30,JUN 2026
2026-06-24 10:10:00+05:30,NIFTY26JUNFUT,NSE:NIFTY26JUNFUT,23913.8,23925.0,23908.0,23920.6,100360.0,15604030.0,2026-06-30,2026-06-30,JUN 2026
2026-06-24 10:15:00+05:30,NIFTY26JUNFUT,NSE:NIFTY26JUNFUT,23920.6,23938.0,23916.0,23920.1,73775.0,15579070.0,2026-06-30,2026-06-30,JUN 2026
2026-06-24 10:20:00+05:30,NIFTY26JUNFUT,NSE:NIFTY26JUNFUT,23920.0,23959.9,23920.0,23952.5,123890.0,15578550.0,2026-06-30,2026-06-30,JUN 2026
2026-06-24 10:25:00+05:30,NIFTY26JUNFUT,NSE:NIFTY26JUNFUT,23951.0,23980.0,23950.0,23957.0,315835.0,15421185.0,2026-06-30,2026-06-30,JUN 2026
2026-06-24 10:30:00+05:30,NIFTY26JUNFUT,NSE:NIFTY26JUNFUT,23958.0,23970.0,23947.9,23958.9,106600.0,15384850.0,2026-06-30,2026-06-30,JUN 2026
2026-06-24 10:35:00+05:30,NIFTY26JUNFUT,NSE:NIFTY26JUNFUT,23958.9,23964.2,23945.1,23958.4,47645.0,15381730.0,2026-06-30,2026-06-30,JUN 2026
2026-06-24 10:40:00+05:30,NIFTY26JUNFUT,NSE:NIFTY26JUNFUT,23960.0,23967.0,23946.1,23946.2,36790.0,15363075.0,2026-06-30,2026-06-30,JUN 2026
2026-06-24 10:45:00+05:30,NIFTY26JUNFUT,NSE:NIFTY26JUNFUT,23946.1,23977.0,23946.1,23964.0,58045.0,15350790.0,2026-06-30,2026-06-30,JUN 2026
2026-06-24 10:50:00+05:30,NIFTY26JUNFUT,NSE:NIFTY26JUNFUT,23964.0,23969.0,23953.8,23955.0,36205.0,15333175.0,2026-06-30,2026-06-30,JUN 2026
2026-06-24 10:55:00+05:30,NIFTY26JUNFUT,NSE:NIFTY26JUNFUT,23954.2,23972.3,23950.0,23969.9,41665.0,15329535.0,2026-06-30,2026-06-30,JUN 2026
2026-06-24 11:00:00+05:30,NIFTY26JUNFUT,NSE:NIFTY26JUNFUT,23967.0,23994.0,23967.0,23980.0,105495.0,15297360.0,2026-06-30,2026-06-30,JUN 2026
2026-06-24 11:05:00+05:30,NIFTY26JUNFUT,NSE:NIFTY26JUNFUT,23980.0,23999.8,23970.5,23992.2,63635.0,15271880.0,2026-06-30,2026-06-30,JUN 2026
2026-06-24 11:10:00+05:30,NIFTY26JUNFUT,NSE:NIFTY26JUNFUT,23992.2,23999.9,23983.8,23995.0,61035.0,15274155.0,2026-06-30,2026-06-30,JUN 2026
2026-06-24 11:15:00+05:30,NIFTY26JUNFUT,NSE:NIFTY26JUNFUT,23995.0,23998.0,23975.7,23977.8,49075.0,15275195.0,2026-06-30,2026-06-30,JUN 2026
2026-06-24 11:20:00+05:30,NIFTY26JUNFUT,NSE:NIFTY26JUNFUT,23977.8,23990.0,23977.8,23985.0,41405.0,15280330.0,2026-06-30,2026-06-30,JUN 2026
2026-06-24 11:25:00+05:30,NIFTY26JUNFUT,NSE:NIFTY26JUNFUT,23985.0,23989.0,23981.8,23982.4,65130.0,15250690.0,2026-06-30,2026-06-30,JUN 2026
2026-06-24 11:30:00+05:30,NIFTY26JUNFUT,NSE:NIFTY26JUNFUT,23982.3,23986.1,23966.0,23984.1,63180.0,15228915.0,2026-06-30,2026-06-30,JUN 2026
2026-06-24 11:35:00+05:30,NIFTY26JUNFUT,NSE:NIFTY26JUNFUT,23984.1,23997.9,23981.7,23997.9,53950.0,15225990.0,2026-06-30,2026-06-30,JUN 2026
2026-06-24 11:40:00+05:30,NIFTY26JUNFUT,NSE:NIFTY26JUNFUT,23997.9,24023.0,23992.2,24023.0,80275.0,15210520.0,2026-06-30,2026-06-30,JUN 2026
2026-06-24 11:45:00+05:30,NIFTY26JUNFUT,NSE:NIFTY26JUNFUT,24014.2,24025.4,24010.2,24016.2,46280.0,15192450.0,2026-06-30,2026-06-30,JUN 2026
2026-06-24 11:50:00+05:30,NIFTY26JUNFUT,NSE:NIFTY26JUNFUT,24016.2,24024.0,24015.0,24022.7,48750.0,15177760.0,2026-06-30,2026-06-30,JUN 2026
2026-06-24 11:55:00+05:30,NIFTY26JUNFUT,NSE:NIFTY26JUNFUT,24022.7,24025.0,24001.2,24001.2,33800.0,15161575.0,2026-06-30,2026-06-30,JUN 2026
2026-06-24 12:00:00+05:30,NIFTY26JUNFUT,NSE:NIFTY26JUNFUT,24001.2,24020.0,24000.0,24019.0,44785.0,15159755.0,2026-06-30,2026-06-30,JUN 2026
2026-06-24 12:05:00+05:30,NIFTY26JUNFUT,NSE:NIFTY26JUNFUT,24019.0,24019.0,23996.0,24004.6,83265.0,15153645.0,2026-06-30,2026-06-30,JUN 2026
2026-06-24 12:10:00+05:30,NIFTY26JUNFUT,NSE:NIFTY26JUNFUT,24004.6,24005.4,23985.1,23987.3,109265.0,15162745.0,2026-06-30,2026-06-30,JUN 2026
2026-06-24 12:15:00+05:30,NIFTY26JUNFUT,NSE:NIFTY26JUNFUT,23987.2,24015.0,23987.0,24005.9,58435.0,15146885.0,2026-06-30,2026-06-30,JUN 2026
2026-06-24 12:20:00+05:30,NIFTY26JUNFUT,NSE:NIFTY26JUNFUT,24005.9,24025.0,24000.4,24019.9,57395.0,15146885.0,2026-06-30,2026-06-30,JUN 2026
2026-06-24 12:25:00+05:30,NIFTY26JUNFUT,NSE:NIFTY26JUNFUT,24019.0,24029.4,24005.6,24010.2,82160.0,15165605.0,2026-06-30,2026-06-30,JUN 2026
2026-06-24 12:30:00+05:30,NIFTY26JUNFUT,NSE:NIFTY26JUNFUT,24014.3,24014.5,23977.7,23988.6,79625.0,15173990.0,2026-06-30,2026-06-30,JUN 2026
2026-06-24 12:35:00+05:30,NIFTY26JUNFUT,NSE:NIFTY26JUNFUT,24000.5,24002.9,23984.2,23999.0,62270.0,15177760.0,2026-06-30,2026-06-30,JUN 2026
2026-06-24 12:40:00+05:30,NIFTY26JUNFUT,NSE:NIFTY26JUNFUT,24000.0,24014.0,23992.1,24013.9,45500.0,15174315.0,2026-06-30,2026-06-30,JUN 2026
2026-06-24 12:45:00+05:30,NIFTY26JUNFUT,NSE:NIFTY26JUNFUT,24013.9,24016.0,23995.3,23995.3,45305.0,15179320.0,2026-06-30,2026-06-30,JUN 2026
2026-06-24 12:50:00+05:30,NIFTY26JUNFUT,NSE:NIFTY26JUNFUT,23995.3,24026.0,23995.0,24018.0,54145.0,15186340.0,2026-06-30,2026-06-30,JUN 2026
2026-06-24 12:55:00+05:30,NIFTY26JUNFUT,NSE:NIFTY26JUNFUT,24015.0,24039.9,24008.3,24016.6,63765.0,15121470.0,2026-06-30,2026-06-30,JUN 2026
2026-06-24 13:00:00+05:30,NIFTY26JUNFUT,NSE:NIFTY26JUNFUT,24016.6,24037.2,24010.1,24013.2,145080.0,15120820.0,2026-06-30,2026-06-30,JUN 2026
2026-06-24 13:05:00+05:30,NIFTY26JUNFUT,NSE:NIFTY26JUNFUT,24013.2,24048.0,24009.0,24044.0,60710.0,15171585.0,2026-06-30,2026-06-30,JUN 2026
2026-06-24 13:10:00+05:30,NIFTY26JUNFUT,NSE:NIFTY26JUNFUT,24044.0,24059.5,24032.1,24059.5,93600.0,15161965.0,2026-06-30,2026-06-30,JUN 2026
2026-06-24 13:15:00+05:30,NIFTY26JUNFUT,NSE:NIFTY26JUNFUT,24055.0,24075.0,24055.0,24070.0,131300.0,15146950.0,2026-06-30,2026-06-30,JUN 2026
2026-06-24 13:20:00+05:30,NIFTY26JUNFUT,NSE:NIFTY26JUNFUT,24075.0,24080.0,24060.0,24062.0,67925.0,15170610.0,2026-06-30,2026-06-30,JUN 2026
2026-06-24 13:25:00+05:30,NIFTY26JUNFUT,NSE:NIFTY26JUNFUT,24064.8,24076.0,24055.0,24071.8,52585.0,15183610.0,2026-06-30,2026-06-30,JUN 2026
2026-06-24 13:30:00+05:30,NIFTY26JUNFUT,NSE:NIFTY26JUNFUT,24071.8,24095.0,24065.3,24095.0,100815.0,15199730.0,2026-06-30,2026-06-30,JUN 2026
2026-06-24 13:35:00+05:30,NIFTY26JUNFUT,NSE:NIFTY26JUNFUT,24095.0,24117.6,24086.0,24088.8,123890.0,15127060.0,2026-06-30,2026-06-30,JUN 2026
2026-06-24 13:40:00+05:30,NIFTY26JUNFUT,NSE:NIFTY26JUNFUT,24088.8,24101.9,24085.8,24101.0,78455.0,15152735.0,2026-06-30,2026-06-30,JUN 2026
2026-06-24 13:45:00+05:30,NIFTY26JUNFUT,NSE:NIFTY26JUNFUT,24101.0,24110.0,24090.0,24090.0,69875.0,15179905.0,2026-06-30,2026-06-30,JUN 2026
2026-06-24 13:50:00+05:30,NIFTY26JUNFUT,NSE:NIFTY26JUNFUT,24098.0,24098.0,24080.0,24087.1,62140.0,15189135.0,2026-06-30,2026-06-30,JUN 2026
2026-06-24 13:55:00+05:30,NIFTY26JUNFUT,NSE:NIFTY26JUNFUT,24087.1,24092.0,24070.0,24072.8,73450.0,15197520.0,2026-06-30,2026-06-30,JUN 2026
2026-06-24 14:00:00+05:30,NIFTY26JUNFUT,NSE:NIFTY26JUNFUT,24072.8,24085.0,24056.6,24060.1,96915.0,15208895.0,2026-06-30,2026-06-30,JUN 2026
2026-06-24 14:05:00+05:30,NIFTY26JUNFUT,NSE:NIFTY26JUNFUT,24059.2,24069.7,24038.2,24060.0,81250.0,15230150.0,2026-06-30,2026-06-30,JUN 2026
2026-06-24 14:10:00+05:30,NIFTY26JUNFUT,NSE:NIFTY26JUNFUT,24060.0,24080.9,24055.0,24069.5,70330.0,15218450.0,2026-06-30,2026-06-30,JUN 2026
2026-06-24 14:15:00+05:30,NIFTY26JUNFUT,NSE:NIFTY26JUNFUT,24069.5,24086.4,24065.0,24073.1,51220.0,15244255.0,2026-06-30,2026-06-30,JUN 2026
2026-06-24 14:20:00+05:30,NIFTY26JUNFUT,NSE:NIFTY26JUNFUT,24073.1,24085.0,24060.2,24070.0,57395.0,15288910.0,2026-06-30,2026-06-30,JUN 2026
2026-06-24 14:25:00+05:30,NIFTY26JUNFUT,NSE:NIFTY26JUNFUT,24070.0,24089.0,24063.0,24080.7,49855.0,15320695.0,2026-06-30,2026-06-30,JUN 2026
2026-06-24 14:30:00+05:30,NIFTY26JUNFUT,NSE:NIFTY26JUNFUT,24081.0,24081.0,24052.0,24057.2,33605.0,15294760.0,2026-06-30,2026-06-30,JUN 2026
2026-06-24 14:35:00+05:30,NIFTY26JUNFUT,NSE:NIFTY26JUNFUT,24062.0,24068.2,24045.0,24046.1,51090.0,15306655.0,2026-06-30,2026-06-30,JUN 2026
2026-06-24 14:40:00+05:30,NIFTY26JUNFUT,NSE:NIFTY26JUNFUT,24047.4,24082.2,24047.4,24063.4,57395.0,15321605.0,2026-06-30,2026-06-30,JUN 2026
2026-06-24 14:45:00+05:30,NIFTY26JUNFUT,NSE:NIFTY26JUNFUT,24063.9,24079.4,24042.7,24052.9,91910.0,15369250.0,2026-06-30,2026-06-30,JUN 2026
2026-06-24 14:50:00+05:30,NIFTY26JUNFUT,NSE:NIFTY26JUNFUT,24052.8,24080.0,24052.2,24069.0,76245.0,15424045.0,2026-06-30,2026-06-30,JUN 2026
2026-06-24 14:55:00+05:30,NIFTY26JUNFUT,NSE:NIFTY26JUNFUT,24065.9,24084.0,24051.0,24069.4,66300.0,15435290.0,2026-06-30,2026-06-30,JUN 2026
2026-06-24 15:00:00+05:30,NIFTY26JUNFUT,NSE:NIFTY26JUNFUT,24069.7,24070.0,24030.1,24059.8,75530.0,15449330.0,2026-06-30,2026-06-30,JUN 2026
2026-06-24 15:05:00+05:30,NIFTY26JUNFUT,NSE:NIFTY26JUNFUT,24060.2,24062.0,24038.6,24057.3,72020.0,15448940.0,2026-06-30,2026-06-30,JUN 2026
2026-06-24 15:10:00+05:30,NIFTY26JUNFUT,NSE:NIFTY26JUNFUT,24056.2,24056.2,24027.9,24042.9,93600.0,15435355.0,2026-06-30,2026-06-30,JUN 2026
2026-06-24 15:15:00+05:30,NIFTY26JUNFUT,NSE:NIFTY26JUNFUT,24030.0,24080.0,24028.5,24049.7,85410.0,15408510.0,2026-06-30,2026-06-30,JUN 2026
2026-06-24 15:20:00+05:30,NIFTY26JUNFUT,NSE:NIFTY26JUNFUT,24049.4,24067.4,24040.0,24065.0,77740.0,15422420.0,2026-06-30,2026-06-30,JUN 2026
2026-06-24 15:25:00+05:30,NIFTY26JUNFUT,NSE:NIFTY26JUNFUT,24065.7,24066.3,24050.0,24053.6,81055.0,15404350.0,2026-06-30,2026-06-30,JUN 2026
2026-06-25 09:15:00+05:30,NIFTY26JUNFUT,NSE:NIFTY26JUNFUT,24129.3,24152.0,24112.0,24129.7,158795.0,13148525.0,2026-06-30,2026-06-30,JUN 2026
2026-06-25 09:20:00+05:30,NIFTY26JUNFUT,NSE:NIFTY26JUNFUT,24129.0,24160.0,24126.7,24152.8,173810.0,13184015.0,2026-06-30,2026-06-30,JUN 2026
2026-06-25 09:25:00+05:30,NIFTY26JUNFUT,NSE:NIFTY26JUNFUT,24153.3,24170.0,24141.6,24145.5,125450.0,13154245.0,2026-06-30,2026-06-30,JUN 2026
2026-06-25 09:30:00+05:30,NIFTY26JUNFUT,NSE:NIFTY26JUNFUT,24145.7,24155.0,24125.5,24142.7,83395.0,13133380.0,2026-06-30,2026-06-30,JUN 2026
2026-06-25 09:35:00+05:30,NIFTY26JUNFUT,NSE:NIFTY26JUNFUT,24141.0,24150.0,24133.6,24150.0,44590.0,13103480.0,2026-06-30,2026-06-30,JUN 2026
2026-06-25 09:40:00+05:30,NIFTY26JUNFUT,NSE:NIFTY26JUNFUT,24150.0,24152.5,24129.7,24144.0,60840.0,13070070.0,2026-06-30,2026-06-30,JUN 2026
2026-06-25 09:45:00+05:30,NIFTY26JUNFUT,NSE:NIFTY26JUNFUT,24144.0,24175.0,24142.8,24172.0,113360.0,13054990.0,2026-06-30,2026-06-30,JUN 2026
2026-06-25 09:50:00+05:30,NIFTY26JUNFUT,NSE:NIFTY26JUNFUT,24172.0,24199.0,24165.4,24190.0,116350.0,13030095.0,2026-06-30,2026-06-30,JUN 2026
2026-06-25 09:55:00+05:30,NIFTY26JUNFUT,NSE:NIFTY26JUNFUT,24190.0,24193.0,24183.0,24185.0,51220.0,12995320.0,2026-06-30,2026-06-30,JUN 2026
2026-06-25 10:00:00+05:30,NIFTY26JUNFUT,NSE:NIFTY26JUNFUT,24185.0,24189.5,24172.7,24186.0,68575.0,12976145.0,2026-06-30,2026-06-30,JUN 2026
2026-06-25 10:05:00+05:30,NIFTY26JUNFUT,NSE:NIFTY26JUNFUT,24186.0,24189.5,24170.0,24175.0,60385.0,12956255.0,2026-06-30,2026-06-30,JUN 2026
2026-06-25 10:10:00+05:30,NIFTY26JUNFUT,NSE:NIFTY26JUNFUT,24174.2,24194.9,24168.5,24194.9,50895.0,12949560.0,2026-06-30,2026-06-30,JUN 2026
2026-06-25 10:15:00+05:30,NIFTY26JUNFUT,NSE:NIFTY26JUNFUT,24195.0,24200.0,24181.5,24188.0,84370.0,12918750.0,2026-06-30,2026-06-30,JUN 2026
2026-06-25 10:20:00+05:30,NIFTY26JUNFUT,NSE:NIFTY26JUNFUT,24188.0,24192.7,24181.0,24183.5,43550.0,12904645.0,2026-06-30,2026-06-30,JUN 2026
2026-06-25 10:25:00+05:30,NIFTY26JUNFUT,NSE:NIFTY26JUNFUT,24183.5,24193.0,24183.0,24183.1,42380.0,12789660.0,2026-06-30,2026-06-30,JUN 2026
2026-06-25 10:30:00+05:30,NIFTY26JUNFUT,NSE:NIFTY26JUNFUT,24183.1,24194.0,24183.0,24183.0,42705.0,12808640.0,2026-06-30,2026-06-30,JUN 2026
2026-06-25 10:35:00+05:30,NIFTY26JUNFUT,NSE:NIFTY26JUNFUT,24183.0,24190.0,24180.0,24185.0,34970.0,12776920.0,2026-06-30,2026-06-30,JUN 2026
2026-06-25 10:40:00+05:30,NIFTY26JUNFUT,NSE:NIFTY26JUNFUT,24185.0,24192.0,24180.5,24191.0,68445.0,12769835.0,2026-06-30,2026-06-30,JUN 2026
2026-06-25 10:45:00+05:30,NIFTY26JUNFUT,NSE:NIFTY26JUNFUT,24192.0,24210.0,24192.0,24205.0,116415.0,12735905.0,2026-06-30,2026-06-30,JUN 2026
2026-06-25 10:50:00+05:30,NIFTY26JUNFUT,NSE:NIFTY26JUNFUT,24209.0,24210.0,24190.0,24190.0,56485.0,12742925.0,2026-06-30,2026-06-30,JUN 2026
2026-06-25 10:55:00+05:30,NIFTY26JUNFUT,NSE:NIFTY26JUNFUT,24190.0,24203.7,24190.0,24203.7,50375.0,12687610.0,2026-06-30,2026-06-30,JUN 2026
2026-06-25 11:00:00+05:30,NIFTY26JUNFUT,NSE:NIFTY26JUNFUT,24203.7,24205.0,24188.4,24194.6,40105.0,12692420.0,2026-06-30,2026-06-30,JUN 2026
2026-06-25 11:05:00+05:30,NIFTY26JUNFUT,NSE:NIFTY26JUNFUT,24194.6,24198.1,24187.0,24197.5,41210.0,12658100.0,2026-06-30,2026-06-30,JUN 2026
2026-06-25 11:10:00+05:30,NIFTY26JUNFUT,NSE:NIFTY26JUNFUT,24197.5,24205.0,24195.3,24204.9,57200.0,12654720.0,2026-06-30,2026-06-30,JUN 2026
2026-06-25 11:15:00+05:30,NIFTY26JUNFUT,NSE:NIFTY26JUNFUT,24204.9,24215.0,24201.9,24205.5,50830.0,12650560.0,2026-06-30,2026-06-30,JUN 2026
2026-06-25 11:20:00+05:30,NIFTY26JUNFUT,NSE:NIFTY26JUNFUT,24205.5,24215.0,24203.2,24207.1,56160.0,12667005.0,2026-06-30,2026-06-30,JUN 2026
2026-06-25 11:25:00+05:30,NIFTY26JUNFUT,NSE:NIFTY26JUNFUT,24207.0,24210.0,24197.5,24203.0,86125.0,12675455.0,2026-06-30,2026-06-30,JUN 2026
2026-06-25 11:30:00+05:30,NIFTY26JUNFUT,NSE:NIFTY26JUNFUT,24201.1,24205.0,24191.1,24197.8,52455.0,12682800.0,2026-06-30,2026-06-30,JUN 2026
2026-06-25 11:35:00+05:30,NIFTY26JUNFUT,NSE:NIFTY26JUNFUT,24198.0,24211.0,24193.0,24204.6,54080.0,12698855.0,2026-06-30,2026-06-30,JUN 2026
2026-06-25 11:40:00+05:30,NIFTY26JUNFUT,NSE:NIFTY26JUNFUT,24204.6,24214.0,24203.0,24207.1,43550.0,12711595.0,2026-06-30,2026-06-30,JUN 2026
2026-06-25 11:45:00+05:30,NIFTY26JUNFUT,NSE:NIFTY26JUNFUT,24208.0,24219.0,24206.0,24219.0,46865.0,12725245.0,2026-06-30,2026-06-30,JUN 2026
2026-06-25 11:50:00+05:30,NIFTY26JUNFUT,NSE:NIFTY26JUNFUT,24219.0,24225.0,24211.5,24221.0,82875.0,12715755.0,2026-06-30,2026-06-30,JUN 2026
2026-06-25 11:55:00+05:30,NIFTY26JUNFUT,NSE:NIFTY26JUNFUT,24220.1,24259.5,24220.1,24254.9,124995.0,12688650.0,2026-06-30,2026-06-30,JUN 2026
2026-06-25 12:00:00+05:30,NIFTY26JUNFUT,NSE:NIFTY26JUNFUT,24258.0,24274.0,24253.4,24271.0,125060.0,12690145.0,2026-06-30,2026-06-30,JUN 2026
2026-06-25 12:05:00+05:30,NIFTY26JUNFUT,NSE:NIFTY26JUNFUT,24270.1,24274.0,24260.2,24266.0,77545.0,12713155.0,2026-06-30,2026-06-30,JUN 2026
2026-06-25 12:10:00+05:30,NIFTY26JUNFUT,NSE:NIFTY26JUNFUT,24268.0,24279.9,24262.0,24265.0,85995.0,12724790.0,2026-06-30,2026-06-30,JUN 2026
2026-06-25 12:15:00+05:30,NIFTY26JUNFUT,NSE:NIFTY26JUNFUT,24265.0,24276.0,24258.5,24264.8,63115.0,12731030.0,2026-06-30,2026-06-30,JUN 2026
2026-06-25 12:20:00+05:30,NIFTY26JUNFUT,NSE:NIFTY26JUNFUT,24264.8,24272.0,24244.1,24250.1,59930.0,12746500.0,2026-06-30,2026-06-30,JUN 2026
2026-06-25 12:25:00+05:30,NIFTY26JUNFUT,NSE:NIFTY26JUNFUT,24250.1,24250.1,24217.0,24224.0,59085.0,12753325.0,2026-06-30,2026-06-30,JUN 2026
2026-06-25 12:30:00+05:30,NIFTY26JUNFUT,NSE:NIFTY26JUNFUT,24225.0,24238.9,24191.9,24218.1,80990.0,12743575.0,2026-06-30,2026-06-30,JUN 2026
2026-06-25 12:35:00+05:30,NIFTY26JUNFUT,NSE:NIFTY26JUNFUT,24217.4,24232.0,24208.0,24230.0,52195.0,12747020.0,2026-06-30,2026-06-30,JUN 2026
2026-06-25 12:40:00+05:30,NIFTY26JUNFUT,NSE:NIFTY26JUNFUT,24230.0,24233.6,24209.0,24209.0,35295.0,12760800.0,2026-06-30,2026-06-30,JUN 2026
2026-06-25 12:45:00+05:30,NIFTY26JUNFUT,NSE:NIFTY26JUNFUT,24209.0,24220.0,24199.1,24215.0,40365.0,12777115.0,2026-06-30,2026-06-30,JUN 2026
2026-06-25 12:50:00+05:30,NIFTY26JUNFUT,NSE:NIFTY26JUNFUT,24215.0,24228.0,24205.0,24214.5,39910.0,12782185.0,2026-06-30,2026-06-30,JUN 2026
2026-06-25 12:55:00+05:30,NIFTY26JUNFUT,NSE:NIFTY26JUNFUT,24222.0,24225.0,24204.0,24207.5,35165.0,12739740.0,2026-06-30,2026-06-30,JUN 2026
2026-06-25 13:00:00+05:30,NIFTY26JUNFUT,NSE:NIFTY26JUNFUT,24207.5,24230.0,24204.0,24225.0,84565.0,12777050.0,2026-06-30,2026-06-30,JUN 2026
2026-06-25 13:05:00+05:30,NIFTY26JUNFUT,NSE:NIFTY26JUNFUT,24225.0,24228.8,24206.0,24209.0,28470.0,12786475.0,2026-06-30,2026-06-30,JUN 2026
2026-06-25 13:10:00+05:30,NIFTY26JUNFUT,NSE:NIFTY26JUNFUT,24209.0,24217.0,24181.5,24191.0,51740.0,12804025.0,2026-06-30,2026-06-30,JUN 2026
2026-06-25 13:15:00+05:30,NIFTY26JUNFUT,NSE:NIFTY26JUNFUT,24191.0,24214.3,24180.5,24202.5,97825.0,12825800.0,2026-06-30,2026-06-30,JUN 2026
2026-06-25 13:20:00+05:30,NIFTY26JUNFUT,NSE:NIFTY26JUNFUT,24213.9,24220.0,24201.1,24205.0,53365.0,12836915.0,2026-06-30,2026-06-30,JUN 2026
2026-06-25 13:25:00+05:30,NIFTY26JUNFUT,NSE:NIFTY26JUNFUT,24205.0,24212.5,24195.6,24200.0,41275.0,12842115.0,2026-06-30,2026-06-30,JUN 2026
2026-06-25 13:30:00+05:30,NIFTY26JUNFUT,NSE:NIFTY26JUNFUT,24200.0,24213.9,24193.5,24211.1,44395.0,12843350.0,2026-06-30,2026-06-30,JUN 2026
2026-06-25 13:35:00+05:30,NIFTY26JUNFUT,NSE:NIFTY26JUNFUT,24211.1,24218.0,24200.0,24218.0,41535.0,12854920.0,2026-06-30,2026-06-30,JUN 2026
2026-06-25 13:40:00+05:30,NIFTY26JUNFUT,NSE:NIFTY26JUNFUT,24218.0,24228.9,24211.1,24219.9,55510.0,12865775.0,2026-06-30,2026-06-30,JUN 2026
2026-06-25 13:45:00+05:30,NIFTY26JUNFUT,NSE:NIFTY26JUNFUT,24219.9,24224.4,24211.1,24217.0,26650.0,12871885.0,2026-06-30,2026-06-30,JUN 2026
2026-06-25 13:50:00+05:30,NIFTY26JUNFUT,NSE:NIFTY26JUNFUT,24216.0,24221.1,24203.0,24203.0,34450.0,12886315.0,2026-06-30,2026-06-30,JUN 2026
2026-06-25 13:55:00+05:30,NIFTY26JUNFUT,NSE:NIFTY26JUNFUT,24203.0,24209.0,24190.0,24190.0,41080.0,12899445.0,2026-06-30,2026-06-30,JUN 2026
2026-06-25 14:00:00+05:30,NIFTY26JUNFUT,NSE:NIFTY26JUNFUT,24190.0,24201.1,24181.0,24200.0,50960.0,12915305.0,2026-06-30,2026-06-30,JUN 2026
2026-06-25 14:05:00+05:30,NIFTY26JUNFUT,NSE:NIFTY26JUNFUT,24203.0,24204.8,24185.0,24192.0,35620.0,12930190.0,2026-06-30,2026-06-30,JUN 2026
2026-06-25 14:10:00+05:30,NIFTY26JUNFUT,NSE:NIFTY26JUNFUT,24190.0,24190.0,24142.2,24155.5,113230.0,12921675.0,2026-06-30,2026-06-30,JUN 2026
2026-06-25 14:15:00+05:30,NIFTY26JUNFUT,NSE:NIFTY26JUNFUT,24150.5,24154.5,24117.1,24132.6,149565.0,12887550.0,2026-06-30,2026-06-30,JUN 2026
2026-06-25 14:20:00+05:30,NIFTY26JUNFUT,NSE:NIFTY26JUNFUT,24132.6,24140.0,24100.0,24121.5,116805.0,12339925.0,2026-06-30,2026-06-30,JUN 2026
2026-06-25 14:25:00+05:30,NIFTY26JUNFUT,NSE:NIFTY26JUNFUT,24124.6,24125.0,24090.0,24120.8,136630.0,12365730.0,2026-06-30,2026-06-30,JUN 2026
2026-06-25 14:30:00+05:30,NIFTY26JUNFUT,NSE:NIFTY26JUNFUT,24119.2,24128.7,24103.2,24121.1,103025.0,12329980.0,2026-06-30,2026-06-30,JUN 2026
2026-06-25 14:35:00+05:30,NIFTY26JUNFUT,NSE:NIFTY26JUNFUT,24121.1,24138.0,24110.0,24112.8,95615.0,12356500.0,2026-06-30,2026-06-30,JUN 2026
2026-06-25 14:40:00+05:30,NIFTY26JUNFUT,NSE:NIFTY26JUNFUT,24112.8,24119.0,24083.1,24091.7,85995.0,12359230.0,2026-06-30,2026-06-30,JUN 2026
2026-06-25 14:45:00+05:30,NIFTY26JUNFUT,NSE:NIFTY26JUNFUT,24091.9,24107.5,24088.0,24095.1,153920.0,12332580.0,2026-06-30,2026-06-30,JUN 2026
2026-06-25 14:50:00+05:30,NIFTY26JUNFUT,NSE:NIFTY26JUNFUT,24095.1,24131.6,24092.0,24118.0,61360.0,12281685.0,2026-06-30,2026-06-30,JUN 2026
2026-06-25 14:55:00+05:30,NIFTY26JUNFUT,NSE:NIFTY26JUNFUT,24118.0,24123.9,24095.0,24105.1,65260.0,12272975.0,2026-06-30,2026-06-30,JUN 2026
2026-06-25 15:00:00+05:30,NIFTY26JUNFUT,NSE:NIFTY26JUNFUT,24107.6,24108.0,24080.1,24094.6,134810.0,12286365.0,2026-06-30,2026-06-30,JUN 2026
2026-06-25 15:05:00+05:30,NIFTY26JUNFUT,NSE:NIFTY26JUNFUT,24097.2,24116.0,24083.0,24104.9,185640.0,12264070.0,2026-06-30,2026-06-30,JUN 2026
2026-06-25 15:10:00+05:30,NIFTY26JUNFUT,NSE:NIFTY26JUNFUT,24105.0,24115.0,24100.0,24114.2,136695.0,12192895.0,2026-06-30,2026-06-30,JUN 2026
2026-06-25 15:15:00+05:30,NIFTY26JUNFUT,NSE:NIFTY26JUNFUT,24115.0,24120.0,24100.0,24105.0,122720.0,12160590.0,2026-06-30,2026-06-30,JUN 2026
2026-06-25 15:20:00+05:30,NIFTY26JUNFUT,NSE:NIFTY26JUNFUT,24108.0,24108.0,24089.7,24105.0,98670.0,12144665.0,2026-06-30,2026-06-30,JUN 2026
2026-06-25 15:25:00+05:30,NIFTY26JUNFUT,NSE:NIFTY26JUNFUT,24105.0,24110.0,24087.8,24103.3,110695.0,12147460.0,2026-06-30,2026-06-30,JUN 2026
2026-06-29 09:15:00+05:30,NIFTY26JUNFUT,NSE:NIFTY26JUNFUT,24065.0,24115.2,24050.1,24104.3,107380.0,9942335.0,2026-06-30,2026-06-30,JUN 2026
2026-06-29 09:20:00+05:30,NIFTY26JUNFUT,NSE:NIFTY26JUNFUT,24100.2,24125.0,24092.0,24092.0,86125.0,9928685.0,2026-06-30,2026-06-30,JUN 2026
2026-06-29 09:25:00+05:30,NIFTY26JUNFUT,NSE:NIFTY26JUNFUT,24089.8,24096.1,24066.1,24079.2,91975.0,9933690.0,2026-06-30,2026-06-30,JUN 2026
2026-06-29 09:30:00+05:30,NIFTY26JUNFUT,NSE:NIFTY26JUNFUT,24079.2,24083.2,24036.9,24040.0,84175.0,9925045.0,2026-06-30,2026-06-30,JUN 2026
2026-06-29 09:35:00+05:30,NIFTY26JUNFUT,NSE:NIFTY26JUNFUT,24036.0,24075.0,24030.0,24074.8,87880.0,9910160.0,2026-06-30,2026-06-30,JUN 2026
2026-06-29 09:40:00+05:30,NIFTY26JUNFUT,NSE:NIFTY26JUNFUT,24075.0,24100.0,24065.5,24099.1,74100.0,9887605.0,2026-06-30,2026-06-30,JUN 2026
2026-06-29 09:45:00+05:30,NIFTY26JUNFUT,NSE:NIFTY26JUNFUT,24099.1,24105.0,24082.0,24097.1,68055.0,9870770.0,2026-06-30,2026-06-30,JUN 2026
2026-06-29 09:50:00+05:30,NIFTY26JUNFUT,NSE:NIFTY26JUNFUT,24097.1,24099.0,24077.7,24089.9,51025.0,9858485.0,2026-06-30,2026-06-30,JUN 2026
2026-06-29 09:55:00+05:30,NIFTY26JUNFUT,NSE:NIFTY26JUNFUT,24086.5,24099.9,24076.0,24092.9,40300.0,9843925.0,2026-06-30,2026-06-30,JUN 2026
2026-06-29 10:00:00+05:30,NIFTY26JUNFUT,NSE:NIFTY26JUNFUT,24095.0,24105.0,24065.0,24068.0,71305.0,9818510.0,2026-06-30,2026-06-30,JUN 2026
2026-06-29 10:05:00+05:30,NIFTY26JUNFUT,NSE:NIFTY26JUNFUT,24068.0,24099.0,24065.0,24086.2,46410.0,9823320.0,2026-06-30,2026-06-30,JUN 2026
2026-06-29 10:10:00+05:30,NIFTY26JUNFUT,NSE:NIFTY26JUNFUT,24085.0,24091.0,24067.1,24074.1,58825.0,9813050.0,2026-06-30,2026-06-30,JUN 2026
2026-06-29 10:15:00+05:30,NIFTY26JUNFUT,NSE:NIFTY26JUNFUT,24074.0,24079.4,24060.5,24075.0,125060.0,9866155.0,2026-06-30,2026-06-30,JUN 2026
2026-06-29 10:20:00+05:30,NIFTY26JUNFUT,NSE:NIFTY26JUNFUT,24073.0,24116.0,24068.1,24116.0,77870.0,9849515.0,2026-06-30,2026-06-30,JUN 2026
2026-06-29 10:25:00+05:30,NIFTY26JUNFUT,NSE:NIFTY26JUNFUT,24114.8,24139.0,24111.8,24133.4,113100.0,9841390.0,2026-06-30,2026-06-30,JUN 2026
2026-06-29 10:30:00+05:30,NIFTY26JUNFUT,NSE:NIFTY26JUNFUT,24130.0,24135.0,24112.4,24126.2,116350.0,9826310.0,2026-06-30,2026-06-30,JUN 2026
2026-06-29 10:35:00+05:30,NIFTY26JUNFUT,NSE:NIFTY26JUNFUT,24125.1,24130.0,24105.0,24115.0,88855.0,9804275.0,2026-06-30,2026-06-30,JUN 2026
2026-06-29 10:40:00+05:30,NIFTY26JUNFUT,NSE:NIFTY26JUNFUT,24123.5,24135.0,24110.0,24135.0,42900.0,9772880.0,2026-06-30,2026-06-30,JUN 2026
2026-06-29 10:45:00+05:30,NIFTY26JUNFUT,NSE:NIFTY26JUNFUT,24134.9,24135.0,24098.4,24103.2,53625.0,9764040.0,2026-06-30,2026-06-30,JUN 2026
2026-06-29 10:50:00+05:30,NIFTY26JUNFUT,NSE:NIFTY26JUNFUT,24103.2,24107.5,24063.1,24075.0,55575.0,9764235.0,2026-06-30,2026-06-30,JUN 2026
2026-06-29 10:55:00+05:30,NIFTY26JUNFUT,NSE:NIFTY26JUNFUT,24075.0,24090.0,24068.0,24084.8,48100.0,9761765.0,2026-06-30,2026-06-30,JUN 2026
2026-06-29 11:00:00+05:30,NIFTY26JUNFUT,NSE:NIFTY26JUNFUT,24084.8,24109.0,24071.2,24106.0,61815.0,9761700.0,2026-06-30,2026-06-30,JUN 2026
2026-06-29 11:05:00+05:30,NIFTY26JUNFUT,NSE:NIFTY26JUNFUT,24106.0,24111.6,24086.1,24103.5,76115.0,9620325.0,2026-06-30,2026-06-30,JUN 2026
2026-06-29 11:10:00+05:30,NIFTY26JUNFUT,NSE:NIFTY26JUNFUT,24103.5,24109.1,24090.4,24095.4,48035.0,9577295.0,2026-06-30,2026-06-30,JUN 2026
2026-06-29 11:15:00+05:30,NIFTY26JUNFUT,NSE:NIFTY26JUNFUT,24095.4,24105.4,24090.0,24099.0,50310.0,9562280.0,2026-06-30,2026-06-30,JUN 2026
2026-06-29 11:20:00+05:30,NIFTY26JUNFUT,NSE:NIFTY26JUNFUT,24098.2,24104.8,24086.0,24089.3,48815.0,9545055.0,2026-06-30,2026-06-30,JUN 2026
2026-06-29 11:25:00+05:30,NIFTY26JUNFUT,NSE:NIFTY26JUNFUT,24085.0,24093.5,24074.0,24087.0,60580.0,9546420.0,2026-06-30,2026-06-30,JUN 2026
2026-06-29 11:30:00+05:30,NIFTY26JUNFUT,NSE:NIFTY26JUNFUT,24079.9,24087.7,24024.1,24045.0,72735.0,9544145.0,2026-06-30,2026-06-30,JUN 2026
2026-06-29 11:35:00+05:30,NIFTY26JUNFUT,NSE:NIFTY26JUNFUT,24045.0,24065.0,24038.9,24061.0,83135.0,9540570.0,2026-06-30,2026-06-30,JUN 2026
2026-06-29 11:40:00+05:30,NIFTY26JUNFUT,NSE:NIFTY26JUNFUT,24061.0,24064.1,24046.7,24049.6,36205.0,9525165.0,2026-06-30,2026-06-30,JUN 2026
2026-06-29 11:45:00+05:30,NIFTY26JUNFUT,NSE:NIFTY26JUNFUT,24045.0,24055.9,24041.0,24045.9,36205.0,9519965.0,2026-06-30,2026-06-30,JUN 2026
2026-06-29 11:50:00+05:30,NIFTY26JUNFUT,NSE:NIFTY26JUNFUT,24040.0,24045.0,24010.3,24021.0,78065.0,9529585.0,2026-06-30,2026-06-30,JUN 2026
2026-06-29 11:55:00+05:30,NIFTY26JUNFUT,NSE:NIFTY26JUNFUT,24017.2,24037.8,24010.0,24028.4,95810.0,9523475.0,2026-06-30,2026-06-30,JUN 2026
2026-06-29 12:00:00+05:30,NIFTY26JUNFUT,NSE:NIFTY26JUNFUT,24028.4,24036.1,24025.0,24025.5,72995.0,9539400.0,2026-06-30,2026-06-30,JUN 2026
2026-06-29 12:05:00+05:30,NIFTY26JUNFUT,NSE:NIFTY26JUNFUT,24025.5,24035.0,24021.4,24035.0,60775.0,9548305.0,2026-06-30,2026-06-30,JUN 2026
2026-06-29 12:10:00+05:30,NIFTY26JUNFUT,NSE:NIFTY26JUNFUT,24035.0,24036.0,24005.0,24009.5,75790.0,9563580.0,2026-06-30,2026-06-30,JUN 2026
2026-06-29 12:15:00+05:30,NIFTY26JUNFUT,NSE:NIFTY26JUNFUT,24010.5,24016.0,23983.5,23995.0,96070.0,9571770.0,2026-06-30,2026-06-30,JUN 2026
2026-06-29 12:20:00+05:30,NIFTY26JUNFUT,NSE:NIFTY26JUNFUT,23995.0,24006.8,23990.0,24003.8,54600.0,9550515.0,2026-06-30,2026-06-30,JUN 2026
2026-06-29 12:25:00+05:30,NIFTY26JUNFUT,NSE:NIFTY26JUNFUT,24003.8,24008.3,23988.0,23990.0,122330.0,9545900.0,2026-06-30,2026-06-30,JUN 2026
2026-06-29 12:30:00+05:30,NIFTY26JUNFUT,NSE:NIFTY26JUNFUT,23990.0,23994.4,23947.0,23961.9,110435.0,9546550.0,2026-06-30,2026-06-30,JUN 2026
2026-06-29 12:35:00+05:30,NIFTY26JUNFUT,NSE:NIFTY26JUNFUT,23961.0,23968.6,23947.0,23954.0,53040.0,9545705.0,2026-06-30,2026-06-30,JUN 2026
2026-06-29 12:40:00+05:30,NIFTY26JUNFUT,NSE:NIFTY26JUNFUT,23954.0,23966.3,23943.0,23965.5,52585.0,9540960.0,2026-06-30,2026-06-30,JUN 2026
2026-06-29 12:45:00+05:30,NIFTY26JUNFUT,NSE:NIFTY26JUNFUT,23965.0,23980.9,23960.0,23970.0,89505.0,9534980.0,2026-06-30,2026-06-30,JUN 2026
2026-06-29 12:50:00+05:30,NIFTY26JUNFUT,NSE:NIFTY26JUNFUT,23967.1,23974.3,23955.9,23970.0,34450.0,9531990.0,2026-06-30,2026-06-30,JUN 2026
2026-06-29 12:55:00+05:30,NIFTY26JUNFUT,NSE:NIFTY26JUNFUT,23970.0,23986.1,23969.1,23981.2,54535.0,9525295.0,2026-06-30,2026-06-30,JUN 2026
2026-06-29 13:00:00+05:30,NIFTY26JUNFUT,NSE:NIFTY26JUNFUT,23981.2,23987.0,23959.0,23984.1,93080.0,9528935.0,2026-06-30,2026-06-30,JUN 2026
2026-06-29 13:05:00+05:30,NIFTY26JUNFUT,NSE:NIFTY26JUNFUT,23982.1,23999.0,23969.1,23998.9,41925.0,9537775.0,2026-06-30,2026-06-30,JUN 2026
2026-06-29 13:10:00+05:30,NIFTY26JUNFUT,NSE:NIFTY26JUNFUT,23998.8,23998.8,23979.8,23980.1,50570.0,9541675.0,2026-06-30,2026-06-30,JUN 2026
2026-06-29 13:15:00+05:30,NIFTY26JUNFUT,NSE:NIFTY26JUNFUT,23980.1,23983.7,23958.3,23971.4,45240.0,9540895.0,2026-06-30,2026-06-30,JUN 2026
2026-06-29 13:20:00+05:30,NIFTY26JUNFUT,NSE:NIFTY26JUNFUT,23971.4,23979.4,23960.4,23970.0,26780.0,9542195.0,2026-06-30,2026-06-30,JUN 2026
2026-06-29 13:25:00+05:30,NIFTY26JUNFUT,NSE:NIFTY26JUNFUT,23970.0,23986.4,23960.7,23985.3,33345.0,9502805.0,2026-06-30,2026-06-30,JUN 2026
2026-06-29 13:30:00+05:30,NIFTY26JUNFUT,NSE:NIFTY26JUNFUT,23982.9,24000.0,23973.1,23973.1,75075.0,9494095.0,2026-06-30,2026-06-30,JUN 2026
2026-06-29 13:35:00+05:30,NIFTY26JUNFUT,NSE:NIFTY26JUNFUT,23973.1,23997.0,23960.8,23978.9,33670.0,9494940.0,2026-06-30,2026-06-30,JUN 2026
2026-06-29 13:40:00+05:30,NIFTY26JUNFUT,NSE:NIFTY26JUNFUT,23982.0,23988.0,23959.0,23968.4,33345.0,9484345.0,2026-06-30,2026-06-30,JUN 2026
2026-06-29 13:45:00+05:30,NIFTY26JUNFUT,NSE:NIFTY26JUNFUT,23968.4,23978.0,23960.0,23965.1,41600.0,9484995.0,2026-06-30,2026-06-30,JUN 2026
2026-06-29 13:50:00+05:30,NIFTY26JUNFUT,NSE:NIFTY26JUNFUT,23965.1,23970.2,23950.0,23967.6,46800.0,9474790.0,2026-06-30,2026-06-30,JUN 2026
2026-06-29 13:55:00+05:30,NIFTY26JUNFUT,NSE:NIFTY26JUNFUT,23967.8,23984.2,23960.0,23972.1,25545.0,9469720.0,2026-06-30,2026-06-30,JUN 2026
2026-06-29 14:00:00+05:30,NIFTY26JUNFUT,NSE:NIFTY26JUNFUT,23970.3,23990.0,23961.1,23983.2,41080.0,9458410.0,2026-06-30,2026-06-30,JUN 2026
2026-06-29 14:05:00+05:30,NIFTY26JUNFUT,NSE:NIFTY26JUNFUT,23983.2,23989.6,23975.0,23976.0,27105.0,9456590.0,2026-06-30,2026-06-30,JUN 2026
2026-06-29 14:10:00+05:30,NIFTY26JUNFUT,NSE:NIFTY26JUNFUT,23976.0,23986.7,23969.5,23982.5,33215.0,9455095.0,2026-06-30,2026-06-30,JUN 2026
2026-06-29 14:15:00+05:30,NIFTY26JUNFUT,NSE:NIFTY26JUNFUT,23982.5,23989.0,23965.4,23983.1,44265.0,9455160.0,2026-06-30,2026-06-30,JUN 2026
2026-06-29 14:20:00+05:30,NIFTY26JUNFUT,NSE:NIFTY26JUNFUT,23983.1,23998.0,23965.0,23968.6,45175.0,9443005.0,2026-06-30,2026-06-30,JUN 2026
2026-06-29 14:25:00+05:30,NIFTY26JUNFUT,NSE:NIFTY26JUNFUT,23968.6,23980.0,23960.1,23968.0,60970.0,9443070.0,2026-06-30,2026-06-30,JUN 2026
2026-06-29 14:30:00+05:30,NIFTY26JUNFUT,NSE:NIFTY26JUNFUT,23974.9,23997.0,23954.0,23990.9,67795.0,9440470.0,2026-06-30,2026-06-30,JUN 2026
2026-06-29 14:35:00+05:30,NIFTY26JUNFUT,NSE:NIFTY26JUNFUT,23989.8,23993.0,23960.5,23973.0,70720.0,9430265.0,2026-06-30,2026-06-30,JUN 2026
2026-06-29 14:40:00+05:30,NIFTY26JUNFUT,NSE:NIFTY26JUNFUT,23973.0,23995.0,23967.6,23992.0,50440.0,9427275.0,2026-06-30,2026-06-30,JUN 2026
2026-06-29 14:45:00+05:30,NIFTY26JUNFUT,NSE:NIFTY26JUNFUT,23992.0,23997.4,23981.2,23994.6,72930.0,9438715.0,2026-06-30,2026-06-30,JUN 2026
2026-06-29 14:50:00+05:30,NIFTY26JUNFUT,NSE:NIFTY26JUNFUT,23993.7,23993.7,23960.2,23964.5,85605.0,9404720.0,2026-06-30,2026-06-30,JUN 2026
2026-06-29 14:55:00+05:30,NIFTY26JUNFUT,NSE:NIFTY26JUNFUT,23963.6,23973.8,23945.0,23953.6,104585.0,9426560.0,2026-06-30,2026-06-30,JUN 2026
2026-06-29 15:00:00+05:30,NIFTY26JUNFUT,NSE:NIFTY26JUNFUT,23953.8,24017.9,23931.4,23965.0,83785.0,9420580.0,2026-06-30,2026-06-30,JUN 2026
2026-06-29 15:05:00+05:30,NIFTY26JUNFUT,NSE:NIFTY26JUNFUT,23965.0,23989.0,23950.0,23973.4,84435.0,9426235.0,2026-06-30,2026-06-30,JUN 2026
2026-06-29 15:10:00+05:30,NIFTY26JUNFUT,NSE:NIFTY26JUNFUT,23980.5,23980.5,23947.9,23959.8,57720.0,9423895.0,2026-06-30,2026-06-30,JUN 2026
2026-06-29 15:15:00+05:30,NIFTY26JUNFUT,NSE:NIFTY26JUNFUT,23967.0,23980.0,23957.8,23975.0,51285.0,9399325.0,2026-06-30,2026-06-30,JUN 2026
2026-06-29 15:20:00+05:30,NIFTY26JUNFUT,NSE:NIFTY26JUNFUT,23976.0,23980.1,23962.5,23971.3,64155.0,9374625.0,2026-06-30,2026-06-30,JUN 2026
2026-06-29 15:25:00+05:30,NIFTY26JUNFUT,NSE:NIFTY26JUNFUT,23970.6,23984.5,23965.0,23971.0,95745.0,9327175.0,2026-06-30,2026-06-30,JUN 2026
2026-06-30 09:15:00+05:30,NIFTY26JUNFUT,NSE:NIFTY26JUNFUT,23985.0,24026.2,23943.1,23950.0,88595.0,6869525.0,2026-06-30,2026-06-30,JUN 2026
2026-06-30 09:20:00+05:30,NIFTY26JUNFUT,NSE:NIFTY26JUNFUT,23950.0,23957.0,23911.1,23920.0,70980.0,6857760.0,2026-06-30,2026-06-30,JUN 2026
2026-06-30 09:25:00+05:30,NIFTY26JUNFUT,NSE:NIFTY26JUNFUT,23920.0,23925.0,23907.0,23915.0,71045.0,6815445.0,2026-06-30,2026-06-30,JUN 2026
2026-06-30 09:30:00+05:30,NIFTY26JUNFUT,NSE:NIFTY26JUNFUT,23915.0,23915.0,23877.0,23887.5,105885.0,6762665.0,2026-06-30,2026-06-30,JUN 2026
2026-06-30 09:35:00+05:30,NIFTY26JUNFUT,NSE:NIFTY26JUNFUT,23890.0,23907.3,23885.0,23890.1,43745.0,6749535.0,2026-06-30,2026-06-30,JUN 2026
2026-06-30 09:40:00+05:30,NIFTY26JUNFUT,NSE:NIFTY26JUNFUT,23890.0,23900.0,23878.0,23880.7,41665.0,6707090.0,2026-06-30,2026-06-30,JUN 2026
2026-06-30 09:45:00+05:30,NIFTY26JUNFUT,NSE:NIFTY26JUNFUT,23880.7,23889.0,23866.0,23868.6,54795.0,6681155.0,2026-06-30,2026-06-30,JUN 2026
2026-06-30 09:50:00+05:30,NIFTY26JUNFUT,NSE:NIFTY26JUNFUT,23868.6,23889.0,23866.0,23885.0,41470.0,6655870.0,2026-06-30,2026-06-30,JUN 2026
2026-06-30 09:55:00+05:30,NIFTY26JUNFUT,NSE:NIFTY26JUNFUT,23885.0,23905.9,23875.9,23892.9,62530.0,6622005.0,2026-06-30,2026-06-30,JUN 2026
2026-06-30 10:00:00+05:30,NIFTY26JUNFUT,NSE:NIFTY26JUNFUT,23900.0,23931.0,23890.0,23931.0,60970.0,6593925.0,2026-06-30,2026-06-30,JUN 2026
2026-06-30 10:05:00+05:30,NIFTY26JUNFUT,NSE:NIFTY26JUNFUT,23924.8,23932.0,23885.0,23889.1,37440.0,6560840.0,2026-06-30,2026-06-30,JUN 2026
2026-06-30 10:10:00+05:30,NIFTY26JUNFUT,NSE:NIFTY26JUNFUT,23889.1,23912.0,23881.9,23900.0,41860.0,6541665.0,2026-06-30,2026-06-30,JUN 2026
2026-06-30 10:15:00+05:30,NIFTY26JUNFUT,NSE:NIFTY26JUNFUT,23900.0,23913.7,23890.6,23908.5,34320.0,6512415.0,2026-06-30,2026-06-30,JUN 2026
2026-06-30 10:20:00+05:30,NIFTY26JUNFUT,NSE:NIFTY26JUNFUT,23908.5,23908.5,23882.0,23902.0,31070.0,6494605.0,2026-06-30,2026-06-30,JUN 2026
2026-06-30 10:25:00+05:30,NIFTY26JUNFUT,NSE:NIFTY26JUNFUT,23906.0,23915.5,23897.8,23898.7,58370.0,6476210.0,2026-06-30,2026-06-30,JUN 2026
2026-06-30 10:30:00+05:30,NIFTY26JUNFUT,NSE:NIFTY26JUNFUT,23898.7,23918.9,23891.6,23918.9,56810.0,6469775.0,2026-06-30,2026-06-30,JUN 2026
2026-06-30 10:35:00+05:30,NIFTY26JUNFUT,NSE:NIFTY26JUNFUT,23918.9,23921.0,23908.0,23913.5,43940.0,6468345.0,2026-06-30,2026-06-30,JUN 2026
2026-06-30 10:40:00+05:30,NIFTY26JUNFUT,NSE:NIFTY26JUNFUT,23913.5,23915.2,23891.0,23897.9,44070.0,6469645.0,2026-06-30,2026-06-30,JUN 2026
2026-06-30 10:45:00+05:30,NIFTY26JUNFUT,NSE:NIFTY26JUNFUT,23897.9,23930.0,23895.0,23926.6,148980.0,6538870.0,2026-06-30,2026-06-30,JUN 2026
2026-06-30 10:50:00+05:30,NIFTY26JUNFUT,NSE:NIFTY26JUNFUT,23926.6,23938.5,23920.0,23920.0,67210.0,6540755.0,2026-06-30,2026-06-30,JUN 2026
2026-06-30 10:55:00+05:30,NIFTY26JUNFUT,NSE:NIFTY26JUNFUT,23920.0,23921.0,23885.0,23885.0,55120.0,6551220.0,2026-06-30,2026-06-30,JUN 2026
2026-06-30 11:00:00+05:30,NIFTY26JUNFUT,NSE:NIFTY26JUNFUT,23879.6,23908.0,23876.6,23885.8,78650.0,6561035.0,2026-06-30,2026-06-30,JUN 2026
2026-06-30 11:05:00+05:30,NIFTY26JUNFUT,NSE:NIFTY26JUNFUT,23885.8,23902.0,23881.4,23900.4,110760.0,6600945.0,2026-06-30,2026-06-30,JUN 2026
2026-06-30 11:10:00+05:30,NIFTY26JUNFUT,NSE:NIFTY26JUNFUT,23900.4,23958.0,23899.4,23949.3,109980.0,6585215.0,2026-06-30,2026-06-30,JUN 2026
2026-06-30 11:15:00+05:30,NIFTY26JUNFUT,NSE:NIFTY26JUNFUT,23955.4,23958.0,23934.3,23950.6,49075.0,6585085.0,2026-06-30,2026-06-30,JUN 2026
2026-06-30 11:20:00+05:30,NIFTY26JUNFUT,NSE:NIFTY26JUNFUT,23945.0,24015.0,23940.6,24014.8,108225.0,6568770.0,2026-06-30,2026-06-30,JUN 2026
2026-06-30 11:25:00+05:30,NIFTY26JUNFUT,NSE:NIFTY26JUNFUT,24014.6,24020.0,23988.0,23991.0,77220.0,6539715.0,2026-06-30,2026-06-30,JUN 2026
2026-06-30 11:30:00+05:30,NIFTY26JUNFUT,NSE:NIFTY26JUNFUT,23998.4,23999.0,23951.4,23960.0,37765.0,6456580.0,2026-06-30,2026-06-30,JUN 2026
2026-06-30 11:35:00+05:30,NIFTY26JUNFUT,NSE:NIFTY26JUNFUT,23960.0,23964.9,23926.9,23953.2,80795.0,6446505.0,2026-06-30,2026-06-30,JUN 2026
2026-06-30 11:40:00+05:30,NIFTY26JUNFUT,NSE:NIFTY26JUNFUT,23953.2,23975.0,23935.1,23936.4,53105.0,6455150.0,2026-06-30,2026-06-30,JUN 2026
2026-06-30 11:45:00+05:30,NIFTY26JUNFUT,NSE:NIFTY26JUNFUT,23936.8,23950.0,23927.7,23938.0,72215.0,6426420.0,2026-06-30,2026-06-30,JUN 2026
2026-06-30 11:50:00+05:30,NIFTY26JUNFUT,NSE:NIFTY26JUNFUT,23938.0,23956.6,23936.9,23956.6,87425.0,6409845.0,2026-06-30,2026-06-30,JUN 2026
2026-06-30 11:55:00+05:30,NIFTY26JUNFUT,NSE:NIFTY26JUNFUT,23952.8,23967.0,23944.0,23959.9,51805.0,6422780.0,2026-06-30,2026-06-30,JUN 2026
2026-06-30 12:00:00+05:30,NIFTY26JUNFUT,NSE:NIFTY26JUNFUT,23959.9,23960.0,23940.2,23941.1,40040.0,6419270.0,2026-06-30,2026-06-30,JUN 2026
2026-06-30 12:05:00+05:30,NIFTY26JUNFUT,NSE:NIFTY26JUNFUT,23941.1,23950.0,23931.6,23935.4,51610.0,6421935.0,2026-06-30,2026-06-30,JUN 2026
2026-06-30 12:10:00+05:30,NIFTY26JUNFUT,NSE:NIFTY26JUNFUT,23935.3,23939.9,23930.0,23934.5,42640.0,6420830.0,2026-06-30,2026-06-30,JUN 2026
2026-06-30 12:15:00+05:30,NIFTY26JUNFUT,NSE:NIFTY26JUNFUT,23934.5,23949.5,23925.0,23940.0,24245.0,6421740.0,2026-06-30,2026-06-30,JUN 2026
2026-06-30 12:20:00+05:30,NIFTY26JUNFUT,NSE:NIFTY26JUNFUT,23940.0,23950.0,23932.8,23950.0,33345.0,6417580.0,2026-06-30,2026-06-30,JUN 2026
2026-06-30 12:25:00+05:30,NIFTY26JUNFUT,NSE:NIFTY26JUNFUT,23950.0,23950.0,23937.0,23945.0,20410.0,6409715.0,2026-06-30,2026-06-30,JUN 2026
2026-06-30 12:30:00+05:30,NIFTY26JUNFUT,NSE:NIFTY26JUNFUT,23945.0,23949.0,23920.0,23926.9,32565.0,6397625.0,2026-06-30,2026-06-30,JUN 2026
2026-06-30 12:35:00+05:30,NIFTY26JUNFUT,NSE:NIFTY26JUNFUT,23927.3,23965.0,23924.6,23956.0,34905.0,6392490.0,2026-06-30,2026-06-30,JUN 2026
2026-06-30 12:40:00+05:30,NIFTY26JUNFUT,NSE:NIFTY26JUNFUT,23956.0,23975.0,23955.9,23964.7,29770.0,6390020.0,2026-06-30,2026-06-30,JUN 2026
2026-06-30 12:45:00+05:30,NIFTY26JUNFUT,NSE:NIFTY26JUNFUT,23973.7,23974.0,23956.5,23960.0,29185.0,6389890.0,2026-06-30,2026-06-30,JUN 2026
2026-06-30 12:50:00+05:30,NIFTY26JUNFUT,NSE:NIFTY26JUNFUT,23960.0,23968.0,23944.6,23965.0,39845.0,6369090.0,2026-06-30,2026-06-30,JUN 2026
2026-06-30 12:55:00+05:30,NIFTY26JUNFUT,NSE:NIFTY26JUNFUT,23965.0,23970.0,23953.2,23964.0,32825.0,6324240.0,2026-06-30,2026-06-30,JUN 2026
2026-06-30 13:00:00+05:30,NIFTY26JUNFUT,NSE:NIFTY26JUNFUT,23963.0,23964.0,23942.1,23954.0,21580.0,6309095.0,2026-06-30,2026-06-30,JUN 2026
2026-06-30 13:05:00+05:30,NIFTY26JUNFUT,NSE:NIFTY26JUNFUT,23954.0,23958.0,23939.4,23945.0,25285.0,6297135.0,2026-06-30,2026-06-30,JUN 2026
2026-06-30 13:10:00+05:30,NIFTY26JUNFUT,NSE:NIFTY26JUNFUT,23945.0,23947.0,23935.0,23938.9,21580.0,6289010.0,2026-06-30,2026-06-30,JUN 2026
2026-06-30 13:15:00+05:30,NIFTY26JUNFUT,NSE:NIFTY26JUNFUT,23940.0,23949.5,23936.7,23939.2,31200.0,6276140.0,2026-06-30,2026-06-30,JUN 2026
2026-06-30 13:20:00+05:30,NIFTY26JUNFUT,NSE:NIFTY26JUNFUT,23939.2,23940.1,23920.0,23935.0,38545.0,6159270.0,2026-06-30,2026-06-30,JUN 2026
2026-06-30 13:25:00+05:30,NIFTY26JUNFUT,NSE:NIFTY26JUNFUT,23935.0,23960.0,23925.6,23943.1,42770.0,6157840.0,2026-06-30,2026-06-30,JUN 2026
2026-06-30 13:30:00+05:30,NIFTY26JUNFUT,NSE:NIFTY26JUNFUT,23943.1,23955.0,23941.2,23950.0,18070.0,5964595.0,2026-06-30,2026-06-30,JUN 2026
2026-06-30 13:35:00+05:30,NIFTY26JUNFUT,NSE:NIFTY26JUNFUT,23950.0,23952.9,23942.7,23944.1,28730.0,5875935.0,2026-06-30,2026-06-30,JUN 2026
2026-06-30 13:40:00+05:30,NIFTY26JUNFUT,NSE:NIFTY26JUNFUT,23945.0,23969.0,23941.2,23957.0,39065.0,5882630.0,2026-06-30,2026-06-30,JUN 2026
2026-06-30 13:45:00+05:30,NIFTY26JUNFUT,NSE:NIFTY26JUNFUT,23957.0,23958.0,23946.0,23950.0,32695.0,5866055.0,2026-06-30,2026-06-30,JUN 2026
2026-06-30 13:50:00+05:30,NIFTY26JUNFUT,NSE:NIFTY26JUNFUT,23950.0,23960.0,23950.0,23950.0,44525.0,5791955.0,2026-06-30,2026-06-30,JUN 2026
2026-06-30 13:55:00+05:30,NIFTY26JUNFUT,NSE:NIFTY26JUNFUT,23950.0,23950.0,23926.3,23932.8,71435.0,5764590.0,2026-06-30,2026-06-30,JUN 2026
2026-06-30 14:00:00+05:30,NIFTY26JUNFUT,NSE:NIFTY26JUNFUT,23932.8,23940.0,23885.0,23898.0,67080.0,5746000.0,2026-06-30,2026-06-30,JUN 2026
2026-06-30 14:05:00+05:30,NIFTY26JUNFUT,NSE:NIFTY26JUNFUT,23890.1,23904.7,23890.0,23899.8,39455.0,5685485.0,2026-06-30,2026-06-30,JUN 2026
2026-06-30 14:10:00+05:30,NIFTY26JUNFUT,NSE:NIFTY26JUNFUT,23900.0,23900.0,23890.0,23890.0,30875.0,5676255.0,2026-06-30,2026-06-30,JUN 2026
2026-06-30 14:15:00+05:30,NIFTY26JUNFUT,NSE:NIFTY26JUNFUT,23888.1,23908.5,23868.0,23886.0,57070.0,5658900.0,2026-06-30,2026-06-30,JUN 2026
2026-06-30 14:20:00+05:30,NIFTY26JUNFUT,NSE:NIFTY26JUNFUT,23882.4,23962.0,23871.1,23962.0,58240.0,5632510.0,2026-06-30,2026-06-30,JUN 2026
2026-06-30 14:25:00+05:30,NIFTY26JUNFUT,NSE:NIFTY26JUNFUT,23965.0,23990.2,23946.8,23946.8,91455.0,5583305.0,2026-06-30,2026-06-30,JUN 2026
2026-06-30 14:30:00+05:30,NIFTY26JUNFUT,NSE:NIFTY26JUNFUT,23946.8,23959.5,23936.5,23950.0,54470.0,5592275.0,2026-06-30,2026-06-30,JUN 2026
2026-06-30 14:35:00+05:30,NIFTY26JUNFUT,NSE:NIFTY26JUNFUT,23948.9,23952.0,23940.0,23943.2,25805.0,5544435.0,2026-06-30,2026-06-30,JUN 2026
2026-06-30 14:40:00+05:30,NIFTY26JUNFUT,NSE:NIFTY26JUNFUT,23944.0,23969.8,23940.0,23949.6,33280.0,5533320.0,2026-06-30,2026-06-30,JUN 2026
2026-06-30 14:45:00+05:30,NIFTY26JUNFUT,NSE:NIFTY26JUNFUT,23950.0,23952.6,23940.0,23940.8,34840.0,5518695.0,2026-06-30,2026-06-30,JUN 2026
2026-06-30 14:50:00+05:30,NIFTY26JUNFUT,NSE:NIFTY26JUNFUT,23941.8,23953.0,23925.0,23951.5,57135.0,5504005.0,2026-06-30,2026-06-30,JUN 2026
2026-06-30 14:55:00+05:30,NIFTY26JUNFUT,NSE:NIFTY26JUNFUT,23950.0,23953.0,23903.0,23909.8,61620.0,5498285.0,2026-06-30,2026-06-30,JUN 2026
2026-06-30 15:00:00+05:30,NIFTY26JUNFUT,NSE:NIFTY26JUNFUT,23911.0,23911.0,23838.6,23853.4,106340.0,5457530.0,2026-06-30,2026-06-30,JUN 2026
2026-06-30 15:05:00+05:30,NIFTY26JUNFUT,NSE:NIFTY26JUNFUT,23843.7,23875.2,23838.6,23858.2,128375.0,5418075.0,2026-06-30,2026-06-30,JUN 2026
2026-06-30 15:10:00+05:30,NIFTY26JUNFUT,NSE:NIFTY26JUNFUT,23859.5,23881.7,23855.0,23863.9,136630.0,5366205.0,2026-06-30,2026-06-30,JUN 2026
2026-06-30 15:15:00+05:30,NIFTY26JUNFUT,NSE:NIFTY26JUNFUT,23863.9,23869.0,23860.7,23866.0,84305.0,5338580.0,2026-06-30,2026-06-30,JUN 2026
2026-06-30 15:20:00+05:30,NIFTY26JUNFUT,NSE:NIFTY26JUNFUT,23865.7,23868.8,23862.5,23863.4,93990.0,5297110.0,2026-06-30,2026-06-30,JUN 2026
2026-06-30 15:25:00+05:30,NIFTY26JUNFUT,NSE:NIFTY26JUNFUT,23863.2,23866.0,23863.0,23864.3,159770.0,5271110.0,2026-06-30,2026-06-30,JUN 2026
