datetime,tradingsymbol,instrument_identifier,open,high,low,close,volume,open_interest,expiry_date_source,verified_expiry_date,contract_month
2026-04-01 09:15:00+05:30,NIFTY26APRFUT,NSE:NIFTY26APRFUT,22850.0,22968.8,22845.0,22964.0,1088295.0,21018920.0,2026-04-28,2026-04-28,APR 2026
2026-04-01 09:20:00+05:30,NIFTY26APRFUT,NSE:NIFTY26APRFUT,22960.1,22980.0,22943.4,22968.0,338585.0,21015150.0,2026-04-28,2026-04-28,APR 2026
2026-04-01 09:25:00+05:30,NIFTY26APRFUT,NSE:NIFTY26APRFUT,22968.0,23000.0,22964.9,22999.1,283595.0,21018075.0,2026-04-28,2026-04-28,APR 2026
2026-04-01 09:30:00+05:30,NIFTY26APRFUT,NSE:NIFTY26APRFUT,22999.0,23013.0,22923.0,22925.3,316875.0,21047585.0,2026-04-28,2026-04-28,APR 2026
2026-04-01 09:35:00+05:30,NIFTY26APRFUT,NSE:NIFTY26APRFUT,22930.0,22930.0,22905.0,22908.0,151320.0,21077615.0,2026-04-28,2026-04-28,APR 2026
2026-04-01 09:40:00+05:30,NIFTY26APRFUT,NSE:NIFTY26APRFUT,22907.3,22960.0,22906.1,22935.0,126490.0,21097245.0,2026-04-28,2026-04-28,APR 2026
2026-04-01 09:45:00+05:30,NIFTY26APRFUT,NSE:NIFTY26APRFUT,22935.0,22980.0,22931.5,22979.0,95810.0,21091005.0,2026-04-28,2026-04-28,APR 2026
2026-04-01 09:50:00+05:30,NIFTY26APRFUT,NSE:NIFTY26APRFUT,22978.0,23020.0,22975.0,23005.0,193635.0,21024705.0,2026-04-28,2026-04-28,APR 2026
2026-04-01 09:55:00+05:30,NIFTY26APRFUT,NSE:NIFTY26APRFUT,23010.0,23012.0,22978.0,22980.2,122720.0,21012745.0,2026-04-28,2026-04-28,APR 2026
2026-04-01 10:00:00+05:30,NIFTY26APRFUT,NSE:NIFTY26APRFUT,22980.2,23035.0,22980.0,23026.0,127010.0,21024835.0,2026-04-28,2026-04-28,APR 2026
2026-04-01 10:05:00+05:30,NIFTY26APRFUT,NSE:NIFTY26APRFUT,23026.1,23032.3,22995.2,23005.7,70005.0,20994675.0,2026-04-28,2026-04-28,APR 2026
2026-04-01 10:10:00+05:30,NIFTY26APRFUT,NSE:NIFTY26APRFUT,23001.6,23008.7,22960.9,22964.0,98410.0,20978035.0,2026-04-28,2026-04-28,APR 2026
2026-04-01 10:15:00+05:30,NIFTY26APRFUT,NSE:NIFTY26APRFUT,22966.2,22983.4,22956.6,22972.6,72540.0,20944820.0,2026-04-28,2026-04-28,APR 2026
2026-04-01 10:20:00+05:30,NIFTY26APRFUT,NSE:NIFTY26APRFUT,22974.2,22985.0,22925.8,22925.8,82095.0,20944300.0,2026-04-28,2026-04-28,APR 2026
2026-04-01 10:25:00+05:30,NIFTY26APRFUT,NSE:NIFTY26APRFUT,22930.0,22932.9,22867.8,22890.0,222365.0,20928375.0,2026-04-28,2026-04-28,APR 2026
2026-04-01 10:30:00+05:30,NIFTY26APRFUT,NSE:NIFTY26APRFUT,22887.3,22914.8,22867.4,22888.0,101660.0,20917455.0,2026-04-28,2026-04-28,APR 2026
2026-04-01 10:35:00+05:30,NIFTY26APRFUT,NSE:NIFTY26APRFUT,22896.6,22915.0,22886.4,22913.0,47125.0,20921290.0,2026-04-28,2026-04-28,APR 2026
2026-04-01 10:40:00+05:30,NIFTY26APRFUT,NSE:NIFTY26APRFUT,22913.0,22915.0,22885.0,22905.7,119405.0,20971080.0,2026-04-28,2026-04-28,APR 2026
2026-04-01 10:45:00+05:30,NIFTY26APRFUT,NSE:NIFTY26APRFUT,22906.8,22925.0,22890.1,22896.0,76375.0,21005530.0,2026-04-28,2026-04-28,APR 2026
2026-04-01 10:50:00+05:30,NIFTY26APRFUT,NSE:NIFTY26APRFUT,22896.0,22904.9,22882.7,22896.0,118755.0,21022040.0,2026-04-28,2026-04-28,APR 2026
2026-04-01 10:55:00+05:30,NIFTY26APRFUT,NSE:NIFTY26APRFUT,22890.0,22894.5,22865.1,22870.0,175370.0,20968740.0,2026-04-28,2026-04-28,APR 2026
2026-04-01 11:00:00+05:30,NIFTY26APRFUT,NSE:NIFTY26APRFUT,22870.0,22870.0,22852.0,22856.0,172380.0,20929740.0,2026-04-28,2026-04-28,APR 2026
2026-04-01 11:05:00+05:30,NIFTY26APRFUT,NSE:NIFTY26APRFUT,22852.2,22887.0,22829.0,22870.0,158730.0,20937085.0,2026-04-28,2026-04-28,APR 2026
2026-04-01 11:10:00+05:30,NIFTY26APRFUT,NSE:NIFTY26APRFUT,22865.1,22896.9,22865.1,22868.7,88400.0,20936240.0,2026-04-28,2026-04-28,APR 2026
2026-04-01 11:15:00+05:30,NIFTY26APRFUT,NSE:NIFTY26APRFUT,22872.1,22878.1,22860.0,22871.4,82680.0,20902440.0,2026-04-28,2026-04-28,APR 2026
2026-04-01 11:20:00+05:30,NIFTY26APRFUT,NSE:NIFTY26APRFUT,22868.8,22895.0,22864.0,22883.1,75140.0,20880990.0,2026-04-28,2026-04-28,APR 2026
2026-04-01 11:25:00+05:30,NIFTY26APRFUT,NSE:NIFTY26APRFUT,22883.1,22910.9,22882.0,22894.0,96460.0,20844785.0,2026-04-28,2026-04-28,APR 2026
2026-04-01 11:30:00+05:30,NIFTY26APRFUT,NSE:NIFTY26APRFUT,22894.0,22926.6,22888.8,22916.0,119080.0,20796100.0,2026-04-28,2026-04-28,APR 2026
2026-04-01 11:35:00+05:30,NIFTY26APRFUT,NSE:NIFTY26APRFUT,22914.4,22922.5,22903.0,22920.0,26910.0,20794410.0,2026-04-28,2026-04-28,APR 2026
2026-04-01 11:40:00+05:30,NIFTY26APRFUT,NSE:NIFTY26APRFUT,22922.0,22937.8,22907.4,22910.7,48100.0,20786155.0,2026-04-28,2026-04-28,APR 2026
2026-04-01 11:45:00+05:30,NIFTY26APRFUT,NSE:NIFTY26APRFUT,22908.1,22914.0,22852.0,22861.0,106405.0,20788040.0,2026-04-28,2026-04-28,APR 2026
2026-04-01 11:50:00+05:30,NIFTY26APRFUT,NSE:NIFTY26APRFUT,22861.0,22883.7,22853.0,22855.0,55315.0,20783230.0,2026-04-28,2026-04-28,APR 2026
2026-04-01 11:55:00+05:30,NIFTY26APRFUT,NSE:NIFTY26APRFUT,22855.0,22889.4,22850.0,22884.2,75920.0,20780370.0,2026-04-28,2026-04-28,APR 2026
2026-04-01 12:00:00+05:30,NIFTY26APRFUT,NSE:NIFTY26APRFUT,22884.5,22963.4,22881.2,22948.7,168090.0,20756840.0,2026-04-28,2026-04-28,APR 2026
2026-04-01 12:05:00+05:30,NIFTY26APRFUT,NSE:NIFTY26APRFUT,22950.0,22959.9,22940.4,22954.3,67275.0,20762170.0,2026-04-28,2026-04-28,APR 2026
2026-04-01 12:10:00+05:30,NIFTY26APRFUT,NSE:NIFTY26APRFUT,22954.3,22985.0,22935.4,22980.0,85800.0,20728370.0,2026-04-28,2026-04-28,APR 2026
2026-04-01 12:15:00+05:30,NIFTY26APRFUT,NSE:NIFTY26APRFUT,22978.0,22980.0,22952.1,22955.0,68575.0,20728370.0,2026-04-28,2026-04-28,APR 2026
2026-04-01 12:20:00+05:30,NIFTY26APRFUT,NSE:NIFTY26APRFUT,22955.0,22965.1,22948.0,22958.0,33150.0,20729020.0,2026-04-28,2026-04-28,APR 2026
2026-04-01 12:25:00+05:30,NIFTY26APRFUT,NSE:NIFTY26APRFUT,22958.4,22963.9,22941.5,22953.5,35490.0,20737600.0,2026-04-28,2026-04-28,APR 2026
2026-04-01 12:30:00+05:30,NIFTY26APRFUT,NSE:NIFTY26APRFUT,22960.0,22976.9,22949.0,22955.0,33085.0,20751835.0,2026-04-28,2026-04-28,APR 2026
2026-04-01 12:35:00+05:30,NIFTY26APRFUT,NSE:NIFTY26APRFUT,22954.9,22963.0,22940.0,22963.0,49530.0,20743970.0,2026-04-28,2026-04-28,APR 2026
2026-04-01 12:40:00+05:30,NIFTY26APRFUT,NSE:NIFTY26APRFUT,22963.0,22975.0,22956.0,22960.0,41925.0,20737600.0,2026-04-28,2026-04-28,APR 2026
2026-04-01 12:45:00+05:30,NIFTY26APRFUT,NSE:NIFTY26APRFUT,22962.9,22999.9,22956.6,22988.0,72865.0,20743970.0,2026-04-28,2026-04-28,APR 2026
2026-04-01 12:50:00+05:30,NIFTY26APRFUT,NSE:NIFTY26APRFUT,22993.2,22999.9,22980.0,22992.0,56095.0,20748845.0,2026-04-28,2026-04-28,APR 2026
2026-04-01 12:55:00+05:30,NIFTY26APRFUT,NSE:NIFTY26APRFUT,22992.0,22999.0,22975.9,22987.1,30875.0,20741240.0,2026-04-28,2026-04-28,APR 2026
2026-04-01 13:00:00+05:30,NIFTY26APRFUT,NSE:NIFTY26APRFUT,22987.1,22996.2,22980.0,22984.0,49270.0,20748455.0,2026-04-28,2026-04-28,APR 2026
2026-04-01 13:05:00+05:30,NIFTY26APRFUT,NSE:NIFTY26APRFUT,22990.0,22999.0,22984.6,22991.0,27690.0,20753395.0,2026-04-28,2026-04-28,APR 2026
2026-04-01 13:10:00+05:30,NIFTY26APRFUT,NSE:NIFTY26APRFUT,22991.0,22999.0,22964.6,22999.0,46930.0,20761455.0,2026-04-28,2026-04-28,APR 2026
2026-04-01 13:15:00+05:30,NIFTY26APRFUT,NSE:NIFTY26APRFUT,22999.0,23019.0,22952.1,22964.9,112840.0,20770750.0,2026-04-28,2026-04-28,APR 2026
2026-04-01 13:20:00+05:30,NIFTY26APRFUT,NSE:NIFTY26APRFUT,22959.9,22964.1,22916.2,22920.0,108355.0,20782775.0,2026-04-28,2026-04-28,APR 2026
2026-04-01 13:25:00+05:30,NIFTY26APRFUT,NSE:NIFTY26APRFUT,22920.3,22930.0,22900.0,22911.3,111735.0,20818330.0,2026-04-28,2026-04-28,APR 2026
2026-04-01 13:30:00+05:30,NIFTY26APRFUT,NSE:NIFTY26APRFUT,22910.7,22917.0,22860.0,22880.0,153725.0,20886450.0,2026-04-28,2026-04-28,APR 2026
2026-04-01 13:35:00+05:30,NIFTY26APRFUT,NSE:NIFTY26APRFUT,22877.0,22880.4,22852.0,22867.3,110175.0,20928570.0,2026-04-28,2026-04-28,APR 2026
2026-04-01 13:40:00+05:30,NIFTY26APRFUT,NSE:NIFTY26APRFUT,22865.0,22865.0,22752.0,22770.0,447980.0,21030295.0,2026-04-28,2026-04-28,APR 2026
2026-04-01 13:45:00+05:30,NIFTY26APRFUT,NSE:NIFTY26APRFUT,22769.9,22820.5,22752.0,22808.9,113035.0,21041410.0,2026-04-28,2026-04-28,APR 2026
2026-04-01 13:50:00+05:30,NIFTY26APRFUT,NSE:NIFTY26APRFUT,22810.0,22824.0,22795.0,22812.3,103740.0,21064875.0,2026-04-28,2026-04-28,APR 2026
2026-04-01 13:55:00+05:30,NIFTY26APRFUT,NSE:NIFTY26APRFUT,22805.0,22838.0,22800.0,22814.3,56225.0,21067215.0,2026-04-28,2026-04-28,APR 2026
2026-04-01 14:00:00+05:30,NIFTY26APRFUT,NSE:NIFTY26APRFUT,22806.1,22845.6,22790.0,22830.8,71175.0,21070010.0,2026-04-28,2026-04-28,APR 2026
2026-04-01 14:05:00+05:30,NIFTY26APRFUT,NSE:NIFTY26APRFUT,22832.0,22848.9,22820.0,22847.7,59475.0,21075535.0,2026-04-28,2026-04-28,APR 2026
2026-04-01 14:10:00+05:30,NIFTY26APRFUT,NSE:NIFTY26APRFUT,22847.7,22869.9,22832.3,22860.0,59085.0,21077550.0,2026-04-28,2026-04-28,APR 2026
2026-04-01 14:15:00+05:30,NIFTY26APRFUT,NSE:NIFTY26APRFUT,22865.8,22871.0,22832.0,22858.0,44070.0,21070270.0,2026-04-28,2026-04-28,APR 2026
2026-04-01 14:20:00+05:30,NIFTY26APRFUT,NSE:NIFTY26APRFUT,22858.0,22860.0,22817.0,22830.3,62725.0,21066240.0,2026-04-28,2026-04-28,APR 2026
2026-04-01 14:25:00+05:30,NIFTY26APRFUT,NSE:NIFTY26APRFUT,22833.3,22848.9,22822.6,22845.2,16705.0,21068970.0,2026-04-28,2026-04-28,APR 2026
2026-04-01 14:30:00+05:30,NIFTY26APRFUT,NSE:NIFTY26APRFUT,22845.4,22848.9,22814.7,22825.4,41015.0,21069685.0,2026-04-28,2026-04-28,APR 2026
2026-04-01 14:35:00+05:30,NIFTY26APRFUT,NSE:NIFTY26APRFUT,22826.5,22828.1,22780.0,22787.0,108095.0,21072935.0,2026-04-28,2026-04-28,APR 2026
2026-04-01 14:40:00+05:30,NIFTY26APRFUT,NSE:NIFTY26APRFUT,22782.4,22798.0,22761.0,22782.2,107510.0,21065265.0,2026-04-28,2026-04-28,APR 2026
2026-04-01 14:45:00+05:30,NIFTY26APRFUT,NSE:NIFTY26APRFUT,22785.0,22785.0,22732.0,22753.4,175435.0,21079825.0,2026-04-28,2026-04-28,APR 2026
2026-04-01 14:50:00+05:30,NIFTY26APRFUT,NSE:NIFTY26APRFUT,22750.6,22782.0,22749.0,22772.5,60385.0,21113430.0,2026-04-28,2026-04-28,APR 2026
2026-04-01 14:55:00+05:30,NIFTY26APRFUT,NSE:NIFTY26APRFUT,22777.1,22809.2,22771.4,22777.4,58435.0,21111155.0,2026-04-28,2026-04-28,APR 2026
2026-04-01 15:00:00+05:30,NIFTY26APRFUT,NSE:NIFTY26APRFUT,22778.2,22818.0,22776.4,22795.6,67015.0,21117460.0,2026-04-28,2026-04-28,APR 2026
2026-04-01 15:05:00+05:30,NIFTY26APRFUT,NSE:NIFTY26APRFUT,22801.1,22805.0,22790.0,22800.0,44200.0,21124545.0,2026-04-28,2026-04-28,APR 2026
2026-04-01 15:10:00+05:30,NIFTY26APRFUT,NSE:NIFTY26APRFUT,22800.0,22810.0,22790.0,22799.0,58045.0,21130330.0,2026-04-28,2026-04-28,APR 2026
2026-04-01 15:15:00+05:30,NIFTY26APRFUT,NSE:NIFTY26APRFUT,22791.2,22810.0,22785.0,22800.0,93210.0,21144695.0,2026-04-28,2026-04-28,APR 2026
2026-04-01 15:20:00+05:30,NIFTY26APRFUT,NSE:NIFTY26APRFUT,22797.3,22800.0,22790.0,22800.0,160745.0,21172905.0,2026-04-28,2026-04-28,APR 2026
2026-04-01 15:25:00+05:30,NIFTY26APRFUT,NSE:NIFTY26APRFUT,22800.0,22830.0,22791.5,22830.0,147875.0,21163415.0,2026-04-28,2026-04-28,APR 2026
2026-04-02 09:15:00+05:30,NIFTY26APRFUT,NSE:NIFTY26APRFUT,22451.0,22480.0,22312.6,22344.9,530335.0,20865065.0,2026-04-28,2026-04-28,APR 2026
2026-04-02 09:20:00+05:30,NIFTY26APRFUT,NSE:NIFTY26APRFUT,22335.0,22364.9,22325.0,22350.0,228605.0,20925970.0,2026-04-28,2026-04-28,APR 2026
2026-04-02 09:25:00+05:30,NIFTY26APRFUT,NSE:NIFTY26APRFUT,22359.0,22370.0,22340.0,22347.2,128245.0,20956975.0,2026-04-28,2026-04-28,APR 2026
2026-04-02 09:30:00+05:30,NIFTY26APRFUT,NSE:NIFTY26APRFUT,22349.8,22378.8,22341.0,22355.0,98865.0,20975305.0,2026-04-28,2026-04-28,APR 2026
2026-04-02 09:35:00+05:30,NIFTY26APRFUT,NSE:NIFTY26APRFUT,22355.0,22390.0,22347.0,22359.7,113295.0,20961330.0,2026-04-28,2026-04-28,APR 2026
2026-04-02 09:40:00+05:30,NIFTY26APRFUT,NSE:NIFTY26APRFUT,22355.0,22384.1,22347.0,22358.0,76635.0,20970820.0,2026-04-28,2026-04-28,APR 2026
2026-04-02 09:45:00+05:30,NIFTY26APRFUT,NSE:NIFTY26APRFUT,22358.5,22375.0,22334.0,22335.0,66690.0,21000005.0,2026-04-28,2026-04-28,APR 2026
2026-04-02 09:50:00+05:30,NIFTY26APRFUT,NSE:NIFTY26APRFUT,22334.0,22338.9,22306.0,22321.0,117260.0,21014240.0,2026-04-28,2026-04-28,APR 2026
2026-04-02 09:55:00+05:30,NIFTY26APRFUT,NSE:NIFTY26APRFUT,22321.0,22325.0,22300.0,22306.5,100490.0,21073715.0,2026-04-28,2026-04-28,APR 2026
2026-04-02 10:00:00+05:30,NIFTY26APRFUT,NSE:NIFTY26APRFUT,22305.3,22327.3,22280.0,22302.1,179010.0,21109270.0,2026-04-28,2026-04-28,APR 2026
2026-04-02 10:05:00+05:30,NIFTY26APRFUT,NSE:NIFTY26APRFUT,22302.1,22312.1,22276.7,22287.9,83135.0,21116810.0,2026-04-28,2026-04-28,APR 2026
2026-04-02 10:10:00+05:30,NIFTY26APRFUT,NSE:NIFTY26APRFUT,22288.0,22325.0,22283.0,22316.0,64350.0,21145605.0,2026-04-28,2026-04-28,APR 2026
2026-04-02 10:15:00+05:30,NIFTY26APRFUT,NSE:NIFTY26APRFUT,22316.0,22323.4,22280.0,22299.9,67600.0,21155420.0,2026-04-28,2026-04-28,APR 2026
2026-04-02 10:20:00+05:30,NIFTY26APRFUT,NSE:NIFTY26APRFUT,22299.9,22319.0,22281.2,22290.0,50505.0,21164650.0,2026-04-28,2026-04-28,APR 2026
2026-04-02 10:25:00+05:30,NIFTY26APRFUT,NSE:NIFTY26APRFUT,22290.0,22316.6,22282.0,22314.0,41275.0,21157695.0,2026-04-28,2026-04-28,APR 2026
2026-04-02 10:30:00+05:30,NIFTY26APRFUT,NSE:NIFTY26APRFUT,22314.9,22324.0,22305.0,22305.0,44915.0,21169135.0,2026-04-28,2026-04-28,APR 2026
2026-04-02 10:35:00+05:30,NIFTY26APRFUT,NSE:NIFTY26APRFUT,22311.0,22319.0,22300.0,22310.0,37050.0,21177065.0,2026-04-28,2026-04-28,APR 2026
2026-04-02 10:40:00+05:30,NIFTY26APRFUT,NSE:NIFTY26APRFUT,22315.4,22330.0,22310.0,22320.0,44525.0,21179080.0,2026-04-28,2026-04-28,APR 2026
2026-04-02 10:45:00+05:30,NIFTY26APRFUT,NSE:NIFTY26APRFUT,22320.0,22322.4,22281.1,22295.7,97630.0,21246485.0,2026-04-28,2026-04-28,APR 2026
2026-04-02 10:50:00+05:30,NIFTY26APRFUT,NSE:NIFTY26APRFUT,22291.0,22328.4,22291.0,22316.5,33410.0,21247980.0,2026-04-28,2026-04-28,APR 2026
2026-04-02 10:55:00+05:30,NIFTY26APRFUT,NSE:NIFTY26APRFUT,22310.0,22336.8,22304.0,22333.0,37635.0,21245315.0,2026-04-28,2026-04-28,APR 2026
2026-04-02 11:00:00+05:30,NIFTY26APRFUT,NSE:NIFTY26APRFUT,22333.0,22338.0,22320.0,22321.1,30550.0,21251425.0,2026-04-28,2026-04-28,APR 2026
2026-04-02 11:05:00+05:30,NIFTY26APRFUT,NSE:NIFTY26APRFUT,22321.0,22335.0,22305.1,22321.6,22945.0,21251555.0,2026-04-28,2026-04-28,APR 2026
2026-04-02 11:10:00+05:30,NIFTY26APRFUT,NSE:NIFTY26APRFUT,22321.7,22321.7,22301.0,22311.6,32110.0,21249735.0,2026-04-28,2026-04-28,APR 2026
2026-04-02 11:15:00+05:30,NIFTY26APRFUT,NSE:NIFTY26APRFUT,22306.1,22311.9,22285.1,22294.0,42965.0,21255715.0,2026-04-28,2026-04-28,APR 2026
2026-04-02 11:20:00+05:30,NIFTY26APRFUT,NSE:NIFTY26APRFUT,22294.0,22300.0,22283.0,22290.0,28470.0,21256170.0,2026-04-28,2026-04-28,APR 2026
2026-04-02 11:25:00+05:30,NIFTY26APRFUT,NSE:NIFTY26APRFUT,22287.1,22300.0,22277.0,22279.5,51870.0,21283080.0,2026-04-28,2026-04-28,APR 2026
2026-04-02 11:30:00+05:30,NIFTY26APRFUT,NSE:NIFTY26APRFUT,22278.0,22303.8,22278.0,22298.8,70330.0,21297575.0,2026-04-28,2026-04-28,APR 2026
2026-04-02 11:35:00+05:30,NIFTY26APRFUT,NSE:NIFTY26APRFUT,22298.8,22318.0,22298.8,22317.0,34645.0,21300305.0,2026-04-28,2026-04-28,APR 2026
2026-04-02 11:40:00+05:30,NIFTY26APRFUT,NSE:NIFTY26APRFUT,22317.0,22318.0,22300.6,22310.0,28925.0,21318635.0,2026-04-28,2026-04-28,APR 2026
2026-04-02 11:45:00+05:30,NIFTY26APRFUT,NSE:NIFTY26APRFUT,22310.0,22335.9,22310.0,22322.4,53625.0,21327475.0,2026-04-28,2026-04-28,APR 2026
2026-04-02 11:50:00+05:30,NIFTY26APRFUT,NSE:NIFTY26APRFUT,22330.7,22335.0,22328.0,22333.3,49985.0,21347755.0,2026-04-28,2026-04-28,APR 2026
2026-04-02 11:55:00+05:30,NIFTY26APRFUT,NSE:NIFTY26APRFUT,22333.3,22387.0,22330.7,22355.6,164905.0,21339370.0,2026-04-28,2026-04-28,APR 2026
2026-04-02 12:00:00+05:30,NIFTY26APRFUT,NSE:NIFTY26APRFUT,22367.3,22370.0,22338.0,22353.4,69160.0,21348665.0,2026-04-28,2026-04-28,APR 2026
2026-04-02 12:05:00+05:30,NIFTY26APRFUT,NSE:NIFTY26APRFUT,22353.7,22353.7,22320.0,22340.0,65910.0,21361015.0,2026-04-28,2026-04-28,APR 2026
2026-04-02 12:10:00+05:30,NIFTY26APRFUT,NSE:NIFTY26APRFUT,22344.0,22358.0,22337.8,22348.0,26325.0,21358155.0,2026-04-28,2026-04-28,APR 2026
2026-04-02 12:15:00+05:30,NIFTY26APRFUT,NSE:NIFTY26APRFUT,22349.0,22353.0,22335.0,22348.0,40495.0,21360300.0,2026-04-28,2026-04-28,APR 2026
2026-04-02 12:20:00+05:30,NIFTY26APRFUT,NSE:NIFTY26APRFUT,22337.9,22349.0,22312.0,22340.0,29380.0,21368425.0,2026-04-28,2026-04-28,APR 2026
2026-04-02 12:25:00+05:30,NIFTY26APRFUT,NSE:NIFTY26APRFUT,22340.0,22370.0,22334.0,22369.0,35815.0,21380775.0,2026-04-28,2026-04-28,APR 2026
2026-04-02 12:30:00+05:30,NIFTY26APRFUT,NSE:NIFTY26APRFUT,22370.1,22400.0,22360.2,22396.0,115895.0,21360755.0,2026-04-28,2026-04-28,APR 2026
2026-04-02 12:35:00+05:30,NIFTY26APRFUT,NSE:NIFTY26APRFUT,22398.0,22444.0,22389.9,22429.0,185835.0,21347755.0,2026-04-28,2026-04-28,APR 2026
2026-04-02 12:40:00+05:30,NIFTY26APRFUT,NSE:NIFTY26APRFUT,22429.3,22443.9,22410.0,22442.9,101205.0,21376290.0,2026-04-28,2026-04-28,APR 2026
2026-04-02 12:45:00+05:30,NIFTY26APRFUT,NSE:NIFTY26APRFUT,22440.0,22447.8,22414.6,22426.9,82160.0,21386560.0,2026-04-28,2026-04-28,APR 2026
2026-04-02 12:50:00+05:30,NIFTY26APRFUT,NSE:NIFTY26APRFUT,22426.8,22442.0,22392.8,22399.0,105885.0,21403200.0,2026-04-28,2026-04-28,APR 2026
2026-04-02 12:55:00+05:30,NIFTY26APRFUT,NSE:NIFTY26APRFUT,22399.0,22449.0,22397.0,22440.0,62205.0,21415875.0,2026-04-28,2026-04-28,APR 2026
2026-04-02 13:00:00+05:30,NIFTY26APRFUT,NSE:NIFTY26APRFUT,22442.0,22490.0,22442.0,22451.4,201955.0,21403915.0,2026-04-28,2026-04-28,APR 2026
2026-04-02 13:05:00+05:30,NIFTY26APRFUT,NSE:NIFTY26APRFUT,22460.0,22460.0,22416.3,22451.0,55445.0,21424715.0,2026-04-28,2026-04-28,APR 2026
2026-04-02 13:10:00+05:30,NIFTY26APRFUT,NSE:NIFTY26APRFUT,22451.0,22458.0,22430.0,22447.0,47840.0,21425690.0,2026-04-28,2026-04-28,APR 2026
2026-04-02 13:15:00+05:30,NIFTY26APRFUT,NSE:NIFTY26APRFUT,22447.0,22482.0,22433.3,22473.2,70785.0,21425820.0,2026-04-28,2026-04-28,APR 2026
2026-04-02 13:20:00+05:30,NIFTY26APRFUT,NSE:NIFTY26APRFUT,22470.7,22531.7,22470.0,22521.0,154635.0,21454225.0,2026-04-28,2026-04-28,APR 2026
2026-04-02 13:25:00+05:30,NIFTY26APRFUT,NSE:NIFTY26APRFUT,22524.9,22582.0,22500.2,22580.0,187590.0,21458060.0,2026-04-28,2026-04-28,APR 2026
2026-04-02 13:30:00+05:30,NIFTY26APRFUT,NSE:NIFTY26APRFUT,22580.0,22598.0,22547.1,22578.0,151775.0,21453835.0,2026-04-28,2026-04-28,APR 2026
2026-04-02 13:35:00+05:30,NIFTY26APRFUT,NSE:NIFTY26APRFUT,22576.0,22620.3,22545.7,22599.8,136240.0,21472945.0,2026-04-28,2026-04-28,APR 2026
2026-04-02 13:40:00+05:30,NIFTY26APRFUT,NSE:NIFTY26APRFUT,22599.9,22638.8,22596.0,22622.9,122655.0,21488935.0,2026-04-28,2026-04-28,APR 2026
2026-04-02 13:45:00+05:30,NIFTY26APRFUT,NSE:NIFTY26APRFUT,22620.0,22647.0,22601.5,22615.0,130975.0,21506875.0,2026-04-28,2026-04-28,APR 2026
2026-04-02 13:50:00+05:30,NIFTY26APRFUT,NSE:NIFTY26APRFUT,22615.0,22645.0,22601.7,22615.2,66235.0,21526960.0,2026-04-28,2026-04-28,APR 2026
2026-04-02 13:55:00+05:30,NIFTY26APRFUT,NSE:NIFTY26APRFUT,22615.0,22624.0,22571.6,22610.0,112190.0,21542105.0,2026-04-28,2026-04-28,APR 2026
2026-04-02 14:00:00+05:30,NIFTY26APRFUT,NSE:NIFTY26APRFUT,22610.0,22648.0,22601.2,22645.0,83135.0,21559980.0,2026-04-28,2026-04-28,APR 2026
2026-04-02 14:05:00+05:30,NIFTY26APRFUT,NSE:NIFTY26APRFUT,22648.0,22670.0,22622.1,22653.0,118235.0,21580585.0,2026-04-28,2026-04-28,APR 2026
2026-04-02 14:10:00+05:30,NIFTY26APRFUT,NSE:NIFTY26APRFUT,22655.0,22719.0,22640.9,22705.0,168285.0,21569340.0,2026-04-28,2026-04-28,APR 2026
2026-04-02 14:15:00+05:30,NIFTY26APRFUT,NSE:NIFTY26APRFUT,22700.0,22750.0,22691.5,22721.0,194870.0,21594950.0,2026-04-28,2026-04-28,APR 2026
2026-04-02 14:20:00+05:30,NIFTY26APRFUT,NSE:NIFTY26APRFUT,22725.0,22747.0,22700.0,22744.0,115700.0,21633430.0,2026-04-28,2026-04-28,APR 2026
2026-04-02 14:25:00+05:30,NIFTY26APRFUT,NSE:NIFTY26APRFUT,22744.9,22750.0,22708.9,22734.1,146055.0,21634405.0,2026-04-28,2026-04-28,APR 2026
2026-04-02 14:30:00+05:30,NIFTY26APRFUT,NSE:NIFTY26APRFUT,22734.1,22776.9,22721.8,22755.1,230880.0,21714160.0,2026-04-28,2026-04-28,APR 2026
2026-04-02 14:35:00+05:30,NIFTY26APRFUT,NSE:NIFTY26APRFUT,22753.1,22764.0,22680.0,22689.2,159640.0,21729630.0,2026-04-28,2026-04-28,APR 2026
2026-04-02 14:40:00+05:30,NIFTY26APRFUT,NSE:NIFTY26APRFUT,22692.3,22700.0,22635.7,22648.8,165880.0,21748935.0,2026-04-28,2026-04-28,APR 2026
2026-04-02 14:45:00+05:30,NIFTY26APRFUT,NSE:NIFTY26APRFUT,22643.1,22700.0,22635.0,22684.3,96525.0,21750560.0,2026-04-28,2026-04-28,APR 2026
2026-04-02 14:50:00+05:30,NIFTY26APRFUT,NSE:NIFTY26APRFUT,22684.3,22725.4,22675.0,22719.0,144040.0,21766485.0,2026-04-28,2026-04-28,APR 2026
2026-04-02 14:55:00+05:30,NIFTY26APRFUT,NSE:NIFTY26APRFUT,22719.0,22732.5,22702.6,22720.0,72735.0,21728785.0,2026-04-28,2026-04-28,APR 2026
2026-04-02 15:00:00+05:30,NIFTY26APRFUT,NSE:NIFTY26APRFUT,22719.8,22748.9,22709.0,22742.9,243490.0,21766095.0,2026-04-28,2026-04-28,APR 2026
2026-04-02 15:05:00+05:30,NIFTY26APRFUT,NSE:NIFTY26APRFUT,22740.0,22806.6,22733.6,22799.9,367315.0,21789170.0,2026-04-28,2026-04-28,APR 2026
2026-04-02 15:10:00+05:30,NIFTY26APRFUT,NSE:NIFTY26APRFUT,22805.5,22810.0,22781.0,22800.0,378365.0,21790275.0,2026-04-28,2026-04-28,APR 2026
2026-04-02 15:15:00+05:30,NIFTY26APRFUT,NSE:NIFTY26APRFUT,22800.0,22824.0,22757.8,22757.8,290225.0,21805095.0,2026-04-28,2026-04-28,APR 2026
2026-04-02 15:20:00+05:30,NIFTY26APRFUT,NSE:NIFTY26APRFUT,22763.1,22771.7,22716.1,22736.0,275990.0,21850725.0,2026-04-28,2026-04-28,APR 2026
2026-04-02 15:25:00+05:30,NIFTY26APRFUT,NSE:NIFTY26APRFUT,22739.8,22785.0,22733.1,22783.0,279305.0,21865675.0,2026-04-28,2026-04-28,APR 2026
2026-04-06 09:15:00+05:30,NIFTY26APRFUT,NSE:NIFTY26APRFUT,22749.9,22799.5,22675.0,22719.6,349310.0,21488740.0,2026-04-28,2026-04-28,APR 2026
2026-04-06 09:20:00+05:30,NIFTY26APRFUT,NSE:NIFTY26APRFUT,22731.9,22774.3,22700.0,22710.0,168090.0,21497450.0,2026-04-28,2026-04-28,APR 2026
2026-04-06 09:25:00+05:30,NIFTY26APRFUT,NSE:NIFTY26APRFUT,22709.9,22717.4,22670.0,22672.8,143975.0,21511555.0,2026-04-28,2026-04-28,APR 2026
2026-04-06 09:30:00+05:30,NIFTY26APRFUT,NSE:NIFTY26APRFUT,22672.0,22755.2,22660.0,22748.0,138645.0,21464430.0,2026-04-28,2026-04-28,APR 2026
2026-04-06 09:35:00+05:30,NIFTY26APRFUT,NSE:NIFTY26APRFUT,22740.0,22826.5,22739.2,22781.0,286715.0,21459555.0,2026-04-28,2026-04-28,APR 2026
2026-04-06 09:40:00+05:30,NIFTY26APRFUT,NSE:NIFTY26APRFUT,22780.3,22793.6,22671.1,22706.6,252070.0,21491340.0,2026-04-28,2026-04-28,APR 2026
2026-04-06 09:45:00+05:30,NIFTY26APRFUT,NSE:NIFTY26APRFUT,22698.5,22718.0,22675.1,22678.0,156195.0,21549320.0,2026-04-28,2026-04-28,APR 2026
2026-04-06 09:50:00+05:30,NIFTY26APRFUT,NSE:NIFTY26APRFUT,22678.0,22689.0,22650.0,22659.8,148980.0,21555040.0,2026-04-28,2026-04-28,APR 2026
2026-04-06 09:55:00+05:30,NIFTY26APRFUT,NSE:NIFTY26APRFUT,22664.0,22675.0,22641.8,22660.5,118885.0,21590985.0,2026-04-28,2026-04-28,APR 2026
2026-04-06 10:00:00+05:30,NIFTY26APRFUT,NSE:NIFTY26APRFUT,22660.5,22684.8,22645.0,22671.6,85345.0,21615555.0,2026-04-28,2026-04-28,APR 2026
2026-04-06 10:05:00+05:30,NIFTY26APRFUT,NSE:NIFTY26APRFUT,22683.8,22720.0,22673.0,22694.1,57590.0,21614645.0,2026-04-28,2026-04-28,APR 2026
2026-04-06 10:10:00+05:30,NIFTY26APRFUT,NSE:NIFTY26APRFUT,22704.0,22745.0,22682.1,22740.0,72995.0,21620820.0,2026-04-28,2026-04-28,APR 2026
2026-04-06 10:15:00+05:30,NIFTY26APRFUT,NSE:NIFTY26APRFUT,22745.0,22762.0,22703.1,22725.4,180375.0,21616075.0,2026-04-28,2026-04-28,APR 2026
2026-04-06 10:20:00+05:30,NIFTY26APRFUT,NSE:NIFTY26APRFUT,22725.1,22755.0,22725.1,22737.3,27625.0,21613800.0,2026-04-28,2026-04-28,APR 2026
2026-04-06 10:25:00+05:30,NIFTY26APRFUT,NSE:NIFTY26APRFUT,22729.0,22734.9,22680.0,22733.0,64610.0,21615685.0,2026-04-28,2026-04-28,APR 2026
2026-04-06 10:30:00+05:30,NIFTY26APRFUT,NSE:NIFTY26APRFUT,22733.0,22733.0,22690.0,22720.7,32240.0,21618415.0,2026-04-28,2026-04-28,APR 2026
2026-04-06 10:35:00+05:30,NIFTY26APRFUT,NSE:NIFTY26APRFUT,22722.0,22745.0,22716.0,22744.0,46345.0,21608015.0,2026-04-28,2026-04-28,APR 2026
2026-04-06 10:40:00+05:30,NIFTY26APRFUT,NSE:NIFTY26APRFUT,22744.0,22748.0,22710.1,22739.9,26780.0,21608600.0,2026-04-28,2026-04-28,APR 2026
2026-04-06 10:45:00+05:30,NIFTY26APRFUT,NSE:NIFTY26APRFUT,22740.0,22750.0,22723.3,22745.3,53885.0,21632520.0,2026-04-28,2026-04-28,APR 2026
2026-04-06 10:50:00+05:30,NIFTY26APRFUT,NSE:NIFTY26APRFUT,22750.0,22760.0,22701.0,22702.0,66755.0,21637850.0,2026-04-28,2026-04-28,APR 2026
2026-04-06 10:55:00+05:30,NIFTY26APRFUT,NSE:NIFTY26APRFUT,22701.0,22738.0,22700.0,22724.4,28665.0,21647210.0,2026-04-28,2026-04-28,APR 2026
2026-04-06 11:00:00+05:30,NIFTY26APRFUT,NSE:NIFTY26APRFUT,22724.0,22724.0,22675.0,22680.0,40625.0,21654360.0,2026-04-28,2026-04-28,APR 2026
2026-04-06 11:05:00+05:30,NIFTY26APRFUT,NSE:NIFTY26APRFUT,22679.9,22692.8,22665.0,22670.0,42380.0,21661835.0,2026-04-28,2026-04-28,APR 2026
2026-04-06 11:10:00+05:30,NIFTY26APRFUT,NSE:NIFTY26APRFUT,22670.0,22676.5,22627.0,22642.1,110630.0,21688550.0,2026-04-28,2026-04-28,APR 2026
2026-04-06 11:15:00+05:30,NIFTY26APRFUT,NSE:NIFTY26APRFUT,22642.1,22684.0,22635.0,22684.0,54210.0,21700900.0,2026-04-28,2026-04-28,APR 2026
2026-04-06 11:20:00+05:30,NIFTY26APRFUT,NSE:NIFTY26APRFUT,22684.0,22719.0,22675.2,22700.9,65975.0,21709675.0,2026-04-28,2026-04-28,APR 2026
2026-04-06 11:25:00+05:30,NIFTY26APRFUT,NSE:NIFTY26APRFUT,22694.0,22710.0,22680.5,22707.0,18460.0,21710455.0,2026-04-28,2026-04-28,APR 2026
2026-04-06 11:30:00+05:30,NIFTY26APRFUT,NSE:NIFTY26APRFUT,22708.0,22710.0,22673.0,22690.0,29120.0,21708765.0,2026-04-28,2026-04-28,APR 2026
2026-04-06 11:35:00+05:30,NIFTY26APRFUT,NSE:NIFTY26APRFUT,22687.0,22724.0,22678.0,22702.0,26130.0,21709545.0,2026-04-28,2026-04-28,APR 2026
2026-04-06 11:40:00+05:30,NIFTY26APRFUT,NSE:NIFTY26APRFUT,22702.0,22734.1,22678.0,22720.0,26650.0,21710260.0,2026-04-28,2026-04-28,APR 2026
2026-04-06 11:45:00+05:30,NIFTY26APRFUT,NSE:NIFTY26APRFUT,22725.0,22735.0,22707.1,22716.6,25935.0,21710650.0,2026-04-28,2026-04-28,APR 2026
2026-04-06 11:50:00+05:30,NIFTY26APRFUT,NSE:NIFTY26APRFUT,22716.4,22745.0,22716.4,22737.0,39585.0,21706035.0,2026-04-28,2026-04-28,APR 2026
2026-04-06 11:55:00+05:30,NIFTY26APRFUT,NSE:NIFTY26APRFUT,22737.0,22790.0,22733.2,22749.5,203970.0,21762975.0,2026-04-28,2026-04-28,APR 2026
2026-04-06 12:00:00+05:30,NIFTY26APRFUT,NSE:NIFTY26APRFUT,22748.8,22765.0,22732.3,22740.0,61945.0,21784230.0,2026-04-28,2026-04-28,APR 2026
2026-04-06 12:05:00+05:30,NIFTY26APRFUT,NSE:NIFTY26APRFUT,22744.9,22760.0,22731.0,22744.0,32435.0,21785205.0,2026-04-28,2026-04-28,APR 2026
2026-04-06 12:10:00+05:30,NIFTY26APRFUT,NSE:NIFTY26APRFUT,22744.0,22750.0,22732.0,22732.0,12155.0,21788455.0,2026-04-28,2026-04-28,APR 2026
2026-04-06 12:15:00+05:30,NIFTY26APRFUT,NSE:NIFTY26APRFUT,22735.0,22744.0,22722.1,22732.0,18395.0,21790340.0,2026-04-28,2026-04-28,APR 2026
2026-04-06 12:20:00+05:30,NIFTY26APRFUT,NSE:NIFTY26APRFUT,22739.0,22814.0,22731.0,22784.1,122525.0,21781370.0,2026-04-28,2026-04-28,APR 2026
2026-04-06 12:25:00+05:30,NIFTY26APRFUT,NSE:NIFTY26APRFUT,22783.4,22808.0,22771.0,22796.0,59605.0,21785270.0,2026-04-28,2026-04-28,APR 2026
2026-04-06 12:30:00+05:30,NIFTY26APRFUT,NSE:NIFTY26APRFUT,22785.2,22800.0,22722.1,22725.0,79170.0,21802755.0,2026-04-28,2026-04-28,APR 2026
2026-04-06 12:35:00+05:30,NIFTY26APRFUT,NSE:NIFTY26APRFUT,22725.0,22760.0,22715.6,22740.0,43095.0,21806265.0,2026-04-28,2026-04-28,APR 2026
2026-04-06 12:40:00+05:30,NIFTY26APRFUT,NSE:NIFTY26APRFUT,22740.0,22759.0,22720.0,22748.3,19110.0,21812765.0,2026-04-28,2026-04-28,APR 2026
2026-04-06 12:45:00+05:30,NIFTY26APRFUT,NSE:NIFTY26APRFUT,22750.0,22838.0,22747.4,22834.0,140920.0,21813480.0,2026-04-28,2026-04-28,APR 2026
2026-04-06 12:50:00+05:30,NIFTY26APRFUT,NSE:NIFTY26APRFUT,22830.2,22870.0,22830.0,22852.0,349700.0,21912280.0,2026-04-28,2026-04-28,APR 2026
2026-04-06 12:55:00+05:30,NIFTY26APRFUT,NSE:NIFTY26APRFUT,22851.2,22896.0,22851.2,22891.0,117130.0,21947120.0,2026-04-28,2026-04-28,APR 2026
2026-04-06 13:00:00+05:30,NIFTY26APRFUT,NSE:NIFTY26APRFUT,22890.6,22900.0,22839.1,22852.1,102050.0,21965320.0,2026-04-28,2026-04-28,APR 2026
2026-04-06 13:05:00+05:30,NIFTY26APRFUT,NSE:NIFTY26APRFUT,22852.1,22890.0,22852.0,22889.9,57525.0,21989565.0,2026-04-28,2026-04-28,APR 2026
2026-04-06 13:10:00+05:30,NIFTY26APRFUT,NSE:NIFTY26APRFUT,22890.0,22965.0,22890.0,22955.0,308165.0,21974225.0,2026-04-28,2026-04-28,APR 2026
2026-04-06 13:15:00+05:30,NIFTY26APRFUT,NSE:NIFTY26APRFUT,22955.0,22976.0,22938.0,22965.0,208195.0,21978320.0,2026-04-28,2026-04-28,APR 2026
2026-04-06 13:20:00+05:30,NIFTY26APRFUT,NSE:NIFTY26APRFUT,22964.9,22999.7,22960.0,22971.9,159575.0,21951410.0,2026-04-28,2026-04-28,APR 2026
2026-04-06 13:25:00+05:30,NIFTY26APRFUT,NSE:NIFTY26APRFUT,22975.0,22979.0,22940.0,22969.6,75530.0,21960835.0,2026-04-28,2026-04-28,APR 2026
2026-04-06 13:30:00+05:30,NIFTY26APRFUT,NSE:NIFTY26APRFUT,22957.3,22994.3,22957.3,22986.0,68835.0,21971365.0,2026-04-28,2026-04-28,APR 2026
2026-04-06 13:35:00+05:30,NIFTY26APRFUT,NSE:NIFTY26APRFUT,22986.0,22998.0,22950.0,22955.0,97630.0,21975655.0,2026-04-28,2026-04-28,APR 2026
2026-04-06 13:40:00+05:30,NIFTY26APRFUT,NSE:NIFTY26APRFUT,22950.0,22965.0,22923.0,22945.6,158470.0,21938475.0,2026-04-28,2026-04-28,APR 2026
2026-04-06 13:45:00+05:30,NIFTY26APRFUT,NSE:NIFTY26APRFUT,22945.6,22960.0,22927.1,22927.1,60450.0,21916570.0,2026-04-28,2026-04-28,APR 2026
2026-04-06 13:50:00+05:30,NIFTY26APRFUT,NSE:NIFTY26APRFUT,22930.2,22975.0,22927.2,22966.0,32435.0,21896160.0,2026-04-28,2026-04-28,APR 2026
2026-04-06 13:55:00+05:30,NIFTY26APRFUT,NSE:NIFTY26APRFUT,22975.0,22980.0,22950.1,22952.0,18850.0,21896095.0,2026-04-28,2026-04-28,APR 2026
2026-04-06 14:00:00+05:30,NIFTY26APRFUT,NSE:NIFTY26APRFUT,22952.0,22984.0,22950.0,22973.1,97630.0,21893300.0,2026-04-28,2026-04-28,APR 2026
2026-04-06 14:05:00+05:30,NIFTY26APRFUT,NSE:NIFTY26APRFUT,22969.0,22989.0,22947.4,22952.6,82160.0,21963500.0,2026-04-28,2026-04-28,APR 2026
2026-04-06 14:10:00+05:30,NIFTY26APRFUT,NSE:NIFTY26APRFUT,22955.0,22999.0,22949.2,22999.0,95030.0,22022520.0,2026-04-28,2026-04-28,APR 2026
2026-04-06 14:15:00+05:30,NIFTY26APRFUT,NSE:NIFTY26APRFUT,22998.9,23022.3,22981.0,23010.0,112580.0,22002370.0,2026-04-28,2026-04-28,APR 2026
2026-04-06 14:20:00+05:30,NIFTY26APRFUT,NSE:NIFTY26APRFUT,23009.2,23018.4,22991.0,22991.0,43290.0,22009195.0,2026-04-28,2026-04-28,APR 2026
2026-04-06 14:25:00+05:30,NIFTY26APRFUT,NSE:NIFTY26APRFUT,22991.0,23004.4,22972.0,22989.6,55185.0,22003670.0,2026-04-28,2026-04-28,APR 2026
2026-04-06 14:30:00+05:30,NIFTY26APRFUT,NSE:NIFTY26APRFUT,22991.0,23019.9,22980.1,23015.0,41535.0,22005945.0,2026-04-28,2026-04-28,APR 2026
2026-04-06 14:35:00+05:30,NIFTY26APRFUT,NSE:NIFTY26APRFUT,23015.0,23025.0,22990.0,23005.0,64350.0,22012705.0,2026-04-28,2026-04-28,APR 2026
2026-04-06 14:40:00+05:30,NIFTY26APRFUT,NSE:NIFTY26APRFUT,23005.0,23012.0,22991.0,23002.2,44525.0,22020505.0,2026-04-28,2026-04-28,APR 2026
2026-04-06 14:45:00+05:30,NIFTY26APRFUT,NSE:NIFTY26APRFUT,23009.0,23015.8,22995.6,23013.7,47125.0,22025900.0,2026-04-28,2026-04-28,APR 2026
2026-04-06 14:50:00+05:30,NIFTY26APRFUT,NSE:NIFTY26APRFUT,23003.8,23019.6,22989.1,22990.0,78325.0,22035130.0,2026-04-28,2026-04-28,APR 2026
2026-04-06 14:55:00+05:30,NIFTY26APRFUT,NSE:NIFTY26APRFUT,22990.0,23015.0,22970.0,23003.4,81705.0,22018360.0,2026-04-28,2026-04-28,APR 2026
2026-04-06 15:00:00+05:30,NIFTY26APRFUT,NSE:NIFTY26APRFUT,23012.7,23059.0,23000.0,23047.5,250315.0,22019010.0,2026-04-28,2026-04-28,APR 2026
2026-04-06 15:05:00+05:30,NIFTY26APRFUT,NSE:NIFTY26APRFUT,23045.0,23068.2,23045.0,23057.5,142285.0,21960575.0,2026-04-28,2026-04-28,APR 2026
2026-04-06 15:10:00+05:30,NIFTY26APRFUT,NSE:NIFTY26APRFUT,23060.0,23089.0,23055.9,23083.4,220285.0,21904415.0,2026-04-28,2026-04-28,APR 2026
2026-04-06 15:15:00+05:30,NIFTY26APRFUT,NSE:NIFTY26APRFUT,23074.3,23085.0,23040.9,23064.6,267670.0,21910135.0,2026-04-28,2026-04-28,APR 2026
2026-04-06 15:20:00+05:30,NIFTY26APRFUT,NSE:NIFTY26APRFUT,23058.2,23064.1,23038.1,23045.2,176215.0,21988005.0,2026-04-28,2026-04-28,APR 2026
2026-04-06 15:25:00+05:30,NIFTY26APRFUT,NSE:NIFTY26APRFUT,23058.3,23060.8,23042.0,23050.2,207610.0,22015370.0,2026-04-28,2026-04-28,APR 2026
2026-04-07 09:15:00+05:30,NIFTY26APRFUT,NSE:NIFTY26APRFUT,22875.0,22900.0,22806.0,22843.6,405535.0,21535995.0,2026-04-28,2026-04-28,APR 2026
2026-04-07 09:20:00+05:30,NIFTY26APRFUT,NSE:NIFTY26APRFUT,22846.3,22895.0,22836.2,22875.1,197275.0,21549580.0,2026-04-28,2026-04-28,APR 2026
2026-04-07 09:25:00+05:30,NIFTY26APRFUT,NSE:NIFTY26APRFUT,22875.1,22950.0,22871.7,22943.7,228280.0,21535020.0,2026-04-28,2026-04-28,APR 2026
2026-04-07 09:30:00+05:30,NIFTY26APRFUT,NSE:NIFTY26APRFUT,22945.0,22955.0,22911.0,22911.0,160680.0,21528000.0,2026-04-28,2026-04-28,APR 2026
2026-04-07 09:35:00+05:30,NIFTY26APRFUT,NSE:NIFTY26APRFUT,22912.3,22940.0,22891.4,22903.6,110760.0,21516430.0,2026-04-28,2026-04-28,APR 2026
2026-04-07 09:40:00+05:30,NIFTY26APRFUT,NSE:NIFTY26APRFUT,22904.9,22925.7,22852.0,22868.4,170690.0,21538400.0,2026-04-28,2026-04-28,APR 2026
2026-04-07 09:45:00+05:30,NIFTY26APRFUT,NSE:NIFTY26APRFUT,22868.4,22925.0,22860.1,22882.4,93990.0,21534500.0,2026-04-28,2026-04-28,APR 2026
2026-04-07 09:50:00+05:30,NIFTY26APRFUT,NSE:NIFTY26APRFUT,22882.4,22920.1,22877.0,22914.3,48685.0,21540545.0,2026-04-28,2026-04-28,APR 2026
2026-04-07 09:55:00+05:30,NIFTY26APRFUT,NSE:NIFTY26APRFUT,22913.4,22954.0,22905.1,22954.0,90935.0,21538270.0,2026-04-28,2026-04-28,APR 2026
2026-04-07 10:00:00+05:30,NIFTY26APRFUT,NSE:NIFTY26APRFUT,22955.0,22988.0,22935.1,22985.0,142805.0,21551140.0,2026-04-28,2026-04-28,APR 2026
2026-04-07 10:05:00+05:30,NIFTY26APRFUT,NSE:NIFTY26APRFUT,22984.9,23006.2,22962.0,22967.3,117260.0,21568235.0,2026-04-28,2026-04-28,APR 2026
2026-04-07 10:10:00+05:30,NIFTY26APRFUT,NSE:NIFTY26APRFUT,22970.0,22986.9,22950.8,22986.9,209560.0,21592480.0,2026-04-28,2026-04-28,APR 2026
2026-04-07 10:15:00+05:30,NIFTY26APRFUT,NSE:NIFTY26APRFUT,22984.4,23020.0,22975.8,23014.0,99385.0,21599565.0,2026-04-28,2026-04-28,APR 2026
2026-04-07 10:20:00+05:30,NIFTY26APRFUT,NSE:NIFTY26APRFUT,23005.0,23031.0,22975.0,22995.0,141505.0,21558420.0,2026-04-28,2026-04-28,APR 2026
2026-04-07 10:25:00+05:30,NIFTY26APRFUT,NSE:NIFTY26APRFUT,22987.1,23010.0,22986.5,23000.0,46930.0,21534695.0,2026-04-28,2026-04-28,APR 2026
2026-04-07 10:30:00+05:30,NIFTY26APRFUT,NSE:NIFTY26APRFUT,23005.0,23015.0,22970.0,22970.2,73125.0,21543795.0,2026-04-28,2026-04-28,APR 2026
2026-04-07 10:35:00+05:30,NIFTY26APRFUT,NSE:NIFTY26APRFUT,22973.3,22990.0,22950.0,22987.2,54015.0,21534370.0,2026-04-28,2026-04-28,APR 2026
2026-04-07 10:40:00+05:30,NIFTY26APRFUT,NSE:NIFTY26APRFUT,22983.9,23025.0,22983.9,23014.2,44915.0,21532875.0,2026-04-28,2026-04-28,APR 2026
2026-04-07 10:45:00+05:30,NIFTY26APRFUT,NSE:NIFTY26APRFUT,23014.2,23024.0,22981.7,22998.1,43225.0,21555430.0,2026-04-28,2026-04-28,APR 2026
2026-04-07 10:50:00+05:30,NIFTY26APRFUT,NSE:NIFTY26APRFUT,22990.0,22997.2,22921.0,22935.0,75920.0,21556860.0,2026-04-28,2026-04-28,APR 2026
2026-04-07 10:55:00+05:30,NIFTY26APRFUT,NSE:NIFTY26APRFUT,22934.2,22965.9,22891.0,22901.0,90415.0,21546460.0,2026-04-28,2026-04-28,APR 2026
2026-04-07 11:00:00+05:30,NIFTY26APRFUT,NSE:NIFTY26APRFUT,22909.9,22920.0,22885.0,22904.7,93145.0,21550490.0,2026-04-28,2026-04-28,APR 2026
2026-04-07 11:05:00+05:30,NIFTY26APRFUT,NSE:NIFTY26APRFUT,22908.0,22936.0,22901.4,22921.1,57330.0,21560370.0,2026-04-28,2026-04-28,APR 2026
2026-04-07 11:10:00+05:30,NIFTY26APRFUT,NSE:NIFTY26APRFUT,22921.1,22935.9,22902.1,22912.0,34580.0,21580975.0,2026-04-28,2026-04-28,APR 2026
2026-04-07 11:15:00+05:30,NIFTY26APRFUT,NSE:NIFTY26APRFUT,22908.0,22949.8,22902.4,22945.0,53950.0,21617765.0,2026-04-28,2026-04-28,APR 2026
2026-04-07 11:20:00+05:30,NIFTY26APRFUT,NSE:NIFTY26APRFUT,22945.0,22984.2,22942.5,22975.0,80860.0,21633040.0,2026-04-28,2026-04-28,APR 2026
2026-04-07 11:25:00+05:30,NIFTY26APRFUT,NSE:NIFTY26APRFUT,22974.5,22995.0,22970.0,22991.5,91650.0,21683805.0,2026-04-28,2026-04-28,APR 2026
2026-04-07 11:30:00+05:30,NIFTY26APRFUT,NSE:NIFTY26APRFUT,22991.5,22995.0,22984.0,22990.8,58825.0,21725080.0,2026-04-28,2026-04-28,APR 2026
2026-04-07 11:35:00+05:30,NIFTY26APRFUT,NSE:NIFTY26APRFUT,22990.0,23009.0,22972.5,22995.7,89115.0,21736650.0,2026-04-28,2026-04-28,APR 2026
2026-04-07 11:40:00+05:30,NIFTY26APRFUT,NSE:NIFTY26APRFUT,22999.0,22999.0,22955.4,22970.0,51025.0,21786375.0,2026-04-28,2026-04-28,APR 2026
2026-04-07 11:45:00+05:30,NIFTY26APRFUT,NSE:NIFTY26APRFUT,22969.0,22983.3,22950.0,22957.9,34710.0,21800090.0,2026-04-28,2026-04-28,APR 2026
2026-04-07 11:50:00+05:30,NIFTY26APRFUT,NSE:NIFTY26APRFUT,22957.8,23000.0,22957.8,22990.0,46085.0,21814520.0,2026-04-28,2026-04-28,APR 2026
2026-04-07 11:55:00+05:30,NIFTY26APRFUT,NSE:NIFTY26APRFUT,22991.0,23048.9,22990.0,23032.6,154570.0,21829860.0,2026-04-28,2026-04-28,APR 2026
2026-04-07 12:00:00+05:30,NIFTY26APRFUT,NSE:NIFTY26APRFUT,23033.0,23043.0,22986.0,22992.0,131235.0,21908250.0,2026-04-28,2026-04-28,APR 2026
2026-04-07 12:05:00+05:30,NIFTY26APRFUT,NSE:NIFTY26APRFUT,22992.0,23000.0,22970.5,23000.0,42055.0,21923720.0,2026-04-28,2026-04-28,APR 2026
2026-04-07 12:10:00+05:30,NIFTY26APRFUT,NSE:NIFTY26APRFUT,22998.5,23004.0,22952.3,22988.0,27365.0,21927230.0,2026-04-28,2026-04-28,APR 2026
2026-04-07 12:15:00+05:30,NIFTY26APRFUT,NSE:NIFTY26APRFUT,22980.0,22994.8,22966.9,22975.0,27560.0,21944715.0,2026-04-28,2026-04-28,APR 2026
2026-04-07 12:20:00+05:30,NIFTY26APRFUT,NSE:NIFTY26APRFUT,22975.0,22980.0,22950.0,22959.0,53040.0,21958170.0,2026-04-28,2026-04-28,APR 2026
2026-04-07 12:25:00+05:30,NIFTY26APRFUT,NSE:NIFTY26APRFUT,22959.0,22975.1,22953.8,22970.0,26650.0,21968310.0,2026-04-28,2026-04-28,APR 2026
2026-04-07 12:30:00+05:30,NIFTY26APRFUT,NSE:NIFTY26APRFUT,22970.0,22996.0,22969.0,22982.8,30485.0,21978385.0,2026-04-28,2026-04-28,APR 2026
2026-04-07 12:35:00+05:30,NIFTY26APRFUT,NSE:NIFTY26APRFUT,22984.0,22990.0,22970.0,22990.0,25155.0,21995480.0,2026-04-28,2026-04-28,APR 2026
2026-04-07 12:40:00+05:30,NIFTY26APRFUT,NSE:NIFTY26APRFUT,22990.0,22996.8,22975.4,22990.0,46345.0,22014915.0,2026-04-28,2026-04-28,APR 2026
2026-04-07 12:45:00+05:30,NIFTY26APRFUT,NSE:NIFTY26APRFUT,22990.0,22994.1,22974.4,22985.1,91325.0,22017580.0,2026-04-28,2026-04-28,APR 2026
2026-04-07 12:50:00+05:30,NIFTY26APRFUT,NSE:NIFTY26APRFUT,22984.3,22990.4,22965.5,22984.0,46345.0,22030580.0,2026-04-28,2026-04-28,APR 2026
2026-04-07 12:55:00+05:30,NIFTY26APRFUT,NSE:NIFTY26APRFUT,22984.5,22989.0,22954.5,22958.0,34970.0,22032075.0,2026-04-28,2026-04-28,APR 2026
2026-04-07 13:00:00+05:30,NIFTY26APRFUT,NSE:NIFTY26APRFUT,22956.0,22984.0,22950.0,22980.0,51805.0,21896810.0,2026-04-28,2026-04-28,APR 2026
2026-04-07 13:05:00+05:30,NIFTY26APRFUT,NSE:NIFTY26APRFUT,22980.0,22982.0,22959.1,22965.0,26845.0,21910395.0,2026-04-28,2026-04-28,APR 2026
2026-04-07 13:10:00+05:30,NIFTY26APRFUT,NSE:NIFTY26APRFUT,22959.1,22999.0,22958.4,22986.1,35230.0,21920795.0,2026-04-28,2026-04-28,APR 2026
2026-04-07 13:15:00+05:30,NIFTY26APRFUT,NSE:NIFTY26APRFUT,22983.7,23019.0,22983.7,23013.7,54860.0,21929830.0,2026-04-28,2026-04-28,APR 2026
2026-04-07 13:20:00+05:30,NIFTY26APRFUT,NSE:NIFTY26APRFUT,23014.3,23018.0,22988.2,22993.4,28730.0,21931845.0,2026-04-28,2026-04-28,APR 2026
2026-04-07 13:25:00+05:30,NIFTY26APRFUT,NSE:NIFTY26APRFUT,22993.2,23003.8,22975.0,23002.5,40690.0,21954075.0,2026-04-28,2026-04-28,APR 2026
2026-04-07 13:30:00+05:30,NIFTY26APRFUT,NSE:NIFTY26APRFUT,23002.5,23088.0,23002.5,23055.9,252135.0,21976630.0,2026-04-28,2026-04-28,APR 2026
2026-04-07 13:35:00+05:30,NIFTY26APRFUT,NSE:NIFTY26APRFUT,23053.6,23075.0,23043.3,23072.6,73905.0,22036560.0,2026-04-28,2026-04-28,APR 2026
2026-04-07 13:40:00+05:30,NIFTY26APRFUT,NSE:NIFTY26APRFUT,23068.9,23115.4,23060.0,23102.1,144170.0,22057750.0,2026-04-28,2026-04-28,APR 2026
2026-04-07 13:45:00+05:30,NIFTY26APRFUT,NSE:NIFTY26APRFUT,23101.7,23112.0,23065.0,23074.0,153855.0,22062300.0,2026-04-28,2026-04-28,APR 2026
2026-04-07 13:50:00+05:30,NIFTY26APRFUT,NSE:NIFTY26APRFUT,23074.0,23095.0,23040.0,23081.0,89440.0,22072115.0,2026-04-28,2026-04-28,APR 2026
2026-04-07 13:55:00+05:30,NIFTY26APRFUT,NSE:NIFTY26APRFUT,23080.0,23088.8,23010.4,23034.5,93275.0,22059570.0,2026-04-28,2026-04-28,APR 2026
2026-04-07 14:00:00+05:30,NIFTY26APRFUT,NSE:NIFTY26APRFUT,23031.9,23070.0,23024.3,23070.0,61360.0,22064445.0,2026-04-28,2026-04-28,APR 2026
2026-04-07 14:05:00+05:30,NIFTY26APRFUT,NSE:NIFTY26APRFUT,23061.5,23072.8,23042.0,23060.9,43485.0,22030450.0,2026-04-28,2026-04-28,APR 2026
2026-04-07 14:10:00+05:30,NIFTY26APRFUT,NSE:NIFTY26APRFUT,23070.0,23070.0,23041.9,23058.5,104455.0,22085115.0,2026-04-28,2026-04-28,APR 2026
2026-04-07 14:15:00+05:30,NIFTY26APRFUT,NSE:NIFTY26APRFUT,23060.0,23076.1,23045.0,23048.3,62010.0,22090185.0,2026-04-28,2026-04-28,APR 2026
2026-04-07 14:20:00+05:30,NIFTY26APRFUT,NSE:NIFTY26APRFUT,23048.3,23063.8,23035.0,23050.0,38610.0,22094605.0,2026-04-28,2026-04-28,APR 2026
2026-04-07 14:25:00+05:30,NIFTY26APRFUT,NSE:NIFTY26APRFUT,23055.2,23076.8,23047.3,23065.0,30745.0,22108515.0,2026-04-28,2026-04-28,APR 2026
2026-04-07 14:30:00+05:30,NIFTY26APRFUT,NSE:NIFTY26APRFUT,23065.0,23098.0,23062.1,23082.3,47775.0,22108645.0,2026-04-28,2026-04-28,APR 2026
2026-04-07 14:35:00+05:30,NIFTY26APRFUT,NSE:NIFTY26APRFUT,23091.7,23091.7,23040.1,23055.0,57525.0,22112415.0,2026-04-28,2026-04-28,APR 2026
2026-04-07 14:40:00+05:30,NIFTY26APRFUT,NSE:NIFTY26APRFUT,23058.4,23080.0,23050.2,23080.0,36595.0,22111115.0,2026-04-28,2026-04-28,APR 2026
2026-04-07 14:45:00+05:30,NIFTY26APRFUT,NSE:NIFTY26APRFUT,23079.8,23100.0,23068.1,23095.0,64350.0,22111895.0,2026-04-28,2026-04-28,APR 2026
2026-04-07 14:50:00+05:30,NIFTY26APRFUT,NSE:NIFTY26APRFUT,23100.0,23114.6,23090.8,23103.1,74425.0,22114560.0,2026-04-28,2026-04-28,APR 2026
2026-04-07 14:55:00+05:30,NIFTY26APRFUT,NSE:NIFTY26APRFUT,23109.0,23147.0,23106.4,23141.0,174265.0,22119305.0,2026-04-28,2026-04-28,APR 2026
2026-04-07 15:00:00+05:30,NIFTY26APRFUT,NSE:NIFTY26APRFUT,23141.0,23158.0,23121.0,23151.3,184600.0,22151740.0,2026-04-28,2026-04-28,APR 2026
2026-04-07 15:05:00+05:30,NIFTY26APRFUT,NSE:NIFTY26APRFUT,23151.0,23166.0,23144.0,23146.6,225940.0,22233315.0,2026-04-28,2026-04-28,APR 2026
2026-04-07 15:10:00+05:30,NIFTY26APRFUT,NSE:NIFTY26APRFUT,23150.0,23153.5,23128.1,23139.9,206895.0,22302345.0,2026-04-28,2026-04-28,APR 2026
2026-04-07 15:15:00+05:30,NIFTY26APRFUT,NSE:NIFTY26APRFUT,23139.1,23151.0,23124.8,23148.6,225160.0,22298770.0,2026-04-28,2026-04-28,APR 2026
2026-04-07 15:20:00+05:30,NIFTY26APRFUT,NSE:NIFTY26APRFUT,23148.6,23160.0,23138.8,23153.2,145405.0,22282260.0,2026-04-28,2026-04-28,APR 2026
2026-04-07 15:25:00+05:30,NIFTY26APRFUT,NSE:NIFTY26APRFUT,23153.5,23184.4,23152.1,23165.0,352040.0,22380865.0,2026-04-28,2026-04-28,APR 2026
2026-04-08 09:15:00+05:30,NIFTY26APRFUT,NSE:NIFTY26APRFUT,23850.1,23933.6,23830.0,23910.9,1357655.0,21558810.0,2026-04-28,2026-04-28,APR 2026
2026-04-08 09:20:00+05:30,NIFTY26APRFUT,NSE:NIFTY26APRFUT,23910.0,23945.0,23881.0,23885.1,387985.0,21596705.0,2026-04-28,2026-04-28,APR 2026
2026-04-08 09:25:00+05:30,NIFTY26APRFUT,NSE:NIFTY26APRFUT,23886.1,23919.9,23880.8,23905.0,313235.0,21533785.0,2026-04-28,2026-04-28,APR 2026
2026-04-08 09:30:00+05:30,NIFTY26APRFUT,NSE:NIFTY26APRFUT,23905.0,23930.0,23899.7,23920.4,262405.0,21466835.0,2026-04-28,2026-04-28,APR 2026
2026-04-08 09:35:00+05:30,NIFTY26APRFUT,NSE:NIFTY26APRFUT,23914.0,23955.0,23911.8,23953.0,280995.0,21447400.0,2026-04-28,2026-04-28,APR 2026
2026-04-08 09:40:00+05:30,NIFTY26APRFUT,NSE:NIFTY26APRFUT,23953.8,23957.0,23926.7,23955.6,107380.0,21317855.0,2026-04-28,2026-04-28,APR 2026
2026-04-08 09:45:00+05:30,NIFTY26APRFUT,NSE:NIFTY26APRFUT,23955.8,23995.0,23955.2,23976.5,276900.0,21264945.0,2026-04-28,2026-04-28,APR 2026
2026-04-08 09:50:00+05:30,NIFTY26APRFUT,NSE:NIFTY26APRFUT,23975.0,23992.0,23950.0,23955.0,199095.0,21294520.0,2026-04-28,2026-04-28,APR 2026
2026-04-08 09:55:00+05:30,NIFTY26APRFUT,NSE:NIFTY26APRFUT,23960.0,23974.0,23930.0,23934.0,141440.0,21309145.0,2026-04-28,2026-04-28,APR 2026
2026-04-08 10:00:00+05:30,NIFTY26APRFUT,NSE:NIFTY26APRFUT,23940.0,23960.8,23927.0,23933.0,127010.0,21240895.0,2026-04-28,2026-04-28,APR 2026
2026-04-08 10:05:00+05:30,NIFTY26APRFUT,NSE:NIFTY26APRFUT,23933.0,23971.0,23933.0,23941.8,105885.0,21257470.0,2026-04-28,2026-04-28,APR 2026
2026-04-08 10:10:00+05:30,NIFTY26APRFUT,NSE:NIFTY26APRFUT,23941.8,23945.5,23920.0,23922.0,119535.0,21279375.0,2026-04-28,2026-04-28,APR 2026
2026-04-08 10:15:00+05:30,NIFTY26APRFUT,NSE:NIFTY26APRFUT,23924.0,23947.2,23905.0,23940.0,149500.0,21203780.0,2026-04-28,2026-04-28,APR 2026
2026-04-08 10:20:00+05:30,NIFTY26APRFUT,NSE:NIFTY26APRFUT,23940.0,23955.8,23918.0,23935.1,91455.0,21212620.0,2026-04-28,2026-04-28,APR 2026
2026-04-08 10:25:00+05:30,NIFTY26APRFUT,NSE:NIFTY26APRFUT,23933.5,23961.4,23921.0,23951.0,122785.0,21215870.0,2026-04-28,2026-04-28,APR 2026
2026-04-08 10:30:00+05:30,NIFTY26APRFUT,NSE:NIFTY26APRFUT,23951.0,23970.0,23949.0,23962.6,90220.0,21239790.0,2026-04-28,2026-04-28,APR 2026
2026-04-08 10:35:00+05:30,NIFTY26APRFUT,NSE:NIFTY26APRFUT,23961.7,23973.2,23943.0,23959.4,88595.0,21259940.0,2026-04-28,2026-04-28,APR 2026
2026-04-08 10:40:00+05:30,NIFTY26APRFUT,NSE:NIFTY26APRFUT,23959.4,23989.0,23945.0,23980.0,87945.0,21128055.0,2026-04-28,2026-04-28,APR 2026
2026-04-08 10:45:00+05:30,NIFTY26APRFUT,NSE:NIFTY26APRFUT,23979.1,23999.7,23976.0,23987.5,127790.0,21175310.0,2026-04-28,2026-04-28,APR 2026
2026-04-08 10:50:00+05:30,NIFTY26APRFUT,NSE:NIFTY26APRFUT,23992.6,24019.9,23986.0,24018.5,152230.0,21203585.0,2026-04-28,2026-04-28,APR 2026
2026-04-08 10:55:00+05:30,NIFTY26APRFUT,NSE:NIFTY26APRFUT,24017.9,24035.0,24012.6,24031.9,130390.0,21165625.0,2026-04-28,2026-04-28,APR 2026
2026-04-08 11:00:00+05:30,NIFTY26APRFUT,NSE:NIFTY26APRFUT,24030.1,24049.0,24025.1,24036.0,122980.0,21077355.0,2026-04-28,2026-04-28,APR 2026
2026-04-08 11:05:00+05:30,NIFTY26APRFUT,NSE:NIFTY26APRFUT,24036.0,24045.7,24020.2,24036.0,58955.0,21088990.0,2026-04-28,2026-04-28,APR 2026
2026-04-08 11:10:00+05:30,NIFTY26APRFUT,NSE:NIFTY26APRFUT,24028.0,24050.0,24024.6,24035.0,52065.0,21092370.0,2026-04-28,2026-04-28,APR 2026
2026-04-08 11:15:00+05:30,NIFTY26APRFUT,NSE:NIFTY26APRFUT,24035.0,24050.0,24025.1,24040.7,61165.0,21047845.0,2026-04-28,2026-04-28,APR 2026
2026-04-08 11:20:00+05:30,NIFTY26APRFUT,NSE:NIFTY26APRFUT,24043.0,24059.6,24032.7,24041.0,52000.0,21052785.0,2026-04-28,2026-04-28,APR 2026
2026-04-08 11:25:00+05:30,NIFTY26APRFUT,NSE:NIFTY26APRFUT,24047.0,24047.0,24021.4,24033.0,53495.0,21047195.0,2026-04-28,2026-04-28,APR 2026
2026-04-08 11:30:00+05:30,NIFTY26APRFUT,NSE:NIFTY26APRFUT,24032.4,24035.0,24010.0,24018.5,52910.0,21064680.0,2026-04-28,2026-04-28,APR 2026
2026-04-08 11:35:00+05:30,NIFTY26APRFUT,NSE:NIFTY26APRFUT,24012.9,24030.0,24000.0,24010.0,54340.0,21072220.0,2026-04-28,2026-04-28,APR 2026
2026-04-08 11:40:00+05:30,NIFTY26APRFUT,NSE:NIFTY26APRFUT,24009.0,24038.0,24006.9,24029.9,47450.0,21077420.0,2026-04-28,2026-04-28,APR 2026
2026-04-08 11:45:00+05:30,NIFTY26APRFUT,NSE:NIFTY26APRFUT,24030.0,24048.0,24024.9,24030.8,58370.0,21075600.0,2026-04-28,2026-04-28,APR 2026
2026-04-08 11:50:00+05:30,NIFTY26APRFUT,NSE:NIFTY26APRFUT,24030.8,24034.0,23982.1,23991.0,112385.0,21082620.0,2026-04-28,2026-04-28,APR 2026
2026-04-08 11:55:00+05:30,NIFTY26APRFUT,NSE:NIFTY26APRFUT,24000.0,24002.9,23980.0,23984.4,74165.0,21069685.0,2026-04-28,2026-04-28,APR 2026
2026-04-08 12:00:00+05:30,NIFTY26APRFUT,NSE:NIFTY26APRFUT,23985.0,24006.8,23980.0,24001.8,61295.0,21016125.0,2026-04-28,2026-04-28,APR 2026
2026-04-08 12:05:00+05:30,NIFTY26APRFUT,NSE:NIFTY26APRFUT,24001.8,24020.0,24001.8,24016.1,38285.0,21028150.0,2026-04-28,2026-04-28,APR 2026
2026-04-08 12:10:00+05:30,NIFTY26APRFUT,NSE:NIFTY26APRFUT,24014.5,24020.0,24003.0,24013.2,27755.0,21021065.0,2026-04-28,2026-04-28,APR 2026
2026-04-08 12:15:00+05:30,NIFTY26APRFUT,NSE:NIFTY26APRFUT,24016.1,24016.1,24005.0,24008.0,17745.0,21017945.0,2026-04-28,2026-04-28,APR 2026
2026-04-08 12:20:00+05:30,NIFTY26APRFUT,NSE:NIFTY26APRFUT,24007.5,24018.0,24007.4,24010.9,17550.0,21021780.0,2026-04-28,2026-04-28,APR 2026
2026-04-08 12:25:00+05:30,NIFTY26APRFUT,NSE:NIFTY26APRFUT,24011.3,24015.0,23998.0,23998.0,24245.0,21014630.0,2026-04-28,2026-04-28,APR 2026
2026-04-08 12:30:00+05:30,NIFTY26APRFUT,NSE:NIFTY26APRFUT,23990.0,23996.8,23948.3,23960.0,109785.0,21010795.0,2026-04-28,2026-04-28,APR 2026
2026-04-08 12:35:00+05:30,NIFTY26APRFUT,NSE:NIFTY26APRFUT,23956.6,23983.3,23952.0,23957.2,49920.0,21013265.0,2026-04-28,2026-04-28,APR 2026
2026-04-08 12:40:00+05:30,NIFTY26APRFUT,NSE:NIFTY26APRFUT,23965.0,23999.6,23952.6,23995.0,28990.0,21019310.0,2026-04-28,2026-04-28,APR 2026
2026-04-08 12:45:00+05:30,NIFTY26APRFUT,NSE:NIFTY26APRFUT,23989.6,24007.0,23980.0,24004.4,32370.0,21008065.0,2026-04-28,2026-04-28,APR 2026
2026-04-08 12:50:00+05:30,NIFTY26APRFUT,NSE:NIFTY26APRFUT,24007.0,24017.2,24000.0,24009.6,34060.0,21008455.0,2026-04-28,2026-04-28,APR 2026
2026-04-08 12:55:00+05:30,NIFTY26APRFUT,NSE:NIFTY26APRFUT,24013.1,24036.2,24006.3,24028.7,45305.0,20986940.0,2026-04-28,2026-04-28,APR 2026
2026-04-08 13:00:00+05:30,NIFTY26APRFUT,NSE:NIFTY26APRFUT,24033.1,24033.1,24011.0,24012.0,33865.0,20993440.0,2026-04-28,2026-04-28,APR 2026
2026-04-08 13:05:00+05:30,NIFTY26APRFUT,NSE:NIFTY26APRFUT,24019.0,24022.6,24000.2,24014.2,17355.0,20982065.0,2026-04-28,2026-04-28,APR 2026
2026-04-08 13:10:00+05:30,NIFTY26APRFUT,NSE:NIFTY26APRFUT,24007.1,24025.0,24007.1,24022.6,36855.0,20981805.0,2026-04-28,2026-04-28,APR 2026
2026-04-08 13:15:00+05:30,NIFTY26APRFUT,NSE:NIFTY26APRFUT,24023.6,24031.4,24006.2,24020.0,29575.0,20984210.0,2026-04-28,2026-04-28,APR 2026
2026-04-08 13:20:00+05:30,NIFTY26APRFUT,NSE:NIFTY26APRFUT,24017.0,24030.0,24012.6,24022.9,16510.0,20992140.0,2026-04-28,2026-04-28,APR 2026
2026-04-08 13:25:00+05:30,NIFTY26APRFUT,NSE:NIFTY26APRFUT,24025.0,24040.0,24020.0,24036.5,29510.0,20983885.0,2026-04-28,2026-04-28,APR 2026
2026-04-08 13:30:00+05:30,NIFTY26APRFUT,NSE:NIFTY26APRFUT,24035.7,24040.0,24025.5,24035.0,33410.0,20990125.0,2026-04-28,2026-04-28,APR 2026
2026-04-08 13:35:00+05:30,NIFTY26APRFUT,NSE:NIFTY26APRFUT,24035.7,24069.8,24026.7,24056.6,101270.0,20996885.0,2026-04-28,2026-04-28,APR 2026
2026-04-08 13:40:00+05:30,NIFTY26APRFUT,NSE:NIFTY26APRFUT,24059.0,24059.0,24025.0,24031.0,69290.0,20992270.0,2026-04-28,2026-04-28,APR 2026
2026-04-08 13:45:00+05:30,NIFTY26APRFUT,NSE:NIFTY26APRFUT,24031.1,24036.0,24020.0,24029.0,43225.0,20942935.0,2026-04-28,2026-04-28,APR 2026
2026-04-08 13:50:00+05:30,NIFTY26APRFUT,NSE:NIFTY26APRFUT,24029.0,24035.2,24012.0,24017.4,68640.0,20933900.0,2026-04-28,2026-04-28,APR 2026
2026-04-08 13:55:00+05:30,NIFTY26APRFUT,NSE:NIFTY26APRFUT,24019.9,24040.0,24019.9,24036.1,20410.0,20934095.0,2026-04-28,2026-04-28,APR 2026
2026-04-08 14:00:00+05:30,NIFTY26APRFUT,NSE:NIFTY26APRFUT,24037.8,24039.8,24015.0,24021.9,18200.0,20932470.0,2026-04-28,2026-04-28,APR 2026
2026-04-08 14:05:00+05:30,NIFTY26APRFUT,NSE:NIFTY26APRFUT,24021.0,24028.6,24003.0,24017.6,26065.0,20932080.0,2026-04-28,2026-04-28,APR 2026
2026-04-08 14:10:00+05:30,NIFTY26APRFUT,NSE:NIFTY26APRFUT,24023.1,24026.3,24000.0,24003.0,28600.0,20927725.0,2026-04-28,2026-04-28,APR 2026
2026-04-08 14:15:00+05:30,NIFTY26APRFUT,NSE:NIFTY26APRFUT,24004.8,24030.0,24004.8,24028.6,40430.0,20933835.0,2026-04-28,2026-04-28,APR 2026
2026-04-08 14:20:00+05:30,NIFTY26APRFUT,NSE:NIFTY26APRFUT,24028.6,24040.1,24025.0,24040.0,44135.0,20913035.0,2026-04-28,2026-04-28,APR 2026
2026-04-08 14:25:00+05:30,NIFTY26APRFUT,NSE:NIFTY26APRFUT,24040.0,24045.7,24032.0,24040.0,44980.0,20892430.0,2026-04-28,2026-04-28,APR 2026
2026-04-08 14:30:00+05:30,NIFTY26APRFUT,NSE:NIFTY26APRFUT,24040.0,24050.0,24035.0,24040.3,35945.0,20855250.0,2026-04-28,2026-04-28,APR 2026
2026-04-08 14:35:00+05:30,NIFTY26APRFUT,NSE:NIFTY26APRFUT,24041.0,24050.0,24040.0,24048.0,59995.0,20841665.0,2026-04-28,2026-04-28,APR 2026
2026-04-08 14:40:00+05:30,NIFTY26APRFUT,NSE:NIFTY26APRFUT,24047.0,24072.1,24044.0,24069.4,107640.0,20815535.0,2026-04-28,2026-04-28,APR 2026
2026-04-08 14:45:00+05:30,NIFTY26APRFUT,NSE:NIFTY26APRFUT,24069.0,24080.0,24040.2,24045.0,98735.0,20800845.0,2026-04-28,2026-04-28,APR 2026
2026-04-08 14:50:00+05:30,NIFTY26APRFUT,NSE:NIFTY26APRFUT,24050.0,24053.5,24031.1,24046.0,46995.0,20796815.0,2026-04-28,2026-04-28,APR 2026
2026-04-08 14:55:00+05:30,NIFTY26APRFUT,NSE:NIFTY26APRFUT,24048.0,24060.0,24045.1,24060.0,37115.0,20793435.0,2026-04-28,2026-04-28,APR 2026
2026-04-08 15:00:00+05:30,NIFTY26APRFUT,NSE:NIFTY26APRFUT,24059.0,24060.0,24015.0,24052.6,76505.0,20782320.0,2026-04-28,2026-04-28,APR 2026
2026-04-08 15:05:00+05:30,NIFTY26APRFUT,NSE:NIFTY26APRFUT,24044.6,24068.0,24041.9,24055.0,72280.0,20774195.0,2026-04-28,2026-04-28,APR 2026
2026-04-08 15:10:00+05:30,NIFTY26APRFUT,NSE:NIFTY26APRFUT,24063.9,24063.9,24041.4,24048.6,80015.0,20752160.0,2026-04-28,2026-04-28,APR 2026
2026-04-08 15:15:00+05:30,NIFTY26APRFUT,NSE:NIFTY26APRFUT,24049.8,24056.1,24041.0,24054.3,98150.0,20758985.0,2026-04-28,2026-04-28,APR 2026
2026-04-08 15:20:00+05:30,NIFTY26APRFUT,NSE:NIFTY26APRFUT,24051.0,24058.0,24041.9,24056.5,185835.0,20721935.0,2026-04-28,2026-04-28,APR 2026
2026-04-08 15:25:00+05:30,NIFTY26APRFUT,NSE:NIFTY26APRFUT,24056.5,24090.0,24055.8,24087.1,321360.0,20600970.0,2026-04-28,2026-04-28,APR 2026
2026-04-09 09:15:00+05:30,NIFTY26APRFUT,NSE:NIFTY26APRFUT,23960.0,23980.0,23890.0,23975.0,544960.0,20112625.0,2026-04-28,2026-04-28,APR 2026
2026-04-09 09:20:00+05:30,NIFTY26APRFUT,NSE:NIFTY26APRFUT,23966.0,24015.0,23962.9,24011.5,275730.0,20171840.0,2026-04-28,2026-04-28,APR 2026
2026-04-09 09:25:00+05:30,NIFTY26APRFUT,NSE:NIFTY26APRFUT,24010.0,24029.0,24000.1,24024.9,173680.0,20184190.0,2026-04-28,2026-04-28,APR 2026
2026-04-09 09:30:00+05:30,NIFTY26APRFUT,NSE:NIFTY26APRFUT,24025.0,24029.5,23951.1,23960.0,153985.0,20222865.0,2026-04-28,2026-04-28,APR 2026
2026-04-09 09:35:00+05:30,NIFTY26APRFUT,NSE:NIFTY26APRFUT,23960.0,23990.0,23946.4,23962.5,117325.0,20222410.0,2026-04-28,2026-04-28,APR 2026
2026-04-09 09:40:00+05:30,NIFTY26APRFUT,NSE:NIFTY26APRFUT,23961.7,23970.5,23925.0,23930.0,105690.0,20250815.0,2026-04-28,2026-04-28,APR 2026
2026-04-09 09:45:00+05:30,NIFTY26APRFUT,NSE:NIFTY26APRFUT,23934.1,23948.0,23875.0,23888.4,303745.0,20254585.0,2026-04-28,2026-04-28,APR 2026
2026-04-09 09:50:00+05:30,NIFTY26APRFUT,NSE:NIFTY26APRFUT,23888.5,23898.0,23865.0,23872.0,223730.0,20211555.0,2026-04-28,2026-04-28,APR 2026
2026-04-09 09:55:00+05:30,NIFTY26APRFUT,NSE:NIFTY26APRFUT,23876.7,23878.8,23840.0,23862.4,274560.0,20205640.0,2026-04-28,2026-04-28,APR 2026
2026-04-09 10:00:00+05:30,NIFTY26APRFUT,NSE:NIFTY26APRFUT,23862.0,23889.9,23830.0,23883.9,148070.0,20191470.0,2026-04-28,2026-04-28,APR 2026
2026-04-09 10:05:00+05:30,NIFTY26APRFUT,NSE:NIFTY26APRFUT,23883.9,23896.1,23871.0,23890.0,79300.0,20191015.0,2026-04-28,2026-04-28,APR 2026
2026-04-09 10:10:00+05:30,NIFTY26APRFUT,NSE:NIFTY26APRFUT,23895.0,23919.6,23889.0,23908.0,76050.0,20163845.0,2026-04-28,2026-04-28,APR 2026
2026-04-09 10:15:00+05:30,NIFTY26APRFUT,NSE:NIFTY26APRFUT,23905.0,23935.0,23881.0,23929.8,86515.0,20161830.0,2026-04-28,2026-04-28,APR 2026
2026-04-09 10:20:00+05:30,NIFTY26APRFUT,NSE:NIFTY26APRFUT,23934.8,23935.0,23915.0,23930.0,56095.0,20164690.0,2026-04-28,2026-04-28,APR 2026
2026-04-09 10:25:00+05:30,NIFTY26APRFUT,NSE:NIFTY26APRFUT,23930.0,23935.0,23881.9,23908.1,46345.0,20158840.0,2026-04-28,2026-04-28,APR 2026
2026-04-09 10:30:00+05:30,NIFTY26APRFUT,NSE:NIFTY26APRFUT,23908.1,23926.9,23898.1,23925.0,33410.0,20155525.0,2026-04-28,2026-04-28,APR 2026
2026-04-09 10:35:00+05:30,NIFTY26APRFUT,NSE:NIFTY26APRFUT,23925.0,23933.0,23900.0,23900.0,43485.0,20151690.0,2026-04-28,2026-04-28,APR 2026
2026-04-09 10:40:00+05:30,NIFTY26APRFUT,NSE:NIFTY26APRFUT,23901.0,23901.0,23872.0,23876.0,50895.0,20151625.0,2026-04-28,2026-04-28,APR 2026
2026-04-09 10:45:00+05:30,NIFTY26APRFUT,NSE:NIFTY26APRFUT,23878.0,23899.0,23875.0,23885.2,31850.0,20154810.0,2026-04-28,2026-04-28,APR 2026
2026-04-09 10:50:00+05:30,NIFTY26APRFUT,NSE:NIFTY26APRFUT,23885.2,23894.9,23880.6,23890.0,20085.0,20152600.0,2026-04-28,2026-04-28,APR 2026
2026-04-09 10:55:00+05:30,NIFTY26APRFUT,NSE:NIFTY26APRFUT,23889.9,23914.6,23885.4,23896.5,20085.0,20154940.0,2026-04-28,2026-04-28,APR 2026
2026-04-09 11:00:00+05:30,NIFTY26APRFUT,NSE:NIFTY26APRFUT,23890.0,23925.0,23886.0,23915.8,22685.0,20153055.0,2026-04-28,2026-04-28,APR 2026
2026-04-09 11:05:00+05:30,NIFTY26APRFUT,NSE:NIFTY26APRFUT,23918.0,23928.0,23886.0,23927.0,26325.0,20158840.0,2026-04-28,2026-04-28,APR 2026
2026-04-09 11:10:00+05:30,NIFTY26APRFUT,NSE:NIFTY26APRFUT,23927.0,23934.0,23907.9,23910.7,16315.0,20161440.0,2026-04-28,2026-04-28,APR 2026
2026-04-09 11:15:00+05:30,NIFTY26APRFUT,NSE:NIFTY26APRFUT,23910.7,23928.6,23880.0,23885.0,60125.0,20145840.0,2026-04-28,2026-04-28,APR 2026
2026-04-09 11:20:00+05:30,NIFTY26APRFUT,NSE:NIFTY26APRFUT,23890.0,23905.0,23870.0,23900.1,33410.0,20150000.0,2026-04-28,2026-04-28,APR 2026
2026-04-09 11:25:00+05:30,NIFTY26APRFUT,NSE:NIFTY26APRFUT,23900.1,23918.9,23892.0,23910.7,16185.0,20149090.0,2026-04-28,2026-04-28,APR 2026
2026-04-09 11:30:00+05:30,NIFTY26APRFUT,NSE:NIFTY26APRFUT,23911.0,23938.9,23905.1,23924.9,30420.0,20144800.0,2026-04-28,2026-04-28,APR 2026
2026-04-09 11:35:00+05:30,NIFTY26APRFUT,NSE:NIFTY26APRFUT,23913.0,23930.0,23913.0,23920.0,13910.0,20146230.0,2026-04-28,2026-04-28,APR 2026
2026-04-09 11:40:00+05:30,NIFTY26APRFUT,NSE:NIFTY26APRFUT,23920.0,23934.0,23910.0,23934.0,18135.0,20150325.0,2026-04-28,2026-04-28,APR 2026
2026-04-09 11:45:00+05:30,NIFTY26APRFUT,NSE:NIFTY26APRFUT,23934.2,23949.9,23910.0,23949.9,57135.0,20071285.0,2026-04-28,2026-04-28,APR 2026
2026-04-09 11:50:00+05:30,NIFTY26APRFUT,NSE:NIFTY26APRFUT,23949.9,23963.5,23935.6,23940.0,71435.0,20067710.0,2026-04-28,2026-04-28,APR 2026
2026-04-09 11:55:00+05:30,NIFTY26APRFUT,NSE:NIFTY26APRFUT,23940.8,23967.9,23935.0,23946.9,43550.0,20079995.0,2026-04-28,2026-04-28,APR 2026
2026-04-09 12:00:00+05:30,NIFTY26APRFUT,NSE:NIFTY26APRFUT,23956.0,23965.0,23937.5,23940.1,34515.0,20095985.0,2026-04-28,2026-04-28,APR 2026
2026-04-09 12:05:00+05:30,NIFTY26APRFUT,NSE:NIFTY26APRFUT,23945.1,23964.7,23921.9,23962.1,29835.0,20097220.0,2026-04-28,2026-04-28,APR 2026
2026-04-09 12:10:00+05:30,NIFTY26APRFUT,NSE:NIFTY26APRFUT,23962.1,23969.3,23940.0,23942.9,43875.0,20096310.0,2026-04-28,2026-04-28,APR 2026
2026-04-09 12:15:00+05:30,NIFTY26APRFUT,NSE:NIFTY26APRFUT,23945.0,23958.1,23936.1,23936.3,32565.0,20100860.0,2026-04-28,2026-04-28,APR 2026
2026-04-09 12:20:00+05:30,NIFTY26APRFUT,NSE:NIFTY26APRFUT,23944.0,23950.0,23928.3,23939.0,18590.0,20103915.0,2026-04-28,2026-04-28,APR 2026
2026-04-09 12:25:00+05:30,NIFTY26APRFUT,NSE:NIFTY26APRFUT,23936.2,23955.8,23922.6,23950.0,23725.0,20103980.0,2026-04-28,2026-04-28,APR 2026
2026-04-09 12:30:00+05:30,NIFTY26APRFUT,NSE:NIFTY26APRFUT,23954.9,23959.0,23926.9,23933.0,16900.0,20104695.0,2026-04-28,2026-04-28,APR 2026
2026-04-09 12:35:00+05:30,NIFTY26APRFUT,NSE:NIFTY26APRFUT,23936.0,23940.0,23909.2,23923.0,31070.0,20113795.0,2026-04-28,2026-04-28,APR 2026
2026-04-09 12:40:00+05:30,NIFTY26APRFUT,NSE:NIFTY26APRFUT,23920.0,23935.0,23910.0,23916.9,23920.0,20121660.0,2026-04-28,2026-04-28,APR 2026
2026-04-09 12:45:00+05:30,NIFTY26APRFUT,NSE:NIFTY26APRFUT,23913.7,23920.0,23865.7,23868.0,90740.0,20130045.0,2026-04-28,2026-04-28,APR 2026
2026-04-09 12:50:00+05:30,NIFTY26APRFUT,NSE:NIFTY26APRFUT,23867.1,23896.4,23865.0,23889.0,54990.0,20129460.0,2026-04-28,2026-04-28,APR 2026
2026-04-09 12:55:00+05:30,NIFTY26APRFUT,NSE:NIFTY26APRFUT,23884.9,23898.0,23881.0,23896.0,22425.0,20143825.0,2026-04-28,2026-04-28,APR 2026
2026-04-09 13:00:00+05:30,NIFTY26APRFUT,NSE:NIFTY26APRFUT,23890.0,23897.0,23881.9,23894.9,13975.0,20144540.0,2026-04-28,2026-04-28,APR 2026
2026-04-09 13:05:00+05:30,NIFTY26APRFUT,NSE:NIFTY26APRFUT,23892.3,23899.2,23876.0,23891.0,16185.0,20146815.0,2026-04-28,2026-04-28,APR 2026
2026-04-09 13:10:00+05:30,NIFTY26APRFUT,NSE:NIFTY26APRFUT,23898.0,23898.0,23870.7,23880.0,28405.0,20146815.0,2026-04-28,2026-04-28,APR 2026
2026-04-09 13:15:00+05:30,NIFTY26APRFUT,NSE:NIFTY26APRFUT,23875.0,23883.6,23860.6,23867.0,36400.0,20154615.0,2026-04-28,2026-04-28,APR 2026
2026-04-09 13:20:00+05:30,NIFTY26APRFUT,NSE:NIFTY26APRFUT,23867.0,23867.0,23835.0,23854.4,113425.0,20137455.0,2026-04-28,2026-04-28,APR 2026
2026-04-09 13:25:00+05:30,NIFTY26APRFUT,NSE:NIFTY26APRFUT,23853.4,23857.5,23833.6,23837.0,65715.0,20127315.0,2026-04-28,2026-04-28,APR 2026
2026-04-09 13:30:00+05:30,NIFTY26APRFUT,NSE:NIFTY26APRFUT,23835.0,23859.2,23815.0,23850.5,99385.0,20113470.0,2026-04-28,2026-04-28,APR 2026
2026-04-09 13:35:00+05:30,NIFTY26APRFUT,NSE:NIFTY26APRFUT,23850.3,23859.0,23832.6,23834.9,35230.0,20122765.0,2026-04-28,2026-04-28,APR 2026
2026-04-09 13:40:00+05:30,NIFTY26APRFUT,NSE:NIFTY26APRFUT,23840.2,23843.8,23820.0,23820.0,43615.0,20123285.0,2026-04-28,2026-04-28,APR 2026
2026-04-09 13:45:00+05:30,NIFTY26APRFUT,NSE:NIFTY26APRFUT,23823.3,23832.0,23801.0,23822.0,101270.0,20134855.0,2026-04-28,2026-04-28,APR 2026
2026-04-09 13:50:00+05:30,NIFTY26APRFUT,NSE:NIFTY26APRFUT,23829.4,23850.9,23820.0,23831.1,53430.0,20130305.0,2026-04-28,2026-04-28,APR 2026
2026-04-09 13:55:00+05:30,NIFTY26APRFUT,NSE:NIFTY26APRFUT,23840.7,23849.0,23831.0,23835.0,35555.0,20134140.0,2026-04-28,2026-04-28,APR 2026
2026-04-09 14:00:00+05:30,NIFTY26APRFUT,NSE:NIFTY26APRFUT,23837.0,23857.4,23825.0,23850.0,38415.0,20138625.0,2026-04-28,2026-04-28,APR 2026
2026-04-09 14:05:00+05:30,NIFTY26APRFUT,NSE:NIFTY26APRFUT,23850.0,23865.0,23830.0,23859.1,42120.0,20144865.0,2026-04-28,2026-04-28,APR 2026
2026-04-09 14:10:00+05:30,NIFTY26APRFUT,NSE:NIFTY26APRFUT,23852.1,23857.1,23820.0,23820.0,28925.0,20146425.0,2026-04-28,2026-04-28,APR 2026
2026-04-09 14:15:00+05:30,NIFTY26APRFUT,NSE:NIFTY26APRFUT,23828.7,23834.0,23810.1,23815.0,41730.0,20155525.0,2026-04-28,2026-04-28,APR 2026
2026-04-09 14:20:00+05:30,NIFTY26APRFUT,NSE:NIFTY26APRFUT,23815.0,23828.0,23782.3,23800.0,104325.0,20172750.0,2026-04-28,2026-04-28,APR 2026
2026-04-09 14:25:00+05:30,NIFTY26APRFUT,NSE:NIFTY26APRFUT,23800.0,23805.5,23780.0,23789.2,72410.0,20107360.0,2026-04-28,2026-04-28,APR 2026
2026-04-09 14:30:00+05:30,NIFTY26APRFUT,NSE:NIFTY26APRFUT,23789.2,23790.0,23750.0,23765.0,121940.0,20103655.0,2026-04-28,2026-04-28,APR 2026
2026-04-09 14:35:00+05:30,NIFTY26APRFUT,NSE:NIFTY26APRFUT,23765.0,23787.9,23760.0,23787.7,69095.0,20115810.0,2026-04-28,2026-04-28,APR 2026
2026-04-09 14:40:00+05:30,NIFTY26APRFUT,NSE:NIFTY26APRFUT,23786.0,23825.0,23777.4,23814.0,86645.0,20132580.0,2026-04-28,2026-04-28,APR 2026
2026-04-09 14:45:00+05:30,NIFTY26APRFUT,NSE:NIFTY26APRFUT,23812.0,23824.8,23802.0,23815.0,34840.0,20136025.0,2026-04-28,2026-04-28,APR 2026
2026-04-09 14:50:00+05:30,NIFTY26APRFUT,NSE:NIFTY26APRFUT,23815.0,23829.0,23804.0,23826.0,24375.0,20143110.0,2026-04-28,2026-04-28,APR 2026
2026-04-09 14:55:00+05:30,NIFTY26APRFUT,NSE:NIFTY26APRFUT,23827.9,23829.9,23809.3,23823.0,43225.0,20152340.0,2026-04-28,2026-04-28,APR 2026
2026-04-09 15:00:00+05:30,NIFTY26APRFUT,NSE:NIFTY26APRFUT,23824.0,23889.0,23807.0,23843.0,151710.0,20121855.0,2026-04-28,2026-04-28,APR 2026
2026-04-09 15:05:00+05:30,NIFTY26APRFUT,NSE:NIFTY26APRFUT,23840.0,23870.0,23830.0,23869.0,65260.0,20091435.0,2026-04-28,2026-04-28,APR 2026
2026-04-09 15:10:00+05:30,NIFTY26APRFUT,NSE:NIFTY26APRFUT,23867.0,23884.8,23862.2,23865.1,88205.0,20073690.0,2026-04-28,2026-04-28,APR 2026
2026-04-09 15:15:00+05:30,NIFTY26APRFUT,NSE:NIFTY26APRFUT,23863.8,23872.4,23852.5,23860.0,80730.0,20074145.0,2026-04-28,2026-04-28,APR 2026
2026-04-09 15:20:00+05:30,NIFTY26APRFUT,NSE:NIFTY26APRFUT,23857.3,23866.0,23857.1,23860.1,140075.0,20114120.0,2026-04-28,2026-04-28,APR 2026
2026-04-09 15:25:00+05:30,NIFTY26APRFUT,NSE:NIFTY26APRFUT,23860.1,23867.0,23858.9,23864.5,135070.0,20135700.0,2026-04-28,2026-04-28,APR 2026
2026-04-10 09:15:00+05:30,NIFTY26APRFUT,NSE:NIFTY26APRFUT,23930.9,24001.0,23914.1,23998.0,371020.0,19718855.0,2026-04-28,2026-04-28,APR 2026
2026-04-10 09:20:00+05:30,NIFTY26APRFUT,NSE:NIFTY26APRFUT,23998.1,24013.0,23966.0,23967.2,157170.0,19702085.0,2026-04-28,2026-04-28,APR 2026
2026-04-10 09:25:00+05:30,NIFTY26APRFUT,NSE:NIFTY26APRFUT,23967.2,23990.0,23952.0,23985.0,93730.0,19716580.0,2026-04-28,2026-04-28,APR 2026
2026-04-10 09:30:00+05:30,NIFTY26APRFUT,NSE:NIFTY26APRFUT,23985.0,23999.0,23967.7,23988.0,99775.0,19721780.0,2026-04-28,2026-04-28,APR 2026
2026-04-10 09:35:00+05:30,NIFTY26APRFUT,NSE:NIFTY26APRFUT,23983.0,23995.0,23965.0,23982.8,48555.0,19725485.0,2026-04-28,2026-04-28,APR 2026
2026-04-10 09:40:00+05:30,NIFTY26APRFUT,NSE:NIFTY26APRFUT,23980.1,23999.9,23976.2,23995.0,68445.0,19738420.0,2026-04-28,2026-04-28,APR 2026
2026-04-10 09:45:00+05:30,NIFTY26APRFUT,NSE:NIFTY26APRFUT,23990.0,24025.0,23984.0,24015.0,109525.0,19754540.0,2026-04-28,2026-04-28,APR 2026
2026-04-10 09:50:00+05:30,NIFTY26APRFUT,NSE:NIFTY26APRFUT,24015.0,24030.0,24008.5,24027.6,59215.0,19766630.0,2026-04-28,2026-04-28,APR 2026
2026-04-10 09:55:00+05:30,NIFTY26APRFUT,NSE:NIFTY26APRFUT,24029.0,24040.0,24020.1,24028.0,88790.0,19777550.0,2026-04-28,2026-04-28,APR 2026
2026-04-10 10:00:00+05:30,NIFTY26APRFUT,NSE:NIFTY26APRFUT,24035.0,24040.0,24010.0,24012.9,71760.0,19768060.0,2026-04-28,2026-04-28,APR 2026
2026-04-10 10:05:00+05:30,NIFTY26APRFUT,NSE:NIFTY26APRFUT,24012.9,24012.9,23971.1,24005.0,93015.0,19754995.0,2026-04-28,2026-04-28,APR 2026
2026-04-10 10:10:00+05:30,NIFTY26APRFUT,NSE:NIFTY26APRFUT,24000.0,24039.0,24000.0,24038.7,63050.0,19723665.0,2026-04-28,2026-04-28,APR 2026
2026-04-10 10:15:00+05:30,NIFTY26APRFUT,NSE:NIFTY26APRFUT,24045.0,24062.0,24042.0,24056.0,189345.0,19671535.0,2026-04-28,2026-04-28,APR 2026
2026-04-10 10:20:00+05:30,NIFTY26APRFUT,NSE:NIFTY26APRFUT,24056.0,24070.0,24056.0,24068.1,97825.0,19659510.0,2026-04-28,2026-04-28,APR 2026
2026-04-10 10:25:00+05:30,NIFTY26APRFUT,NSE:NIFTY26APRFUT,24068.1,24080.0,24046.4,24059.9,74555.0,19642220.0,2026-04-28,2026-04-28,APR 2026
2026-04-10 10:30:00+05:30,NIFTY26APRFUT,NSE:NIFTY26APRFUT,24059.9,24068.0,24045.0,24065.0,36985.0,19648070.0,2026-04-28,2026-04-28,APR 2026
2026-04-10 10:35:00+05:30,NIFTY26APRFUT,NSE:NIFTY26APRFUT,24066.0,24070.0,24043.1,24058.0,33475.0,19637215.0,2026-04-28,2026-04-28,APR 2026
2026-04-10 10:40:00+05:30,NIFTY26APRFUT,NSE:NIFTY26APRFUT,24054.0,24064.0,24048.0,24049.0,22555.0,19635720.0,2026-04-28,2026-04-28,APR 2026
2026-04-10 10:45:00+05:30,NIFTY26APRFUT,NSE:NIFTY26APRFUT,24048.0,24050.0,24035.9,24035.9,60710.0,19620510.0,2026-04-28,2026-04-28,APR 2026
2026-04-10 10:50:00+05:30,NIFTY26APRFUT,NSE:NIFTY26APRFUT,24037.0,24040.0,24027.8,24038.0,67275.0,19629415.0,2026-04-28,2026-04-28,APR 2026
2026-04-10 10:55:00+05:30,NIFTY26APRFUT,NSE:NIFTY26APRFUT,24037.4,24048.2,24013.3,24045.0,40495.0,19610825.0,2026-04-28,2026-04-28,APR 2026
2026-04-10 11:00:00+05:30,NIFTY26APRFUT,NSE:NIFTY26APRFUT,24048.3,24060.0,24039.0,24044.1,30680.0,19568770.0,2026-04-28,2026-04-28,APR 2026
2026-04-10 11:05:00+05:30,NIFTY26APRFUT,NSE:NIFTY26APRFUT,24044.1,24058.1,24032.0,24058.1,19240.0,19573060.0,2026-04-28,2026-04-28,APR 2026
2026-04-10 11:10:00+05:30,NIFTY26APRFUT,NSE:NIFTY26APRFUT,24048.4,24066.6,24048.4,24055.0,56940.0,19567340.0,2026-04-28,2026-04-28,APR 2026
2026-04-10 11:15:00+05:30,NIFTY26APRFUT,NSE:NIFTY26APRFUT,24055.0,24061.7,24029.3,24034.7,44200.0,19589830.0,2026-04-28,2026-04-28,APR 2026
2026-04-10 11:20:00+05:30,NIFTY26APRFUT,NSE:NIFTY26APRFUT,24034.7,24048.6,24034.7,24040.0,17940.0,19594380.0,2026-04-28,2026-04-28,APR 2026
2026-04-10 11:25:00+05:30,NIFTY26APRFUT,NSE:NIFTY26APRFUT,24037.2,24053.8,24029.9,24031.0,18785.0,19586255.0,2026-04-28,2026-04-28,APR 2026
2026-04-10 11:30:00+05:30,NIFTY26APRFUT,NSE:NIFTY26APRFUT,24029.8,24048.0,24029.5,24045.9,63505.0,19605755.0,2026-04-28,2026-04-28,APR 2026
2026-04-10 11:35:00+05:30,NIFTY26APRFUT,NSE:NIFTY26APRFUT,24045.9,24049.0,24026.0,24030.0,36075.0,19612320.0,2026-04-28,2026-04-28,APR 2026
2026-04-10 11:40:00+05:30,NIFTY26APRFUT,NSE:NIFTY26APRFUT,24030.0,24040.0,24020.0,24026.0,47320.0,19597110.0,2026-04-28,2026-04-28,APR 2026
2026-04-10 11:45:00+05:30,NIFTY26APRFUT,NSE:NIFTY26APRFUT,24026.0,24036.9,24000.0,24004.0,111540.0,19600880.0,2026-04-28,2026-04-28,APR 2026
2026-04-10 11:50:00+05:30,NIFTY26APRFUT,NSE:NIFTY26APRFUT,24001.8,24035.2,24001.8,24025.0,33670.0,19617260.0,2026-04-28,2026-04-28,APR 2026
2026-04-10 11:55:00+05:30,NIFTY26APRFUT,NSE:NIFTY26APRFUT,24022.3,24039.0,24021.0,24037.0,19110.0,19607445.0,2026-04-28,2026-04-28,APR 2026
2026-04-10 12:00:00+05:30,NIFTY26APRFUT,NSE:NIFTY26APRFUT,24037.0,24056.5,24031.0,24053.0,38740.0,19599060.0,2026-04-28,2026-04-28,APR 2026
2026-04-10 12:05:00+05:30,NIFTY26APRFUT,NSE:NIFTY26APRFUT,24055.0,24062.9,24050.0,24058.4,34060.0,19592560.0,2026-04-28,2026-04-28,APR 2026
2026-04-10 12:10:00+05:30,NIFTY26APRFUT,NSE:NIFTY26APRFUT,24058.5,24063.0,24051.5,24060.8,22815.0,19586710.0,2026-04-28,2026-04-28,APR 2026
2026-04-10 12:15:00+05:30,NIFTY26APRFUT,NSE:NIFTY26APRFUT,24055.1,24060.0,24042.7,24053.9,16835.0,19587035.0,2026-04-28,2026-04-28,APR 2026
2026-04-10 12:20:00+05:30,NIFTY26APRFUT,NSE:NIFTY26APRFUT,24053.9,24070.0,24040.0,24067.6,33605.0,19588855.0,2026-04-28,2026-04-28,APR 2026
2026-04-10 12:25:00+05:30,NIFTY26APRFUT,NSE:NIFTY26APRFUT,24068.0,24080.3,24050.2,24059.6,82810.0,19580275.0,2026-04-28,2026-04-28,APR 2026
2026-04-10 12:30:00+05:30,NIFTY26APRFUT,NSE:NIFTY26APRFUT,24059.6,24068.0,24045.3,24053.7,42315.0,19587360.0,2026-04-28,2026-04-28,APR 2026
2026-04-10 12:35:00+05:30,NIFTY26APRFUT,NSE:NIFTY26APRFUT,24053.7,24064.4,24049.1,24060.6,31135.0,19589440.0,2026-04-28,2026-04-28,APR 2026
2026-04-10 12:40:00+05:30,NIFTY26APRFUT,NSE:NIFTY26APRFUT,24060.6,24070.2,24050.0,24050.0,30810.0,19580340.0,2026-04-28,2026-04-28,APR 2026
2026-04-10 12:45:00+05:30,NIFTY26APRFUT,NSE:NIFTY26APRFUT,24050.0,24060.0,24041.0,24055.0,27885.0,19577415.0,2026-04-28,2026-04-28,APR 2026
2026-04-10 12:50:00+05:30,NIFTY26APRFUT,NSE:NIFTY26APRFUT,24055.0,24055.0,24039.7,24049.6,29380.0,19573840.0,2026-04-28,2026-04-28,APR 2026
2026-04-10 12:55:00+05:30,NIFTY26APRFUT,NSE:NIFTY26APRFUT,24057.0,24057.0,24041.1,24054.1,15730.0,19570590.0,2026-04-28,2026-04-28,APR 2026
2026-04-10 13:00:00+05:30,NIFTY26APRFUT,NSE:NIFTY26APRFUT,24056.4,24064.0,24050.2,24062.8,28470.0,19571630.0,2026-04-28,2026-04-28,APR 2026
2026-04-10 13:05:00+05:30,NIFTY26APRFUT,NSE:NIFTY26APRFUT,24063.9,24069.7,24055.0,24058.0,46475.0,19570460.0,2026-04-28,2026-04-28,APR 2026
2026-04-10 13:10:00+05:30,NIFTY26APRFUT,NSE:NIFTY26APRFUT,24067.4,24068.4,24038.7,24048.3,37375.0,19573710.0,2026-04-28,2026-04-28,APR 2026
2026-04-10 13:15:00+05:30,NIFTY26APRFUT,NSE:NIFTY26APRFUT,24050.0,24058.0,24041.6,24046.5,21450.0,19562075.0,2026-04-28,2026-04-28,APR 2026
2026-04-10 13:20:00+05:30,NIFTY26APRFUT,NSE:NIFTY26APRFUT,24046.5,24050.0,24040.0,24043.6,18525.0,19548360.0,2026-04-28,2026-04-28,APR 2026
2026-04-10 13:25:00+05:30,NIFTY26APRFUT,NSE:NIFTY26APRFUT,24044.2,24057.9,24042.0,24048.4,23790.0,19547060.0,2026-04-28,2026-04-28,APR 2026
2026-04-10 13:30:00+05:30,NIFTY26APRFUT,NSE:NIFTY26APRFUT,24049.0,24060.0,24043.9,24047.6,23010.0,19546670.0,2026-04-28,2026-04-28,APR 2026
2026-04-10 13:35:00+05:30,NIFTY26APRFUT,NSE:NIFTY26APRFUT,24047.6,24058.0,24043.2,24054.9,12090.0,19552195.0,2026-04-28,2026-04-28,APR 2026
2026-04-10 13:40:00+05:30,NIFTY26APRFUT,NSE:NIFTY26APRFUT,24054.9,24074.3,24054.9,24069.0,33150.0,19549140.0,2026-04-28,2026-04-28,APR 2026
2026-04-10 13:45:00+05:30,NIFTY26APRFUT,NSE:NIFTY26APRFUT,24067.6,24075.0,24054.5,24058.0,26260.0,19548620.0,2026-04-28,2026-04-28,APR 2026
2026-04-10 13:50:00+05:30,NIFTY26APRFUT,NSE:NIFTY26APRFUT,24059.0,24070.0,24053.8,24063.5,33475.0,19550115.0,2026-04-28,2026-04-28,APR 2026
2026-04-10 13:55:00+05:30,NIFTY26APRFUT,NSE:NIFTY26APRFUT,24066.0,24099.0,24064.6,24094.2,98605.0,19502080.0,2026-04-28,2026-04-28,APR 2026
2026-04-10 14:00:00+05:30,NIFTY26APRFUT,NSE:NIFTY26APRFUT,24090.1,24099.0,24081.0,24090.0,88270.0,19488040.0,2026-04-28,2026-04-28,APR 2026
2026-04-10 14:05:00+05:30,NIFTY26APRFUT,NSE:NIFTY26APRFUT,24090.0,24096.1,24081.2,24084.1,37765.0,19474130.0,2026-04-28,2026-04-28,APR 2026
2026-04-10 14:10:00+05:30,NIFTY26APRFUT,NSE:NIFTY26APRFUT,24086.0,24096.0,24042.0,24063.4,96655.0,19499155.0,2026-04-28,2026-04-28,APR 2026
2026-04-10 14:15:00+05:30,NIFTY26APRFUT,NSE:NIFTY26APRFUT,24061.9,24062.0,23975.6,24034.6,294840.0,19458465.0,2026-04-28,2026-04-28,APR 2026
2026-04-10 14:20:00+05:30,NIFTY26APRFUT,NSE:NIFTY26APRFUT,24034.4,24050.0,23992.0,23992.0,118690.0,19423430.0,2026-04-28,2026-04-28,APR 2026
2026-04-10 14:25:00+05:30,NIFTY26APRFUT,NSE:NIFTY26APRFUT,23991.1,24008.7,23985.0,24003.7,77740.0,19382545.0,2026-04-28,2026-04-28,APR 2026
2026-04-10 14:30:00+05:30,NIFTY26APRFUT,NSE:NIFTY26APRFUT,23995.0,24027.7,23995.0,24015.0,79170.0,19324500.0,2026-04-28,2026-04-28,APR 2026
2026-04-10 14:35:00+05:30,NIFTY26APRFUT,NSE:NIFTY26APRFUT,24006.0,24018.1,23990.0,24010.2,49530.0,19320600.0,2026-04-28,2026-04-28,APR 2026
2026-04-10 14:40:00+05:30,NIFTY26APRFUT,NSE:NIFTY26APRFUT,24003.0,24025.0,24000.1,24021.7,27885.0,19309290.0,2026-04-28,2026-04-28,APR 2026
2026-04-10 14:45:00+05:30,NIFTY26APRFUT,NSE:NIFTY26APRFUT,24020.7,24060.0,24000.8,24054.2,73190.0,19313255.0,2026-04-28,2026-04-28,APR 2026
2026-04-10 14:50:00+05:30,NIFTY26APRFUT,NSE:NIFTY26APRFUT,24054.2,24057.0,24038.0,24045.1,69615.0,19322225.0,2026-04-28,2026-04-28,APR 2026
2026-04-10 14:55:00+05:30,NIFTY26APRFUT,NSE:NIFTY26APRFUT,24047.0,24050.3,24036.6,24045.3,42510.0,19316960.0,2026-04-28,2026-04-28,APR 2026
2026-04-10 15:00:00+05:30,NIFTY26APRFUT,NSE:NIFTY26APRFUT,24038.6,24083.0,24035.8,24081.0,147940.0,19298695.0,2026-04-28,2026-04-28,APR 2026
2026-04-10 15:05:00+05:30,NIFTY26APRFUT,NSE:NIFTY26APRFUT,24078.0,24114.6,24077.7,24107.1,223990.0,19246565.0,2026-04-28,2026-04-28,APR 2026
2026-04-10 15:10:00+05:30,NIFTY26APRFUT,NSE:NIFTY26APRFUT,24112.7,24120.0,24102.9,24105.9,169520.0,19232265.0,2026-04-28,2026-04-28,APR 2026
2026-04-10 15:15:00+05:30,NIFTY26APRFUT,NSE:NIFTY26APRFUT,24109.0,24115.0,24092.0,24105.0,139165.0,19270160.0,2026-04-28,2026-04-28,APR 2026
2026-04-10 15:20:00+05:30,NIFTY26APRFUT,NSE:NIFTY26APRFUT,24104.9,24110.8,24097.0,24110.0,140010.0,19153940.0,2026-04-28,2026-04-28,APR 2026
2026-04-10 15:25:00+05:30,NIFTY26APRFUT,NSE:NIFTY26APRFUT,24107.1,24114.9,24106.1,24110.0,241280.0,19251700.0,2026-04-28,2026-04-28,APR 2026
2026-04-13 09:15:00+05:30,NIFTY26APRFUT,NSE:NIFTY26APRFUT,23748.0,23749.0,23625.0,23650.0,734110.0,18594940.0,2026-04-28,2026-04-28,APR 2026
2026-04-13 09:20:00+05:30,NIFTY26APRFUT,NSE:NIFTY26APRFUT,23655.9,23665.0,23645.0,23660.1,312325.0,18657730.0,2026-04-28,2026-04-28,APR 2026
2026-04-13 09:25:00+05:30,NIFTY26APRFUT,NSE:NIFTY26APRFUT,23660.0,23683.9,23655.0,23663.1,267605.0,18727410.0,2026-04-28,2026-04-28,APR 2026
2026-04-13 09:30:00+05:30,NIFTY26APRFUT,NSE:NIFTY26APRFUT,23672.3,23680.0,23651.0,23674.8,123565.0,18764720.0,2026-04-28,2026-04-28,APR 2026
2026-04-13 09:35:00+05:30,NIFTY26APRFUT,NSE:NIFTY26APRFUT,23674.9,23674.9,23638.0,23644.5,106015.0,18801965.0,2026-04-28,2026-04-28,APR 2026
2026-04-13 09:40:00+05:30,NIFTY26APRFUT,NSE:NIFTY26APRFUT,23649.0,23696.0,23640.1,23682.3,124215.0,18795530.0,2026-04-28,2026-04-28,APR 2026
2026-04-13 09:45:00+05:30,NIFTY26APRFUT,NSE:NIFTY26APRFUT,23690.0,23690.0,23661.8,23685.0,50895.0,18804045.0,2026-04-28,2026-04-28,APR 2026
2026-04-13 09:50:00+05:30,NIFTY26APRFUT,NSE:NIFTY26APRFUT,23676.0,23708.0,23670.0,23685.6,87750.0,18801510.0,2026-04-28,2026-04-28,APR 2026
2026-04-13 09:55:00+05:30,NIFTY26APRFUT,NSE:NIFTY26APRFUT,23682.6,23720.0,23682.6,23713.9,82355.0,18782205.0,2026-04-28,2026-04-28,APR 2026
2026-04-13 10:00:00+05:30,NIFTY26APRFUT,NSE:NIFTY26APRFUT,23703.7,23714.0,23695.0,23712.0,73385.0,18777655.0,2026-04-28,2026-04-28,APR 2026
2026-04-13 10:05:00+05:30,NIFTY26APRFUT,NSE:NIFTY26APRFUT,23713.9,23718.9,23702.0,23710.0,35360.0,18773235.0,2026-04-28,2026-04-28,APR 2026
2026-04-13 10:10:00+05:30,NIFTY26APRFUT,NSE:NIFTY26APRFUT,23717.0,23724.9,23700.0,23700.0,43680.0,18772585.0,2026-04-28,2026-04-28,APR 2026
2026-04-13 10:15:00+05:30,NIFTY26APRFUT,NSE:NIFTY26APRFUT,23705.0,23715.0,23673.0,23715.0,67210.0,18778825.0,2026-04-28,2026-04-28,APR 2026
2026-04-13 10:20:00+05:30,NIFTY26APRFUT,NSE:NIFTY26APRFUT,23710.0,23769.0,23705.7,23747.7,133640.0,18751070.0,2026-04-28,2026-04-28,APR 2026
2026-04-13 10:25:00+05:30,NIFTY26APRFUT,NSE:NIFTY26APRFUT,23758.0,23770.1,23745.0,23760.4,65325.0,18752500.0,2026-04-28,2026-04-28,APR 2026
2026-04-13 10:30:00+05:30,NIFTY26APRFUT,NSE:NIFTY26APRFUT,23760.4,23769.0,23749.1,23759.0,51610.0,18753930.0,2026-04-28,2026-04-28,APR 2026
2026-04-13 10:35:00+05:30,NIFTY26APRFUT,NSE:NIFTY26APRFUT,23753.9,23769.5,23745.0,23769.5,64870.0,18767320.0,2026-04-28,2026-04-28,APR 2026
2026-04-13 10:40:00+05:30,NIFTY26APRFUT,NSE:NIFTY26APRFUT,23769.0,23778.0,23742.0,23755.0,57460.0,18778760.0,2026-04-28,2026-04-28,APR 2026
2026-04-13 10:45:00+05:30,NIFTY26APRFUT,NSE:NIFTY26APRFUT,23755.8,23782.0,23753.8,23763.1,40625.0,18782270.0,2026-04-28,2026-04-28,APR 2026
2026-04-13 10:50:00+05:30,NIFTY26APRFUT,NSE:NIFTY26APRFUT,23762.2,23785.0,23762.0,23777.0,48685.0,18783570.0,2026-04-28,2026-04-28,APR 2026
2026-04-13 10:55:00+05:30,NIFTY26APRFUT,NSE:NIFTY26APRFUT,23774.3,23789.8,23765.0,23770.0,55120.0,18780320.0,2026-04-28,2026-04-28,APR 2026
2026-04-13 11:00:00+05:30,NIFTY26APRFUT,NSE:NIFTY26APRFUT,23769.0,23777.9,23764.2,23767.0,23660.0,18779345.0,2026-04-28,2026-04-28,APR 2026
2026-04-13 11:05:00+05:30,NIFTY26APRFUT,NSE:NIFTY26APRFUT,23765.6,23787.9,23765.6,23778.7,21385.0,18783310.0,2026-04-28,2026-04-28,APR 2026
2026-04-13 11:10:00+05:30,NIFTY26APRFUT,NSE:NIFTY26APRFUT,23788.0,23788.0,23762.1,23772.0,33995.0,18794360.0,2026-04-28,2026-04-28,APR 2026
2026-04-13 11:15:00+05:30,NIFTY26APRFUT,NSE:NIFTY26APRFUT,23772.0,23788.0,23772.0,23780.5,15600.0,18801705.0,2026-04-28,2026-04-28,APR 2026
2026-04-13 11:20:00+05:30,NIFTY26APRFUT,NSE:NIFTY26APRFUT,23780.5,23790.0,23763.5,23780.0,43030.0,18799885.0,2026-04-28,2026-04-28,APR 2026
2026-04-13 11:25:00+05:30,NIFTY26APRFUT,NSE:NIFTY26APRFUT,23776.4,23790.0,23770.0,23773.0,21580.0,18807425.0,2026-04-28,2026-04-28,APR 2026
2026-04-13 11:30:00+05:30,NIFTY26APRFUT,NSE:NIFTY26APRFUT,23773.0,23782.0,23761.3,23770.0,28600.0,18817305.0,2026-04-28,2026-04-28,APR 2026
2026-04-13 11:35:00+05:30,NIFTY26APRFUT,NSE:NIFTY26APRFUT,23768.5,23808.0,23768.4,23799.9,68055.0,18821530.0,2026-04-28,2026-04-28,APR 2026
2026-04-13 11:40:00+05:30,NIFTY26APRFUT,NSE:NIFTY26APRFUT,23799.9,23799.9,23782.0,23794.0,26260.0,18839730.0,2026-04-28,2026-04-28,APR 2026
2026-04-13 11:45:00+05:30,NIFTY26APRFUT,NSE:NIFTY26APRFUT,23794.0,23809.2,23789.0,23809.2,39390.0,18850195.0,2026-04-28,2026-04-28,APR 2026
2026-04-13 11:50:00+05:30,NIFTY26APRFUT,NSE:NIFTY26APRFUT,23815.0,23839.0,23807.8,23832.0,79040.0,18839145.0,2026-04-28,2026-04-28,APR 2026
2026-04-13 11:55:00+05:30,NIFTY26APRFUT,NSE:NIFTY26APRFUT,23833.5,23848.0,23816.0,23821.0,62465.0,18839210.0,2026-04-28,2026-04-28,APR 2026
2026-04-13 12:00:00+05:30,NIFTY26APRFUT,NSE:NIFTY26APRFUT,23825.0,23830.0,23816.0,23821.0,29445.0,18853575.0,2026-04-28,2026-04-28,APR 2026
2026-04-13 12:05:00+05:30,NIFTY26APRFUT,NSE:NIFTY26APRFUT,23822.0,23840.0,23822.0,23835.0,22165.0,18855005.0,2026-04-28,2026-04-28,APR 2026
2026-04-13 12:10:00+05:30,NIFTY26APRFUT,NSE:NIFTY26APRFUT,23835.0,23848.0,23832.1,23848.0,40950.0,18860595.0,2026-04-28,2026-04-28,APR 2026
2026-04-13 12:15:00+05:30,NIFTY26APRFUT,NSE:NIFTY26APRFUT,23848.0,23863.0,23839.2,23855.0,91650.0,18850195.0,2026-04-28,2026-04-28,APR 2026
2026-04-13 12:20:00+05:30,NIFTY26APRFUT,NSE:NIFTY26APRFUT,23855.0,23863.0,23831.5,23845.0,32890.0,18861440.0,2026-04-28,2026-04-28,APR 2026
2026-04-13 12:25:00+05:30,NIFTY26APRFUT,NSE:NIFTY26APRFUT,23845.0,23873.8,23845.0,23873.8,33735.0,18864690.0,2026-04-28,2026-04-28,APR 2026
2026-04-13 12:30:00+05:30,NIFTY26APRFUT,NSE:NIFTY26APRFUT,23873.8,23885.0,23860.0,23865.0,61555.0,18868915.0,2026-04-28,2026-04-28,APR 2026
2026-04-13 12:35:00+05:30,NIFTY26APRFUT,NSE:NIFTY26APRFUT,23860.0,23876.0,23851.3,23869.5,43680.0,18882500.0,2026-04-28,2026-04-28,APR 2026
2026-04-13 12:40:00+05:30,NIFTY26APRFUT,NSE:NIFTY26APRFUT,23872.8,23878.0,23852.5,23870.3,28860.0,18888220.0,2026-04-28,2026-04-28,APR 2026
2026-04-13 12:45:00+05:30,NIFTY26APRFUT,NSE:NIFTY26APRFUT,23870.3,23875.0,23856.5,23866.1,31850.0,18896995.0,2026-04-28,2026-04-28,APR 2026
2026-04-13 12:50:00+05:30,NIFTY26APRFUT,NSE:NIFTY26APRFUT,23869.9,23875.0,23856.1,23858.8,28730.0,18910190.0,2026-04-28,2026-04-28,APR 2026
2026-04-13 12:55:00+05:30,NIFTY26APRFUT,NSE:NIFTY26APRFUT,23858.7,23858.7,23815.5,23845.0,81835.0,18916625.0,2026-04-28,2026-04-28,APR 2026
2026-04-13 13:00:00+05:30,NIFTY26APRFUT,NSE:NIFTY26APRFUT,23845.0,23848.0,23807.0,23815.0,61880.0,18927220.0,2026-04-28,2026-04-28,APR 2026
2026-04-13 13:05:00+05:30,NIFTY26APRFUT,NSE:NIFTY26APRFUT,23813.1,23847.5,23813.1,23840.0,31850.0,18931185.0,2026-04-28,2026-04-28,APR 2026
2026-04-13 13:10:00+05:30,NIFTY26APRFUT,NSE:NIFTY26APRFUT,23840.0,23860.0,23837.0,23852.2,23270.0,18944380.0,2026-04-28,2026-04-28,APR 2026
2026-04-13 13:15:00+05:30,NIFTY26APRFUT,NSE:NIFTY26APRFUT,23850.0,23868.0,23835.9,23868.0,29250.0,18946655.0,2026-04-28,2026-04-28,APR 2026
2026-04-13 13:20:00+05:30,NIFTY26APRFUT,NSE:NIFTY26APRFUT,23867.4,23870.0,23850.1,23864.0,18915.0,18943405.0,2026-04-28,2026-04-28,APR 2026
2026-04-13 13:25:00+05:30,NIFTY26APRFUT,NSE:NIFTY26APRFUT,23855.0,23860.0,23853.0,23860.0,9555.0,18943925.0,2026-04-28,2026-04-28,APR 2026
2026-04-13 13:30:00+05:30,NIFTY26APRFUT,NSE:NIFTY26APRFUT,23860.0,23880.0,23855.0,23871.0,55250.0,18945810.0,2026-04-28,2026-04-28,APR 2026
2026-04-13 13:35:00+05:30,NIFTY26APRFUT,NSE:NIFTY26APRFUT,23876.0,23879.9,23858.4,23870.0,71045.0,18966675.0,2026-04-28,2026-04-28,APR 2026
2026-04-13 13:40:00+05:30,NIFTY26APRFUT,NSE:NIFTY26APRFUT,23863.6,23870.0,23852.6,23860.0,72865.0,18970185.0,2026-04-28,2026-04-28,APR 2026
2026-04-13 13:45:00+05:30,NIFTY26APRFUT,NSE:NIFTY26APRFUT,23860.0,23870.0,23850.1,23860.0,39845.0,18984225.0,2026-04-28,2026-04-28,APR 2026
2026-04-13 13:50:00+05:30,NIFTY26APRFUT,NSE:NIFTY26APRFUT,23860.1,23910.3,23858.8,23909.3,148915.0,18997030.0,2026-04-28,2026-04-28,APR 2026
2026-04-13 13:55:00+05:30,NIFTY26APRFUT,NSE:NIFTY26APRFUT,23906.0,23935.0,23906.0,23914.8,92365.0,19022965.0,2026-04-28,2026-04-28,APR 2026
2026-04-13 14:00:00+05:30,NIFTY26APRFUT,NSE:NIFTY26APRFUT,23915.2,23925.1,23903.0,23912.0,40885.0,19029400.0,2026-04-28,2026-04-28,APR 2026
2026-04-13 14:05:00+05:30,NIFTY26APRFUT,NSE:NIFTY26APRFUT,23912.0,23913.0,23880.0,23881.0,48880.0,19044350.0,2026-04-28,2026-04-28,APR 2026
2026-04-13 14:10:00+05:30,NIFTY26APRFUT,NSE:NIFTY26APRFUT,23880.6,23881.1,23856.5,23869.8,52325.0,19054555.0,2026-04-28,2026-04-28,APR 2026
2026-04-13 14:15:00+05:30,NIFTY26APRFUT,NSE:NIFTY26APRFUT,23867.2,23888.9,23855.0,23875.0,36075.0,19058975.0,2026-04-28,2026-04-28,APR 2026
2026-04-13 14:20:00+05:30,NIFTY26APRFUT,NSE:NIFTY26APRFUT,23875.0,23891.1,23869.2,23878.0,24115.0,19064110.0,2026-04-28,2026-04-28,APR 2026
2026-04-13 14:25:00+05:30,NIFTY26APRFUT,NSE:NIFTY26APRFUT,23878.0,23900.0,23878.0,23885.0,25155.0,19069375.0,2026-04-28,2026-04-28,APR 2026
2026-04-13 14:30:00+05:30,NIFTY26APRFUT,NSE:NIFTY26APRFUT,23885.0,23919.0,23883.2,23911.0,55250.0,19063330.0,2026-04-28,2026-04-28,APR 2026
2026-04-13 14:35:00+05:30,NIFTY26APRFUT,NSE:NIFTY26APRFUT,23911.9,23914.9,23892.5,23900.0,42250.0,19080555.0,2026-04-28,2026-04-28,APR 2026
2026-04-13 14:40:00+05:30,NIFTY26APRFUT,NSE:NIFTY26APRFUT,23899.0,23905.9,23870.0,23891.6,37245.0,19081530.0,2026-04-28,2026-04-28,APR 2026
2026-04-13 14:45:00+05:30,NIFTY26APRFUT,NSE:NIFTY26APRFUT,23880.8,23912.0,23880.8,23909.9,36270.0,19080360.0,2026-04-28,2026-04-28,APR 2026
2026-04-13 14:50:00+05:30,NIFTY26APRFUT,NSE:NIFTY26APRFUT,23910.0,23917.4,23893.0,23917.0,56160.0,19086730.0,2026-04-28,2026-04-28,APR 2026
2026-04-13 14:55:00+05:30,NIFTY26APRFUT,NSE:NIFTY26APRFUT,23917.4,23924.0,23910.0,23910.0,49855.0,19089200.0,2026-04-28,2026-04-28,APR 2026
2026-04-13 15:00:00+05:30,NIFTY26APRFUT,NSE:NIFTY26APRFUT,23910.0,23913.5,23860.0,23877.0,94510.0,19071195.0,2026-04-28,2026-04-28,APR 2026
2026-04-13 15:05:00+05:30,NIFTY26APRFUT,NSE:NIFTY26APRFUT,23877.0,23888.0,23855.4,23869.3,63115.0,19059820.0,2026-04-28,2026-04-28,APR 2026
2026-04-13 15:10:00+05:30,NIFTY26APRFUT,NSE:NIFTY26APRFUT,23869.3,23878.0,23855.4,23863.0,69095.0,19057350.0,2026-04-28,2026-04-28,APR 2026
2026-04-13 15:15:00+05:30,NIFTY26APRFUT,NSE:NIFTY26APRFUT,23863.2,23875.0,23850.0,23850.0,101335.0,19070415.0,2026-04-28,2026-04-28,APR 2026
2026-04-13 15:20:00+05:30,NIFTY26APRFUT,NSE:NIFTY26APRFUT,23850.0,23859.9,23841.0,23847.0,115375.0,19098430.0,2026-04-28,2026-04-28,APR 2026
2026-04-13 15:25:00+05:30,NIFTY26APRFUT,NSE:NIFTY26APRFUT,23847.0,23850.0,23839.2,23848.8,162370.0,19133530.0,2026-04-28,2026-04-28,APR 2026
2026-04-15 09:15:00+05:30,NIFTY26APRFUT,NSE:NIFTY26APRFUT,24200.1,24315.5,24200.1,24259.6,719160.0,18738395.0,2026-04-28,2026-04-28,APR 2026
2026-04-15 09:20:00+05:30,NIFTY26APRFUT,NSE:NIFTY26APRFUT,24260.1,24270.0,24237.8,24247.0,222495.0,18761535.0,2026-04-28,2026-04-28,APR 2026
2026-04-15 09:25:00+05:30,NIFTY26APRFUT,NSE:NIFTY26APRFUT,24249.0,24254.0,24223.0,24230.1,161525.0,18768555.0,2026-04-28,2026-04-28,APR 2026
2026-04-15 09:30:00+05:30,NIFTY26APRFUT,NSE:NIFTY26APRFUT,24230.8,24234.0,24194.0,24205.0,170690.0,18753540.0,2026-04-28,2026-04-28,APR 2026
2026-04-15 09:35:00+05:30,NIFTY26APRFUT,NSE:NIFTY26APRFUT,24202.0,24216.9,24180.0,24190.0,92430.0,18779735.0,2026-04-28,2026-04-28,APR 2026
2026-04-15 09:40:00+05:30,NIFTY26APRFUT,NSE:NIFTY26APRFUT,24194.0,24245.0,24185.5,24241.9,108550.0,18763485.0,2026-04-28,2026-04-28,APR 2026
2026-04-15 09:45:00+05:30,NIFTY26APRFUT,NSE:NIFTY26APRFUT,24240.0,24257.0,24220.0,24228.8,78910.0,18771220.0,2026-04-28,2026-04-28,APR 2026
2026-04-15 09:50:00+05:30,NIFTY26APRFUT,NSE:NIFTY26APRFUT,24228.8,24245.0,24207.0,24232.0,47190.0,18785195.0,2026-04-28,2026-04-28,APR 2026
2026-04-15 09:55:00+05:30,NIFTY26APRFUT,NSE:NIFTY26APRFUT,24231.1,24248.0,24231.1,24240.1,61100.0,18794360.0,2026-04-28,2026-04-28,APR 2026
2026-04-15 10:00:00+05:30,NIFTY26APRFUT,NSE:NIFTY26APRFUT,24245.0,24259.7,24235.5,24258.0,83395.0,18806190.0,2026-04-28,2026-04-28,APR 2026
2026-04-15 10:05:00+05:30,NIFTY26APRFUT,NSE:NIFTY26APRFUT,24259.0,24275.0,24255.1,24269.0,108225.0,18791695.0,2026-04-28,2026-04-28,APR 2026
2026-04-15 10:10:00+05:30,NIFTY26APRFUT,NSE:NIFTY26APRFUT,24262.0,24280.0,24261.9,24275.7,58890.0,18785065.0,2026-04-28,2026-04-28,APR 2026
2026-04-15 10:15:00+05:30,NIFTY26APRFUT,NSE:NIFTY26APRFUT,24276.0,24290.0,24270.1,24290.0,76180.0,18766995.0,2026-04-28,2026-04-28,APR 2026
2026-04-15 10:20:00+05:30,NIFTY26APRFUT,NSE:NIFTY26APRFUT,24290.0,24295.0,24271.9,24282.1,52650.0,18760560.0,2026-04-28,2026-04-28,APR 2026
2026-04-15 10:25:00+05:30,NIFTY26APRFUT,NSE:NIFTY26APRFUT,24293.8,24293.9,24280.0,24281.0,32955.0,18768880.0,2026-04-28,2026-04-28,APR 2026
2026-04-15 10:30:00+05:30,NIFTY26APRFUT,NSE:NIFTY26APRFUT,24294.0,24299.0,24273.9,24277.0,46020.0,18789160.0,2026-04-28,2026-04-28,APR 2026
2026-04-15 10:35:00+05:30,NIFTY26APRFUT,NSE:NIFTY26APRFUT,24280.0,24290.0,24265.5,24266.2,35815.0,18794685.0,2026-04-28,2026-04-28,APR 2026
2026-04-15 10:40:00+05:30,NIFTY26APRFUT,NSE:NIFTY26APRFUT,24266.2,24278.0,24261.0,24268.0,32760.0,18809635.0,2026-04-28,2026-04-28,APR 2026
2026-04-15 10:45:00+05:30,NIFTY26APRFUT,NSE:NIFTY26APRFUT,24268.0,24284.1,24263.0,24276.0,22295.0,18800990.0,2026-04-28,2026-04-28,APR 2026
2026-04-15 10:50:00+05:30,NIFTY26APRFUT,NSE:NIFTY26APRFUT,24274.0,24279.0,24227.1,24245.0,72150.0,18805020.0,2026-04-28,2026-04-28,APR 2026
2026-04-15 10:55:00+05:30,NIFTY26APRFUT,NSE:NIFTY26APRFUT,24243.0,24257.0,24242.0,24244.0,33215.0,18802095.0,2026-04-28,2026-04-28,APR 2026
2026-04-15 11:00:00+05:30,NIFTY26APRFUT,NSE:NIFTY26APRFUT,24242.4,24250.0,24232.0,24248.0,25480.0,18806840.0,2026-04-28,2026-04-28,APR 2026
2026-04-15 11:05:00+05:30,NIFTY26APRFUT,NSE:NIFTY26APRFUT,24248.0,24248.0,24214.0,24216.0,48425.0,18808140.0,2026-04-28,2026-04-28,APR 2026
2026-04-15 11:10:00+05:30,NIFTY26APRFUT,NSE:NIFTY26APRFUT,24213.0,24225.5,24203.9,24218.1,48035.0,18815745.0,2026-04-28,2026-04-28,APR 2026
2026-04-15 11:15:00+05:30,NIFTY26APRFUT,NSE:NIFTY26APRFUT,24212.0,24237.0,24200.4,24215.0,58890.0,18823545.0,2026-04-28,2026-04-28,APR 2026
2026-04-15 11:20:00+05:30,NIFTY26APRFUT,NSE:NIFTY26APRFUT,24215.0,24234.0,24212.0,24221.0,28600.0,18823220.0,2026-04-28,2026-04-28,APR 2026
2026-04-15 11:25:00+05:30,NIFTY26APRFUT,NSE:NIFTY26APRFUT,24220.0,24228.4,24211.0,24215.0,14430.0,18830695.0,2026-04-28,2026-04-28,APR 2026
2026-04-15 11:30:00+05:30,NIFTY26APRFUT,NSE:NIFTY26APRFUT,24215.0,24225.0,24212.0,24214.1,12935.0,18831865.0,2026-04-28,2026-04-28,APR 2026
2026-04-15 11:35:00+05:30,NIFTY26APRFUT,NSE:NIFTY26APRFUT,24214.1,24236.9,24214.1,24225.0,24310.0,18832775.0,2026-04-28,2026-04-28,APR 2026
2026-04-15 11:40:00+05:30,NIFTY26APRFUT,NSE:NIFTY26APRFUT,24230.0,24249.0,24225.0,24242.0,37570.0,18836025.0,2026-04-28,2026-04-28,APR 2026
2026-04-15 11:45:00+05:30,NIFTY26APRFUT,NSE:NIFTY26APRFUT,24242.1,24260.0,24230.1,24255.0,35165.0,18841160.0,2026-04-28,2026-04-28,APR 2026
2026-04-15 11:50:00+05:30,NIFTY26APRFUT,NSE:NIFTY26APRFUT,24260.0,24263.0,24250.0,24259.0,23205.0,18848115.0,2026-04-28,2026-04-28,APR 2026
2026-04-15 11:55:00+05:30,NIFTY26APRFUT,NSE:NIFTY26APRFUT,24259.0,24259.0,24249.1,24255.0,11895.0,18848245.0,2026-04-28,2026-04-28,APR 2026
2026-04-15 12:00:00+05:30,NIFTY26APRFUT,NSE:NIFTY26APRFUT,24255.0,24260.2,24254.0,24259.9,19890.0,18852340.0,2026-04-28,2026-04-28,APR 2026
2026-04-15 12:05:00+05:30,NIFTY26APRFUT,NSE:NIFTY26APRFUT,24256.0,24260.0,24253.4,24255.0,20150.0,18858515.0,2026-04-28,2026-04-28,APR 2026
2026-04-15 12:10:00+05:30,NIFTY26APRFUT,NSE:NIFTY26APRFUT,24258.0,24260.3,24255.4,24256.6,12025.0,18854550.0,2026-04-28,2026-04-28,APR 2026
2026-04-15 12:15:00+05:30,NIFTY26APRFUT,NSE:NIFTY26APRFUT,24256.6,24264.2,24242.7,24244.4,28730.0,18854485.0,2026-04-28,2026-04-28,APR 2026
2026-04-15 12:20:00+05:30,NIFTY26APRFUT,NSE:NIFTY26APRFUT,24244.3,24252.1,24222.0,24248.9,32630.0,18864950.0,2026-04-28,2026-04-28,APR 2026
2026-04-15 12:25:00+05:30,NIFTY26APRFUT,NSE:NIFTY26APRFUT,24249.0,24260.0,24242.9,24245.0,19500.0,18857735.0,2026-04-28,2026-04-28,APR 2026
2026-04-15 12:30:00+05:30,NIFTY26APRFUT,NSE:NIFTY26APRFUT,24244.1,24249.1,24234.4,24238.4,11960.0,18856110.0,2026-04-28,2026-04-28,APR 2026
2026-04-15 12:35:00+05:30,NIFTY26APRFUT,NSE:NIFTY26APRFUT,24238.4,24259.4,24238.3,24252.9,18265.0,18850390.0,2026-04-28,2026-04-28,APR 2026
2026-04-15 12:40:00+05:30,NIFTY26APRFUT,NSE:NIFTY26APRFUT,24256.9,24257.0,24240.0,24251.8,8905.0,18857280.0,2026-04-28,2026-04-28,APR 2026
2026-04-15 12:45:00+05:30,NIFTY26APRFUT,NSE:NIFTY26APRFUT,24247.6,24257.7,24227.0,24233.1,15860.0,18858580.0,2026-04-28,2026-04-28,APR 2026
2026-04-15 12:50:00+05:30,NIFTY26APRFUT,NSE:NIFTY26APRFUT,24230.6,24251.0,24220.0,24227.5,24050.0,18852665.0,2026-04-28,2026-04-28,APR 2026
2026-04-15 12:55:00+05:30,NIFTY26APRFUT,NSE:NIFTY26APRFUT,24227.5,24239.1,24219.8,24225.0,22815.0,18844995.0,2026-04-28,2026-04-28,APR 2026
2026-04-15 13:00:00+05:30,NIFTY26APRFUT,NSE:NIFTY26APRFUT,24225.0,24241.8,24216.0,24231.7,18720.0,18851690.0,2026-04-28,2026-04-28,APR 2026
2026-04-15 13:05:00+05:30,NIFTY26APRFUT,NSE:NIFTY26APRFUT,24231.7,24235.6,24216.6,24226.6,20020.0,18847140.0,2026-04-28,2026-04-28,APR 2026
2026-04-15 13:10:00+05:30,NIFTY26APRFUT,NSE:NIFTY26APRFUT,24238.0,24253.6,24229.8,24252.0,38025.0,18831670.0,2026-04-28,2026-04-28,APR 2026
2026-04-15 13:15:00+05:30,NIFTY26APRFUT,NSE:NIFTY26APRFUT,24246.6,24254.6,24235.0,24253.1,17030.0,18832450.0,2026-04-28,2026-04-28,APR 2026
2026-04-15 13:20:00+05:30,NIFTY26APRFUT,NSE:NIFTY26APRFUT,24253.0,24256.0,24206.0,24208.1,49530.0,18819450.0,2026-04-28,2026-04-28,APR 2026
2026-04-15 13:25:00+05:30,NIFTY26APRFUT,NSE:NIFTY26APRFUT,24218.4,24225.0,24205.2,24208.0,54860.0,18813730.0,2026-04-28,2026-04-28,APR 2026
2026-04-15 13:30:00+05:30,NIFTY26APRFUT,NSE:NIFTY26APRFUT,24208.0,24240.0,24205.3,24230.6,28210.0,18817825.0,2026-04-28,2026-04-28,APR 2026
2026-04-15 13:35:00+05:30,NIFTY26APRFUT,NSE:NIFTY26APRFUT,24230.6,24247.0,24205.2,24210.0,31525.0,18796375.0,2026-04-28,2026-04-28,APR 2026
2026-04-15 13:40:00+05:30,NIFTY26APRFUT,NSE:NIFTY26APRFUT,24211.0,24241.0,24206.0,24233.4,24830.0,18787470.0,2026-04-28,2026-04-28,APR 2026
2026-04-15 13:45:00+05:30,NIFTY26APRFUT,NSE:NIFTY26APRFUT,24240.0,24241.0,24225.0,24228.5,16965.0,18787730.0,2026-04-28,2026-04-28,APR 2026
2026-04-15 13:50:00+05:30,NIFTY26APRFUT,NSE:NIFTY26APRFUT,24231.7,24239.0,24220.0,24224.0,17095.0,18769920.0,2026-04-28,2026-04-28,APR 2026
2026-04-15 13:55:00+05:30,NIFTY26APRFUT,NSE:NIFTY26APRFUT,24224.0,24246.6,24223.7,24244.9,23725.0,18760300.0,2026-04-28,2026-04-28,APR 2026
2026-04-15 14:00:00+05:30,NIFTY26APRFUT,NSE:NIFTY26APRFUT,24244.9,24255.0,24240.9,24252.0,37050.0,18761405.0,2026-04-28,2026-04-28,APR 2026
2026-04-15 14:05:00+05:30,NIFTY26APRFUT,NSE:NIFTY26APRFUT,24252.0,24257.0,24245.7,24250.1,30745.0,18769140.0,2026-04-28,2026-04-28,APR 2026
2026-04-15 14:10:00+05:30,NIFTY26APRFUT,NSE:NIFTY26APRFUT,24249.5,24260.0,24235.9,24250.1,35490.0,18759650.0,2026-04-28,2026-04-28,APR 2026
2026-04-15 14:15:00+05:30,NIFTY26APRFUT,NSE:NIFTY26APRFUT,24247.0,24255.6,24240.0,24248.5,26000.0,18747560.0,2026-04-28,2026-04-28,APR 2026
2026-04-15 14:20:00+05:30,NIFTY26APRFUT,NSE:NIFTY26APRFUT,24248.5,24259.8,24245.0,24250.5,18265.0,18748665.0,2026-04-28,2026-04-28,APR 2026
2026-04-15 14:25:00+05:30,NIFTY26APRFUT,NSE:NIFTY26APRFUT,24250.5,24261.0,24246.6,24260.0,41860.0,18749315.0,2026-04-28,2026-04-28,APR 2026
2026-04-15 14:30:00+05:30,NIFTY26APRFUT,NSE:NIFTY26APRFUT,24258.0,24267.0,24254.1,24258.0,41470.0,18739760.0,2026-04-28,2026-04-28,APR 2026
2026-04-15 14:35:00+05:30,NIFTY26APRFUT,NSE:NIFTY26APRFUT,24258.1,24258.1,24241.0,24246.7,33280.0,18729100.0,2026-04-28,2026-04-28,APR 2026
2026-04-15 14:40:00+05:30,NIFTY26APRFUT,NSE:NIFTY26APRFUT,24246.7,24255.0,24243.5,24245.0,24635.0,18724875.0,2026-04-28,2026-04-28,APR 2026
2026-04-15 14:45:00+05:30,NIFTY26APRFUT,NSE:NIFTY26APRFUT,24245.6,24259.0,24245.6,24259.0,31330.0,18734690.0,2026-04-28,2026-04-28,APR 2026
2026-04-15 14:50:00+05:30,NIFTY26APRFUT,NSE:NIFTY26APRFUT,24255.0,24279.0,24255.0,24270.0,71240.0,18728645.0,2026-04-28,2026-04-28,APR 2026
2026-04-15 14:55:00+05:30,NIFTY26APRFUT,NSE:NIFTY26APRFUT,24274.0,24278.0,24261.1,24277.0,33605.0,18714475.0,2026-04-28,2026-04-28,APR 2026
2026-04-15 15:00:00+05:30,NIFTY26APRFUT,NSE:NIFTY26APRFUT,24273.0,24278.0,24242.6,24255.0,72735.0,18725590.0,2026-04-28,2026-04-28,APR 2026
2026-04-15 15:05:00+05:30,NIFTY26APRFUT,NSE:NIFTY26APRFUT,24260.0,24260.0,24227.8,24237.0,122135.0,18772130.0,2026-04-28,2026-04-28,APR 2026
2026-04-15 15:10:00+05:30,NIFTY26APRFUT,NSE:NIFTY26APRFUT,24237.7,24241.0,24230.0,24239.0,63245.0,18789875.0,2026-04-28,2026-04-28,APR 2026
2026-04-15 15:15:00+05:30,NIFTY26APRFUT,NSE:NIFTY26APRFUT,24233.0,24240.0,24229.2,24235.5,60125.0,18788575.0,2026-04-28,2026-04-28,APR 2026
2026-04-15 15:20:00+05:30,NIFTY26APRFUT,NSE:NIFTY26APRFUT,24235.1,24240.0,24230.0,24230.0,72085.0,18770245.0,2026-04-28,2026-04-28,APR 2026
2026-04-15 15:25:00+05:30,NIFTY26APRFUT,NSE:NIFTY26APRFUT,24235.0,24239.0,24220.0,24225.0,113880.0,18745675.0,2026-04-28,2026-04-28,APR 2026
2026-04-16 09:15:00+05:30,NIFTY26APRFUT,NSE:NIFTY26APRFUT,24342.0,24370.0,24325.0,24370.0,350545.0,17966455.0,2026-04-28,2026-04-28,APR 2026
2026-04-16 09:20:00+05:30,NIFTY26APRFUT,NSE:NIFTY26APRFUT,24371.0,24385.0,24365.0,24376.1,191880.0,18027750.0,2026-04-28,2026-04-28,APR 2026
2026-04-16 09:25:00+05:30,NIFTY26APRFUT,NSE:NIFTY26APRFUT,24378.5,24390.0,24370.1,24378.0,142220.0,18038605.0,2026-04-28,2026-04-28,APR 2026
2026-04-16 09:30:00+05:30,NIFTY26APRFUT,NSE:NIFTY26APRFUT,24380.0,24389.9,24350.0,24353.5,112060.0,18068830.0,2026-04-28,2026-04-28,APR 2026
2026-04-16 09:35:00+05:30,NIFTY26APRFUT,NSE:NIFTY26APRFUT,24350.9,24359.0,24301.0,24320.0,139425.0,18058755.0,2026-04-28,2026-04-28,APR 2026
2026-04-16 09:40:00+05:30,NIFTY26APRFUT,NSE:NIFTY26APRFUT,24320.0,24331.8,24291.1,24299.6,116545.0,18080140.0,2026-04-28,2026-04-28,APR 2026
2026-04-16 09:45:00+05:30,NIFTY26APRFUT,NSE:NIFTY26APRFUT,24298.1,24323.6,24285.1,24323.0,76505.0,18088005.0,2026-04-28,2026-04-28,APR 2026
2026-04-16 09:50:00+05:30,NIFTY26APRFUT,NSE:NIFTY26APRFUT,24322.0,24334.8,24300.0,24308.1,75725.0,18097105.0,2026-04-28,2026-04-28,APR 2026
2026-04-16 09:55:00+05:30,NIFTY26APRFUT,NSE:NIFTY26APRFUT,24306.7,24308.2,24266.5,24271.6,93145.0,18111470.0,2026-04-28,2026-04-28,APR 2026
2026-04-16 10:00:00+05:30,NIFTY26APRFUT,NSE:NIFTY26APRFUT,24266.0,24307.7,24266.0,24307.7,82940.0,18103540.0,2026-04-28,2026-04-28,APR 2026
2026-04-16 10:05:00+05:30,NIFTY26APRFUT,NSE:NIFTY26APRFUT,24300.0,24315.0,24286.0,24310.0,56290.0,18098795.0,2026-04-28,2026-04-28,APR 2026
2026-04-16 10:10:00+05:30,NIFTY26APRFUT,NSE:NIFTY26APRFUT,24312.0,24322.1,24300.0,24308.0,35165.0,18095610.0,2026-04-28,2026-04-28,APR 2026
2026-04-16 10:15:00+05:30,NIFTY26APRFUT,NSE:NIFTY26APRFUT,24308.0,24327.3,24294.6,24313.5,80080.0,18094830.0,2026-04-28,2026-04-28,APR 2026
2026-04-16 10:20:00+05:30,NIFTY26APRFUT,NSE:NIFTY26APRFUT,24313.5,24314.2,24300.5,24302.2,20995.0,18091060.0,2026-04-28,2026-04-28,APR 2026
2026-04-16 10:25:00+05:30,NIFTY26APRFUT,NSE:NIFTY26APRFUT,24302.2,24321.6,24290.3,24296.8,26520.0,18086575.0,2026-04-28,2026-04-28,APR 2026
2026-04-16 10:30:00+05:30,NIFTY26APRFUT,NSE:NIFTY26APRFUT,24302.0,24320.0,24297.3,24317.0,15860.0,18092620.0,2026-04-28,2026-04-28,APR 2026
2026-04-16 10:35:00+05:30,NIFTY26APRFUT,NSE:NIFTY26APRFUT,24317.0,24325.0,24300.0,24300.0,15470.0,18094375.0,2026-04-28,2026-04-28,APR 2026
2026-04-16 10:40:00+05:30,NIFTY26APRFUT,NSE:NIFTY26APRFUT,24300.0,24319.5,24300.0,24316.4,8255.0,18094895.0,2026-04-28,2026-04-28,APR 2026
2026-04-16 10:45:00+05:30,NIFTY26APRFUT,NSE:NIFTY26APRFUT,24310.1,24323.0,24310.1,24315.9,12480.0,18096585.0,2026-04-28,2026-04-28,APR 2026
2026-04-16 10:50:00+05:30,NIFTY26APRFUT,NSE:NIFTY26APRFUT,24319.5,24320.0,24311.8,24314.0,13650.0,18098795.0,2026-04-28,2026-04-28,APR 2026
2026-04-16 10:55:00+05:30,NIFTY26APRFUT,NSE:NIFTY26APRFUT,24314.0,24316.9,24303.0,24313.0,14170.0,18090735.0,2026-04-28,2026-04-28,APR 2026
2026-04-16 11:00:00+05:30,NIFTY26APRFUT,NSE:NIFTY26APRFUT,24310.0,24330.0,24309.5,24326.7,21255.0,18085990.0,2026-04-28,2026-04-28,APR 2026
2026-04-16 11:05:00+05:30,NIFTY26APRFUT,NSE:NIFTY26APRFUT,24328.3,24330.0,24311.1,24328.0,24115.0,18095090.0,2026-04-28,2026-04-28,APR 2026
2026-04-16 11:10:00+05:30,NIFTY26APRFUT,NSE:NIFTY26APRFUT,24328.0,24328.0,24305.0,24312.0,13715.0,18098145.0,2026-04-28,2026-04-28,APR 2026
2026-04-16 11:15:00+05:30,NIFTY26APRFUT,NSE:NIFTY26APRFUT,24312.0,24318.0,24295.0,24318.0,21385.0,18100420.0,2026-04-28,2026-04-28,APR 2026
2026-04-16 11:20:00+05:30,NIFTY26APRFUT,NSE:NIFTY26APRFUT,24318.0,24321.0,24302.3,24302.3,17355.0,18098080.0,2026-04-28,2026-04-28,APR 2026
2026-04-16 11:25:00+05:30,NIFTY26APRFUT,NSE:NIFTY26APRFUT,24302.5,24303.0,24280.0,24294.0,30225.0,18089630.0,2026-04-28,2026-04-28,APR 2026
2026-04-16 11:30:00+05:30,NIFTY26APRFUT,NSE:NIFTY26APRFUT,24294.0,24298.0,24290.0,24295.2,8385.0,18092555.0,2026-04-28,2026-04-28,APR 2026
2026-04-16 11:35:00+05:30,NIFTY26APRFUT,NSE:NIFTY26APRFUT,24295.2,24300.0,24265.1,24280.0,36530.0,18092815.0,2026-04-28,2026-04-28,APR 2026
2026-04-16 11:40:00+05:30,NIFTY26APRFUT,NSE:NIFTY26APRFUT,24279.3,24279.3,24255.0,24255.0,45045.0,18093010.0,2026-04-28,2026-04-28,APR 2026
2026-04-16 11:45:00+05:30,NIFTY26APRFUT,NSE:NIFTY26APRFUT,24255.8,24255.8,24215.0,24247.4,173810.0,18083520.0,2026-04-28,2026-04-28,APR 2026
2026-04-16 11:50:00+05:30,NIFTY26APRFUT,NSE:NIFTY26APRFUT,24246.6,24246.6,24222.0,24242.7,54990.0,18083975.0,2026-04-28,2026-04-28,APR 2026
2026-04-16 11:55:00+05:30,NIFTY26APRFUT,NSE:NIFTY26APRFUT,24240.0,24241.9,24195.1,24203.0,86125.0,18071365.0,2026-04-28,2026-04-28,APR 2026
2026-04-16 12:00:00+05:30,NIFTY26APRFUT,NSE:NIFTY26APRFUT,24202.0,24202.8,24157.0,24166.6,151450.0,18063175.0,2026-04-28,2026-04-28,APR 2026
2026-04-16 12:05:00+05:30,NIFTY26APRFUT,NSE:NIFTY26APRFUT,24166.6,24182.7,24152.5,24179.9,77285.0,18074615.0,2026-04-28,2026-04-28,APR 2026
2026-04-16 12:10:00+05:30,NIFTY26APRFUT,NSE:NIFTY26APRFUT,24179.6,24196.0,24173.1,24190.0,52130.0,18082870.0,2026-04-28,2026-04-28,APR 2026
2026-04-16 12:15:00+05:30,NIFTY26APRFUT,NSE:NIFTY26APRFUT,24193.0,24193.1,24171.5,24177.1,28080.0,18085795.0,2026-04-28,2026-04-28,APR 2026
2026-04-16 12:20:00+05:30,NIFTY26APRFUT,NSE:NIFTY26APRFUT,24188.0,24194.4,24161.0,24165.0,45695.0,18089695.0,2026-04-28,2026-04-28,APR 2026
2026-04-16 12:25:00+05:30,NIFTY26APRFUT,NSE:NIFTY26APRFUT,24165.0,24181.2,24161.0,24164.8,49855.0,18116410.0,2026-04-28,2026-04-28,APR 2026
2026-04-16 12:30:00+05:30,NIFTY26APRFUT,NSE:NIFTY26APRFUT,24164.4,24176.8,24150.0,24151.8,47775.0,18121545.0,2026-04-28,2026-04-28,APR 2026
2026-04-16 12:35:00+05:30,NIFTY26APRFUT,NSE:NIFTY26APRFUT,24150.0,24165.4,24125.3,24165.0,83590.0,18126030.0,2026-04-28,2026-04-28,APR 2026
2026-04-16 12:40:00+05:30,NIFTY26APRFUT,NSE:NIFTY26APRFUT,24165.0,24173.2,24150.0,24150.0,35620.0,18126355.0,2026-04-28,2026-04-28,APR 2026
2026-04-16 12:45:00+05:30,NIFTY26APRFUT,NSE:NIFTY26APRFUT,24156.8,24167.4,24142.0,24152.0,29185.0,18129670.0,2026-04-28,2026-04-28,APR 2026
2026-04-16 12:50:00+05:30,NIFTY26APRFUT,NSE:NIFTY26APRFUT,24151.0,24167.2,24131.0,24144.5,41470.0,18140850.0,2026-04-28,2026-04-28,APR 2026
2026-04-16 12:55:00+05:30,NIFTY26APRFUT,NSE:NIFTY26APRFUT,24131.0,24156.4,24131.0,24155.0,29185.0,18135325.0,2026-04-28,2026-04-28,APR 2026
2026-04-16 13:00:00+05:30,NIFTY26APRFUT,NSE:NIFTY26APRFUT,24153.0,24165.5,24146.0,24163.0,30160.0,18124600.0,2026-04-28,2026-04-28,APR 2026
2026-04-16 13:05:00+05:30,NIFTY26APRFUT,NSE:NIFTY26APRFUT,24163.0,24168.0,24136.0,24136.0,21060.0,18125380.0,2026-04-28,2026-04-28,APR 2026
2026-04-16 13:10:00+05:30,NIFTY26APRFUT,NSE:NIFTY26APRFUT,24136.0,24142.0,24120.0,24141.1,49660.0,18131555.0,2026-04-28,2026-04-28,APR 2026
2026-04-16 13:15:00+05:30,NIFTY26APRFUT,NSE:NIFTY26APRFUT,24141.8,24153.0,24127.9,24148.8,28080.0,18134805.0,2026-04-28,2026-04-28,APR 2026
2026-04-16 13:20:00+05:30,NIFTY26APRFUT,NSE:NIFTY26APRFUT,24149.9,24155.1,24121.0,24123.5,35295.0,18134220.0,2026-04-28,2026-04-28,APR 2026
2026-04-16 13:25:00+05:30,NIFTY26APRFUT,NSE:NIFTY26APRFUT,24120.1,24134.7,24114.0,24122.5,55510.0,18139420.0,2026-04-28,2026-04-28,APR 2026
2026-04-16 13:30:00+05:30,NIFTY26APRFUT,NSE:NIFTY26APRFUT,24131.0,24142.7,24118.1,24135.8,32565.0,18127460.0,2026-04-28,2026-04-28,APR 2026
2026-04-16 13:35:00+05:30,NIFTY26APRFUT,NSE:NIFTY26APRFUT,24130.0,24140.0,24120.0,24130.0,29770.0,18123820.0,2026-04-28,2026-04-28,APR 2026
2026-04-16 13:40:00+05:30,NIFTY26APRFUT,NSE:NIFTY26APRFUT,24133.9,24153.5,24130.0,24150.3,33150.0,18118880.0,2026-04-28,2026-04-28,APR 2026
2026-04-16 13:45:00+05:30,NIFTY26APRFUT,NSE:NIFTY26APRFUT,24150.4,24166.0,24143.0,24162.8,34840.0,18117905.0,2026-04-28,2026-04-28,APR 2026
2026-04-16 13:50:00+05:30,NIFTY26APRFUT,NSE:NIFTY26APRFUT,24163.0,24195.0,24152.1,24191.1,78195.0,18107180.0,2026-04-28,2026-04-28,APR 2026
2026-04-16 13:55:00+05:30,NIFTY26APRFUT,NSE:NIFTY26APRFUT,24189.6,24195.0,24170.5,24180.0,48295.0,18107310.0,2026-04-28,2026-04-28,APR 2026
2026-04-16 14:00:00+05:30,NIFTY26APRFUT,NSE:NIFTY26APRFUT,24187.0,24187.9,24142.3,24155.0,46345.0,18108545.0,2026-04-28,2026-04-28,APR 2026
2026-04-16 14:05:00+05:30,NIFTY26APRFUT,NSE:NIFTY26APRFUT,24151.0,24168.0,24140.0,24163.9,28730.0,18105555.0,2026-04-28,2026-04-28,APR 2026
2026-04-16 14:10:00+05:30,NIFTY26APRFUT,NSE:NIFTY26APRFUT,24163.9,24179.9,24155.0,24172.7,23660.0,18104645.0,2026-04-28,2026-04-28,APR 2026
2026-04-16 14:15:00+05:30,NIFTY26APRFUT,NSE:NIFTY26APRFUT,24170.0,24175.1,24160.0,24173.9,15340.0,18104580.0,2026-04-28,2026-04-28,APR 2026
2026-04-16 14:20:00+05:30,NIFTY26APRFUT,NSE:NIFTY26APRFUT,24171.9,24180.1,24155.2,24171.2,19240.0,18106270.0,2026-04-28,2026-04-28,APR 2026
2026-04-16 14:25:00+05:30,NIFTY26APRFUT,NSE:NIFTY26APRFUT,24171.2,24201.2,24162.9,24201.2,69225.0,18095870.0,2026-04-28,2026-04-28,APR 2026
2026-04-16 14:30:00+05:30,NIFTY26APRFUT,NSE:NIFTY26APRFUT,24201.3,24236.0,24191.1,24233.8,147485.0,18078840.0,2026-04-28,2026-04-28,APR 2026
2026-04-16 14:35:00+05:30,NIFTY26APRFUT,NSE:NIFTY26APRFUT,24235.0,24242.0,24226.0,24235.0,97110.0,18035095.0,2026-04-28,2026-04-28,APR 2026
2026-04-16 14:40:00+05:30,NIFTY26APRFUT,NSE:NIFTY26APRFUT,24239.3,24249.8,24222.0,24227.5,76050.0,18007730.0,2026-04-28,2026-04-28,APR 2026
2026-04-16 14:45:00+05:30,NIFTY26APRFUT,NSE:NIFTY26APRFUT,24227.5,24250.0,24225.2,24248.0,36010.0,17989140.0,2026-04-28,2026-04-28,APR 2026
2026-04-16 14:50:00+05:30,NIFTY26APRFUT,NSE:NIFTY26APRFUT,24250.0,24250.0,24233.6,24238.7,47060.0,17986735.0,2026-04-28,2026-04-28,APR 2026
2026-04-16 14:55:00+05:30,NIFTY26APRFUT,NSE:NIFTY26APRFUT,24245.0,24247.9,24220.1,24229.0,27235.0,17973410.0,2026-04-28,2026-04-28,APR 2026
2026-04-16 15:00:00+05:30,NIFTY26APRFUT,NSE:NIFTY26APRFUT,24235.0,24248.1,24200.0,24220.0,70395.0,17957160.0,2026-04-28,2026-04-28,APR 2026
2026-04-16 15:05:00+05:30,NIFTY26APRFUT,NSE:NIFTY26APRFUT,24214.0,24220.0,24181.2,24182.1,72800.0,17958785.0,2026-04-28,2026-04-28,APR 2026
2026-04-16 15:10:00+05:30,NIFTY26APRFUT,NSE:NIFTY26APRFUT,24182.8,24202.8,24182.0,24187.1,39975.0,17958460.0,2026-04-28,2026-04-28,APR 2026
2026-04-16 15:15:00+05:30,NIFTY26APRFUT,NSE:NIFTY26APRFUT,24193.0,24205.0,24185.0,24193.0,55770.0,17966000.0,2026-04-28,2026-04-28,APR 2026
2026-04-16 15:20:00+05:30,NIFTY26APRFUT,NSE:NIFTY26APRFUT,24190.0,24198.9,24187.8,24189.3,97565.0,17975685.0,2026-04-28,2026-04-28,APR 2026
2026-04-16 15:25:00+05:30,NIFTY26APRFUT,NSE:NIFTY26APRFUT,24189.4,24194.8,24175.0,24186.3,123305.0,18001945.0,2026-04-28,2026-04-28,APR 2026
2026-04-17 09:15:00+05:30,NIFTY26APRFUT,NSE:NIFTY26APRFUT,24172.0,24215.0,24098.8,24207.0,206570.0,17490785.0,2026-04-28,2026-04-28,APR 2026
2026-04-17 09:20:00+05:30,NIFTY26APRFUT,NSE:NIFTY26APRFUT,24207.0,24225.0,24195.0,24200.0,99515.0,17512560.0,2026-04-28,2026-04-28,APR 2026
2026-04-17 09:25:00+05:30,NIFTY26APRFUT,NSE:NIFTY26APRFUT,24192.7,24225.0,24192.7,24225.0,67730.0,17560790.0,2026-04-28,2026-04-28,APR 2026
2026-04-17 09:30:00+05:30,NIFTY26APRFUT,NSE:NIFTY26APRFUT,24226.0,24228.0,24186.0,24191.0,64285.0,17591015.0,2026-04-28,2026-04-28,APR 2026
2026-04-17 09:35:00+05:30,NIFTY26APRFUT,NSE:NIFTY26APRFUT,24195.0,24214.0,24165.0,24200.0,93210.0,17615650.0,2026-04-28,2026-04-28,APR 2026
2026-04-17 09:40:00+05:30,NIFTY26APRFUT,NSE:NIFTY26APRFUT,24208.7,24215.0,24175.7,24181.0,41275.0,17646330.0,2026-04-28,2026-04-28,APR 2026
2026-04-17 09:45:00+05:30,NIFTY26APRFUT,NSE:NIFTY26APRFUT,24192.4,24215.0,24182.0,24215.0,35360.0,17653285.0,2026-04-28,2026-04-28,APR 2026
2026-04-17 09:50:00+05:30,NIFTY26APRFUT,NSE:NIFTY26APRFUT,24215.0,24225.0,24211.7,24225.0,48555.0,17656795.0,2026-04-28,2026-04-28,APR 2026
2026-04-17 09:55:00+05:30,NIFTY26APRFUT,NSE:NIFTY26APRFUT,24222.0,24240.6,24210.0,24234.4,59410.0,17669990.0,2026-04-28,2026-04-28,APR 2026
2026-04-17 10:00:00+05:30,NIFTY26APRFUT,NSE:NIFTY26APRFUT,24233.5,24260.0,24207.8,24259.0,85930.0,17658355.0,2026-04-28,2026-04-28,APR 2026
2026-04-17 10:05:00+05:30,NIFTY26APRFUT,NSE:NIFTY26APRFUT,24260.0,24274.9,24250.1,24259.0,90090.0,17659005.0,2026-04-28,2026-04-28,APR 2026
2026-04-17 10:10:00+05:30,NIFTY26APRFUT,NSE:NIFTY26APRFUT,24260.0,24279.0,24252.1,24275.0,38610.0,17686955.0,2026-04-28,2026-04-28,APR 2026
2026-04-17 10:15:00+05:30,NIFTY26APRFUT,NSE:NIFTY26APRFUT,24275.0,24295.0,24275.0,24279.6,75920.0,17686825.0,2026-04-28,2026-04-28,APR 2026
2026-04-17 10:20:00+05:30,NIFTY26APRFUT,NSE:NIFTY26APRFUT,24279.6,24294.0,24276.3,24285.6,50115.0,17699760.0,2026-04-28,2026-04-28,APR 2026
2026-04-17 10:25:00+05:30,NIFTY26APRFUT,NSE:NIFTY26APRFUT,24288.0,24314.0,24287.1,24287.1,110565.0,17703530.0,2026-04-28,2026-04-28,APR 2026
2026-04-17 10:30:00+05:30,NIFTY26APRFUT,NSE:NIFTY26APRFUT,24286.3,24300.0,24260.7,24267.6,63570.0,17728815.0,2026-04-28,2026-04-28,APR 2026
2026-04-17 10:35:00+05:30,NIFTY26APRFUT,NSE:NIFTY26APRFUT,24267.2,24284.0,24254.1,24259.9,35035.0,17735510.0,2026-04-28,2026-04-28,APR 2026
2026-04-17 10:40:00+05:30,NIFTY26APRFUT,NSE:NIFTY26APRFUT,24260.0,24275.4,24250.0,24264.0,30160.0,17743440.0,2026-04-28,2026-04-28,APR 2026
2026-04-17 10:45:00+05:30,NIFTY26APRFUT,NSE:NIFTY26APRFUT,24264.0,24285.9,24259.8,24271.0,40170.0,17758910.0,2026-04-28,2026-04-28,APR 2026
2026-04-17 10:50:00+05:30,NIFTY26APRFUT,NSE:NIFTY26APRFUT,24271.0,24280.0,24254.2,24262.0,40560.0,17764175.0,2026-04-28,2026-04-28,APR 2026
2026-04-17 10:55:00+05:30,NIFTY26APRFUT,NSE:NIFTY26APRFUT,24274.9,24274.9,24260.0,24262.0,13260.0,17755530.0,2026-04-28,2026-04-28,APR 2026
2026-04-17 11:00:00+05:30,NIFTY26APRFUT,NSE:NIFTY26APRFUT,24260.0,24271.2,24242.0,24248.0,34970.0,17762940.0,2026-04-28,2026-04-28,APR 2026
2026-04-17 11:05:00+05:30,NIFTY26APRFUT,NSE:NIFTY26APRFUT,24248.6,24269.0,24246.2,24263.6,14105.0,17767360.0,2026-04-28,2026-04-28,APR 2026
2026-04-17 11:10:00+05:30,NIFTY26APRFUT,NSE:NIFTY26APRFUT,24263.7,24285.0,24260.2,24281.0,19955.0,17769570.0,2026-04-28,2026-04-28,APR 2026
2026-04-17 11:15:00+05:30,NIFTY26APRFUT,NSE:NIFTY26APRFUT,24284.0,24288.0,24270.6,24279.3,17940.0,17775485.0,2026-04-28,2026-04-28,APR 2026
2026-04-17 11:20:00+05:30,NIFTY26APRFUT,NSE:NIFTY26APRFUT,24279.9,24295.0,24279.9,24290.1,16575.0,17775355.0,2026-04-28,2026-04-28,APR 2026
2026-04-17 11:25:00+05:30,NIFTY26APRFUT,NSE:NIFTY26APRFUT,24290.1,24294.0,24276.5,24291.9,14820.0,17776915.0,2026-04-28,2026-04-28,APR 2026
2026-04-17 11:30:00+05:30,NIFTY26APRFUT,NSE:NIFTY26APRFUT,24288.6,24300.0,24279.2,24289.6,37765.0,17789980.0,2026-04-28,2026-04-28,APR 2026
2026-04-17 11:35:00+05:30,NIFTY26APRFUT,NSE:NIFTY26APRFUT,24299.0,24300.0,24290.0,24291.1,23335.0,17789785.0,2026-04-28,2026-04-28,APR 2026
2026-04-17 11:40:00+05:30,NIFTY26APRFUT,NSE:NIFTY26APRFUT,24291.0,24309.4,24290.0,24299.8,22100.0,17794010.0,2026-04-28,2026-04-28,APR 2026
2026-04-17 11:45:00+05:30,NIFTY26APRFUT,NSE:NIFTY26APRFUT,24299.0,24305.1,24282.5,24285.0,18655.0,17792190.0,2026-04-28,2026-04-28,APR 2026
2026-04-17 11:50:00+05:30,NIFTY26APRFUT,NSE:NIFTY26APRFUT,24288.0,24320.0,24286.1,24319.7,58045.0,17798235.0,2026-04-28,2026-04-28,APR 2026
2026-04-17 11:55:00+05:30,NIFTY26APRFUT,NSE:NIFTY26APRFUT,24319.9,24331.4,24292.0,24292.0,65520.0,17786210.0,2026-04-28,2026-04-28,APR 2026
2026-04-17 12:00:00+05:30,NIFTY26APRFUT,NSE:NIFTY26APRFUT,24298.9,24299.2,24277.0,24286.4,42705.0,17755075.0,2026-04-28,2026-04-28,APR 2026
2026-04-17 12:05:00+05:30,NIFTY26APRFUT,NSE:NIFTY26APRFUT,24286.4,24291.0,24275.0,24286.6,27885.0,17750720.0,2026-04-28,2026-04-28,APR 2026
2026-04-17 12:10:00+05:30,NIFTY26APRFUT,NSE:NIFTY26APRFUT,24286.6,24295.0,24284.1,24290.9,10400.0,17748835.0,2026-04-28,2026-04-28,APR 2026
2026-04-17 12:15:00+05:30,NIFTY26APRFUT,NSE:NIFTY26APRFUT,24290.9,24299.0,24286.5,24290.1,15990.0,17737980.0,2026-04-28,2026-04-28,APR 2026
2026-04-17 12:20:00+05:30,NIFTY26APRFUT,NSE:NIFTY26APRFUT,24290.1,24299.0,24287.1,24298.0,13000.0,17741360.0,2026-04-28,2026-04-28,APR 2026
2026-04-17 12:25:00+05:30,NIFTY26APRFUT,NSE:NIFTY26APRFUT,24298.0,24300.0,24290.0,24290.0,20475.0,17736290.0,2026-04-28,2026-04-28,APR 2026
2026-04-17 12:30:00+05:30,NIFTY26APRFUT,NSE:NIFTY26APRFUT,24289.1,24295.0,24278.0,24280.0,14560.0,17736160.0,2026-04-28,2026-04-28,APR 2026
2026-04-17 12:35:00+05:30,NIFTY26APRFUT,NSE:NIFTY26APRFUT,24280.0,24285.0,24276.0,24277.5,8840.0,17712435.0,2026-04-28,2026-04-28,APR 2026
2026-04-17 12:40:00+05:30,NIFTY26APRFUT,NSE:NIFTY26APRFUT,24277.0,24285.0,24270.0,24274.1,12870.0,17706000.0,2026-04-28,2026-04-28,APR 2026
2026-04-17 12:45:00+05:30,NIFTY26APRFUT,NSE:NIFTY26APRFUT,24275.9,24290.0,24273.1,24279.0,13130.0,17705025.0,2026-04-28,2026-04-28,APR 2026
2026-04-17 12:50:00+05:30,NIFTY26APRFUT,NSE:NIFTY26APRFUT,24279.0,24280.0,24266.6,24269.0,11895.0,17704765.0,2026-04-28,2026-04-28,APR 2026
2026-04-17 12:55:00+05:30,NIFTY26APRFUT,NSE:NIFTY26APRFUT,24269.0,24278.0,24265.8,24268.4,9360.0,17701320.0,2026-04-28,2026-04-28,APR 2026
2026-04-17 13:00:00+05:30,NIFTY26APRFUT,NSE:NIFTY26APRFUT,24270.4,24284.9,24269.0,24275.0,8515.0,17701710.0,2026-04-28,2026-04-28,APR 2026
2026-04-17 13:05:00+05:30,NIFTY26APRFUT,NSE:NIFTY26APRFUT,24275.0,24300.0,24273.0,24290.5,18525.0,17698980.0,2026-04-28,2026-04-28,APR 2026
2026-04-17 13:10:00+05:30,NIFTY26APRFUT,NSE:NIFTY26APRFUT,24290.5,24304.5,24290.5,24296.0,13065.0,17691700.0,2026-04-28,2026-04-28,APR 2026
2026-04-17 13:15:00+05:30,NIFTY26APRFUT,NSE:NIFTY26APRFUT,24303.5,24305.0,24285.0,24293.9,9295.0,17691375.0,2026-04-28,2026-04-28,APR 2026
2026-04-17 13:20:00+05:30,NIFTY26APRFUT,NSE:NIFTY26APRFUT,24285.0,24298.0,24284.4,24297.0,12285.0,17690660.0,2026-04-28,2026-04-28,APR 2026
2026-04-17 13:25:00+05:30,NIFTY26APRFUT,NSE:NIFTY26APRFUT,24290.1,24302.0,24279.2,24299.2,11505.0,17690725.0,2026-04-28,2026-04-28,APR 2026
2026-04-17 13:30:00+05:30,NIFTY26APRFUT,NSE:NIFTY26APRFUT,24303.0,24308.0,24300.7,24305.2,21385.0,17688905.0,2026-04-28,2026-04-28,APR 2026
2026-04-17 13:35:00+05:30,NIFTY26APRFUT,NSE:NIFTY26APRFUT,24305.2,24315.0,24300.0,24315.0,24310.0,17685135.0,2026-04-28,2026-04-28,APR 2026
2026-04-17 13:40:00+05:30,NIFTY26APRFUT,NSE:NIFTY26APRFUT,24314.0,24330.0,24307.0,24308.0,51610.0,17692740.0,2026-04-28,2026-04-28,APR 2026
2026-04-17 13:45:00+05:30,NIFTY26APRFUT,NSE:NIFTY26APRFUT,24308.3,24319.8,24307.7,24313.0,18330.0,17690140.0,2026-04-28,2026-04-28,APR 2026
2026-04-17 13:50:00+05:30,NIFTY26APRFUT,NSE:NIFTY26APRFUT,24317.0,24317.0,24305.8,24309.0,10465.0,17687865.0,2026-04-28,2026-04-28,APR 2026
2026-04-17 13:55:00+05:30,NIFTY26APRFUT,NSE:NIFTY26APRFUT,24309.0,24318.0,24302.0,24315.0,19175.0,17687800.0,2026-04-28,2026-04-28,APR 2026
2026-04-17 14:00:00+05:30,NIFTY26APRFUT,NSE:NIFTY26APRFUT,24315.0,24319.9,24304.0,24306.5,21450.0,17688255.0,2026-04-28,2026-04-28,APR 2026
2026-04-17 14:05:00+05:30,NIFTY26APRFUT,NSE:NIFTY26APRFUT,24306.1,24320.0,24303.3,24317.6,21060.0,17692025.0,2026-04-28,2026-04-28,APR 2026
2026-04-17 14:10:00+05:30,NIFTY26APRFUT,NSE:NIFTY26APRFUT,24317.6,24330.0,24311.9,24316.0,44525.0,17691440.0,2026-04-28,2026-04-28,APR 2026
2026-04-17 14:15:00+05:30,NIFTY26APRFUT,NSE:NIFTY26APRFUT,24316.0,24338.0,24316.0,24323.1,68120.0,17665505.0,2026-04-28,2026-04-28,APR 2026
2026-04-17 14:20:00+05:30,NIFTY26APRFUT,NSE:NIFTY26APRFUT,24323.1,24342.0,24323.1,24333.5,52065.0,17640025.0,2026-04-28,2026-04-28,APR 2026
2026-04-17 14:25:00+05:30,NIFTY26APRFUT,NSE:NIFTY26APRFUT,24328.3,24335.0,24312.0,24312.0,24960.0,17624880.0,2026-04-28,2026-04-28,APR 2026
2026-04-17 14:30:00+05:30,NIFTY26APRFUT,NSE:NIFTY26APRFUT,24313.3,24329.9,24310.9,24329.0,22165.0,17616755.0,2026-04-28,2026-04-28,APR 2026
2026-04-17 14:35:00+05:30,NIFTY26APRFUT,NSE:NIFTY26APRFUT,24329.0,24344.0,24320.0,24336.0,57460.0,17604665.0,2026-04-28,2026-04-28,APR 2026
2026-04-17 14:40:00+05:30,NIFTY26APRFUT,NSE:NIFTY26APRFUT,24344.0,24350.0,24337.0,24349.6,79625.0,17589000.0,2026-04-28,2026-04-28,APR 2026
2026-04-17 14:45:00+05:30,NIFTY26APRFUT,NSE:NIFTY26APRFUT,24347.9,24375.0,24347.9,24358.0,115050.0,17578665.0,2026-04-28,2026-04-28,APR 2026
2026-04-17 14:50:00+05:30,NIFTY26APRFUT,NSE:NIFTY26APRFUT,24355.8,24372.0,24355.6,24359.9,55705.0,17583150.0,2026-04-28,2026-04-28,APR 2026
2026-04-17 14:55:00+05:30,NIFTY26APRFUT,NSE:NIFTY26APRFUT,24365.0,24370.0,24355.0,24362.0,34580.0,17571320.0,2026-04-28,2026-04-28,APR 2026
2026-04-17 15:00:00+05:30,NIFTY26APRFUT,NSE:NIFTY26APRFUT,24363.0,24370.0,24340.0,24360.9,82875.0,17577690.0,2026-04-28,2026-04-28,APR 2026
2026-04-17 15:05:00+05:30,NIFTY26APRFUT,NSE:NIFTY26APRFUT,24360.9,24373.1,24360.0,24368.0,69940.0,17594395.0,2026-04-28,2026-04-28,APR 2026
2026-04-17 15:10:00+05:30,NIFTY26APRFUT,NSE:NIFTY26APRFUT,24366.5,24374.9,24362.0,24368.1,59215.0,17581850.0,2026-04-28,2026-04-28,APR 2026
2026-04-17 15:15:00+05:30,NIFTY26APRFUT,NSE:NIFTY26APRFUT,24366.7,24373.8,24360.0,24370.0,86450.0,17581005.0,2026-04-28,2026-04-28,APR 2026
2026-04-17 15:20:00+05:30,NIFTY26APRFUT,NSE:NIFTY26APRFUT,24370.0,24375.0,24363.0,24375.0,113360.0,17544345.0,2026-04-28,2026-04-28,APR 2026
2026-04-17 15:25:00+05:30,NIFTY26APRFUT,NSE:NIFTY26APRFUT,24372.0,24394.0,24365.1,24394.0,180310.0,17556565.0,2026-04-28,2026-04-28,APR 2026
2026-04-20 09:15:00+05:30,NIFTY26APRFUT,NSE:NIFTY26APRFUT,24419.0,24427.0,24260.4,24334.0,404690.0,17247815.0,2026-04-28,2026-04-28,APR 2026
2026-04-20 09:20:00+05:30,NIFTY26APRFUT,NSE:NIFTY26APRFUT,24338.9,24390.9,24337.5,24390.0,181935.0,17252625.0,2026-04-28,2026-04-28,APR 2026
2026-04-20 09:25:00+05:30,NIFTY26APRFUT,NSE:NIFTY26APRFUT,24390.0,24415.0,24370.5,24380.0,156910.0,17257630.0,2026-04-28,2026-04-28,APR 2026
2026-04-20 09:30:00+05:30,NIFTY26APRFUT,NSE:NIFTY26APRFUT,24380.2,24392.4,24340.8,24360.9,116740.0,17250350.0,2026-04-28,2026-04-28,APR 2026
2026-04-20 09:35:00+05:30,NIFTY26APRFUT,NSE:NIFTY26APRFUT,24360.9,24367.9,24335.0,24341.7,87620.0,17274205.0,2026-04-28,2026-04-28,APR 2026
2026-04-20 09:40:00+05:30,NIFTY26APRFUT,NSE:NIFTY26APRFUT,24350.0,24355.0,24302.0,24303.0,95810.0,17289415.0,2026-04-28,2026-04-28,APR 2026
2026-04-20 09:45:00+05:30,NIFTY26APRFUT,NSE:NIFTY26APRFUT,24305.0,24312.0,24283.0,24300.0,167895.0,17269005.0,2026-04-28,2026-04-28,APR 2026
2026-04-20 09:50:00+05:30,NIFTY26APRFUT,NSE:NIFTY26APRFUT,24301.5,24340.0,24284.2,24340.0,58110.0,17252300.0,2026-04-28,2026-04-28,APR 2026
2026-04-20 09:55:00+05:30,NIFTY26APRFUT,NSE:NIFTY26APRFUT,24342.0,24345.0,24315.0,24336.0,44460.0,17237090.0,2026-04-28,2026-04-28,APR 2026
2026-04-20 10:00:00+05:30,NIFTY26APRFUT,NSE:NIFTY26APRFUT,24335.0,24368.9,24321.1,24359.9,58695.0,17229940.0,2026-04-28,2026-04-28,APR 2026
2026-04-20 10:05:00+05:30,NIFTY26APRFUT,NSE:NIFTY26APRFUT,24359.9,24389.0,24350.6,24388.0,87945.0,17232735.0,2026-04-28,2026-04-28,APR 2026
2026-04-20 10:10:00+05:30,NIFTY26APRFUT,NSE:NIFTY26APRFUT,24388.0,24389.2,24359.8,24375.6,25285.0,17185155.0,2026-04-28,2026-04-28,APR 2026
2026-04-20 10:15:00+05:30,NIFTY26APRFUT,NSE:NIFTY26APRFUT,24376.0,24400.0,24376.0,24385.5,64220.0,17170140.0,2026-04-28,2026-04-28,APR 2026
2026-04-20 10:20:00+05:30,NIFTY26APRFUT,NSE:NIFTY26APRFUT,24387.2,24408.0,24376.0,24404.9,41795.0,17165200.0,2026-04-28,2026-04-28,APR 2026
2026-04-20 10:25:00+05:30,NIFTY26APRFUT,NSE:NIFTY26APRFUT,24402.0,24417.3,24390.0,24412.0,78585.0,17158960.0,2026-04-28,2026-04-28,APR 2026
2026-04-20 10:30:00+05:30,NIFTY26APRFUT,NSE:NIFTY26APRFUT,24404.0,24451.6,24404.0,24436.2,121420.0,17127175.0,2026-04-28,2026-04-28,APR 2026
2026-04-20 10:35:00+05:30,NIFTY26APRFUT,NSE:NIFTY26APRFUT,24435.0,24449.0,24428.0,24429.4,42835.0,17126655.0,2026-04-28,2026-04-28,APR 2026
2026-04-20 10:40:00+05:30,NIFTY26APRFUT,NSE:NIFTY26APRFUT,24429.7,24456.2,24429.7,24453.0,107575.0,17129190.0,2026-04-28,2026-04-28,APR 2026
2026-04-20 10:45:00+05:30,NIFTY26APRFUT,NSE:NIFTY26APRFUT,24452.7,24452.8,24422.0,24430.3,33735.0,17116710.0,2026-04-28,2026-04-28,APR 2026
2026-04-20 10:50:00+05:30,NIFTY26APRFUT,NSE:NIFTY26APRFUT,24438.0,24438.0,24421.0,24426.0,18525.0,17115085.0,2026-04-28,2026-04-28,APR 2026
2026-04-20 10:55:00+05:30,NIFTY26APRFUT,NSE:NIFTY26APRFUT,24429.2,24445.0,24415.0,24438.0,32695.0,17115540.0,2026-04-28,2026-04-28,APR 2026
2026-04-20 11:00:00+05:30,NIFTY26APRFUT,NSE:NIFTY26APRFUT,24438.0,24446.0,24422.3,24438.5,33475.0,17120415.0,2026-04-28,2026-04-28,APR 2026
2026-04-20 11:05:00+05:30,NIFTY26APRFUT,NSE:NIFTY26APRFUT,24446.5,24450.0,24414.7,24416.0,37375.0,17119570.0,2026-04-28,2026-04-28,APR 2026
2026-04-20 11:10:00+05:30,NIFTY26APRFUT,NSE:NIFTY26APRFUT,24420.0,24425.0,24402.0,24412.0,26325.0,17121130.0,2026-04-28,2026-04-28,APR 2026
2026-04-20 11:15:00+05:30,NIFTY26APRFUT,NSE:NIFTY26APRFUT,24412.1,24440.0,24412.1,24433.0,22555.0,17122040.0,2026-04-28,2026-04-28,APR 2026
2026-04-20 11:20:00+05:30,NIFTY26APRFUT,NSE:NIFTY26APRFUT,24433.0,24466.0,24425.1,24465.4,45565.0,17126720.0,2026-04-28,2026-04-28,APR 2026
2026-04-20 11:25:00+05:30,NIFTY26APRFUT,NSE:NIFTY26APRFUT,24462.0,24471.4,24450.0,24470.0,53040.0,17124835.0,2026-04-28,2026-04-28,APR 2026
2026-04-20 11:30:00+05:30,NIFTY26APRFUT,NSE:NIFTY26APRFUT,24470.0,24470.0,24450.0,24456.0,38350.0,17115800.0,2026-04-28,2026-04-28,APR 2026
2026-04-20 11:35:00+05:30,NIFTY26APRFUT,NSE:NIFTY26APRFUT,24456.0,24464.0,24445.9,24460.0,18915.0,17116970.0,2026-04-28,2026-04-28,APR 2026
2026-04-20 11:40:00+05:30,NIFTY26APRFUT,NSE:NIFTY26APRFUT,24460.0,24466.9,24453.5,24465.0,23790.0,17121650.0,2026-04-28,2026-04-28,APR 2026
2026-04-20 11:45:00+05:30,NIFTY26APRFUT,NSE:NIFTY26APRFUT,24465.0,24470.0,24454.0,24463.7,49530.0,17126460.0,2026-04-28,2026-04-28,APR 2026
2026-04-20 11:50:00+05:30,NIFTY26APRFUT,NSE:NIFTY26APRFUT,24465.4,24469.0,24448.5,24465.0,17940.0,17128345.0,2026-04-28,2026-04-28,APR 2026
2026-04-20 11:55:00+05:30,NIFTY26APRFUT,NSE:NIFTY26APRFUT,24465.0,24465.0,24453.0,24463.0,23270.0,17131205.0,2026-04-28,2026-04-28,APR 2026
2026-04-20 12:00:00+05:30,NIFTY26APRFUT,NSE:NIFTY26APRFUT,24465.0,24470.0,24456.2,24457.0,19955.0,17142840.0,2026-04-28,2026-04-28,APR 2026
2026-04-20 12:05:00+05:30,NIFTY26APRFUT,NSE:NIFTY26APRFUT,24460.0,24461.0,24446.0,24451.1,21060.0,17145960.0,2026-04-28,2026-04-28,APR 2026
2026-04-20 12:10:00+05:30,NIFTY26APRFUT,NSE:NIFTY26APRFUT,24451.1,24454.0,24423.0,24431.9,26260.0,17153370.0,2026-04-28,2026-04-28,APR 2026
2026-04-20 12:15:00+05:30,NIFTY26APRFUT,NSE:NIFTY26APRFUT,24432.4,24449.4,24424.0,24435.1,21125.0,17156035.0,2026-04-28,2026-04-28,APR 2026
2026-04-20 12:20:00+05:30,NIFTY26APRFUT,NSE:NIFTY26APRFUT,24432.0,24445.0,24426.5,24445.0,13845.0,17161560.0,2026-04-28,2026-04-28,APR 2026
2026-04-20 12:25:00+05:30,NIFTY26APRFUT,NSE:NIFTY26APRFUT,24445.0,24469.0,24441.0,24469.0,26650.0,17167735.0,2026-04-28,2026-04-28,APR 2026
2026-04-20 12:30:00+05:30,NIFTY26APRFUT,NSE:NIFTY26APRFUT,24463.9,24470.0,24460.0,24469.9,35685.0,17176120.0,2026-04-28,2026-04-28,APR 2026
2026-04-20 12:35:00+05:30,NIFTY26APRFUT,NSE:NIFTY26APRFUT,24469.9,24470.0,24460.0,24465.6,12610.0,17171245.0,2026-04-28,2026-04-28,APR 2026
2026-04-20 12:40:00+05:30,NIFTY26APRFUT,NSE:NIFTY26APRFUT,24465.1,24470.2,24455.3,24459.4,11180.0,17176055.0,2026-04-28,2026-04-28,APR 2026
2026-04-20 12:45:00+05:30,NIFTY26APRFUT,NSE:NIFTY26APRFUT,24459.3,24473.5,24454.5,24473.0,71890.0,17181320.0,2026-04-28,2026-04-28,APR 2026
2026-04-20 12:50:00+05:30,NIFTY26APRFUT,NSE:NIFTY26APRFUT,24473.0,24490.0,24469.2,24475.0,88010.0,17158375.0,2026-04-28,2026-04-28,APR 2026
2026-04-20 12:55:00+05:30,NIFTY26APRFUT,NSE:NIFTY26APRFUT,24475.0,24479.0,24456.8,24457.3,24635.0,17156360.0,2026-04-28,2026-04-28,APR 2026
2026-04-20 13:00:00+05:30,NIFTY26APRFUT,NSE:NIFTY26APRFUT,24465.0,24465.0,24415.2,24442.8,67275.0,17149860.0,2026-04-28,2026-04-28,APR 2026
2026-04-20 13:05:00+05:30,NIFTY26APRFUT,NSE:NIFTY26APRFUT,24442.8,24447.8,24415.0,24415.1,34450.0,17148300.0,2026-04-28,2026-04-28,APR 2026
2026-04-20 13:10:00+05:30,NIFTY26APRFUT,NSE:NIFTY26APRFUT,24415.0,24420.5,24383.0,24401.0,70720.0,17138810.0,2026-04-28,2026-04-28,APR 2026
2026-04-20 13:15:00+05:30,NIFTY26APRFUT,NSE:NIFTY26APRFUT,24408.0,24418.1,24385.0,24402.6,52975.0,17136080.0,2026-04-28,2026-04-28,APR 2026
2026-04-20 13:20:00+05:30,NIFTY26APRFUT,NSE:NIFTY26APRFUT,24402.6,24410.0,24369.0,24380.6,74945.0,17136275.0,2026-04-28,2026-04-28,APR 2026
2026-04-20 13:25:00+05:30,NIFTY26APRFUT,NSE:NIFTY26APRFUT,24380.6,24385.0,24350.0,24378.9,90220.0,17120545.0,2026-04-28,2026-04-28,APR 2026
2026-04-20 13:30:00+05:30,NIFTY26APRFUT,NSE:NIFTY26APRFUT,24385.0,24395.0,24361.8,24388.0,69615.0,17108780.0,2026-04-28,2026-04-28,APR 2026
2026-04-20 13:35:00+05:30,NIFTY26APRFUT,NSE:NIFTY26APRFUT,24385.0,24388.2,24352.0,24357.0,39065.0,17099290.0,2026-04-28,2026-04-28,APR 2026
2026-04-20 13:40:00+05:30,NIFTY26APRFUT,NSE:NIFTY26APRFUT,24360.0,24395.5,24357.0,24386.0,26780.0,17098640.0,2026-04-28,2026-04-28,APR 2026
2026-04-20 13:45:00+05:30,NIFTY26APRFUT,NSE:NIFTY26APRFUT,24382.4,24386.0,24365.3,24365.7,19305.0,17098445.0,2026-04-28,2026-04-28,APR 2026
2026-04-20 13:50:00+05:30,NIFTY26APRFUT,NSE:NIFTY26APRFUT,24365.7,24385.0,24356.9,24385.0,24440.0,17097730.0,2026-04-28,2026-04-28,APR 2026
2026-04-20 13:55:00+05:30,NIFTY26APRFUT,NSE:NIFTY26APRFUT,24385.6,24385.8,24362.0,24373.7,13650.0,17094090.0,2026-04-28,2026-04-28,APR 2026
2026-04-20 14:00:00+05:30,NIFTY26APRFUT,NSE:NIFTY26APRFUT,24380.0,24385.0,24355.0,24376.1,49010.0,17103320.0,2026-04-28,2026-04-28,APR 2026
2026-04-20 14:05:00+05:30,NIFTY26APRFUT,NSE:NIFTY26APRFUT,24377.0,24377.0,24351.4,24358.0,32045.0,17114890.0,2026-04-28,2026-04-28,APR 2026
2026-04-20 14:10:00+05:30,NIFTY26APRFUT,NSE:NIFTY26APRFUT,24358.9,24380.0,24358.9,24373.8,25025.0,17113590.0,2026-04-28,2026-04-28,APR 2026
2026-04-20 14:15:00+05:30,NIFTY26APRFUT,NSE:NIFTY26APRFUT,24373.5,24389.9,24367.8,24375.0,27690.0,17115150.0,2026-04-28,2026-04-28,APR 2026
2026-04-20 14:20:00+05:30,NIFTY26APRFUT,NSE:NIFTY26APRFUT,24375.0,24417.8,24369.8,24397.1,45435.0,17117100.0,2026-04-28,2026-04-28,APR 2026
2026-04-20 14:25:00+05:30,NIFTY26APRFUT,NSE:NIFTY26APRFUT,24397.1,24428.0,24391.1,24412.2,52650.0,17097405.0,2026-04-28,2026-04-28,APR 2026
2026-04-20 14:30:00+05:30,NIFTY26APRFUT,NSE:NIFTY26APRFUT,24419.5,24421.3,24393.0,24403.7,25740.0,17099875.0,2026-04-28,2026-04-28,APR 2026
2026-04-20 14:35:00+05:30,NIFTY26APRFUT,NSE:NIFTY26APRFUT,24406.0,24419.0,24390.0,24391.0,16900.0,17090125.0,2026-04-28,2026-04-28,APR 2026
2026-04-20 14:40:00+05:30,NIFTY26APRFUT,NSE:NIFTY26APRFUT,24391.0,24394.0,24376.8,24390.0,21060.0,17092920.0,2026-04-28,2026-04-28,APR 2026
2026-04-20 14:45:00+05:30,NIFTY26APRFUT,NSE:NIFTY26APRFUT,24390.0,24394.0,24355.0,24380.0,74750.0,17092400.0,2026-04-28,2026-04-28,APR 2026
2026-04-20 14:50:00+05:30,NIFTY26APRFUT,NSE:NIFTY26APRFUT,24380.0,24385.5,24371.0,24383.5,26845.0,17095195.0,2026-04-28,2026-04-28,APR 2026
2026-04-20 14:55:00+05:30,NIFTY26APRFUT,NSE:NIFTY26APRFUT,24383.5,24390.0,24376.4,24383.6,27950.0,17096105.0,2026-04-28,2026-04-28,APR 2026
2026-04-20 15:00:00+05:30,NIFTY26APRFUT,NSE:NIFTY26APRFUT,24383.6,24414.0,24383.6,24397.0,37245.0,17090320.0,2026-04-28,2026-04-28,APR 2026
2026-04-20 15:05:00+05:30,NIFTY26APRFUT,NSE:NIFTY26APRFUT,24396.1,24397.0,24365.4,24375.0,34840.0,17093245.0,2026-04-28,2026-04-28,APR 2026
2026-04-20 15:10:00+05:30,NIFTY26APRFUT,NSE:NIFTY26APRFUT,24373.4,24380.0,24362.0,24363.0,43940.0,17081155.0,2026-04-28,2026-04-28,APR 2026
2026-04-20 15:15:00+05:30,NIFTY26APRFUT,NSE:NIFTY26APRFUT,24367.5,24367.5,24308.0,24310.0,189475.0,17058665.0,2026-04-28,2026-04-28,APR 2026
2026-04-20 15:20:00+05:30,NIFTY26APRFUT,NSE:NIFTY26APRFUT,24308.1,24320.0,24301.0,24302.0,95940.0,17052620.0,2026-04-28,2026-04-28,APR 2026
2026-04-20 15:25:00+05:30,NIFTY26APRFUT,NSE:NIFTY26APRFUT,24302.0,24325.0,24300.7,24312.0,194415.0,17112290.0,2026-04-28,2026-04-28,APR 2026
2026-04-21 09:15:00+05:30,NIFTY26APRFUT,NSE:NIFTY26APRFUT,24370.0,24450.0,24350.0,24450.0,260910.0,16715985.0,2026-04-28,2026-04-28,APR 2026
2026-04-21 09:20:00+05:30,NIFTY26APRFUT,NSE:NIFTY26APRFUT,24450.0,24475.1,24445.0,24448.2,183625.0,16715985.0,2026-04-28,2026-04-28,APR 2026
2026-04-21 09:25:00+05:30,NIFTY26APRFUT,NSE:NIFTY26APRFUT,24444.3,24465.0,24434.7,24440.0,80470.0,16754205.0,2026-04-28,2026-04-28,APR 2026
2026-04-21 09:30:00+05:30,NIFTY26APRFUT,NSE:NIFTY26APRFUT,24440.0,24456.8,24432.0,24452.0,75270.0,16765905.0,2026-04-28,2026-04-28,APR 2026
2026-04-21 09:35:00+05:30,NIFTY26APRFUT,NSE:NIFTY26APRFUT,24452.0,24470.0,24451.0,24466.2,76570.0,16770845.0,2026-04-28,2026-04-28,APR 2026
2026-04-21 09:40:00+05:30,NIFTY26APRFUT,NSE:NIFTY26APRFUT,24467.5,24468.0,24440.0,24465.0,58110.0,16780790.0,2026-04-28,2026-04-28,APR 2026
2026-04-21 09:45:00+05:30,NIFTY26APRFUT,NSE:NIFTY26APRFUT,24466.0,24511.5,24463.8,24508.8,176020.0,16758820.0,2026-04-28,2026-04-28,APR 2026
2026-04-21 09:50:00+05:30,NIFTY26APRFUT,NSE:NIFTY26APRFUT,24503.0,24515.0,24481.2,24496.6,94315.0,16763305.0,2026-04-28,2026-04-28,APR 2026
2026-04-21 09:55:00+05:30,NIFTY26APRFUT,NSE:NIFTY26APRFUT,24496.6,24500.0,24482.9,24499.5,34125.0,16764930.0,2026-04-28,2026-04-28,APR 2026
2026-04-21 10:00:00+05:30,NIFTY26APRFUT,NSE:NIFTY26APRFUT,24499.0,24515.0,24494.5,24515.0,61685.0,16781700.0,2026-04-28,2026-04-28,APR 2026
2026-04-21 10:05:00+05:30,NIFTY26APRFUT,NSE:NIFTY26APRFUT,24515.0,24525.0,24508.2,24523.0,63895.0,16784365.0,2026-04-28,2026-04-28,APR 2026
2026-04-21 10:10:00+05:30,NIFTY26APRFUT,NSE:NIFTY26APRFUT,24519.2,24529.5,24514.0,24514.0,69030.0,16788265.0,2026-04-28,2026-04-28,APR 2026
2026-04-21 10:15:00+05:30,NIFTY26APRFUT,NSE:NIFTY26APRFUT,24515.0,24525.7,24510.0,24510.0,27950.0,16786510.0,2026-04-28,2026-04-28,APR 2026
2026-04-21 10:20:00+05:30,NIFTY26APRFUT,NSE:NIFTY26APRFUT,24511.2,24511.2,24488.0,24499.0,31265.0,16776045.0,2026-04-28,2026-04-28,APR 2026
2026-04-21 10:25:00+05:30,NIFTY26APRFUT,NSE:NIFTY26APRFUT,24496.2,24499.5,24488.0,24492.0,24505.0,16778515.0,2026-04-28,2026-04-28,APR 2026
2026-04-21 10:30:00+05:30,NIFTY26APRFUT,NSE:NIFTY26APRFUT,24496.0,24530.0,24491.8,24529.5,45630.0,16776955.0,2026-04-28,2026-04-28,APR 2026
2026-04-21 10:35:00+05:30,NIFTY26APRFUT,NSE:NIFTY26APRFUT,24529.5,24539.0,24525.7,24538.0,66105.0,16771040.0,2026-04-28,2026-04-28,APR 2026
2026-04-21 10:40:00+05:30,NIFTY26APRFUT,NSE:NIFTY26APRFUT,24537.9,24541.0,24525.0,24531.3,31135.0,16780790.0,2026-04-28,2026-04-28,APR 2026
2026-04-21 10:45:00+05:30,NIFTY26APRFUT,NSE:NIFTY26APRFUT,24536.0,24543.0,24519.4,24535.0,36205.0,16779490.0,2026-04-28,2026-04-28,APR 2026
2026-04-21 10:50:00+05:30,NIFTY26APRFUT,NSE:NIFTY26APRFUT,24529.0,24549.0,24525.0,24549.0,30940.0,16778710.0,2026-04-28,2026-04-28,APR 2026
2026-04-21 10:55:00+05:30,NIFTY26APRFUT,NSE:NIFTY26APRFUT,24549.0,24566.2,24540.8,24561.4,108875.0,16793465.0,2026-04-28,2026-04-28,APR 2026
2026-04-21 11:00:00+05:30,NIFTY26APRFUT,NSE:NIFTY26APRFUT,24561.4,24561.4,24540.1,24552.1,33800.0,16798145.0,2026-04-28,2026-04-28,APR 2026
2026-04-21 11:05:00+05:30,NIFTY26APRFUT,NSE:NIFTY26APRFUT,24557.0,24565.0,24552.1,24559.9,30095.0,16804840.0,2026-04-28,2026-04-28,APR 2026
2026-04-21 11:10:00+05:30,NIFTY26APRFUT,NSE:NIFTY26APRFUT,24559.9,24562.9,24543.0,24555.1,55575.0,16808350.0,2026-04-28,2026-04-28,APR 2026
2026-04-21 11:15:00+05:30,NIFTY26APRFUT,NSE:NIFTY26APRFUT,24559.0,24560.0,24544.2,24551.5,19370.0,16810885.0,2026-04-28,2026-04-28,APR 2026
2026-04-21 11:20:00+05:30,NIFTY26APRFUT,NSE:NIFTY26APRFUT,24551.5,24551.5,24535.0,24542.0,27170.0,16816150.0,2026-04-28,2026-04-28,APR 2026
2026-04-21 11:25:00+05:30,NIFTY26APRFUT,NSE:NIFTY26APRFUT,24540.0,24545.0,24531.2,24534.5,12935.0,16817905.0,2026-04-28,2026-04-28,APR 2026
2026-04-21 11:30:00+05:30,NIFTY26APRFUT,NSE:NIFTY26APRFUT,24531.8,24538.0,24522.3,24523.0,33670.0,16815565.0,2026-04-28,2026-04-28,APR 2026
2026-04-21 11:35:00+05:30,NIFTY26APRFUT,NSE:NIFTY26APRFUT,24523.0,24540.0,24515.0,24532.1,32825.0,16809975.0,2026-04-28,2026-04-28,APR 2026
2026-04-21 11:40:00+05:30,NIFTY26APRFUT,NSE:NIFTY26APRFUT,24529.1,24539.7,24524.0,24539.7,14300.0,16792685.0,2026-04-28,2026-04-28,APR 2026
2026-04-21 11:45:00+05:30,NIFTY26APRFUT,NSE:NIFTY26APRFUT,24539.7,24550.0,24533.1,24536.0,16250.0,16794245.0,2026-04-28,2026-04-28,APR 2026
2026-04-21 11:50:00+05:30,NIFTY26APRFUT,NSE:NIFTY26APRFUT,24537.1,24539.9,24525.1,24537.9,20930.0,16799510.0,2026-04-28,2026-04-28,APR 2026
2026-04-21 11:55:00+05:30,NIFTY26APRFUT,NSE:NIFTY26APRFUT,24530.0,24546.0,24528.0,24535.0,14625.0,16804060.0,2026-04-28,2026-04-28,APR 2026
2026-04-21 12:00:00+05:30,NIFTY26APRFUT,NSE:NIFTY26APRFUT,24535.0,24553.8,24531.1,24549.2,20020.0,16805100.0,2026-04-28,2026-04-28,APR 2026
2026-04-21 12:05:00+05:30,NIFTY26APRFUT,NSE:NIFTY26APRFUT,24549.2,24550.1,24542.5,24545.3,14820.0,16804970.0,2026-04-28,2026-04-28,APR 2026
2026-04-21 12:10:00+05:30,NIFTY26APRFUT,NSE:NIFTY26APRFUT,24545.0,24569.0,24545.0,24568.0,33865.0,16809455.0,2026-04-28,2026-04-28,APR 2026
2026-04-21 12:15:00+05:30,NIFTY26APRFUT,NSE:NIFTY26APRFUT,24569.0,24570.0,24551.0,24568.0,28730.0,16808740.0,2026-04-28,2026-04-28,APR 2026
2026-04-21 12:20:00+05:30,NIFTY26APRFUT,NSE:NIFTY26APRFUT,24567.5,24580.0,24557.9,24569.4,46280.0,16809975.0,2026-04-28,2026-04-28,APR 2026
2026-04-21 12:25:00+05:30,NIFTY26APRFUT,NSE:NIFTY26APRFUT,24569.4,24578.0,24560.7,24567.6,29445.0,16813095.0,2026-04-28,2026-04-28,APR 2026
2026-04-21 12:30:00+05:30,NIFTY26APRFUT,NSE:NIFTY26APRFUT,24569.8,24580.0,24550.2,24550.7,27820.0,16820830.0,2026-04-28,2026-04-28,APR 2026
2026-04-21 12:35:00+05:30,NIFTY26APRFUT,NSE:NIFTY26APRFUT,24552.5,24569.0,24549.9,24561.0,28275.0,16834025.0,2026-04-28,2026-04-28,APR 2026
2026-04-21 12:40:00+05:30,NIFTY26APRFUT,NSE:NIFTY26APRFUT,24566.5,24567.4,24551.2,24560.0,18720.0,16835260.0,2026-04-28,2026-04-28,APR 2026
2026-04-21 12:45:00+05:30,NIFTY26APRFUT,NSE:NIFTY26APRFUT,24560.0,24560.0,24534.8,24541.8,31135.0,16844425.0,2026-04-28,2026-04-28,APR 2026
2026-04-21 12:50:00+05:30,NIFTY26APRFUT,NSE:NIFTY26APRFUT,24541.2,24548.0,24534.0,24539.8,15275.0,16848065.0,2026-04-28,2026-04-28,APR 2026
2026-04-21 12:55:00+05:30,NIFTY26APRFUT,NSE:NIFTY26APRFUT,24540.5,24556.0,24539.0,24539.0,23595.0,16851445.0,2026-04-28,2026-04-28,APR 2026
2026-04-21 13:00:00+05:30,NIFTY26APRFUT,NSE:NIFTY26APRFUT,24541.9,24545.0,24530.0,24530.1,20345.0,16851185.0,2026-04-28,2026-04-28,APR 2026
2026-04-21 13:05:00+05:30,NIFTY26APRFUT,NSE:NIFTY26APRFUT,24529.8,24544.6,24529.0,24535.0,12935.0,16854110.0,2026-04-28,2026-04-28,APR 2026
2026-04-21 13:10:00+05:30,NIFTY26APRFUT,NSE:NIFTY26APRFUT,24540.0,24553.0,24532.6,24543.0,15730.0,16852940.0,2026-04-28,2026-04-28,APR 2026
2026-04-21 13:15:00+05:30,NIFTY26APRFUT,NSE:NIFTY26APRFUT,24544.0,24564.9,24544.0,24547.1,22490.0,16855345.0,2026-04-28,2026-04-28,APR 2026
2026-04-21 13:20:00+05:30,NIFTY26APRFUT,NSE:NIFTY26APRFUT,24547.9,24559.0,24547.1,24552.4,11440.0,16858335.0,2026-04-28,2026-04-28,APR 2026
2026-04-21 13:25:00+05:30,NIFTY26APRFUT,NSE:NIFTY26APRFUT,24552.4,24559.0,24550.0,24553.7,7215.0,16852615.0,2026-04-28,2026-04-28,APR 2026
2026-04-21 13:30:00+05:30,NIFTY26APRFUT,NSE:NIFTY26APRFUT,24559.0,24575.0,24552.5,24566.6,26325.0,16857230.0,2026-04-28,2026-04-28,APR 2026
2026-04-21 13:35:00+05:30,NIFTY26APRFUT,NSE:NIFTY26APRFUT,24562.3,24570.0,24540.5,24548.4,27625.0,16859440.0,2026-04-28,2026-04-28,APR 2026
2026-04-21 13:40:00+05:30,NIFTY26APRFUT,NSE:NIFTY26APRFUT,24548.8,24555.0,24520.8,24531.7,39390.0,16878940.0,2026-04-28,2026-04-28,APR 2026
2026-04-21 13:45:00+05:30,NIFTY26APRFUT,NSE:NIFTY26APRFUT,24536.0,24543.3,24526.5,24541.5,15795.0,16881930.0,2026-04-28,2026-04-28,APR 2026
2026-04-21 13:50:00+05:30,NIFTY26APRFUT,NSE:NIFTY26APRFUT,24541.5,24556.9,24540.1,24554.1,19760.0,16880500.0,2026-04-28,2026-04-28,APR 2026
2026-04-21 13:55:00+05:30,NIFTY26APRFUT,NSE:NIFTY26APRFUT,24554.1,24572.1,24554.1,24569.8,47515.0,16878745.0,2026-04-28,2026-04-28,APR 2026
2026-04-21 14:00:00+05:30,NIFTY26APRFUT,NSE:NIFTY26APRFUT,24568.5,24568.5,24545.1,24547.1,41860.0,16879395.0,2026-04-28,2026-04-28,APR 2026
2026-04-21 14:05:00+05:30,NIFTY26APRFUT,NSE:NIFTY26APRFUT,24547.1,24550.0,24535.0,24536.0,18135.0,16894475.0,2026-04-28,2026-04-28,APR 2026
2026-04-21 14:10:00+05:30,NIFTY26APRFUT,NSE:NIFTY26APRFUT,24535.3,24550.0,24533.0,24545.1,22555.0,16882905.0,2026-04-28,2026-04-28,APR 2026
2026-04-21 14:15:00+05:30,NIFTY26APRFUT,NSE:NIFTY26APRFUT,24545.1,24569.9,24537.8,24564.8,33670.0,16887910.0,2026-04-28,2026-04-28,APR 2026
2026-04-21 14:20:00+05:30,NIFTY26APRFUT,NSE:NIFTY26APRFUT,24560.0,24590.0,24560.0,24583.1,60320.0,16882775.0,2026-04-28,2026-04-28,APR 2026
2026-04-21 14:25:00+05:30,NIFTY26APRFUT,NSE:NIFTY26APRFUT,24583.5,24586.0,24571.2,24578.8,42640.0,16890250.0,2026-04-28,2026-04-28,APR 2026
2026-04-21 14:30:00+05:30,NIFTY26APRFUT,NSE:NIFTY26APRFUT,24578.8,24582.0,24570.0,24570.1,28665.0,16889535.0,2026-04-28,2026-04-28,APR 2026
2026-04-21 14:35:00+05:30,NIFTY26APRFUT,NSE:NIFTY26APRFUT,24570.0,24570.0,24557.6,24560.8,18135.0,16887065.0,2026-04-28,2026-04-28,APR 2026
2026-04-21 14:40:00+05:30,NIFTY26APRFUT,NSE:NIFTY26APRFUT,24560.8,24564.0,24542.0,24553.7,26910.0,16879200.0,2026-04-28,2026-04-28,APR 2026
2026-04-21 14:45:00+05:30,NIFTY26APRFUT,NSE:NIFTY26APRFUT,24551.0,24560.5,24545.0,24559.1,19760.0,16876600.0,2026-04-28,2026-04-28,APR 2026
2026-04-21 14:50:00+05:30,NIFTY26APRFUT,NSE:NIFTY26APRFUT,24562.8,24575.0,24559.1,24573.7,41080.0,16885115.0,2026-04-28,2026-04-28,APR 2026
2026-04-21 14:55:00+05:30,NIFTY26APRFUT,NSE:NIFTY26APRFUT,24574.1,24585.0,24568.4,24584.0,56615.0,16874325.0,2026-04-28,2026-04-28,APR 2026
2026-04-21 15:00:00+05:30,NIFTY26APRFUT,NSE:NIFTY26APRFUT,24584.0,24604.0,24573.0,24577.0,134875.0,16881865.0,2026-04-28,2026-04-28,APR 2026
2026-04-21 15:05:00+05:30,NIFTY26APRFUT,NSE:NIFTY26APRFUT,24577.0,24585.0,24573.0,24584.9,68835.0,16888105.0,2026-04-28,2026-04-28,APR 2026
2026-04-21 15:10:00+05:30,NIFTY26APRFUT,NSE:NIFTY26APRFUT,24584.9,24585.0,24575.0,24584.7,67015.0,16889015.0,2026-04-28,2026-04-28,APR 2026
2026-04-21 15:15:00+05:30,NIFTY26APRFUT,NSE:NIFTY26APRFUT,24577.0,24591.0,24575.0,24585.1,76895.0,16884205.0,2026-04-28,2026-04-28,APR 2026
2026-04-21 15:20:00+05:30,NIFTY26APRFUT,NSE:NIFTY26APRFUT,24583.9,24590.3,24576.8,24580.1,122005.0,16854760.0,2026-04-28,2026-04-28,APR 2026
2026-04-21 15:25:00+05:30,NIFTY26APRFUT,NSE:NIFTY26APRFUT,24580.2,24591.8,24580.0,24585.2,192335.0,16826225.0,2026-04-28,2026-04-28,APR 2026
2026-04-22 09:15:00+05:30,NIFTY26APRFUT,NSE:NIFTY26APRFUT,24451.6,24497.0,24425.2,24465.0,326300.0,16385850.0,2026-04-28,2026-04-28,APR 2026
2026-04-22 09:20:00+05:30,NIFTY26APRFUT,NSE:NIFTY26APRFUT,24462.0,24478.9,24440.0,24442.2,161005.0,16379610.0,2026-04-28,2026-04-28,APR 2026
2026-04-22 09:25:00+05:30,NIFTY26APRFUT,NSE:NIFTY26APRFUT,24442.2,24442.2,24415.0,24417.0,148070.0,16391505.0,2026-04-28,2026-04-28,APR 2026
2026-04-22 09:30:00+05:30,NIFTY26APRFUT,NSE:NIFTY26APRFUT,24416.6,24440.0,24401.0,24434.2,149305.0,16392480.0,2026-04-28,2026-04-28,APR 2026
2026-04-22 09:35:00+05:30,NIFTY26APRFUT,NSE:NIFTY26APRFUT,24426.7,24447.0,24418.7,24418.7,50180.0,16404635.0,2026-04-28,2026-04-28,APR 2026
2026-04-22 09:40:00+05:30,NIFTY26APRFUT,NSE:NIFTY26APRFUT,24418.2,24423.4,24395.0,24401.4,101270.0,16401385.0,2026-04-28,2026-04-28,APR 2026
2026-04-22 09:45:00+05:30,NIFTY26APRFUT,NSE:NIFTY26APRFUT,24401.4,24405.0,24381.0,24390.0,112905.0,16448315.0,2026-04-28,2026-04-28,APR 2026
2026-04-22 09:50:00+05:30,NIFTY26APRFUT,NSE:NIFTY26APRFUT,24392.8,24411.0,24382.2,24384.8,84955.0,16459690.0,2026-04-28,2026-04-28,APR 2026
2026-04-22 09:55:00+05:30,NIFTY26APRFUT,NSE:NIFTY26APRFUT,24384.8,24391.1,24364.1,24365.0,131040.0,16479190.0,2026-04-28,2026-04-28,APR 2026
2026-04-22 10:00:00+05:30,NIFTY26APRFUT,NSE:NIFTY26APRFUT,24364.0,24369.5,24338.0,24364.0,150215.0,16467360.0,2026-04-28,2026-04-28,APR 2026
2026-04-22 10:05:00+05:30,NIFTY26APRFUT,NSE:NIFTY26APRFUT,24359.0,24362.5,24350.0,24355.1,44850.0,16466190.0,2026-04-28,2026-04-28,APR 2026
2026-04-22 10:10:00+05:30,NIFTY26APRFUT,NSE:NIFTY26APRFUT,24355.0,24369.9,24343.1,24353.0,48490.0,16458455.0,2026-04-28,2026-04-28,APR 2026
2026-04-22 10:15:00+05:30,NIFTY26APRFUT,NSE:NIFTY26APRFUT,24350.1,24359.5,24340.9,24356.0,48880.0,16469765.0,2026-04-28,2026-04-28,APR 2026
2026-04-22 10:20:00+05:30,NIFTY26APRFUT,NSE:NIFTY26APRFUT,24356.0,24358.0,24325.0,24338.5,77610.0,16464890.0,2026-04-28,2026-04-28,APR 2026
2026-04-22 10:25:00+05:30,NIFTY26APRFUT,NSE:NIFTY26APRFUT,24338.5,24356.0,24332.0,24350.0,47060.0,16475940.0,2026-04-28,2026-04-28,APR 2026
2026-04-22 10:30:00+05:30,NIFTY26APRFUT,NSE:NIFTY26APRFUT,24350.0,24368.4,24340.1,24363.4,31005.0,16471455.0,2026-04-28,2026-04-28,APR 2026
2026-04-22 10:35:00+05:30,NIFTY26APRFUT,NSE:NIFTY26APRFUT,24361.5,24380.9,24351.0,24380.0,39585.0,16473210.0,2026-04-28,2026-04-28,APR 2026
2026-04-22 10:40:00+05:30,NIFTY26APRFUT,NSE:NIFTY26APRFUT,24380.0,24395.0,24375.0,24391.0,43875.0,16471780.0,2026-04-28,2026-04-28,APR 2026
2026-04-22 10:45:00+05:30,NIFTY26APRFUT,NSE:NIFTY26APRFUT,24394.9,24420.0,24384.0,24409.0,59410.0,16461055.0,2026-04-28,2026-04-28,APR 2026
2026-04-22 10:50:00+05:30,NIFTY26APRFUT,NSE:NIFTY26APRFUT,24402.2,24431.0,24402.2,24420.9,50050.0,16458065.0,2026-04-28,2026-04-28,APR 2026
2026-04-22 10:55:00+05:30,NIFTY26APRFUT,NSE:NIFTY26APRFUT,24420.9,24431.0,24416.9,24417.9,47905.0,16448770.0,2026-04-28,2026-04-28,APR 2026
2026-04-22 11:00:00+05:30,NIFTY26APRFUT,NSE:NIFTY26APRFUT,24418.0,24425.0,24405.8,24424.2,29380.0,16447925.0,2026-04-28,2026-04-28,APR 2026
2026-04-22 11:05:00+05:30,NIFTY26APRFUT,NSE:NIFTY26APRFUT,24424.2,24424.2,24401.6,24401.6,22035.0,16450655.0,2026-04-28,2026-04-28,APR 2026
2026-04-22 11:10:00+05:30,NIFTY26APRFUT,NSE:NIFTY26APRFUT,24401.5,24417.8,24387.6,24410.0,39780.0,16461900.0,2026-04-28,2026-04-28,APR 2026
2026-04-22 11:15:00+05:30,NIFTY26APRFUT,NSE:NIFTY26APRFUT,24405.0,24420.0,24402.0,24420.0,16510.0,16467230.0,2026-04-28,2026-04-28,APR 2026
2026-04-22 11:20:00+05:30,NIFTY26APRFUT,NSE:NIFTY26APRFUT,24416.2,24430.0,24411.0,24430.0,26520.0,16467035.0,2026-04-28,2026-04-28,APR 2026
2026-04-22 11:25:00+05:30,NIFTY26APRFUT,NSE:NIFTY26APRFUT,24429.9,24439.0,24420.7,24423.0,20735.0,16466710.0,2026-04-28,2026-04-28,APR 2026
2026-04-22 11:30:00+05:30,NIFTY26APRFUT,NSE:NIFTY26APRFUT,24423.0,24439.7,24416.0,24425.1,18980.0,16466710.0,2026-04-28,2026-04-28,APR 2026
2026-04-22 11:35:00+05:30,NIFTY26APRFUT,NSE:NIFTY26APRFUT,24433.9,24433.9,24415.0,24416.0,6760.0,16468335.0,2026-04-28,2026-04-28,APR 2026
2026-04-22 11:40:00+05:30,NIFTY26APRFUT,NSE:NIFTY26APRFUT,24414.0,24427.0,24405.0,24405.0,9035.0,16471130.0,2026-04-28,2026-04-28,APR 2026
2026-04-22 11:45:00+05:30,NIFTY26APRFUT,NSE:NIFTY26APRFUT,24405.0,24405.0,24371.0,24395.0,49855.0,16480750.0,2026-04-28,2026-04-28,APR 2026
2026-04-22 11:50:00+05:30,NIFTY26APRFUT,NSE:NIFTY26APRFUT,24390.0,24410.6,24385.0,24407.8,17290.0,16480750.0,2026-04-28,2026-04-28,APR 2026
2026-04-22 11:55:00+05:30,NIFTY26APRFUT,NSE:NIFTY26APRFUT,24405.4,24426.0,24400.0,24420.0,11895.0,16474705.0,2026-04-28,2026-04-28,APR 2026
2026-04-22 12:00:00+05:30,NIFTY26APRFUT,NSE:NIFTY26APRFUT,24420.0,24439.7,24420.0,24439.7,24765.0,16468855.0,2026-04-28,2026-04-28,APR 2026
2026-04-22 12:05:00+05:30,NIFTY26APRFUT,NSE:NIFTY26APRFUT,24439.7,24439.7,24413.0,24415.0,14625.0,16462225.0,2026-04-28,2026-04-28,APR 2026
2026-04-22 12:10:00+05:30,NIFTY26APRFUT,NSE:NIFTY26APRFUT,24415.0,24422.0,24401.0,24415.0,24245.0,16452800.0,2026-04-28,2026-04-28,APR 2026
2026-04-22 12:15:00+05:30,NIFTY26APRFUT,NSE:NIFTY26APRFUT,24415.0,24420.0,24400.0,24400.0,13455.0,16454295.0,2026-04-28,2026-04-28,APR 2026
2026-04-22 12:20:00+05:30,NIFTY26APRFUT,NSE:NIFTY26APRFUT,24400.0,24414.1,24395.0,24401.0,12285.0,16455855.0,2026-04-28,2026-04-28,APR 2026
2026-04-22 12:25:00+05:30,NIFTY26APRFUT,NSE:NIFTY26APRFUT,24401.0,24411.7,24386.8,24408.3,13845.0,16457675.0,2026-04-28,2026-04-28,APR 2026
2026-04-22 12:30:00+05:30,NIFTY26APRFUT,NSE:NIFTY26APRFUT,24395.1,24420.0,24395.1,24404.1,8125.0,16459365.0,2026-04-28,2026-04-28,APR 2026
2026-04-22 12:35:00+05:30,NIFTY26APRFUT,NSE:NIFTY26APRFUT,24412.0,24416.3,24383.8,24399.5,17355.0,16459495.0,2026-04-28,2026-04-28,APR 2026
2026-04-22 12:40:00+05:30,NIFTY26APRFUT,NSE:NIFTY26APRFUT,24399.5,24415.9,24390.3,24410.0,19565.0,16454880.0,2026-04-28,2026-04-28,APR 2026
2026-04-22 12:45:00+05:30,NIFTY26APRFUT,NSE:NIFTY26APRFUT,24405.1,24418.3,24385.0,24387.1,19825.0,16448965.0,2026-04-28,2026-04-28,APR 2026
2026-04-22 12:50:00+05:30,NIFTY26APRFUT,NSE:NIFTY26APRFUT,24387.0,24415.0,24387.0,24401.3,5850.0,16448640.0,2026-04-28,2026-04-28,APR 2026
2026-04-22 12:55:00+05:30,NIFTY26APRFUT,NSE:NIFTY26APRFUT,24401.3,24428.0,24401.3,24419.5,13975.0,16448120.0,2026-04-28,2026-04-28,APR 2026
2026-04-22 13:00:00+05:30,NIFTY26APRFUT,NSE:NIFTY26APRFUT,24419.5,24428.8,24401.8,24415.0,9945.0,16448445.0,2026-04-28,2026-04-28,APR 2026
2026-04-22 13:05:00+05:30,NIFTY26APRFUT,NSE:NIFTY26APRFUT,24415.0,24427.0,24415.0,24417.4,8580.0,16452020.0,2026-04-28,2026-04-28,APR 2026
2026-04-22 13:10:00+05:30,NIFTY26APRFUT,NSE:NIFTY26APRFUT,24417.4,24425.8,24399.0,24424.0,7475.0,16453255.0,2026-04-28,2026-04-28,APR 2026
2026-04-22 13:15:00+05:30,NIFTY26APRFUT,NSE:NIFTY26APRFUT,24424.0,24424.0,24391.3,24391.3,8710.0,16454815.0,2026-04-28,2026-04-28,APR 2026
2026-04-22 13:20:00+05:30,NIFTY26APRFUT,NSE:NIFTY26APRFUT,24390.3,24400.8,24364.0,24367.0,41275.0,16458715.0,2026-04-28,2026-04-28,APR 2026
2026-04-22 13:25:00+05:30,NIFTY26APRFUT,NSE:NIFTY26APRFUT,24369.8,24396.0,24367.0,24396.0,12090.0,16465540.0,2026-04-28,2026-04-28,APR 2026
2026-04-22 13:30:00+05:30,NIFTY26APRFUT,NSE:NIFTY26APRFUT,24394.0,24414.0,24390.0,24407.0,13000.0,16464825.0,2026-04-28,2026-04-28,APR 2026
2026-04-22 13:35:00+05:30,NIFTY26APRFUT,NSE:NIFTY26APRFUT,24407.0,24411.0,24398.0,24406.9,10595.0,16462680.0,2026-04-28,2026-04-28,APR 2026
2026-04-22 13:40:00+05:30,NIFTY26APRFUT,NSE:NIFTY26APRFUT,24401.4,24415.0,24401.4,24415.0,9750.0,16465995.0,2026-04-28,2026-04-28,APR 2026
2026-04-22 13:45:00+05:30,NIFTY26APRFUT,NSE:NIFTY26APRFUT,24415.0,24418.2,24409.1,24414.3,14235.0,16464760.0,2026-04-28,2026-04-28,APR 2026
2026-04-22 13:50:00+05:30,NIFTY26APRFUT,NSE:NIFTY26APRFUT,24414.4,24418.0,24393.0,24400.0,28275.0,16468985.0,2026-04-28,2026-04-28,APR 2026
2026-04-22 13:55:00+05:30,NIFTY26APRFUT,NSE:NIFTY26APRFUT,24398.1,24440.0,24398.1,24440.0,47905.0,16474640.0,2026-04-28,2026-04-28,APR 2026
2026-04-22 14:00:00+05:30,NIFTY26APRFUT,NSE:NIFTY26APRFUT,24435.0,24446.0,24396.3,24400.1,54470.0,16467880.0,2026-04-28,2026-04-28,APR 2026
2026-04-22 14:05:00+05:30,NIFTY26APRFUT,NSE:NIFTY26APRFUT,24400.8,24415.0,24400.4,24402.0,15925.0,16473015.0,2026-04-28,2026-04-28,APR 2026
2026-04-22 14:10:00+05:30,NIFTY26APRFUT,NSE:NIFTY26APRFUT,24402.0,24402.0,24386.6,24398.0,34320.0,16482570.0,2026-04-28,2026-04-28,APR 2026
2026-04-22 14:15:00+05:30,NIFTY26APRFUT,NSE:NIFTY26APRFUT,24392.2,24398.0,24370.0,24385.5,53820.0,16484130.0,2026-04-28,2026-04-28,APR 2026
2026-04-22 14:20:00+05:30,NIFTY26APRFUT,NSE:NIFTY26APRFUT,24382.0,24400.0,24377.0,24400.0,24700.0,16473080.0,2026-04-28,2026-04-28,APR 2026
2026-04-22 14:25:00+05:30,NIFTY26APRFUT,NSE:NIFTY26APRFUT,24400.0,24405.9,24388.0,24390.0,17225.0,16474380.0,2026-04-28,2026-04-28,APR 2026
2026-04-22 14:30:00+05:30,NIFTY26APRFUT,NSE:NIFTY26APRFUT,24390.0,24399.0,24386.9,24392.0,10075.0,16473925.0,2026-04-28,2026-04-28,APR 2026
2026-04-22 14:35:00+05:30,NIFTY26APRFUT,NSE:NIFTY26APRFUT,24395.0,24415.0,24389.9,24403.0,24570.0,16470025.0,2026-04-28,2026-04-28,APR 2026
2026-04-22 14:40:00+05:30,NIFTY26APRFUT,NSE:NIFTY26APRFUT,24403.0,24411.2,24393.1,24407.0,12935.0,16469180.0,2026-04-28,2026-04-28,APR 2026
2026-04-22 14:45:00+05:30,NIFTY26APRFUT,NSE:NIFTY26APRFUT,24398.0,24409.8,24395.0,24396.0,8125.0,16469700.0,2026-04-28,2026-04-28,APR 2026
2026-04-22 14:50:00+05:30,NIFTY26APRFUT,NSE:NIFTY26APRFUT,24396.0,24410.0,24390.9,24405.0,21060.0,16463135.0,2026-04-28,2026-04-28,APR 2026
2026-04-22 14:55:00+05:30,NIFTY26APRFUT,NSE:NIFTY26APRFUT,24402.0,24418.0,24400.1,24405.0,25155.0,16457220.0,2026-04-28,2026-04-28,APR 2026
2026-04-22 15:00:00+05:30,NIFTY26APRFUT,NSE:NIFTY26APRFUT,24406.0,24412.4,24366.1,24370.0,42835.0,16458195.0,2026-04-28,2026-04-28,APR 2026
2026-04-22 15:05:00+05:30,NIFTY26APRFUT,NSE:NIFTY26APRFUT,24379.7,24379.7,24365.0,24366.0,29900.0,16461705.0,2026-04-28,2026-04-28,APR 2026
2026-04-22 15:10:00+05:30,NIFTY26APRFUT,NSE:NIFTY26APRFUT,24366.0,24385.6,24362.0,24385.0,39780.0,16461640.0,2026-04-28,2026-04-28,APR 2026
2026-04-22 15:15:00+05:30,NIFTY26APRFUT,NSE:NIFTY26APRFUT,24385.0,24394.9,24375.6,24383.0,45110.0,16460210.0,2026-04-28,2026-04-28,APR 2026
2026-04-22 15:20:00+05:30,NIFTY26APRFUT,NSE:NIFTY26APRFUT,24383.0,24391.9,24380.0,24385.6,77805.0,16438825.0,2026-04-28,2026-04-28,APR 2026
2026-04-22 15:25:00+05:30,NIFTY26APRFUT,NSE:NIFTY26APRFUT,24385.6,24390.1,24375.0,24385.0,118495.0,16456245.0,2026-04-28,2026-04-28,APR 2026
2026-04-23 09:15:00+05:30,NIFTY26APRFUT,NSE:NIFTY26APRFUT,24160.0,24188.0,24125.0,24183.0,408590.0,16287375.0,2026-04-28,2026-04-28,APR 2026
2026-04-23 09:20:00+05:30,NIFTY26APRFUT,NSE:NIFTY26APRFUT,24183.0,24199.9,24172.0,24176.3,155090.0,16291145.0,2026-04-28,2026-04-28,APR 2026
2026-04-23 09:25:00+05:30,NIFTY26APRFUT,NSE:NIFTY26APRFUT,24184.6,24199.9,24165.0,24199.0,127335.0,16349840.0,2026-04-28,2026-04-28,APR 2026
2026-04-23 09:30:00+05:30,NIFTY26APRFUT,NSE:NIFTY26APRFUT,24197.9,24225.0,24176.0,24183.0,149825.0,16334890.0,2026-04-28,2026-04-28,APR 2026
2026-04-23 09:35:00+05:30,NIFTY26APRFUT,NSE:NIFTY26APRFUT,24181.9,24198.0,24165.9,24186.0,81445.0,16326765.0,2026-04-28,2026-04-28,APR 2026
2026-04-23 09:40:00+05:30,NIFTY26APRFUT,NSE:NIFTY26APRFUT,24186.0,24222.9,24176.0,24215.5,71110.0,16286660.0,2026-04-28,2026-04-28,APR 2026
2026-04-23 09:45:00+05:30,NIFTY26APRFUT,NSE:NIFTY26APRFUT,24219.0,24249.0,24208.9,24245.0,132925.0,16250195.0,2026-04-28,2026-04-28,APR 2026
2026-04-23 09:50:00+05:30,NIFTY26APRFUT,NSE:NIFTY26APRFUT,24238.1,24276.0,24238.1,24255.4,158015.0,16223935.0,2026-04-28,2026-04-28,APR 2026
2026-04-23 09:55:00+05:30,NIFTY26APRFUT,NSE:NIFTY26APRFUT,24259.0,24276.0,24255.0,24264.0,68055.0,16232060.0,2026-04-28,2026-04-28,APR 2026
2026-04-23 10:00:00+05:30,NIFTY26APRFUT,NSE:NIFTY26APRFUT,24265.0,24288.0,24243.1,24279.4,115505.0,16214445.0,2026-04-28,2026-04-28,APR 2026
2026-04-23 10:05:00+05:30,NIFTY26APRFUT,NSE:NIFTY26APRFUT,24275.6,24288.0,24259.1,24261.5,45045.0,16226470.0,2026-04-28,2026-04-28,APR 2026
2026-04-23 10:10:00+05:30,NIFTY26APRFUT,NSE:NIFTY26APRFUT,24265.0,24272.4,24237.6,24250.1,61360.0,16231475.0,2026-04-28,2026-04-28,APR 2026
2026-04-23 10:15:00+05:30,NIFTY26APRFUT,NSE:NIFTY26APRFUT,24249.3,24265.0,24239.2,24263.8,41340.0,16216655.0,2026-04-28,2026-04-28,APR 2026
2026-04-23 10:20:00+05:30,NIFTY26APRFUT,NSE:NIFTY26APRFUT,24263.7,24270.0,24240.0,24260.1,29705.0,16225040.0,2026-04-28,2026-04-28,APR 2026
2026-04-23 10:25:00+05:30,NIFTY26APRFUT,NSE:NIFTY26APRFUT,24249.0,24259.9,24235.8,24237.0,61360.0,16245320.0,2026-04-28,2026-04-28,APR 2026
2026-04-23 10:30:00+05:30,NIFTY26APRFUT,NSE:NIFTY26APRFUT,24235.4,24245.0,24214.3,24224.6,74035.0,16235505.0,2026-04-28,2026-04-28,APR 2026
2026-04-23 10:35:00+05:30,NIFTY26APRFUT,NSE:NIFTY26APRFUT,24224.6,24225.0,24195.1,24196.5,65195.0,16231150.0,2026-04-28,2026-04-28,APR 2026
2026-04-23 10:40:00+05:30,NIFTY26APRFUT,NSE:NIFTY26APRFUT,24196.5,24209.2,24186.0,24192.0,54340.0,16209375.0,2026-04-28,2026-04-28,APR 2026
2026-04-23 10:45:00+05:30,NIFTY26APRFUT,NSE:NIFTY26APRFUT,24192.9,24203.7,24155.0,24180.0,100620.0,16198195.0,2026-04-28,2026-04-28,APR 2026
2026-04-23 10:50:00+05:30,NIFTY26APRFUT,NSE:NIFTY26APRFUT,24181.5,24193.6,24165.0,24181.2,47580.0,16203525.0,2026-04-28,2026-04-28,APR 2026
2026-04-23 10:55:00+05:30,NIFTY26APRFUT,NSE:NIFTY26APRFUT,24181.2,24199.0,24170.1,24194.9,38805.0,16195140.0,2026-04-28,2026-04-28,APR 2026
2026-04-23 11:00:00+05:30,NIFTY26APRFUT,NSE:NIFTY26APRFUT,24190.0,24200.0,24179.7,24200.0,37570.0,16174080.0,2026-04-28,2026-04-28,APR 2026
2026-04-23 11:05:00+05:30,NIFTY26APRFUT,NSE:NIFTY26APRFUT,24201.0,24205.8,24184.1,24186.0,43810.0,16178370.0,2026-04-28,2026-04-28,APR 2026
2026-04-23 11:10:00+05:30,NIFTY26APRFUT,NSE:NIFTY26APRFUT,24185.4,24195.2,24168.0,24170.0,39520.0,16168620.0,2026-04-28,2026-04-28,APR 2026
2026-04-23 11:15:00+05:30,NIFTY26APRFUT,NSE:NIFTY26APRFUT,24166.0,24188.0,24165.0,24171.4,28470.0,16151980.0,2026-04-28,2026-04-28,APR 2026
2026-04-23 11:20:00+05:30,NIFTY26APRFUT,NSE:NIFTY26APRFUT,24171.3,24183.9,24166.0,24170.1,37180.0,16153410.0,2026-04-28,2026-04-28,APR 2026
2026-04-23 11:25:00+05:30,NIFTY26APRFUT,NSE:NIFTY26APRFUT,24175.2,24185.9,24165.0,24177.7,35165.0,16145870.0,2026-04-28,2026-04-28,APR 2026
2026-04-23 11:30:00+05:30,NIFTY26APRFUT,NSE:NIFTY26APRFUT,24177.7,24190.7,24170.3,24175.0,25740.0,16145155.0,2026-04-28,2026-04-28,APR 2026
2026-04-23 11:35:00+05:30,NIFTY26APRFUT,NSE:NIFTY26APRFUT,24175.0,24184.9,24170.0,24179.0,42835.0,16139760.0,2026-04-28,2026-04-28,APR 2026
2026-04-23 11:40:00+05:30,NIFTY26APRFUT,NSE:NIFTY26APRFUT,24179.0,24180.2,24160.0,24167.9,59540.0,16113825.0,2026-04-28,2026-04-28,APR 2026
2026-04-23 11:45:00+05:30,NIFTY26APRFUT,NSE:NIFTY26APRFUT,24168.1,24180.0,24160.0,24175.0,33540.0,16101085.0,2026-04-28,2026-04-28,APR 2026
2026-04-23 11:50:00+05:30,NIFTY26APRFUT,NSE:NIFTY26APRFUT,24180.0,24200.0,24175.0,24198.4,92625.0,16159975.0,2026-04-28,2026-04-28,APR 2026
2026-04-23 11:55:00+05:30,NIFTY26APRFUT,NSE:NIFTY26APRFUT,24198.4,24200.0,24185.0,24187.2,52585.0,16140345.0,2026-04-28,2026-04-28,APR 2026
2026-04-23 12:00:00+05:30,NIFTY26APRFUT,NSE:NIFTY26APRFUT,24187.2,24195.0,24176.0,24178.1,28600.0,16129035.0,2026-04-28,2026-04-28,APR 2026
2026-04-23 12:05:00+05:30,NIFTY26APRFUT,NSE:NIFTY26APRFUT,24184.5,24197.7,24175.0,24189.1,36400.0,16130920.0,2026-04-28,2026-04-28,APR 2026
2026-04-23 12:10:00+05:30,NIFTY26APRFUT,NSE:NIFTY26APRFUT,24189.1,24209.0,24185.1,24200.0,33995.0,16121300.0,2026-04-28,2026-04-28,APR 2026
2026-04-23 12:15:00+05:30,NIFTY26APRFUT,NSE:NIFTY26APRFUT,24200.0,24208.4,24198.8,24199.0,21840.0,16104920.0,2026-04-28,2026-04-28,APR 2026
2026-04-23 12:20:00+05:30,NIFTY26APRFUT,NSE:NIFTY26APRFUT,24198.5,24213.9,24186.1,24205.0,46475.0,16107130.0,2026-04-28,2026-04-28,APR 2026
2026-04-23 12:25:00+05:30,NIFTY26APRFUT,NSE:NIFTY26APRFUT,24207.5,24207.5,24165.0,24170.0,49790.0,16085550.0,2026-04-28,2026-04-28,APR 2026
2026-04-23 12:30:00+05:30,NIFTY26APRFUT,NSE:NIFTY26APRFUT,24167.0,24171.7,24150.0,24159.0,83330.0,16094715.0,2026-04-28,2026-04-28,APR 2026
2026-04-23 12:35:00+05:30,NIFTY26APRFUT,NSE:NIFTY26APRFUT,24159.0,24172.0,24146.1,24171.9,48685.0,16108430.0,2026-04-28,2026-04-28,APR 2026
2026-04-23 12:40:00+05:30,NIFTY26APRFUT,NSE:NIFTY26APRFUT,24171.9,24185.0,24165.0,24177.5,41145.0,16097120.0,2026-04-28,2026-04-28,APR 2026
2026-04-23 12:45:00+05:30,NIFTY26APRFUT,NSE:NIFTY26APRFUT,24179.9,24185.1,24163.2,24172.7,29640.0,16087630.0,2026-04-28,2026-04-28,APR 2026
2026-04-23 12:50:00+05:30,NIFTY26APRFUT,NSE:NIFTY26APRFUT,24177.0,24185.0,24164.0,24180.0,41080.0,16099915.0,2026-04-28,2026-04-28,APR 2026
2026-04-23 12:55:00+05:30,NIFTY26APRFUT,NSE:NIFTY26APRFUT,24184.7,24197.5,24180.0,24189.8,48425.0,16089515.0,2026-04-28,2026-04-28,APR 2026
2026-04-23 13:00:00+05:30,NIFTY26APRFUT,NSE:NIFTY26APRFUT,24189.8,24198.0,24180.2,24186.9,30420.0,16086785.0,2026-04-28,2026-04-28,APR 2026
2026-04-23 13:05:00+05:30,NIFTY26APRFUT,NSE:NIFTY26APRFUT,24190.6,24200.0,24180.0,24192.8,39000.0,16082300.0,2026-04-28,2026-04-28,APR 2026
2026-04-23 13:10:00+05:30,NIFTY26APRFUT,NSE:NIFTY26APRFUT,24192.8,24200.0,24184.1,24195.5,32760.0,16075150.0,2026-04-28,2026-04-28,APR 2026
2026-04-23 13:15:00+05:30,NIFTY26APRFUT,NSE:NIFTY26APRFUT,24195.5,24230.0,24185.0,24227.2,68250.0,16001245.0,2026-04-28,2026-04-28,APR 2026
2026-04-23 13:20:00+05:30,NIFTY26APRFUT,NSE:NIFTY26APRFUT,24232.0,24274.0,24232.0,24270.6,121160.0,15961270.0,2026-04-28,2026-04-28,APR 2026
2026-04-23 13:25:00+05:30,NIFTY26APRFUT,NSE:NIFTY26APRFUT,24262.3,24280.0,24255.0,24265.0,91780.0,15920580.0,2026-04-28,2026-04-28,APR 2026
2026-04-23 13:30:00+05:30,NIFTY26APRFUT,NSE:NIFTY26APRFUT,24270.0,24270.0,24241.0,24241.1,61295.0,15924155.0,2026-04-28,2026-04-28,APR 2026
2026-04-23 13:35:00+05:30,NIFTY26APRFUT,NSE:NIFTY26APRFUT,24240.0,24244.0,24194.8,24200.6,78130.0,15916095.0,2026-04-28,2026-04-28,APR 2026
2026-04-23 13:40:00+05:30,NIFTY26APRFUT,NSE:NIFTY26APRFUT,24200.6,24213.3,24185.8,24196.6,60580.0,15903940.0,2026-04-28,2026-04-28,APR 2026
2026-04-23 13:45:00+05:30,NIFTY26APRFUT,NSE:NIFTY26APRFUT,24200.3,24217.4,24191.7,24205.3,49790.0,15910505.0,2026-04-28,2026-04-28,APR 2026
2026-04-23 13:50:00+05:30,NIFTY26APRFUT,NSE:NIFTY26APRFUT,24210.0,24229.5,24208.0,24221.2,40040.0,15878590.0,2026-04-28,2026-04-28,APR 2026
2026-04-23 13:55:00+05:30,NIFTY26APRFUT,NSE:NIFTY26APRFUT,24221.2,24250.0,24218.5,24229.6,62530.0,15839720.0,2026-04-28,2026-04-28,APR 2026
2026-04-23 14:00:00+05:30,NIFTY26APRFUT,NSE:NIFTY26APRFUT,24229.6,24237.9,24213.5,24222.4,41275.0,15842385.0,2026-04-28,2026-04-28,APR 2026
2026-04-23 14:05:00+05:30,NIFTY26APRFUT,NSE:NIFTY26APRFUT,24222.0,24230.0,24205.4,24205.4,37700.0,15847390.0,2026-04-28,2026-04-28,APR 2026
2026-04-23 14:10:00+05:30,NIFTY26APRFUT,NSE:NIFTY26APRFUT,24205.4,24205.6,24190.0,24190.4,42445.0,15834910.0,2026-04-28,2026-04-28,APR 2026
2026-04-23 14:15:00+05:30,NIFTY26APRFUT,NSE:NIFTY26APRFUT,24193.3,24208.0,24190.0,24190.0,82160.0,15850510.0,2026-04-28,2026-04-28,APR 2026
2026-04-23 14:20:00+05:30,NIFTY26APRFUT,NSE:NIFTY26APRFUT,24190.3,24205.0,24176.0,24190.1,60190.0,15835560.0,2026-04-28,2026-04-28,APR 2026
2026-04-23 14:25:00+05:30,NIFTY26APRFUT,NSE:NIFTY26APRFUT,24190.0,24197.3,24175.0,24175.0,52325.0,15829060.0,2026-04-28,2026-04-28,APR 2026
2026-04-23 14:30:00+05:30,NIFTY26APRFUT,NSE:NIFTY26APRFUT,24175.0,24180.0,24160.0,24160.0,68380.0,15834585.0,2026-04-28,2026-04-28,APR 2026
2026-04-23 14:35:00+05:30,NIFTY26APRFUT,NSE:NIFTY26APRFUT,24160.0,24171.2,24148.0,24156.0,85930.0,15763215.0,2026-04-28,2026-04-28,APR 2026
2026-04-23 14:40:00+05:30,NIFTY26APRFUT,NSE:NIFTY26APRFUT,24156.0,24168.0,24140.0,24145.0,91780.0,15739815.0,2026-04-28,2026-04-28,APR 2026
2026-04-23 14:45:00+05:30,NIFTY26APRFUT,NSE:NIFTY26APRFUT,24141.0,24171.9,24140.0,24156.2,69615.0,15745730.0,2026-04-28,2026-04-28,APR 2026
2026-04-23 14:50:00+05:30,NIFTY26APRFUT,NSE:NIFTY26APRFUT,24160.0,24170.0,24155.5,24160.1,36595.0,15725190.0,2026-04-28,2026-04-28,APR 2026
2026-04-23 14:55:00+05:30,NIFTY26APRFUT,NSE:NIFTY26APRFUT,24160.1,24170.0,24153.5,24160.0,40560.0,15699515.0,2026-04-28,2026-04-28,APR 2026
2026-04-23 15:00:00+05:30,NIFTY26APRFUT,NSE:NIFTY26APRFUT,24160.0,24190.0,24155.9,24176.0,71305.0,15704390.0,2026-04-28,2026-04-28,APR 2026
2026-04-23 15:05:00+05:30,NIFTY26APRFUT,NSE:NIFTY26APRFUT,24176.0,24183.0,24158.6,24172.8,51415.0,15707250.0,2026-04-28,2026-04-28,APR 2026
2026-04-23 15:10:00+05:30,NIFTY26APRFUT,NSE:NIFTY26APRFUT,24172.8,24174.6,24141.0,24154.4,85150.0,15691845.0,2026-04-28,2026-04-28,APR 2026
2026-04-23 15:15:00+05:30,NIFTY26APRFUT,NSE:NIFTY26APRFUT,24153.8,24160.0,24140.0,24160.0,74230.0,15681510.0,2026-04-28,2026-04-28,APR 2026
2026-04-23 15:20:00+05:30,NIFTY26APRFUT,NSE:NIFTY26APRFUT,24159.8,24168.9,24152.2,24164.0,114335.0,15542930.0,2026-04-28,2026-04-28,APR 2026
2026-04-23 15:25:00+05:30,NIFTY26APRFUT,NSE:NIFTY26APRFUT,24163.7,24168.0,24157.3,24168.0,116025.0,15474680.0,2026-04-28,2026-04-28,APR 2026
2026-04-24 09:15:00+05:30,NIFTY26APRFUT,NSE:NIFTY26APRFUT,24192.0,24238.9,24132.0,24140.4,229905.0,14499225.0,2026-04-28,2026-04-28,APR 2026
2026-04-24 09:20:00+05:30,NIFTY26APRFUT,NSE:NIFTY26APRFUT,24145.0,24145.0,24100.0,24104.0,177970.0,14520285.0,2026-04-28,2026-04-28,APR 2026
2026-04-24 09:25:00+05:30,NIFTY26APRFUT,NSE:NIFTY26APRFUT,24105.0,24109.1,24065.0,24065.0,111345.0,14574235.0,2026-04-28,2026-04-28,APR 2026
2026-04-24 09:30:00+05:30,NIFTY26APRFUT,NSE:NIFTY26APRFUT,24065.0,24078.2,24035.0,24045.0,142805.0,14572740.0,2026-04-28,2026-04-28,APR 2026
2026-04-24 09:35:00+05:30,NIFTY26APRFUT,NSE:NIFTY26APRFUT,24040.0,24053.6,24030.0,24030.0,118235.0,14595490.0,2026-04-28,2026-04-28,APR 2026
2026-04-24 09:40:00+05:30,NIFTY26APRFUT,NSE:NIFTY26APRFUT,24030.0,24042.0,24010.0,24012.1,104845.0,14616745.0,2026-04-28,2026-04-28,APR 2026
2026-04-24 09:45:00+05:30,NIFTY26APRFUT,NSE:NIFTY26APRFUT,24010.0,24014.4,23975.0,24010.9,139945.0,14584960.0,2026-04-28,2026-04-28,APR 2026
2026-04-24 09:50:00+05:30,NIFTY26APRFUT,NSE:NIFTY26APRFUT,24010.8,24013.0,23975.0,23975.0,119860.0,14582945.0,2026-04-28,2026-04-28,APR 2026
2026-04-24 09:55:00+05:30,NIFTY26APRFUT,NSE:NIFTY26APRFUT,23975.0,23988.4,23961.0,23980.0,87165.0,14563185.0,2026-04-28,2026-04-28,APR 2026
2026-04-24 10:00:00+05:30,NIFTY26APRFUT,NSE:NIFTY26APRFUT,23985.0,24019.9,23978.6,24015.4,75140.0,14552525.0,2026-04-28,2026-04-28,APR 2026
2026-04-24 10:05:00+05:30,NIFTY26APRFUT,NSE:NIFTY26APRFUT,24015.4,24024.8,24000.0,24000.0,64610.0,14547845.0,2026-04-28,2026-04-28,APR 2026
2026-04-24 10:10:00+05:30,NIFTY26APRFUT,NSE:NIFTY26APRFUT,24000.0,24029.9,23990.0,24012.6,57395.0,14539915.0,2026-04-28,2026-04-28,APR 2026
2026-04-24 10:15:00+05:30,NIFTY26APRFUT,NSE:NIFTY26APRFUT,24006.0,24010.2,23982.3,23989.0,55835.0,14506960.0,2026-04-28,2026-04-28,APR 2026
2026-04-24 10:20:00+05:30,NIFTY26APRFUT,NSE:NIFTY26APRFUT,23987.4,24000.0,23955.6,23955.6,78065.0,14515280.0,2026-04-28,2026-04-28,APR 2026
2026-04-24 10:25:00+05:30,NIFTY26APRFUT,NSE:NIFTY26APRFUT,23956.3,23980.2,23951.1,23979.9,71500.0,14554670.0,2026-04-28,2026-04-28,APR 2026
2026-04-24 10:30:00+05:30,NIFTY26APRFUT,NSE:NIFTY26APRFUT,23970.0,23992.8,23962.8,23982.8,56810.0,14539655.0,2026-04-28,2026-04-28,APR 2026
2026-04-24 10:35:00+05:30,NIFTY26APRFUT,NSE:NIFTY26APRFUT,23980.0,23988.0,23959.6,23963.0,46215.0,14550900.0,2026-04-28,2026-04-28,APR 2026
2026-04-24 10:40:00+05:30,NIFTY26APRFUT,NSE:NIFTY26APRFUT,23966.5,23970.0,23946.0,23949.1,84305.0,14582425.0,2026-04-28,2026-04-28,APR 2026
2026-04-24 10:45:00+05:30,NIFTY26APRFUT,NSE:NIFTY26APRFUT,23949.1,23956.2,23935.0,23940.1,76245.0,14582425.0,2026-04-28,2026-04-28,APR 2026
2026-04-24 10:50:00+05:30,NIFTY26APRFUT,NSE:NIFTY26APRFUT,23935.0,23965.0,23935.0,23959.8,48750.0,14589250.0,2026-04-28,2026-04-28,APR 2026
2026-04-24 10:55:00+05:30,NIFTY26APRFUT,NSE:NIFTY26APRFUT,23960.5,23962.0,23945.0,23945.0,39455.0,14581450.0,2026-04-28,2026-04-28,APR 2026
2026-04-24 11:00:00+05:30,NIFTY26APRFUT,NSE:NIFTY26APRFUT,23945.0,23953.2,23934.0,23946.6,47190.0,14582165.0,2026-04-28,2026-04-28,APR 2026
2026-04-24 11:05:00+05:30,NIFTY26APRFUT,NSE:NIFTY26APRFUT,23944.0,23966.0,23940.0,23940.0,51220.0,14593800.0,2026-04-28,2026-04-28,APR 2026
2026-04-24 11:10:00+05:30,NIFTY26APRFUT,NSE:NIFTY26APRFUT,23947.8,23950.0,23930.5,23934.0,47060.0,14604005.0,2026-04-28,2026-04-28,APR 2026
2026-04-24 11:15:00+05:30,NIFTY26APRFUT,NSE:NIFTY26APRFUT,23935.5,23948.9,23927.5,23946.2,63505.0,14574690.0,2026-04-28,2026-04-28,APR 2026
2026-04-24 11:20:00+05:30,NIFTY26APRFUT,NSE:NIFTY26APRFUT,23946.2,23966.0,23943.5,23950.1,52130.0,14583790.0,2026-04-28,2026-04-28,APR 2026
2026-04-24 11:25:00+05:30,NIFTY26APRFUT,NSE:NIFTY26APRFUT,23950.0,23970.0,23950.0,23960.0,65455.0,14585415.0,2026-04-28,2026-04-28,APR 2026
2026-04-24 11:30:00+05:30,NIFTY26APRFUT,NSE:NIFTY26APRFUT,23960.0,23975.0,23955.0,23969.8,49465.0,14581125.0,2026-04-28,2026-04-28,APR 2026
2026-04-24 11:35:00+05:30,NIFTY26APRFUT,NSE:NIFTY26APRFUT,23969.8,23970.1,23950.0,23965.0,47840.0,14602055.0,2026-04-28,2026-04-28,APR 2026
2026-04-24 11:40:00+05:30,NIFTY26APRFUT,NSE:NIFTY26APRFUT,23965.0,23965.0,23945.0,23950.0,53040.0,14613625.0,2026-04-28,2026-04-28,APR 2026
2026-04-24 11:45:00+05:30,NIFTY26APRFUT,NSE:NIFTY26APRFUT,23950.0,23952.2,23935.0,23939.0,48035.0,14627210.0,2026-04-28,2026-04-28,APR 2026
2026-04-24 11:50:00+05:30,NIFTY26APRFUT,NSE:NIFTY26APRFUT,23938.8,23938.8,23917.6,23932.3,64740.0,14648725.0,2026-04-28,2026-04-28,APR 2026
2026-04-24 11:55:00+05:30,NIFTY26APRFUT,NSE:NIFTY26APRFUT,23925.1,23930.1,23916.0,23928.0,45175.0,14642615.0,2026-04-28,2026-04-28,APR 2026
2026-04-24 12:00:00+05:30,NIFTY26APRFUT,NSE:NIFTY26APRFUT,23928.0,23938.2,23923.0,23938.2,38220.0,14640730.0,2026-04-28,2026-04-28,APR 2026
2026-04-24 12:05:00+05:30,NIFTY26APRFUT,NSE:NIFTY26APRFUT,23934.0,23949.0,23931.0,23949.0,40040.0,14645020.0,2026-04-28,2026-04-28,APR 2026
2026-04-24 12:10:00+05:30,NIFTY26APRFUT,NSE:NIFTY26APRFUT,23949.0,23964.0,23942.0,23964.0,53950.0,14655030.0,2026-04-28,2026-04-28,APR 2026
2026-04-24 12:15:00+05:30,NIFTY26APRFUT,NSE:NIFTY26APRFUT,23964.0,23964.6,23950.0,23955.7,43355.0,14640080.0,2026-04-28,2026-04-28,APR 2026
2026-04-24 12:20:00+05:30,NIFTY26APRFUT,NSE:NIFTY26APRFUT,23955.7,23961.4,23922.2,23926.0,64220.0,14661855.0,2026-04-28,2026-04-28,APR 2026
2026-04-24 12:25:00+05:30,NIFTY26APRFUT,NSE:NIFTY26APRFUT,23922.1,23928.8,23901.0,23906.0,111280.0,14691690.0,2026-04-28,2026-04-28,APR 2026
2026-04-24 12:30:00+05:30,NIFTY26APRFUT,NSE:NIFTY26APRFUT,23905.0,23932.5,23901.6,23924.8,70590.0,14681420.0,2026-04-28,2026-04-28,APR 2026
2026-04-24 12:35:00+05:30,NIFTY26APRFUT,NSE:NIFTY26APRFUT,23924.8,23940.0,23916.3,23931.0,47580.0,14678170.0,2026-04-28,2026-04-28,APR 2026
2026-04-24 12:40:00+05:30,NIFTY26APRFUT,NSE:NIFTY26APRFUT,23930.0,23940.0,23907.0,23907.0,58110.0,14679470.0,2026-04-28,2026-04-28,APR 2026
2026-04-24 12:45:00+05:30,NIFTY26APRFUT,NSE:NIFTY26APRFUT,23906.3,23929.0,23905.2,23924.0,41405.0,14701310.0,2026-04-28,2026-04-28,APR 2026
2026-04-24 12:50:00+05:30,NIFTY26APRFUT,NSE:NIFTY26APRFUT,23924.0,23935.0,23920.0,23935.0,51025.0,14713010.0,2026-04-28,2026-04-28,APR 2026
2026-04-24 12:55:00+05:30,NIFTY26APRFUT,NSE:NIFTY26APRFUT,23932.0,23941.6,23924.0,23928.8,39260.0,14699815.0,2026-04-28,2026-04-28,APR 2026
2026-04-24 13:00:00+05:30,NIFTY26APRFUT,NSE:NIFTY26APRFUT,23929.2,23930.3,23901.0,23904.0,52975.0,14719705.0,2026-04-28,2026-04-28,APR 2026
2026-04-24 13:05:00+05:30,NIFTY26APRFUT,NSE:NIFTY26APRFUT,23904.0,23914.9,23891.7,23896.2,89895.0,14741610.0,2026-04-28,2026-04-28,APR 2026
2026-04-24 13:10:00+05:30,NIFTY26APRFUT,NSE:NIFTY26APRFUT,23896.0,23900.0,23870.1,23889.0,126035.0,14730105.0,2026-04-28,2026-04-28,APR 2026
2026-04-24 13:15:00+05:30,NIFTY26APRFUT,NSE:NIFTY26APRFUT,23887.5,23895.0,23872.0,23895.0,63895.0,14739920.0,2026-04-28,2026-04-28,APR 2026
2026-04-24 13:20:00+05:30,NIFTY26APRFUT,NSE:NIFTY26APRFUT,23887.0,23900.0,23877.0,23885.6,66690.0,14779570.0,2026-04-28,2026-04-28,APR 2026
2026-04-24 13:25:00+05:30,NIFTY26APRFUT,NSE:NIFTY26APRFUT,23883.3,23900.0,23880.0,23900.0,61620.0,14778465.0,2026-04-28,2026-04-28,APR 2026
2026-04-24 13:30:00+05:30,NIFTY26APRFUT,NSE:NIFTY26APRFUT,23900.0,23902.0,23862.1,23869.0,62465.0,14797315.0,2026-04-28,2026-04-28,APR 2026
2026-04-24 13:35:00+05:30,NIFTY26APRFUT,NSE:NIFTY26APRFUT,23869.0,23884.3,23855.0,23856.3,69485.0,14810120.0,2026-04-28,2026-04-28,APR 2026
2026-04-24 13:40:00+05:30,NIFTY26APRFUT,NSE:NIFTY26APRFUT,23856.3,23869.8,23850.0,23851.0,72410.0,14783600.0,2026-04-28,2026-04-28,APR 2026
2026-04-24 13:45:00+05:30,NIFTY26APRFUT,NSE:NIFTY26APRFUT,23852.0,23887.5,23851.0,23878.0,47970.0,14793870.0,2026-04-28,2026-04-28,APR 2026
2026-04-24 13:50:00+05:30,NIFTY26APRFUT,NSE:NIFTY26APRFUT,23880.0,23890.0,23870.0,23885.3,43680.0,14807975.0,2026-04-28,2026-04-28,APR 2026
2026-04-24 13:55:00+05:30,NIFTY26APRFUT,NSE:NIFTY26APRFUT,23885.3,23887.8,23869.9,23875.0,36660.0,14785680.0,2026-04-28,2026-04-28,APR 2026
2026-04-24 14:00:00+05:30,NIFTY26APRFUT,NSE:NIFTY26APRFUT,23875.0,23879.0,23860.0,23868.7,43030.0,14793415.0,2026-04-28,2026-04-28,APR 2026
2026-04-24 14:05:00+05:30,NIFTY26APRFUT,NSE:NIFTY26APRFUT,23869.8,23870.2,23834.7,23864.0,98085.0,14795950.0,2026-04-28,2026-04-28,APR 2026
2026-04-24 14:10:00+05:30,NIFTY26APRFUT,NSE:NIFTY26APRFUT,23864.0,23874.9,23860.0,23869.8,66755.0,14803620.0,2026-04-28,2026-04-28,APR 2026
2026-04-24 14:15:00+05:30,NIFTY26APRFUT,NSE:NIFTY26APRFUT,23869.4,23890.0,23860.0,23888.0,58175.0,14812785.0,2026-04-28,2026-04-28,APR 2026
2026-04-24 14:20:00+05:30,NIFTY26APRFUT,NSE:NIFTY26APRFUT,23888.0,23905.2,23880.0,23890.1,81250.0,14801215.0,2026-04-28,2026-04-28,APR 2026
2026-04-24 14:25:00+05:30,NIFTY26APRFUT,NSE:NIFTY26APRFUT,23890.1,23924.0,23880.7,23916.4,85670.0,14788020.0,2026-04-28,2026-04-28,APR 2026
2026-04-24 14:30:00+05:30,NIFTY26APRFUT,NSE:NIFTY26APRFUT,23910.0,23952.0,23907.4,23937.2,110110.0,14776320.0,2026-04-28,2026-04-28,APR 2026
2026-04-24 14:35:00+05:30,NIFTY26APRFUT,NSE:NIFTY26APRFUT,23937.2,23950.0,23925.2,23948.0,64675.0,14765270.0,2026-04-28,2026-04-28,APR 2026
2026-04-24 14:40:00+05:30,NIFTY26APRFUT,NSE:NIFTY26APRFUT,23948.0,23950.0,23932.5,23948.9,53950.0,14767350.0,2026-04-28,2026-04-28,APR 2026
2026-04-24 14:45:00+05:30,NIFTY26APRFUT,NSE:NIFTY26APRFUT,23948.9,23952.0,23931.2,23937.9,79820.0,14769755.0,2026-04-28,2026-04-28,APR 2026
2026-04-24 14:50:00+05:30,NIFTY26APRFUT,NSE:NIFTY26APRFUT,23949.0,23955.0,23920.1,23930.0,81315.0,14772355.0,2026-04-28,2026-04-28,APR 2026
2026-04-24 14:55:00+05:30,NIFTY26APRFUT,NSE:NIFTY26APRFUT,23935.0,23946.0,23925.8,23932.6,51350.0,14759030.0,2026-04-28,2026-04-28,APR 2026
2026-04-24 15:00:00+05:30,NIFTY26APRFUT,NSE:NIFTY26APRFUT,23932.9,23932.9,23886.0,23895.8,94510.0,14733290.0,2026-04-28,2026-04-28,APR 2026
2026-04-24 15:05:00+05:30,NIFTY26APRFUT,NSE:NIFTY26APRFUT,23894.0,23917.7,23882.4,23916.0,79625.0,14728545.0,2026-04-28,2026-04-28,APR 2026
2026-04-24 15:10:00+05:30,NIFTY26APRFUT,NSE:NIFTY26APRFUT,23915.9,23920.0,23902.0,23914.0,61100.0,14684475.0,2026-04-28,2026-04-28,APR 2026
2026-04-24 15:15:00+05:30,NIFTY26APRFUT,NSE:NIFTY26APRFUT,23914.0,23949.0,23910.5,23942.2,133965.0,14663610.0,2026-04-28,2026-04-28,APR 2026
2026-04-24 15:20:00+05:30,NIFTY26APRFUT,NSE:NIFTY26APRFUT,23939.3,23942.9,23920.0,23932.7,144365.0,14645670.0,2026-04-28,2026-04-28,APR 2026
2026-04-24 15:25:00+05:30,NIFTY26APRFUT,NSE:NIFTY26APRFUT,23932.1,23937.0,23925.0,23935.0,172380.0,14665885.0,2026-04-28,2026-04-28,APR 2026
2026-04-27 09:15:00+05:30,NIFTY26APRFUT,NSE:NIFTY26APRFUT,24043.0,24084.3,24015.0,24045.0,329420.0,12297480.0,2026-04-28,2026-04-28,APR 2026
2026-04-27 09:20:00+05:30,NIFTY26APRFUT,NSE:NIFTY26APRFUT,24048.0,24090.0,24048.0,24075.0,123175.0,12273820.0,2026-04-28,2026-04-28,APR 2026
2026-04-27 09:25:00+05:30,NIFTY26APRFUT,NSE:NIFTY26APRFUT,24078.0,24093.0,24057.0,24068.8,84175.0,12246650.0,2026-04-28,2026-04-28,APR 2026
2026-04-27 09:30:00+05:30,NIFTY26APRFUT,NSE:NIFTY26APRFUT,24072.9,24086.0,24019.8,24034.1,127140.0,12214800.0,2026-04-28,2026-04-28,APR 2026
2026-04-27 09:35:00+05:30,NIFTY26APRFUT,NSE:NIFTY26APRFUT,24020.7,24054.0,24018.8,24027.0,44915.0,12209145.0,2026-04-28,2026-04-28,APR 2026
2026-04-27 09:40:00+05:30,NIFTY26APRFUT,NSE:NIFTY26APRFUT,24025.0,24067.0,24025.0,24066.7,54925.0,12196535.0,2026-04-28,2026-04-28,APR 2026
2026-04-27 09:45:00+05:30,NIFTY26APRFUT,NSE:NIFTY26APRFUT,24067.0,24118.8,24066.0,24105.0,125905.0,12151815.0,2026-04-28,2026-04-28,APR 2026
2026-04-27 09:50:00+05:30,NIFTY26APRFUT,NSE:NIFTY26APRFUT,24104.1,24123.0,24101.0,24122.8,107120.0,12141285.0,2026-04-28,2026-04-28,APR 2026
2026-04-27 09:55:00+05:30,NIFTY26APRFUT,NSE:NIFTY26APRFUT,24122.8,24129.0,24112.1,24116.1,78845.0,12123800.0,2026-04-28,2026-04-28,APR 2026
2026-04-27 10:00:00+05:30,NIFTY26APRFUT,NSE:NIFTY26APRFUT,24125.0,24128.0,24100.0,24102.0,77220.0,12121915.0,2026-04-28,2026-04-28,APR 2026
2026-04-27 10:05:00+05:30,NIFTY26APRFUT,NSE:NIFTY26APRFUT,24102.0,24114.9,24086.5,24101.1,53885.0,12129455.0,2026-04-28,2026-04-28,APR 2026
2026-04-27 10:10:00+05:30,NIFTY26APRFUT,NSE:NIFTY26APRFUT,24101.1,24120.0,24082.0,24082.0,83200.0,12161825.0,2026-04-28,2026-04-28,APR 2026
2026-04-27 10:15:00+05:30,NIFTY26APRFUT,NSE:NIFTY26APRFUT,24084.0,24120.0,24083.0,24109.8,84240.0,12176125.0,2026-04-28,2026-04-28,APR 2026
2026-04-27 10:20:00+05:30,NIFTY26APRFUT,NSE:NIFTY26APRFUT,24111.9,24120.0,24080.6,24086.1,26000.0,12175540.0,2026-04-28,2026-04-28,APR 2026
2026-04-27 10:25:00+05:30,NIFTY26APRFUT,NSE:NIFTY26APRFUT,24090.0,24090.0,24061.0,24070.0,81315.0,12179115.0,2026-04-28,2026-04-28,APR 2026
2026-04-27 10:30:00+05:30,NIFTY26APRFUT,NSE:NIFTY26APRFUT,24070.0,24080.7,24030.0,24035.0,55185.0,12125230.0,2026-04-28,2026-04-28,APR 2026
2026-04-27 10:35:00+05:30,NIFTY26APRFUT,NSE:NIFTY26APRFUT,24040.0,24050.0,24032.0,24035.8,50375.0,12126920.0,2026-04-28,2026-04-28,APR 2026
2026-04-27 10:40:00+05:30,NIFTY26APRFUT,NSE:NIFTY26APRFUT,24040.0,24069.0,24036.0,24051.4,36725.0,12148500.0,2026-04-28,2026-04-28,APR 2026
2026-04-27 10:45:00+05:30,NIFTY26APRFUT,NSE:NIFTY26APRFUT,24055.0,24089.0,24041.0,24085.0,41665.0,12169755.0,2026-04-28,2026-04-28,APR 2026
2026-04-27 10:50:00+05:30,NIFTY26APRFUT,NSE:NIFTY26APRFUT,24082.2,24108.0,24082.0,24100.0,46020.0,12172420.0,2026-04-28,2026-04-28,APR 2026
2026-04-27 10:55:00+05:30,NIFTY26APRFUT,NSE:NIFTY26APRFUT,24100.0,24108.0,24086.0,24086.0,31200.0,12183470.0,2026-04-28,2026-04-28,APR 2026
2026-04-27 11:00:00+05:30,NIFTY26APRFUT,NSE:NIFTY26APRFUT,24086.0,24094.0,24076.4,24085.9,36985.0,12193090.0,2026-04-28,2026-04-28,APR 2026
2026-04-27 11:05:00+05:30,NIFTY26APRFUT,NSE:NIFTY26APRFUT,24085.9,24086.0,24040.1,24045.1,40690.0,12204790.0,2026-04-28,2026-04-28,APR 2026
2026-04-27 11:10:00+05:30,NIFTY26APRFUT,NSE:NIFTY26APRFUT,24045.0,24078.0,24042.6,24067.7,49335.0,12236120.0,2026-04-28,2026-04-28,APR 2026
2026-04-27 11:15:00+05:30,NIFTY26APRFUT,NSE:NIFTY26APRFUT,24067.7,24099.0,24067.7,24085.1,87165.0,12184965.0,2026-04-28,2026-04-28,APR 2026
2026-04-27 11:20:00+05:30,NIFTY26APRFUT,NSE:NIFTY26APRFUT,24093.0,24097.1,24069.1,24071.6,63895.0,12201735.0,2026-04-28,2026-04-28,APR 2026
2026-04-27 11:25:00+05:30,NIFTY26APRFUT,NSE:NIFTY26APRFUT,24071.6,24079.3,24040.0,24044.0,47255.0,12241970.0,2026-04-28,2026-04-28,APR 2026
2026-04-27 11:30:00+05:30,NIFTY26APRFUT,NSE:NIFTY26APRFUT,24044.0,24048.1,24011.3,24020.9,103740.0,12301250.0,2026-04-28,2026-04-28,APR 2026
2026-04-27 11:35:00+05:30,NIFTY26APRFUT,NSE:NIFTY26APRFUT,24020.9,24022.1,23980.2,23993.9,103545.0,12308205.0,2026-04-28,2026-04-28,APR 2026
2026-04-27 11:40:00+05:30,NIFTY26APRFUT,NSE:NIFTY26APRFUT,23994.0,24009.2,23991.5,24006.6,46540.0,12344995.0,2026-04-28,2026-04-28,APR 2026
2026-04-27 11:45:00+05:30,NIFTY26APRFUT,NSE:NIFTY26APRFUT,24002.2,24032.0,23990.0,24032.0,50115.0,12343500.0,2026-04-28,2026-04-28,APR 2026
2026-04-27 11:50:00+05:30,NIFTY26APRFUT,NSE:NIFTY26APRFUT,24034.0,24034.0,24010.0,24028.0,73255.0,12353835.0,2026-04-28,2026-04-28,APR 2026
2026-04-27 11:55:00+05:30,NIFTY26APRFUT,NSE:NIFTY26APRFUT,24028.0,24047.1,24022.7,24047.1,85930.0,12434500.0,2026-04-28,2026-04-28,APR 2026
2026-04-27 12:00:00+05:30,NIFTY26APRFUT,NSE:NIFTY26APRFUT,24048.0,24049.0,24026.5,24035.0,57915.0,12431120.0,2026-04-28,2026-04-28,APR 2026
2026-04-27 12:05:00+05:30,NIFTY26APRFUT,NSE:NIFTY26APRFUT,24034.9,24058.8,24032.7,24040.1,65325.0,12331735.0,2026-04-28,2026-04-28,APR 2026
2026-04-27 12:10:00+05:30,NIFTY26APRFUT,NSE:NIFTY26APRFUT,24040.1,24055.9,24040.1,24050.1,39455.0,12374960.0,2026-04-28,2026-04-28,APR 2026
2026-04-27 12:15:00+05:30,NIFTY26APRFUT,NSE:NIFTY26APRFUT,24052.6,24065.1,24043.5,24058.9,61035.0,12395890.0,2026-04-28,2026-04-28,APR 2026
2026-04-27 12:20:00+05:30,NIFTY26APRFUT,NSE:NIFTY26APRFUT,24058.9,24058.9,24041.0,24054.5,77350.0,12452245.0,2026-04-28,2026-04-28,APR 2026
2026-04-27 12:25:00+05:30,NIFTY26APRFUT,NSE:NIFTY26APRFUT,24055.0,24072.0,24051.5,24065.0,138060.0,12542920.0,2026-04-28,2026-04-28,APR 2026
2026-04-27 12:30:00+05:30,NIFTY26APRFUT,NSE:NIFTY26APRFUT,24065.0,24086.8,24057.7,24086.8,86840.0,12284350.0,2026-04-28,2026-04-28,APR 2026
2026-04-27 12:35:00+05:30,NIFTY26APRFUT,NSE:NIFTY26APRFUT,24086.8,24100.0,24077.3,24081.3,95355.0,12252240.0,2026-04-28,2026-04-28,APR 2026
2026-04-27 12:40:00+05:30,NIFTY26APRFUT,NSE:NIFTY26APRFUT,24086.0,24088.8,24075.1,24080.7,102895.0,12300860.0,2026-04-28,2026-04-28,APR 2026
2026-04-27 12:45:00+05:30,NIFTY26APRFUT,NSE:NIFTY26APRFUT,24080.7,24085.0,24075.0,24082.7,70070.0,12320815.0,2026-04-28,2026-04-28,APR 2026
2026-04-27 12:50:00+05:30,NIFTY26APRFUT,NSE:NIFTY26APRFUT,24078.6,24095.9,24075.0,24080.0,54275.0,12360205.0,2026-04-28,2026-04-28,APR 2026
2026-04-27 12:55:00+05:30,NIFTY26APRFUT,NSE:NIFTY26APRFUT,24084.8,24085.0,24070.0,24078.0,91065.0,12391275.0,2026-04-28,2026-04-28,APR 2026
2026-04-27 13:00:00+05:30,NIFTY26APRFUT,NSE:NIFTY26APRFUT,24078.0,24097.8,24078.0,24086.1,59345.0,12428000.0,2026-04-28,2026-04-28,APR 2026
2026-04-27 13:05:00+05:30,NIFTY26APRFUT,NSE:NIFTY26APRFUT,24086.1,24102.6,24070.2,24102.6,86320.0,12428520.0,2026-04-28,2026-04-28,APR 2026
2026-04-27 13:10:00+05:30,NIFTY26APRFUT,NSE:NIFTY26APRFUT,24102.5,24110.0,24090.0,24108.0,76180.0,12459785.0,2026-04-28,2026-04-28,APR 2026
2026-04-27 13:15:00+05:30,NIFTY26APRFUT,NSE:NIFTY26APRFUT,24110.0,24140.0,24107.7,24116.8,136500.0,12462970.0,2026-04-28,2026-04-28,APR 2026
2026-04-27 13:20:00+05:30,NIFTY26APRFUT,NSE:NIFTY26APRFUT,24118.0,24126.0,24100.6,24120.0,67665.0,12408565.0,2026-04-28,2026-04-28,APR 2026
2026-04-27 13:25:00+05:30,NIFTY26APRFUT,NSE:NIFTY26APRFUT,24120.0,24130.0,24110.6,24116.0,88010.0,12423320.0,2026-04-28,2026-04-28,APR 2026
2026-04-27 13:30:00+05:30,NIFTY26APRFUT,NSE:NIFTY26APRFUT,24113.0,24128.5,24100.0,24125.0,92235.0,12433070.0,2026-04-28,2026-04-28,APR 2026
2026-04-27 13:35:00+05:30,NIFTY26APRFUT,NSE:NIFTY26APRFUT,24126.8,24129.5,24112.1,24120.0,102050.0,12458485.0,2026-04-28,2026-04-28,APR 2026
2026-04-27 13:40:00+05:30,NIFTY26APRFUT,NSE:NIFTY26APRFUT,24120.0,24130.8,24116.6,24119.0,90740.0,12475970.0,2026-04-28,2026-04-28,APR 2026
2026-04-27 13:45:00+05:30,NIFTY26APRFUT,NSE:NIFTY26APRFUT,24119.0,24135.0,24112.8,24113.0,89115.0,12059775.0,2026-04-28,2026-04-28,APR 2026
2026-04-27 13:50:00+05:30,NIFTY26APRFUT,NSE:NIFTY26APRFUT,24113.0,24122.0,24106.0,24122.0,107835.0,12087400.0,2026-04-28,2026-04-28,APR 2026
2026-04-27 13:55:00+05:30,NIFTY26APRFUT,NSE:NIFTY26APRFUT,24121.6,24130.0,24110.6,24125.0,107445.0,12201020.0,2026-04-28,2026-04-28,APR 2026
2026-04-27 14:00:00+05:30,NIFTY26APRFUT,NSE:NIFTY26APRFUT,24125.0,24130.0,24110.1,24123.0,93080.0,12220325.0,2026-04-28,2026-04-28,APR 2026
2026-04-27 14:05:00+05:30,NIFTY26APRFUT,NSE:NIFTY26APRFUT,24123.0,24131.0,24110.1,24118.0,89180.0,12254450.0,2026-04-28,2026-04-28,APR 2026
2026-04-27 14:10:00+05:30,NIFTY26APRFUT,NSE:NIFTY26APRFUT,24118.0,24135.0,24111.0,24134.5,93210.0,12284285.0,2026-04-28,2026-04-28,APR 2026
2026-04-27 14:15:00+05:30,NIFTY26APRFUT,NSE:NIFTY26APRFUT,24134.5,24135.0,24118.1,24126.9,119015.0,12308660.0,2026-04-28,2026-04-28,APR 2026
2026-04-27 14:20:00+05:30,NIFTY26APRFUT,NSE:NIFTY26APRFUT,24123.5,24130.0,24112.0,24124.3,86710.0,12388415.0,2026-04-28,2026-04-28,APR 2026
2026-04-27 14:25:00+05:30,NIFTY26APRFUT,NSE:NIFTY26APRFUT,24124.3,24124.3,24107.0,24115.0,86775.0,12455105.0,2026-04-28,2026-04-28,APR 2026
2026-04-27 14:30:00+05:30,NIFTY26APRFUT,NSE:NIFTY26APRFUT,24115.0,24115.0,24086.5,24087.1,85150.0,12480260.0,2026-04-28,2026-04-28,APR 2026
2026-04-27 14:35:00+05:30,NIFTY26APRFUT,NSE:NIFTY26APRFUT,24087.1,24119.9,24085.0,24101.8,103220.0,12491310.0,2026-04-28,2026-04-28,APR 2026
2026-04-27 14:40:00+05:30,NIFTY26APRFUT,NSE:NIFTY26APRFUT,24105.8,24125.0,24095.1,24122.9,136045.0,12279345.0,2026-04-28,2026-04-28,APR 2026
2026-04-27 14:45:00+05:30,NIFTY26APRFUT,NSE:NIFTY26APRFUT,24122.9,24125.0,24107.2,24119.0,107250.0,12288185.0,2026-04-28,2026-04-28,APR 2026
2026-04-27 14:50:00+05:30,NIFTY26APRFUT,NSE:NIFTY26APRFUT,24119.0,24130.0,24105.8,24130.0,91845.0,12049700.0,2026-04-28,2026-04-28,APR 2026
2026-04-27 14:55:00+05:30,NIFTY26APRFUT,NSE:NIFTY26APRFUT,24130.0,24140.0,24117.2,24137.0,122200.0,12089675.0,2026-04-28,2026-04-28,APR 2026
2026-04-27 15:00:00+05:30,NIFTY26APRFUT,NSE:NIFTY26APRFUT,24130.0,24131.7,24103.3,24113.3,102830.0,12099555.0,2026-04-28,2026-04-28,APR 2026
2026-04-27 15:05:00+05:30,NIFTY26APRFUT,NSE:NIFTY26APRFUT,24113.3,24120.0,24105.2,24114.5,98085.0,11982295.0,2026-04-28,2026-04-28,APR 2026
2026-04-27 15:10:00+05:30,NIFTY26APRFUT,NSE:NIFTY26APRFUT,24114.5,24131.0,24110.0,24125.1,112060.0,11961235.0,2026-04-28,2026-04-28,APR 2026
2026-04-27 15:15:00+05:30,NIFTY26APRFUT,NSE:NIFTY26APRFUT,24125.1,24134.4,24112.0,24112.0,68315.0,11938615.0,2026-04-28,2026-04-28,APR 2026
2026-04-27 15:20:00+05:30,NIFTY26APRFUT,NSE:NIFTY26APRFUT,24116.0,24129.0,24111.5,24117.0,135265.0,11892855.0,2026-04-28,2026-04-28,APR 2026
2026-04-27 15:25:00+05:30,NIFTY26APRFUT,NSE:NIFTY26APRFUT,24118.3,24133.0,24116.4,24130.0,125255.0,11693890.0,2026-04-28,2026-04-28,APR 2026
2026-04-28 09:15:00+05:30,NIFTY26APRFUT,NSE:NIFTY26APRFUT,24030.0,24088.0,23981.3,24085.0,193960.0,8268975.0,2026-04-28,2026-04-28,APR 2026
2026-04-28 09:20:00+05:30,NIFTY26APRFUT,NSE:NIFTY26APRFUT,24084.5,24100.0,24071.0,24083.9,127335.0,8247070.0,2026-04-28,2026-04-28,APR 2026
2026-04-28 09:25:00+05:30,NIFTY26APRFUT,NSE:NIFTY26APRFUT,24083.8,24139.0,24083.8,24118.0,114335.0,8239075.0,2026-04-28,2026-04-28,APR 2026
2026-04-28 09:30:00+05:30,NIFTY26APRFUT,NSE:NIFTY26APRFUT,24118.0,24124.0,24100.0,24101.0,63245.0,8213660.0,2026-04-28,2026-04-28,APR 2026
2026-04-28 09:35:00+05:30,NIFTY26APRFUT,NSE:NIFTY26APRFUT,24106.0,24118.3,24081.3,24096.3,101270.0,8195785.0,2026-04-28,2026-04-28,APR 2026
2026-04-28 09:40:00+05:30,NIFTY26APRFUT,NSE:NIFTY26APRFUT,24096.3,24130.0,24096.3,24130.0,69810.0,8172645.0,2026-04-28,2026-04-28,APR 2026
2026-04-28 09:45:00+05:30,NIFTY26APRFUT,NSE:NIFTY26APRFUT,24133.0,24150.0,24118.2,24118.2,93925.0,8092695.0,2026-04-28,2026-04-28,APR 2026
2026-04-28 09:50:00+05:30,NIFTY26APRFUT,NSE:NIFTY26APRFUT,24118.0,24132.0,24107.0,24121.4,60450.0,8077615.0,2026-04-28,2026-04-28,APR 2026
2026-04-28 09:55:00+05:30,NIFTY26APRFUT,NSE:NIFTY26APRFUT,24128.0,24155.0,24124.3,24151.8,46865.0,8029710.0,2026-04-28,2026-04-28,APR 2026
2026-04-28 10:00:00+05:30,NIFTY26APRFUT,NSE:NIFTY26APRFUT,24152.0,24169.9,24151.0,24153.0,89180.0,8021325.0,2026-04-28,2026-04-28,APR 2026
2026-04-28 10:05:00+05:30,NIFTY26APRFUT,NSE:NIFTY26APRFUT,24151.7,24159.9,24141.3,24156.4,55250.0,8013265.0,2026-04-28,2026-04-28,APR 2026
2026-04-28 10:10:00+05:30,NIFTY26APRFUT,NSE:NIFTY26APRFUT,24157.0,24159.9,24136.8,24141.8,49075.0,7997535.0,2026-04-28,2026-04-28,APR 2026
2026-04-28 10:15:00+05:30,NIFTY26APRFUT,NSE:NIFTY26APRFUT,24147.0,24158.0,24137.0,24154.5,54665.0,7987655.0,2026-04-28,2026-04-28,APR 2026
2026-04-28 10:20:00+05:30,NIFTY26APRFUT,NSE:NIFTY26APRFUT,24155.0,24169.0,24149.4,24162.7,44915.0,7979010.0,2026-04-28,2026-04-28,APR 2026
2026-04-28 10:25:00+05:30,NIFTY26APRFUT,NSE:NIFTY26APRFUT,24163.7,24170.0,24153.4,24157.8,58760.0,7985510.0,2026-04-28,2026-04-28,APR 2026
2026-04-28 10:30:00+05:30,NIFTY26APRFUT,NSE:NIFTY26APRFUT,24157.8,24165.0,24150.0,24150.4,61555.0,7978165.0,2026-04-28,2026-04-28,APR 2026
2026-04-28 10:35:00+05:30,NIFTY26APRFUT,NSE:NIFTY26APRFUT,24150.0,24150.0,24125.8,24135.0,42575.0,7953465.0,2026-04-28,2026-04-28,APR 2026
2026-04-28 10:40:00+05:30,NIFTY26APRFUT,NSE:NIFTY26APRFUT,24135.0,24139.9,24121.0,24137.0,27820.0,7934875.0,2026-04-28,2026-04-28,APR 2026
2026-04-28 10:45:00+05:30,NIFTY26APRFUT,NSE:NIFTY26APRFUT,24138.0,24152.0,24137.0,24149.1,42705.0,7827235.0,2026-04-28,2026-04-28,APR 2026
2026-04-28 10:50:00+05:30,NIFTY26APRFUT,NSE:NIFTY26APRFUT,24149.1,24169.0,24147.4,24162.9,115570.0,7811635.0,2026-04-28,2026-04-28,APR 2026
2026-04-28 10:55:00+05:30,NIFTY26APRFUT,NSE:NIFTY26APRFUT,24169.0,24179.0,24162.7,24166.6,52390.0,7807150.0,2026-04-28,2026-04-28,APR 2026
2026-04-28 11:00:00+05:30,NIFTY26APRFUT,NSE:NIFTY26APRFUT,24165.1,24168.0,24152.8,24157.8,52780.0,7798635.0,2026-04-28,2026-04-28,APR 2026
2026-04-28 11:05:00+05:30,NIFTY26APRFUT,NSE:NIFTY26APRFUT,24157.5,24160.0,24132.7,24145.0,48555.0,7774975.0,2026-04-28,2026-04-28,APR 2026
2026-04-28 11:10:00+05:30,NIFTY26APRFUT,NSE:NIFTY26APRFUT,24145.0,24150.0,24130.0,24144.8,31980.0,7740525.0,2026-04-28,2026-04-28,APR 2026
2026-04-28 11:15:00+05:30,NIFTY26APRFUT,NSE:NIFTY26APRFUT,24150.0,24150.0,24122.1,24130.0,39780.0,7726095.0,2026-04-28,2026-04-28,APR 2026
2026-04-28 11:20:00+05:30,NIFTY26APRFUT,NSE:NIFTY26APRFUT,24130.0,24142.4,24107.0,24107.0,40560.0,7707765.0,2026-04-28,2026-04-28,APR 2026
2026-04-28 11:25:00+05:30,NIFTY26APRFUT,NSE:NIFTY26APRFUT,24107.0,24109.2,24050.0,24055.0,70720.0,7682350.0,2026-04-28,2026-04-28,APR 2026
2026-04-28 11:30:00+05:30,NIFTY26APRFUT,NSE:NIFTY26APRFUT,24050.1,24070.0,24035.0,24053.9,77675.0,7660055.0,2026-04-28,2026-04-28,APR 2026
2026-04-28 11:35:00+05:30,NIFTY26APRFUT,NSE:NIFTY26APRFUT,24053.9,24083.6,24053.8,24080.0,43160.0,7644130.0,2026-04-28,2026-04-28,APR 2026
2026-04-28 11:40:00+05:30,NIFTY26APRFUT,NSE:NIFTY26APRFUT,24080.0,24092.0,24066.8,24088.5,38480.0,7622875.0,2026-04-28,2026-04-28,APR 2026
2026-04-28 11:45:00+05:30,NIFTY26APRFUT,NSE:NIFTY26APRFUT,24087.9,24098.4,24071.0,24082.0,38220.0,7593170.0,2026-04-28,2026-04-28,APR 2026
2026-04-28 11:50:00+05:30,NIFTY26APRFUT,NSE:NIFTY26APRFUT,24080.0,24086.0,24071.0,24075.0,37635.0,7581535.0,2026-04-28,2026-04-28,APR 2026
2026-04-28 11:55:00+05:30,NIFTY26APRFUT,NSE:NIFTY26APRFUT,24075.0,24080.5,24055.0,24058.0,29120.0,7565870.0,2026-04-28,2026-04-28,APR 2026
2026-04-28 12:00:00+05:30,NIFTY26APRFUT,NSE:NIFTY26APRFUT,24054.0,24065.0,24030.0,24035.0,45240.0,7545850.0,2026-04-28,2026-04-28,APR 2026
2026-04-28 12:05:00+05:30,NIFTY26APRFUT,NSE:NIFTY26APRFUT,24035.0,24042.9,24025.1,24034.4,56290.0,7519135.0,2026-04-28,2026-04-28,APR 2026
2026-04-28 12:10:00+05:30,NIFTY26APRFUT,NSE:NIFTY26APRFUT,24034.6,24053.3,24033.8,24049.8,22815.0,7501000.0,2026-04-28,2026-04-28,APR 2026
2026-04-28 12:15:00+05:30,NIFTY26APRFUT,NSE:NIFTY26APRFUT,24046.0,24059.3,24035.0,24038.1,20670.0,7492160.0,2026-04-28,2026-04-28,APR 2026
2026-04-28 12:20:00+05:30,NIFTY26APRFUT,NSE:NIFTY26APRFUT,24035.0,24040.0,24001.1,24021.8,56875.0,7468305.0,2026-04-28,2026-04-28,APR 2026
2026-04-28 12:25:00+05:30,NIFTY26APRFUT,NSE:NIFTY26APRFUT,24020.1,24030.0,24010.0,24010.0,22230.0,7462585.0,2026-04-28,2026-04-28,APR 2026
2026-04-28 12:30:00+05:30,NIFTY26APRFUT,NSE:NIFTY26APRFUT,24010.0,24013.9,23990.0,24010.6,54990.0,7448415.0,2026-04-28,2026-04-28,APR 2026
2026-04-28 12:35:00+05:30,NIFTY26APRFUT,NSE:NIFTY26APRFUT,24002.3,24026.2,24001.3,24015.2,38025.0,7445360.0,2026-04-28,2026-04-28,APR 2026
2026-04-28 12:40:00+05:30,NIFTY26APRFUT,NSE:NIFTY26APRFUT,24015.2,24032.9,24011.0,24027.1,19695.0,7434115.0,2026-04-28,2026-04-28,APR 2026
2026-04-28 12:45:00+05:30,NIFTY26APRFUT,NSE:NIFTY26APRFUT,24027.1,24039.9,24022.1,24028.7,12805.0,7431645.0,2026-04-28,2026-04-28,APR 2026
2026-04-28 12:50:00+05:30,NIFTY26APRFUT,NSE:NIFTY26APRFUT,24028.7,24040.6,24021.7,24023.6,16705.0,7429695.0,2026-04-28,2026-04-28,APR 2026
2026-04-28 12:55:00+05:30,NIFTY26APRFUT,NSE:NIFTY26APRFUT,24023.6,24030.3,24007.0,24009.0,22295.0,7422675.0,2026-04-28,2026-04-28,APR 2026
2026-04-28 13:00:00+05:30,NIFTY26APRFUT,NSE:NIFTY26APRFUT,24011.3,24036.0,24003.0,24026.0,19500.0,7421115.0,2026-04-28,2026-04-28,APR 2026
2026-04-28 13:05:00+05:30,NIFTY26APRFUT,NSE:NIFTY26APRFUT,24026.0,24039.0,24017.8,24036.8,17160.0,7416825.0,2026-04-28,2026-04-28,APR 2026
2026-04-28 13:10:00+05:30,NIFTY26APRFUT,NSE:NIFTY26APRFUT,24036.0,24038.9,24016.0,24020.0,21190.0,7408700.0,2026-04-28,2026-04-28,APR 2026
2026-04-28 13:15:00+05:30,NIFTY26APRFUT,NSE:NIFTY26APRFUT,24015.8,24047.2,24013.6,24040.0,25545.0,7410715.0,2026-04-28,2026-04-28,APR 2026
2026-04-28 13:20:00+05:30,NIFTY26APRFUT,NSE:NIFTY26APRFUT,24040.0,24048.0,24025.0,24047.9,10660.0,7408635.0,2026-04-28,2026-04-28,APR 2026
2026-04-28 13:25:00+05:30,NIFTY26APRFUT,NSE:NIFTY26APRFUT,24047.0,24054.4,24030.0,24030.0,20085.0,7403500.0,2026-04-28,2026-04-28,APR 2026
2026-04-28 13:30:00+05:30,NIFTY26APRFUT,NSE:NIFTY26APRFUT,24030.0,24030.0,23994.0,23999.2,44525.0,7391475.0,2026-04-28,2026-04-28,APR 2026
2026-04-28 13:35:00+05:30,NIFTY26APRFUT,NSE:NIFTY26APRFUT,23999.0,24002.4,23965.0,23984.3,77545.0,7374575.0,2026-04-28,2026-04-28,APR 2026
2026-04-28 13:40:00+05:30,NIFTY26APRFUT,NSE:NIFTY26APRFUT,23981.1,24012.3,23981.1,24006.3,31915.0,7365670.0,2026-04-28,2026-04-28,APR 2026
2026-04-28 13:45:00+05:30,NIFTY26APRFUT,NSE:NIFTY26APRFUT,24003.6,24004.9,23985.0,23995.0,16575.0,7361250.0,2026-04-28,2026-04-28,APR 2026
2026-04-28 13:50:00+05:30,NIFTY26APRFUT,NSE:NIFTY26APRFUT,23991.0,24015.0,23989.7,24015.0,17615.0,7352735.0,2026-04-28,2026-04-28,APR 2026
2026-04-28 13:55:00+05:30,NIFTY26APRFUT,NSE:NIFTY26APRFUT,24017.0,24037.4,24001.0,24015.5,30875.0,7345130.0,2026-04-28,2026-04-28,APR 2026
2026-04-28 14:00:00+05:30,NIFTY26APRFUT,NSE:NIFTY26APRFUT,24015.5,24015.5,23996.0,24005.0,13910.0,7342465.0,2026-04-28,2026-04-28,APR 2026
2026-04-28 14:05:00+05:30,NIFTY26APRFUT,NSE:NIFTY26APRFUT,24003.0,24005.0,23993.5,23998.3,14170.0,7282990.0,2026-04-28,2026-04-28,APR 2026
2026-04-28 14:10:00+05:30,NIFTY26APRFUT,NSE:NIFTY26APRFUT,23998.3,24000.0,23980.0,23990.0,31850.0,7271355.0,2026-04-28,2026-04-28,APR 2026
2026-04-28 14:15:00+05:30,NIFTY26APRFUT,NSE:NIFTY26APRFUT,23986.0,23999.0,23971.0,23991.0,31005.0,7255625.0,2026-04-28,2026-04-28,APR 2026
2026-04-28 14:20:00+05:30,NIFTY26APRFUT,NSE:NIFTY26APRFUT,23991.0,24010.0,23990.0,24010.0,26715.0,7241325.0,2026-04-28,2026-04-28,APR 2026
2026-04-28 14:25:00+05:30,NIFTY26APRFUT,NSE:NIFTY26APRFUT,24010.0,24015.6,23990.0,23999.4,15990.0,7231315.0,2026-04-28,2026-04-28,APR 2026
2026-04-28 14:30:00+05:30,NIFTY26APRFUT,NSE:NIFTY26APRFUT,23999.7,24034.8,23998.0,24015.0,33085.0,7222540.0,2026-04-28,2026-04-28,APR 2026
2026-04-28 14:35:00+05:30,NIFTY26APRFUT,NSE:NIFTY26APRFUT,24020.0,24029.4,24012.3,24027.5,18590.0,7210840.0,2026-04-28,2026-04-28,APR 2026
2026-04-28 14:40:00+05:30,NIFTY26APRFUT,NSE:NIFTY26APRFUT,24027.5,24033.0,24020.0,24033.0,33930.0,7195175.0,2026-04-28,2026-04-28,APR 2026
2026-04-28 14:45:00+05:30,NIFTY26APRFUT,NSE:NIFTY26APRFUT,24033.0,24045.0,24020.0,24033.0,38610.0,7186530.0,2026-04-28,2026-04-28,APR 2026
2026-04-28 14:50:00+05:30,NIFTY26APRFUT,NSE:NIFTY26APRFUT,24039.3,24045.0,24028.7,24041.1,28600.0,7167940.0,2026-04-28,2026-04-28,APR 2026
2026-04-28 14:55:00+05:30,NIFTY26APRFUT,NSE:NIFTY26APRFUT,24041.3,24048.9,24021.0,24045.0,38740.0,7147075.0,2026-04-28,2026-04-28,APR 2026
2026-04-28 15:00:00+05:30,NIFTY26APRFUT,NSE:NIFTY26APRFUT,24041.1,24046.5,24000.0,24002.0,67730.0,7110025.0,2026-04-28,2026-04-28,APR 2026
2026-04-28 15:05:00+05:30,NIFTY26APRFUT,NSE:NIFTY26APRFUT,24004.0,24010.0,23985.0,23993.4,107445.0,7046975.0,2026-04-28,2026-04-28,APR 2026
2026-04-28 15:10:00+05:30,NIFTY26APRFUT,NSE:NIFTY26APRFUT,23993.8,23994.0,23973.7,23976.6,74555.0,6987500.0,2026-04-28,2026-04-28,APR 2026
2026-04-28 15:15:00+05:30,NIFTY26APRFUT,NSE:NIFTY26APRFUT,23977.1,23990.0,23976.0,23983.0,67080.0,6961305.0,2026-04-28,2026-04-28,APR 2026
2026-04-28 15:20:00+05:30,NIFTY26APRFUT,NSE:NIFTY26APRFUT,23986.0,23994.0,23981.1,23988.5,52585.0,6914570.0,2026-04-28,2026-04-28,APR 2026
2026-04-28 15:25:00+05:30,NIFTY26APRFUT,NSE:NIFTY26APRFUT,23990.0,23998.9,23988.5,23995.0,58760.0,6894095.0,2026-04-28,2026-04-28,APR 2026
