datetime,tradingsymbol,instrument_identifier,open,high,low,close,volume,open_interest,expiry_date_source,verified_expiry_date,contract_month
2026-08-03 09:15:00+05:30,NIFTY26AUGFUT,NSE:NIFTY26AUGFUT,24601.5,24635.0,24580.5,24618.0,355160.0,12715690.0,2026-08-27,2026-08-25,AUG 2026
2026-08-03 09:20:00+05:30,NIFTY26AUGFUT,NSE:NIFTY26AUGFUT,24618.0,24626.5,24606.6,24614.4,128635.0,12712180.0,2026-08-27,2026-08-25,AUG 2026
2026-08-03 09:25:00+05:30,NIFTY26AUGFUT,NSE:NIFTY26AUGFUT,24614.4,24623.4,24613.0,24623.4,133640.0,12551435.0,2026-08-27,2026-08-25,AUG 2026
2026-08-03 09:30:00+05:30,NIFTY26AUGFUT,NSE:NIFTY26AUGFUT,24623.5,24633.0,24620.0,24631.0,129415.0,12479870.0,2026-08-27,2026-08-25,AUG 2026
2026-08-03 09:35:00+05:30,NIFTY26AUGFUT,NSE:NIFTY26AUGFUT,24630.4,24634.4,24622.6,24633.6,86515.0,12507170.0,2026-08-27,2026-08-25,AUG 2026
2026-08-03 09:40:00+05:30,NIFTY26AUGFUT,NSE:NIFTY26AUGFUT,24631.5,24638.0,24630.0,24637.0,77220.0,12420785.0,2026-08-27,2026-08-25,AUG 2026
2026-08-03 09:45:00+05:30,NIFTY26AUGFUT,NSE:NIFTY26AUGFUT,24637.3,24637.9,24627.6,24630.5,52520.0,12405640.0,2026-08-27,2026-08-25,AUG 2026
2026-08-03 09:50:00+05:30,NIFTY26AUGFUT,NSE:NIFTY26AUGFUT,24630.5,24639.3,24629.5,24639.3,46085.0,12400570.0,2026-08-27,2026-08-25,AUG 2026
2026-08-03 09:55:00+05:30,NIFTY26AUGFUT,NSE:NIFTY26AUGFUT,24639.1,24649.7,24638.5,24646.9,99320.0,12397905.0,2026-08-27,2026-08-25,AUG 2026
2026-08-03 10:00:00+05:30,NIFTY26AUGFUT,NSE:NIFTY26AUGFUT,24645.0,24652.0,24640.0,24648.7,86190.0,12376195.0,2026-08-27,2026-08-25,AUG 2026
2026-08-03 10:05:00+05:30,NIFTY26AUGFUT,NSE:NIFTY26AUGFUT,24645.6,24651.5,24639.6,24646.9,86580.0,12356565.0,2026-08-27,2026-08-25,AUG 2026
2026-08-03 10:10:00+05:30,NIFTY26AUGFUT,NSE:NIFTY26AUGFUT,24646.5,24654.7,24640.0,24653.0,46475.0,12324325.0,2026-08-27,2026-08-25,AUG 2026
2026-08-03 10:15:00+05:30,NIFTY26AUGFUT,NSE:NIFTY26AUGFUT,24654.7,24665.1,24652.5,24663.9,56290.0,12310415.0,2026-08-27,2026-08-25,AUG 2026
2026-08-03 10:20:00+05:30,NIFTY26AUGFUT,NSE:NIFTY26AUGFUT,24662.5,24664.9,24649.9,24657.0,37310.0,12315095.0,2026-08-27,2026-08-25,AUG 2026
2026-08-03 10:25:00+05:30,NIFTY26AUGFUT,NSE:NIFTY26AUGFUT,24657.5,24668.5,24657.0,24663.7,33020.0,12289290.0,2026-08-27,2026-08-25,AUG 2026
2026-08-03 10:30:00+05:30,NIFTY26AUGFUT,NSE:NIFTY26AUGFUT,24657.3,24664.0,24650.0,24655.0,33995.0,12286690.0,2026-08-27,2026-08-25,AUG 2026
2026-08-03 10:35:00+05:30,NIFTY26AUGFUT,NSE:NIFTY26AUGFUT,24656.5,24664.9,24650.0,24662.2,33410.0,12292150.0,2026-08-27,2026-08-25,AUG 2026
2026-08-03 10:40:00+05:30,NIFTY26AUGFUT,NSE:NIFTY26AUGFUT,24664.0,24667.0,24661.3,24664.0,14170.0,12281360.0,2026-08-27,2026-08-25,AUG 2026
2026-08-03 10:45:00+05:30,NIFTY26AUGFUT,NSE:NIFTY26AUGFUT,24666.6,24666.6,24660.0,24666.2,23920.0,12255685.0,2026-08-27,2026-08-25,AUG 2026
2026-08-03 10:50:00+05:30,NIFTY26AUGFUT,NSE:NIFTY26AUGFUT,24666.3,24669.7,24666.3,24669.0,24050.0,12253800.0,2026-08-27,2026-08-25,AUG 2026
2026-08-03 10:55:00+05:30,NIFTY26AUGFUT,NSE:NIFTY26AUGFUT,24669.1,24678.3,24668.0,24668.9,62920.0,12265955.0,2026-08-27,2026-08-25,AUG 2026
2026-08-03 11:00:00+05:30,NIFTY26AUGFUT,NSE:NIFTY26AUGFUT,24670.0,24679.8,24668.1,24678.1,21840.0,12264980.0,2026-08-27,2026-08-25,AUG 2026
2026-08-03 11:05:00+05:30,NIFTY26AUGFUT,NSE:NIFTY26AUGFUT,24678.7,24682.0,24668.0,24677.3,36140.0,12270960.0,2026-08-27,2026-08-25,AUG 2026
2026-08-03 11:10:00+05:30,NIFTY26AUGFUT,NSE:NIFTY26AUGFUT,24677.5,24678.1,24667.2,24667.2,20670.0,12273105.0,2026-08-27,2026-08-25,AUG 2026
2026-08-03 11:15:00+05:30,NIFTY26AUGFUT,NSE:NIFTY26AUGFUT,24669.9,24675.0,24667.0,24673.6,15340.0,12270895.0,2026-08-27,2026-08-25,AUG 2026
2026-08-03 11:20:00+05:30,NIFTY26AUGFUT,NSE:NIFTY26AUGFUT,24673.0,24675.0,24668.0,24672.1,14950.0,12264330.0,2026-08-27,2026-08-25,AUG 2026
2026-08-03 11:25:00+05:30,NIFTY26AUGFUT,NSE:NIFTY26AUGFUT,24672.1,24675.6,24667.1,24670.2,15145.0,12256140.0,2026-08-27,2026-08-25,AUG 2026
2026-08-03 11:30:00+05:30,NIFTY26AUGFUT,NSE:NIFTY26AUGFUT,24670.2,24672.0,24662.4,24667.0,19565.0,12261015.0,2026-08-27,2026-08-25,AUG 2026
2026-08-03 11:35:00+05:30,NIFTY26AUGFUT,NSE:NIFTY26AUGFUT,24667.0,24673.6,24662.4,24666.5,15730.0,12259260.0,2026-08-27,2026-08-25,AUG 2026
2026-08-03 11:40:00+05:30,NIFTY26AUGFUT,NSE:NIFTY26AUGFUT,24666.4,24675.9,24666.0,24673.0,16120.0,12255490.0,2026-08-27,2026-08-25,AUG 2026
2026-08-03 11:45:00+05:30,NIFTY26AUGFUT,NSE:NIFTY26AUGFUT,24669.1,24673.8,24666.9,24669.5,16445.0,12248145.0,2026-08-27,2026-08-25,AUG 2026
2026-08-03 11:50:00+05:30,NIFTY26AUGFUT,NSE:NIFTY26AUGFUT,24669.0,24679.5,24669.0,24678.0,33800.0,12255620.0,2026-08-27,2026-08-25,AUG 2026
2026-08-03 11:55:00+05:30,NIFTY26AUGFUT,NSE:NIFTY26AUGFUT,24677.9,24678.0,24669.9,24670.0,25935.0,12261860.0,2026-08-27,2026-08-25,AUG 2026
2026-08-03 12:00:00+05:30,NIFTY26AUGFUT,NSE:NIFTY26AUGFUT,24670.0,24675.0,24665.1,24672.0,28340.0,12267775.0,2026-08-27,2026-08-25,AUG 2026
2026-08-03 12:05:00+05:30,NIFTY26AUGFUT,NSE:NIFTY26AUGFUT,24672.0,24678.0,24666.5,24675.9,17355.0,12257635.0,2026-08-27,2026-08-25,AUG 2026
2026-08-03 12:10:00+05:30,NIFTY26AUGFUT,NSE:NIFTY26AUGFUT,24675.9,24681.7,24674.0,24681.0,26260.0,12256595.0,2026-08-27,2026-08-25,AUG 2026
2026-08-03 12:15:00+05:30,NIFTY26AUGFUT,NSE:NIFTY26AUGFUT,24681.9,24689.2,24679.7,24685.0,37960.0,12261275.0,2026-08-27,2026-08-25,AUG 2026
2026-08-03 12:20:00+05:30,NIFTY26AUGFUT,NSE:NIFTY26AUGFUT,24685.0,24687.8,24676.0,24682.6,20085.0,12245220.0,2026-08-27,2026-08-25,AUG 2026
2026-08-03 12:25:00+05:30,NIFTY26AUGFUT,NSE:NIFTY26AUGFUT,24686.0,24688.3,24675.0,24675.0,20085.0,12255295.0,2026-08-27,2026-08-25,AUG 2026
2026-08-03 12:30:00+05:30,NIFTY26AUGFUT,NSE:NIFTY26AUGFUT,24680.0,24683.9,24660.0,24660.0,27885.0,12248015.0,2026-08-27,2026-08-25,AUG 2026
2026-08-03 12:35:00+05:30,NIFTY26AUGFUT,NSE:NIFTY26AUGFUT,24660.6,24668.0,24655.1,24657.0,16445.0,12250940.0,2026-08-27,2026-08-25,AUG 2026
2026-08-03 12:40:00+05:30,NIFTY26AUGFUT,NSE:NIFTY26AUGFUT,24656.7,24665.0,24655.0,24665.0,17355.0,12241190.0,2026-08-27,2026-08-25,AUG 2026
2026-08-03 12:45:00+05:30,NIFTY26AUGFUT,NSE:NIFTY26AUGFUT,24667.3,24670.0,24636.1,24640.0,67340.0,12195495.0,2026-08-27,2026-08-25,AUG 2026
2026-08-03 12:50:00+05:30,NIFTY26AUGFUT,NSE:NIFTY26AUGFUT,24639.7,24655.0,24639.7,24654.9,39000.0,12194455.0,2026-08-27,2026-08-25,AUG 2026
2026-08-03 12:55:00+05:30,NIFTY26AUGFUT,NSE:NIFTY26AUGFUT,24655.0,24655.0,24640.0,24640.1,23790.0,12199980.0,2026-08-27,2026-08-25,AUG 2026
2026-08-03 13:00:00+05:30,NIFTY26AUGFUT,NSE:NIFTY26AUGFUT,24640.1,24647.4,24632.0,24639.0,26780.0,12180545.0,2026-08-27,2026-08-25,AUG 2026
2026-08-03 13:05:00+05:30,NIFTY26AUGFUT,NSE:NIFTY26AUGFUT,24639.9,24648.3,24631.0,24638.0,36335.0,12160850.0,2026-08-27,2026-08-25,AUG 2026
2026-08-03 13:10:00+05:30,NIFTY26AUGFUT,NSE:NIFTY26AUGFUT,24638.0,24646.8,24631.0,24635.0,12220.0,12159745.0,2026-08-27,2026-08-25,AUG 2026
2026-08-03 13:15:00+05:30,NIFTY26AUGFUT,NSE:NIFTY26AUGFUT,24635.0,24645.0,24631.0,24644.0,22100.0,12150515.0,2026-08-27,2026-08-25,AUG 2026
2026-08-03 13:20:00+05:30,NIFTY26AUGFUT,NSE:NIFTY26AUGFUT,24649.0,24649.9,24640.0,24649.0,16380.0,12147070.0,2026-08-27,2026-08-25,AUG 2026
2026-08-03 13:25:00+05:30,NIFTY26AUGFUT,NSE:NIFTY26AUGFUT,24649.0,24655.0,24645.0,24650.1,14040.0,12142065.0,2026-08-27,2026-08-25,AUG 2026
2026-08-03 13:30:00+05:30,NIFTY26AUGFUT,NSE:NIFTY26AUGFUT,24650.1,24655.0,24646.0,24654.8,15600.0,12143300.0,2026-08-27,2026-08-25,AUG 2026
2026-08-03 13:35:00+05:30,NIFTY26AUGFUT,NSE:NIFTY26AUGFUT,24654.8,24663.0,24653.5,24661.5,49140.0,12137320.0,2026-08-27,2026-08-25,AUG 2026
2026-08-03 13:40:00+05:30,NIFTY26AUGFUT,NSE:NIFTY26AUGFUT,24661.5,24661.5,24650.0,24660.0,6370.0,12133030.0,2026-08-27,2026-08-25,AUG 2026
2026-08-03 13:45:00+05:30,NIFTY26AUGFUT,NSE:NIFTY26AUGFUT,24660.0,24661.0,24650.0,24651.0,10660.0,12124515.0,2026-08-27,2026-08-25,AUG 2026
2026-08-03 13:50:00+05:30,NIFTY26AUGFUT,NSE:NIFTY26AUGFUT,24652.6,24654.9,24641.9,24650.0,5980.0,12122370.0,2026-08-27,2026-08-25,AUG 2026
2026-08-03 13:55:00+05:30,NIFTY26AUGFUT,NSE:NIFTY26AUGFUT,24643.1,24652.4,24643.1,24644.3,8255.0,12122630.0,2026-08-27,2026-08-25,AUG 2026
2026-08-03 14:00:00+05:30,NIFTY26AUGFUT,NSE:NIFTY26AUGFUT,24644.3,24650.0,24641.0,24650.0,11440.0,12120875.0,2026-08-27,2026-08-25,AUG 2026
2026-08-03 14:05:00+05:30,NIFTY26AUGFUT,NSE:NIFTY26AUGFUT,24650.0,24650.0,24645.2,24646.1,7085.0,12122760.0,2026-08-27,2026-08-25,AUG 2026
2026-08-03 14:10:00+05:30,NIFTY26AUGFUT,NSE:NIFTY26AUGFUT,24646.1,24650.0,24645.0,24648.6,10790.0,12119445.0,2026-08-27,2026-08-25,AUG 2026
2026-08-03 14:15:00+05:30,NIFTY26AUGFUT,NSE:NIFTY26AUGFUT,24648.6,24649.5,24636.5,24637.7,22360.0,12115675.0,2026-08-27,2026-08-25,AUG 2026
2026-08-03 14:20:00+05:30,NIFTY26AUGFUT,NSE:NIFTY26AUGFUT,24638.4,24644.9,24637.0,24641.4,15795.0,12112100.0,2026-08-27,2026-08-25,AUG 2026
2026-08-03 14:25:00+05:30,NIFTY26AUGFUT,NSE:NIFTY26AUGFUT,24641.2,24648.0,24638.8,24648.0,11570.0,12110995.0,2026-08-27,2026-08-25,AUG 2026
2026-08-03 14:30:00+05:30,NIFTY26AUGFUT,NSE:NIFTY26AUGFUT,24648.0,24649.0,24644.0,24644.8,6760.0,12105600.0,2026-08-27,2026-08-25,AUG 2026
2026-08-03 14:35:00+05:30,NIFTY26AUGFUT,NSE:NIFTY26AUGFUT,24644.5,24659.0,24644.1,24656.1,22425.0,12100920.0,2026-08-27,2026-08-25,AUG 2026
2026-08-03 14:40:00+05:30,NIFTY26AUGFUT,NSE:NIFTY26AUGFUT,24656.1,24664.4,24655.0,24661.7,10855.0,12099815.0,2026-08-27,2026-08-25,AUG 2026
2026-08-03 14:45:00+05:30,NIFTY26AUGFUT,NSE:NIFTY26AUGFUT,24656.2,24663.8,24655.0,24655.2,13325.0,12092990.0,2026-08-27,2026-08-25,AUG 2026
2026-08-03 14:50:00+05:30,NIFTY26AUGFUT,NSE:NIFTY26AUGFUT,24655.2,24662.4,24649.3,24652.0,14365.0,12094550.0,2026-08-27,2026-08-25,AUG 2026
2026-08-03 14:55:00+05:30,NIFTY26AUGFUT,NSE:NIFTY26AUGFUT,24650.0,24658.1,24648.0,24654.9,11570.0,12094225.0,2026-08-27,2026-08-25,AUG 2026
2026-08-03 15:00:00+05:30,NIFTY26AUGFUT,NSE:NIFTY26AUGFUT,24653.0,24654.8,24642.2,24643.7,20995.0,12089220.0,2026-08-27,2026-08-25,AUG 2026
2026-08-03 15:05:00+05:30,NIFTY26AUGFUT,NSE:NIFTY26AUGFUT,24642.2,24642.4,24624.5,24630.0,63700.0,12084020.0,2026-08-27,2026-08-25,AUG 2026
2026-08-03 15:10:00+05:30,NIFTY26AUGFUT,NSE:NIFTY26AUGFUT,24629.9,24642.9,24625.0,24635.0,53495.0,12085450.0,2026-08-27,2026-08-25,AUG 2026
2026-08-03 15:15:00+05:30,NIFTY26AUGFUT,NSE:NIFTY26AUGFUT,24642.2,24642.4,24631.9,24636.9,29770.0,12085255.0,2026-08-27,2026-08-25,AUG 2026
2026-08-03 15:20:00+05:30,NIFTY26AUGFUT,NSE:NIFTY26AUGFUT,24634.1,24640.2,24634.1,24637.8,28405.0,12059320.0,2026-08-27,2026-08-25,AUG 2026
2026-08-03 15:25:00+05:30,NIFTY26AUGFUT,NSE:NIFTY26AUGFUT,24637.8,24650.0,24632.0,24645.0,107900.0,12028835.0,2026-08-27,2026-08-25,AUG 2026
2026-08-03 15:30:00+05:30,NIFTY26AUGFUT,NSE:NIFTY26AUGFUT,24645.0,24665.0,24640.0,24662.3,60840.0,12028250.0,2026-08-27,2026-08-25,AUG 2026
2026-08-03 15:35:00+05:30,NIFTY26AUGFUT,NSE:NIFTY26AUGFUT,24663.5,24664.9,24655.0,24664.9,189345.0,12133420.0,2026-08-27,2026-08-25,AUG 2026
2026-08-04 09:15:00+05:30,NIFTY26AUGFUT,NSE:NIFTY26AUGFUT,24684.8,24694.0,24646.1,24664.0,132665.0,11905595.0,2026-08-27,2026-08-25,AUG 2026
2026-08-04 09:20:00+05:30,NIFTY26AUGFUT,NSE:NIFTY26AUGFUT,24665.0,24684.0,24652.1,24671.8,64480.0,11897275.0,2026-08-27,2026-08-25,AUG 2026
2026-08-04 09:25:00+05:30,NIFTY26AUGFUT,NSE:NIFTY26AUGFUT,24676.0,24680.0,24655.0,24655.0,51870.0,11876540.0,2026-08-27,2026-08-25,AUG 2026
2026-08-04 09:30:00+05:30,NIFTY26AUGFUT,NSE:NIFTY26AUGFUT,24659.0,24665.0,24640.0,24640.4,45305.0,11863995.0,2026-08-27,2026-08-25,AUG 2026
2026-08-04 09:35:00+05:30,NIFTY26AUGFUT,NSE:NIFTY26AUGFUT,24640.3,24662.2,24640.0,24661.9,43940.0,11841115.0,2026-08-27,2026-08-25,AUG 2026
2026-08-04 09:40:00+05:30,NIFTY26AUGFUT,NSE:NIFTY26AUGFUT,24662.2,24686.6,24662.2,24678.0,165165.0,11874590.0,2026-08-27,2026-08-25,AUG 2026
2026-08-04 09:45:00+05:30,NIFTY26AUGFUT,NSE:NIFTY26AUGFUT,24678.0,24693.7,24678.0,24690.2,44980.0,11863995.0,2026-08-27,2026-08-25,AUG 2026
2026-08-04 09:50:00+05:30,NIFTY26AUGFUT,NSE:NIFTY26AUGFUT,24690.1,24696.7,24686.0,24690.0,45630.0,11858145.0,2026-08-27,2026-08-25,AUG 2026
2026-08-04 09:55:00+05:30,NIFTY26AUGFUT,NSE:NIFTY26AUGFUT,24690.0,24697.0,24689.3,24691.8,56940.0,11859055.0,2026-08-27,2026-08-25,AUG 2026
2026-08-04 10:00:00+05:30,NIFTY26AUGFUT,NSE:NIFTY26AUGFUT,24693.5,24695.0,24690.0,24692.0,30355.0,11859510.0,2026-08-27,2026-08-25,AUG 2026
2026-08-04 10:05:00+05:30,NIFTY26AUGFUT,NSE:NIFTY26AUGFUT,24690.0,24692.0,24680.0,24681.5,153985.0,11927955.0,2026-08-27,2026-08-25,AUG 2026
2026-08-04 10:10:00+05:30,NIFTY26AUGFUT,NSE:NIFTY26AUGFUT,24680.0,24682.0,24670.0,24677.2,18330.0,11933545.0,2026-08-27,2026-08-25,AUG 2026
2026-08-04 10:15:00+05:30,NIFTY26AUGFUT,NSE:NIFTY26AUGFUT,24680.0,24684.0,24672.0,24683.9,9490.0,11932960.0,2026-08-27,2026-08-25,AUG 2026
2026-08-04 10:20:00+05:30,NIFTY26AUGFUT,NSE:NIFTY26AUGFUT,24675.0,24683.0,24660.4,24662.0,38350.0,11917425.0,2026-08-27,2026-08-25,AUG 2026
2026-08-04 10:25:00+05:30,NIFTY26AUGFUT,NSE:NIFTY26AUGFUT,24661.0,24665.0,24657.2,24660.0,23205.0,11909105.0,2026-08-27,2026-08-25,AUG 2026
2026-08-04 10:30:00+05:30,NIFTY26AUGFUT,NSE:NIFTY26AUGFUT,24659.0,24659.0,24647.5,24650.0,23400.0,11907870.0,2026-08-27,2026-08-25,AUG 2026
2026-08-04 10:35:00+05:30,NIFTY26AUGFUT,NSE:NIFTY26AUGFUT,24648.2,24650.0,24643.0,24646.1,18525.0,11908910.0,2026-08-27,2026-08-25,AUG 2026
2026-08-04 10:40:00+05:30,NIFTY26AUGFUT,NSE:NIFTY26AUGFUT,24646.1,24650.0,24645.1,24645.2,10530.0,11908325.0,2026-08-27,2026-08-25,AUG 2026
2026-08-04 10:45:00+05:30,NIFTY26AUGFUT,NSE:NIFTY26AUGFUT,24645.2,24648.0,24639.2,24645.0,31265.0,11906960.0,2026-08-27,2026-08-25,AUG 2026
2026-08-04 10:50:00+05:30,NIFTY26AUGFUT,NSE:NIFTY26AUGFUT,24648.0,24654.9,24642.1,24645.0,8905.0,11907350.0,2026-08-27,2026-08-25,AUG 2026
2026-08-04 10:55:00+05:30,NIFTY26AUGFUT,NSE:NIFTY26AUGFUT,24645.0,24652.2,24625.0,24630.2,30810.0,11907675.0,2026-08-27,2026-08-25,AUG 2026
2026-08-04 11:00:00+05:30,NIFTY26AUGFUT,NSE:NIFTY26AUGFUT,24629.5,24654.0,24629.5,24640.1,20475.0,11913655.0,2026-08-27,2026-08-25,AUG 2026
2026-08-04 11:05:00+05:30,NIFTY26AUGFUT,NSE:NIFTY26AUGFUT,24650.0,24654.3,24640.5,24647.1,7540.0,11915605.0,2026-08-27,2026-08-25,AUG 2026
2026-08-04 11:10:00+05:30,NIFTY26AUGFUT,NSE:NIFTY26AUGFUT,24653.2,24655.9,24645.0,24655.6,13520.0,11918465.0,2026-08-27,2026-08-25,AUG 2026
2026-08-04 11:15:00+05:30,NIFTY26AUGFUT,NSE:NIFTY26AUGFUT,24655.5,24661.7,24646.1,24650.5,14430.0,11925225.0,2026-08-27,2026-08-25,AUG 2026
2026-08-04 11:20:00+05:30,NIFTY26AUGFUT,NSE:NIFTY26AUGFUT,24650.5,24658.9,24645.0,24645.0,20670.0,11926070.0,2026-08-27,2026-08-25,AUG 2026
2026-08-04 11:25:00+05:30,NIFTY26AUGFUT,NSE:NIFTY26AUGFUT,24645.0,24650.0,24637.1,24638.1,14950.0,11929385.0,2026-08-27,2026-08-25,AUG 2026
2026-08-04 11:30:00+05:30,NIFTY26AUGFUT,NSE:NIFTY26AUGFUT,24638.0,24644.8,24626.8,24627.0,20150.0,11929580.0,2026-08-27,2026-08-25,AUG 2026
2026-08-04 11:35:00+05:30,NIFTY26AUGFUT,NSE:NIFTY26AUGFUT,24627.0,24638.4,24617.0,24632.0,57850.0,11932310.0,2026-08-27,2026-08-25,AUG 2026
2026-08-04 11:40:00+05:30,NIFTY26AUGFUT,NSE:NIFTY26AUGFUT,24632.0,24634.5,24615.0,24615.0,61490.0,11937120.0,2026-08-27,2026-08-25,AUG 2026
2026-08-04 11:45:00+05:30,NIFTY26AUGFUT,NSE:NIFTY26AUGFUT,24625.0,24625.0,24585.1,24588.0,88790.0,11939395.0,2026-08-27,2026-08-25,AUG 2026
2026-08-04 11:50:00+05:30,NIFTY26AUGFUT,NSE:NIFTY26AUGFUT,24585.2,24606.7,24584.0,24586.0,69290.0,11957985.0,2026-08-27,2026-08-25,AUG 2026
2026-08-04 11:55:00+05:30,NIFTY26AUGFUT,NSE:NIFTY26AUGFUT,24586.6,24598.9,24577.3,24581.7,53495.0,11970270.0,2026-08-27,2026-08-25,AUG 2026
2026-08-04 12:00:00+05:30,NIFTY26AUGFUT,NSE:NIFTY26AUGFUT,24580.7,24587.1,24560.0,24579.1,100230.0,11980280.0,2026-08-27,2026-08-25,AUG 2026
2026-08-04 12:05:00+05:30,NIFTY26AUGFUT,NSE:NIFTY26AUGFUT,24579.0,24580.0,24555.4,24555.4,63960.0,11985870.0,2026-08-27,2026-08-25,AUG 2026
2026-08-04 12:10:00+05:30,NIFTY26AUGFUT,NSE:NIFTY26AUGFUT,24555.4,24575.0,24550.0,24562.0,75465.0,12000755.0,2026-08-27,2026-08-25,AUG 2026
2026-08-04 12:15:00+05:30,NIFTY26AUGFUT,NSE:NIFTY26AUGFUT,24562.3,24588.0,24555.0,24585.0,77935.0,12026170.0,2026-08-27,2026-08-25,AUG 2026
2026-08-04 12:20:00+05:30,NIFTY26AUGFUT,NSE:NIFTY26AUGFUT,24582.0,24584.9,24566.0,24574.0,29510.0,12030915.0,2026-08-27,2026-08-25,AUG 2026
2026-08-04 12:25:00+05:30,NIFTY26AUGFUT,NSE:NIFTY26AUGFUT,24574.0,24580.0,24565.3,24571.0,20280.0,12038455.0,2026-08-27,2026-08-25,AUG 2026
2026-08-04 12:30:00+05:30,NIFTY26AUGFUT,NSE:NIFTY26AUGFUT,24571.0,24580.0,24558.0,24558.0,66365.0,12074530.0,2026-08-27,2026-08-25,AUG 2026
2026-08-04 12:35:00+05:30,NIFTY26AUGFUT,NSE:NIFTY26AUGFUT,24559.0,24568.0,24538.6,24554.6,101075.0,12097540.0,2026-08-27,2026-08-25,AUG 2026
2026-08-04 12:40:00+05:30,NIFTY26AUGFUT,NSE:NIFTY26AUGFUT,24554.9,24566.6,24535.2,24539.6,91195.0,12134070.0,2026-08-27,2026-08-25,AUG 2026
2026-08-04 12:45:00+05:30,NIFTY26AUGFUT,NSE:NIFTY26AUGFUT,24538.6,24568.0,24538.6,24555.0,55055.0,12153375.0,2026-08-27,2026-08-25,AUG 2026
2026-08-04 12:50:00+05:30,NIFTY26AUGFUT,NSE:NIFTY26AUGFUT,24562.0,24568.0,24543.0,24543.9,59085.0,12182690.0,2026-08-27,2026-08-25,AUG 2026
2026-08-04 12:55:00+05:30,NIFTY26AUGFUT,NSE:NIFTY26AUGFUT,24543.9,24557.6,24534.1,24537.7,82030.0,12227215.0,2026-08-27,2026-08-25,AUG 2026
2026-08-04 13:00:00+05:30,NIFTY26AUGFUT,NSE:NIFTY26AUGFUT,24534.7,24555.0,24533.0,24537.1,69940.0,12248860.0,2026-08-27,2026-08-25,AUG 2026
2026-08-04 13:05:00+05:30,NIFTY26AUGFUT,NSE:NIFTY26AUGFUT,24537.0,24545.0,24530.0,24530.0,56030.0,12276875.0,2026-08-27,2026-08-25,AUG 2026
2026-08-04 13:10:00+05:30,NIFTY26AUGFUT,NSE:NIFTY26AUGFUT,24531.0,24542.5,24522.0,24528.0,51545.0,12292085.0,2026-08-27,2026-08-25,AUG 2026
2026-08-04 13:15:00+05:30,NIFTY26AUGFUT,NSE:NIFTY26AUGFUT,24524.5,24539.0,24520.0,24534.0,47125.0,12317955.0,2026-08-27,2026-08-25,AUG 2026
2026-08-04 13:20:00+05:30,NIFTY26AUGFUT,NSE:NIFTY26AUGFUT,24530.0,24545.0,24521.7,24543.0,35750.0,12338625.0,2026-08-27,2026-08-25,AUG 2026
2026-08-04 13:25:00+05:30,NIFTY26AUGFUT,NSE:NIFTY26AUGFUT,24543.0,24549.9,24520.0,24520.0,37375.0,12357995.0,2026-08-27,2026-08-25,AUG 2026
2026-08-04 13:30:00+05:30,NIFTY26AUGFUT,NSE:NIFTY26AUGFUT,24525.0,24530.5,24510.6,24515.0,68510.0,12380875.0,2026-08-27,2026-08-25,AUG 2026
2026-08-04 13:35:00+05:30,NIFTY26AUGFUT,NSE:NIFTY26AUGFUT,24521.0,24531.7,24510.0,24520.6,81055.0,12410385.0,2026-08-27,2026-08-25,AUG 2026
2026-08-04 13:40:00+05:30,NIFTY26AUGFUT,NSE:NIFTY26AUGFUT,24520.6,24535.0,24506.5,24506.5,83395.0,12460500.0,2026-08-27,2026-08-25,AUG 2026
2026-08-04 13:45:00+05:30,NIFTY26AUGFUT,NSE:NIFTY26AUGFUT,24506.2,24529.9,24505.2,24525.0,49790.0,12499695.0,2026-08-27,2026-08-25,AUG 2026
2026-08-04 13:50:00+05:30,NIFTY26AUGFUT,NSE:NIFTY26AUGFUT,24525.0,24529.5,24505.1,24510.0,40365.0,12516010.0,2026-08-27,2026-08-25,AUG 2026
2026-08-04 13:55:00+05:30,NIFTY26AUGFUT,NSE:NIFTY26AUGFUT,24510.0,24523.0,24500.0,24520.0,91065.0,12544220.0,2026-08-27,2026-08-25,AUG 2026
2026-08-04 14:00:00+05:30,NIFTY26AUGFUT,NSE:NIFTY26AUGFUT,24522.7,24522.7,24500.0,24513.7,58890.0,12568270.0,2026-08-27,2026-08-25,AUG 2026
2026-08-04 14:05:00+05:30,NIFTY26AUGFUT,NSE:NIFTY26AUGFUT,24515.2,24533.9,24503.8,24520.0,57265.0,12595765.0,2026-08-27,2026-08-25,AUG 2026
2026-08-04 14:10:00+05:30,NIFTY26AUGFUT,NSE:NIFTY26AUGFUT,24512.5,24535.0,24512.5,24529.7,59800.0,12632425.0,2026-08-27,2026-08-25,AUG 2026
2026-08-04 14:15:00+05:30,NIFTY26AUGFUT,NSE:NIFTY26AUGFUT,24529.7,24540.0,24520.0,24540.0,44785.0,12662520.0,2026-08-27,2026-08-25,AUG 2026
2026-08-04 14:20:00+05:30,NIFTY26AUGFUT,NSE:NIFTY26AUGFUT,24540.0,24549.9,24522.1,24530.0,54210.0,12688065.0,2026-08-27,2026-08-25,AUG 2026
2026-08-04 14:25:00+05:30,NIFTY26AUGFUT,NSE:NIFTY26AUGFUT,24530.0,24543.6,24523.4,24527.0,33150.0,12711725.0,2026-08-27,2026-08-25,AUG 2026
2026-08-04 14:30:00+05:30,NIFTY26AUGFUT,NSE:NIFTY26AUGFUT,24527.0,24544.5,24521.4,24538.0,39390.0,12730705.0,2026-08-27,2026-08-25,AUG 2026
2026-08-04 14:35:00+05:30,NIFTY26AUGFUT,NSE:NIFTY26AUGFUT,24538.1,24540.0,24520.7,24532.5,34255.0,12741560.0,2026-08-27,2026-08-25,AUG 2026
2026-08-04 14:40:00+05:30,NIFTY26AUGFUT,NSE:NIFTY26AUGFUT,24535.0,24540.0,24520.7,24532.2,35295.0,12764700.0,2026-08-27,2026-08-25,AUG 2026
2026-08-04 14:45:00+05:30,NIFTY26AUGFUT,NSE:NIFTY26AUGFUT,24533.0,24542.0,24527.2,24537.3,53040.0,12784980.0,2026-08-27,2026-08-25,AUG 2026
2026-08-04 14:50:00+05:30,NIFTY26AUGFUT,NSE:NIFTY26AUGFUT,24535.0,24545.4,24530.0,24545.0,41275.0,12806885.0,2026-08-27,2026-08-25,AUG 2026
2026-08-04 14:55:00+05:30,NIFTY26AUGFUT,NSE:NIFTY26AUGFUT,24545.0,24550.0,24531.0,24535.1,51220.0,12832235.0,2026-08-27,2026-08-25,AUG 2026
2026-08-04 15:00:00+05:30,NIFTY26AUGFUT,NSE:NIFTY26AUGFUT,24540.0,24545.0,24530.1,24535.0,52130.0,12854400.0,2026-08-27,2026-08-25,AUG 2026
2026-08-04 15:05:00+05:30,NIFTY26AUGFUT,NSE:NIFTY26AUGFUT,24534.9,24548.6,24526.0,24545.7,96330.0,12883065.0,2026-08-27,2026-08-25,AUG 2026
2026-08-04 15:10:00+05:30,NIFTY26AUGFUT,NSE:NIFTY26AUGFUT,24546.0,24554.7,24540.3,24554.4,90415.0,12898795.0,2026-08-27,2026-08-25,AUG 2026
2026-08-04 15:15:00+05:30,NIFTY26AUGFUT,NSE:NIFTY26AUGFUT,24554.4,24569.9,24550.0,24555.4,68510.0,12914200.0,2026-08-27,2026-08-25,AUG 2026
2026-08-04 15:20:00+05:30,NIFTY26AUGFUT,NSE:NIFTY26AUGFUT,24555.0,24560.0,24546.6,24560.0,42835.0,12928305.0,2026-08-27,2026-08-25,AUG 2026
2026-08-04 15:25:00+05:30,NIFTY26AUGFUT,NSE:NIFTY26AUGFUT,24559.0,24569.0,24556.0,24566.0,71565.0,12939355.0,2026-08-27,2026-08-25,AUG 2026
2026-08-04 15:30:00+05:30,NIFTY26AUGFUT,NSE:NIFTY26AUGFUT,24565.0,24566.0,24545.0,24550.0,61880.0,12940330.0,2026-08-27,2026-08-25,AUG 2026
2026-08-04 15:35:00+05:30,NIFTY26AUGFUT,NSE:NIFTY26AUGFUT,24546.0,24556.7,24546.0,24556.7,33150.0,12941630.0,2026-08-27,2026-08-25,AUG 2026
2026-08-05 09:15:00+05:30,NIFTY26AUGFUT,NSE:NIFTY26AUGFUT,24715.0,24725.0,24676.1,24719.1,328120.0,11757525.0,2026-08-27,2026-08-25,AUG 2026
2026-08-05 09:20:00+05:30,NIFTY26AUGFUT,NSE:NIFTY26AUGFUT,24719.1,24726.0,24701.1,24708.0,160810.0,11728795.0,2026-08-27,2026-08-25,AUG 2026
2026-08-05 09:25:00+05:30,NIFTY26AUGFUT,NSE:NIFTY26AUGFUT,24706.7,24709.9,24691.2,24708.0,61360.0,11714885.0,2026-08-27,2026-08-25,AUG 2026
2026-08-05 09:30:00+05:30,NIFTY26AUGFUT,NSE:NIFTY26AUGFUT,24710.0,24710.8,24686.2,24701.0,61230.0,11719175.0,2026-08-27,2026-08-25,AUG 2026
2026-08-05 09:35:00+05:30,NIFTY26AUGFUT,NSE:NIFTY26AUGFUT,24700.0,24710.0,24688.9,24707.0,30940.0,11724050.0,2026-08-27,2026-08-25,AUG 2026
2026-08-05 09:40:00+05:30,NIFTY26AUGFUT,NSE:NIFTY26AUGFUT,24707.0,24715.0,24701.4,24710.0,34710.0,11729575.0,2026-08-27,2026-08-25,AUG 2026
2026-08-05 09:45:00+05:30,NIFTY26AUGFUT,NSE:NIFTY26AUGFUT,24713.9,24718.8,24699.0,24718.8,38220.0,11745890.0,2026-08-27,2026-08-25,AUG 2026
2026-08-05 09:50:00+05:30,NIFTY26AUGFUT,NSE:NIFTY26AUGFUT,24718.0,24718.8,24682.0,24682.0,82745.0,11772605.0,2026-08-27,2026-08-25,AUG 2026
2026-08-05 09:55:00+05:30,NIFTY26AUGFUT,NSE:NIFTY26AUGFUT,24682.0,24687.4,24670.2,24687.4,37375.0,11781965.0,2026-08-27,2026-08-25,AUG 2026
2026-08-05 10:00:00+05:30,NIFTY26AUGFUT,NSE:NIFTY26AUGFUT,24687.4,24714.9,24683.0,24699.0,48880.0,11789440.0,2026-08-27,2026-08-25,AUG 2026
2026-08-05 10:05:00+05:30,NIFTY26AUGFUT,NSE:NIFTY26AUGFUT,24706.5,24706.5,24675.7,24685.0,158145.0,11874005.0,2026-08-27,2026-08-25,AUG 2026
2026-08-05 10:10:00+05:30,NIFTY26AUGFUT,NSE:NIFTY26AUGFUT,24685.0,24710.0,24684.9,24710.0,99905.0,11997700.0,2026-08-27,2026-08-25,AUG 2026
2026-08-05 10:15:00+05:30,NIFTY26AUGFUT,NSE:NIFTY26AUGFUT,24699.7,24708.7,24686.1,24691.1,39845.0,12025195.0,2026-08-27,2026-08-25,AUG 2026
2026-08-05 10:20:00+05:30,NIFTY26AUGFUT,NSE:NIFTY26AUGFUT,24691.1,24704.1,24686.0,24703.0,23530.0,12034555.0,2026-08-27,2026-08-25,AUG 2026
2026-08-05 10:25:00+05:30,NIFTY26AUGFUT,NSE:NIFTY26AUGFUT,24703.8,24703.8,24660.0,24662.0,27105.0,12034035.0,2026-08-27,2026-08-25,AUG 2026
2026-08-05 10:30:00+05:30,NIFTY26AUGFUT,NSE:NIFTY26AUGFUT,24660.0,24660.0,24640.0,24660.0,65910.0,12046450.0,2026-08-27,2026-08-25,AUG 2026
2026-08-05 10:35:00+05:30,NIFTY26AUGFUT,NSE:NIFTY26AUGFUT,24660.0,24679.5,24651.7,24660.3,34775.0,12079145.0,2026-08-27,2026-08-25,AUG 2026
2026-08-05 10:40:00+05:30,NIFTY26AUGFUT,NSE:NIFTY26AUGFUT,24660.3,24696.0,24659.0,24680.0,18135.0,12083760.0,2026-08-27,2026-08-25,AUG 2026
2026-08-05 10:45:00+05:30,NIFTY26AUGFUT,NSE:NIFTY26AUGFUT,24684.0,24695.0,24676.1,24695.0,10595.0,12084800.0,2026-08-27,2026-08-25,AUG 2026
2026-08-05 10:50:00+05:30,NIFTY26AUGFUT,NSE:NIFTY26AUGFUT,24694.0,24704.0,24686.0,24698.1,18395.0,12087140.0,2026-08-27,2026-08-25,AUG 2026
2026-08-05 10:55:00+05:30,NIFTY26AUGFUT,NSE:NIFTY26AUGFUT,24695.1,24722.0,24695.1,24722.0,44135.0,12088505.0,2026-08-27,2026-08-25,AUG 2026
2026-08-05 11:00:00+05:30,NIFTY26AUGFUT,NSE:NIFTY26AUGFUT,24720.1,24740.0,24720.0,24730.0,63180.0,12084345.0,2026-08-27,2026-08-25,AUG 2026
2026-08-05 11:05:00+05:30,NIFTY26AUGFUT,NSE:NIFTY26AUGFUT,24728.0,24735.0,24709.0,24712.8,19955.0,12083890.0,2026-08-27,2026-08-25,AUG 2026
2026-08-05 11:10:00+05:30,NIFTY26AUGFUT,NSE:NIFTY26AUGFUT,24712.5,24719.9,24695.7,24715.0,17680.0,12083565.0,2026-08-27,2026-08-25,AUG 2026
2026-08-05 11:15:00+05:30,NIFTY26AUGFUT,NSE:NIFTY26AUGFUT,24715.0,24718.6,24700.0,24700.0,9490.0,12083045.0,2026-08-27,2026-08-25,AUG 2026
2026-08-05 11:20:00+05:30,NIFTY26AUGFUT,NSE:NIFTY26AUGFUT,24700.0,24709.9,24695.9,24700.0,9945.0,12083435.0,2026-08-27,2026-08-25,AUG 2026
2026-08-05 11:25:00+05:30,NIFTY26AUGFUT,NSE:NIFTY26AUGFUT,24699.1,24703.0,24690.1,24690.1,8125.0,12083630.0,2026-08-27,2026-08-25,AUG 2026
2026-08-05 11:30:00+05:30,NIFTY26AUGFUT,NSE:NIFTY26AUGFUT,24690.0,24694.0,24660.0,24660.0,26910.0,12079080.0,2026-08-27,2026-08-25,AUG 2026
2026-08-05 11:35:00+05:30,NIFTY26AUGFUT,NSE:NIFTY26AUGFUT,24660.0,24675.4,24660.0,24672.1,19110.0,12078170.0,2026-08-27,2026-08-25,AUG 2026
2026-08-05 11:40:00+05:30,NIFTY26AUGFUT,NSE:NIFTY26AUGFUT,24673.5,24685.0,24665.0,24671.0,11310.0,12083500.0,2026-08-27,2026-08-25,AUG 2026
2026-08-05 11:45:00+05:30,NIFTY26AUGFUT,NSE:NIFTY26AUGFUT,24671.0,24676.1,24661.3,24661.3,11180.0,12084215.0,2026-08-27,2026-08-25,AUG 2026
2026-08-05 11:50:00+05:30,NIFTY26AUGFUT,NSE:NIFTY26AUGFUT,24661.3,24665.9,24645.0,24648.0,38155.0,12091495.0,2026-08-27,2026-08-25,AUG 2026
2026-08-05 11:55:00+05:30,NIFTY26AUGFUT,NSE:NIFTY26AUGFUT,24649.0,24655.5,24640.0,24653.4,27820.0,12092600.0,2026-08-27,2026-08-25,AUG 2026
2026-08-05 12:00:00+05:30,NIFTY26AUGFUT,NSE:NIFTY26AUGFUT,24652.4,24663.9,24646.0,24659.9,12285.0,12095785.0,2026-08-27,2026-08-25,AUG 2026
2026-08-05 12:05:00+05:30,NIFTY26AUGFUT,NSE:NIFTY26AUGFUT,24660.1,24660.1,24650.0,24651.0,14170.0,12099490.0,2026-08-27,2026-08-25,AUG 2026
2026-08-05 12:10:00+05:30,NIFTY26AUGFUT,NSE:NIFTY26AUGFUT,24651.0,24655.0,24641.8,24654.4,16510.0,12102545.0,2026-08-27,2026-08-25,AUG 2026
2026-08-05 12:15:00+05:30,NIFTY26AUGFUT,NSE:NIFTY26AUGFUT,24654.4,24660.0,24644.2,24646.0,9295.0,12103520.0,2026-08-27,2026-08-25,AUG 2026
2026-08-05 12:20:00+05:30,NIFTY26AUGFUT,NSE:NIFTY26AUGFUT,24650.0,24655.0,24640.0,24654.7,17875.0,12104170.0,2026-08-27,2026-08-25,AUG 2026
2026-08-05 12:25:00+05:30,NIFTY26AUGFUT,NSE:NIFTY26AUGFUT,24654.7,24654.7,24640.0,24645.0,8450.0,12105795.0,2026-08-27,2026-08-25,AUG 2026
2026-08-05 12:30:00+05:30,NIFTY26AUGFUT,NSE:NIFTY26AUGFUT,24645.0,24650.0,24614.0,24623.1,59930.0,12106185.0,2026-08-27,2026-08-25,AUG 2026
2026-08-05 12:35:00+05:30,NIFTY26AUGFUT,NSE:NIFTY26AUGFUT,24618.0,24621.3,24603.0,24620.0,50635.0,12120810.0,2026-08-27,2026-08-25,AUG 2026
2026-08-05 12:40:00+05:30,NIFTY26AUGFUT,NSE:NIFTY26AUGFUT,24620.0,24624.9,24600.5,24607.0,45955.0,12126465.0,2026-08-27,2026-08-25,AUG 2026
2026-08-05 12:45:00+05:30,NIFTY26AUGFUT,NSE:NIFTY26AUGFUT,24609.0,24613.2,24595.0,24599.0,32370.0,12129260.0,2026-08-27,2026-08-25,AUG 2026
2026-08-05 12:50:00+05:30,NIFTY26AUGFUT,NSE:NIFTY26AUGFUT,24600.0,24604.7,24590.1,24600.9,23400.0,12128155.0,2026-08-27,2026-08-25,AUG 2026
2026-08-05 12:55:00+05:30,NIFTY26AUGFUT,NSE:NIFTY26AUGFUT,24600.9,24607.5,24590.0,24591.2,37310.0,12131795.0,2026-08-27,2026-08-25,AUG 2026
2026-08-05 13:00:00+05:30,NIFTY26AUGFUT,NSE:NIFTY26AUGFUT,24590.0,24607.1,24585.0,24600.0,28860.0,12134395.0,2026-08-27,2026-08-25,AUG 2026
2026-08-05 13:05:00+05:30,NIFTY26AUGFUT,NSE:NIFTY26AUGFUT,24605.2,24611.9,24579.0,24611.9,60905.0,12149085.0,2026-08-27,2026-08-25,AUG 2026
2026-08-05 13:10:00+05:30,NIFTY26AUGFUT,NSE:NIFTY26AUGFUT,24612.4,24615.0,24599.0,24608.4,22360.0,12162670.0,2026-08-27,2026-08-25,AUG 2026
2026-08-05 13:15:00+05:30,NIFTY26AUGFUT,NSE:NIFTY26AUGFUT,24611.3,24618.9,24603.5,24618.9,12675.0,12163450.0,2026-08-27,2026-08-25,AUG 2026
2026-08-05 13:20:00+05:30,NIFTY26AUGFUT,NSE:NIFTY26AUGFUT,24618.9,24623.5,24603.0,24605.7,27105.0,12168065.0,2026-08-27,2026-08-25,AUG 2026
2026-08-05 13:25:00+05:30,NIFTY26AUGFUT,NSE:NIFTY26AUGFUT,24605.0,24608.7,24599.0,24606.4,15015.0,12170600.0,2026-08-27,2026-08-25,AUG 2026
2026-08-05 13:30:00+05:30,NIFTY26AUGFUT,NSE:NIFTY26AUGFUT,24606.4,24606.8,24592.0,24594.1,8645.0,12174435.0,2026-08-27,2026-08-25,AUG 2026
2026-08-05 13:35:00+05:30,NIFTY26AUGFUT,NSE:NIFTY26AUGFUT,24594.1,24603.9,24590.0,24592.0,12545.0,12182495.0,2026-08-27,2026-08-25,AUG 2026
2026-08-05 13:40:00+05:30,NIFTY26AUGFUT,NSE:NIFTY26AUGFUT,24592.0,24594.4,24565.0,24566.7,41600.0,12188020.0,2026-08-27,2026-08-25,AUG 2026
2026-08-05 13:45:00+05:30,NIFTY26AUGFUT,NSE:NIFTY26AUGFUT,24568.0,24603.0,24566.3,24603.0,17355.0,12192635.0,2026-08-27,2026-08-25,AUG 2026
2026-08-05 13:50:00+05:30,NIFTY26AUGFUT,NSE:NIFTY26AUGFUT,24603.0,24605.8,24585.7,24594.8,13715.0,12197445.0,2026-08-27,2026-08-25,AUG 2026
2026-08-05 13:55:00+05:30,NIFTY26AUGFUT,NSE:NIFTY26AUGFUT,24594.8,24595.0,24586.0,24593.5,10465.0,12205765.0,2026-08-27,2026-08-25,AUG 2026
2026-08-05 14:00:00+05:30,NIFTY26AUGFUT,NSE:NIFTY26AUGFUT,24593.5,24610.0,24593.0,24607.3,11895.0,12210835.0,2026-08-27,2026-08-25,AUG 2026
2026-08-05 14:05:00+05:30,NIFTY26AUGFUT,NSE:NIFTY26AUGFUT,24607.3,24616.0,24600.1,24607.3,11895.0,12212330.0,2026-08-27,2026-08-25,AUG 2026
2026-08-05 14:10:00+05:30,NIFTY26AUGFUT,NSE:NIFTY26AUGFUT,24607.3,24616.4,24595.0,24595.0,6955.0,12213370.0,2026-08-27,2026-08-25,AUG 2026
2026-08-05 14:15:00+05:30,NIFTY26AUGFUT,NSE:NIFTY26AUGFUT,24596.2,24598.0,24580.0,24593.9,22035.0,12217400.0,2026-08-27,2026-08-25,AUG 2026
2026-08-05 14:20:00+05:30,NIFTY26AUGFUT,NSE:NIFTY26AUGFUT,24589.7,24598.9,24586.1,24588.0,10270.0,12221885.0,2026-08-27,2026-08-25,AUG 2026
2026-08-05 14:25:00+05:30,NIFTY26AUGFUT,NSE:NIFTY26AUGFUT,24588.0,24594.9,24585.0,24589.0,11245.0,12224225.0,2026-08-27,2026-08-25,AUG 2026
2026-08-05 14:30:00+05:30,NIFTY26AUGFUT,NSE:NIFTY26AUGFUT,24588.8,24597.0,24585.8,24590.0,13455.0,12229555.0,2026-08-27,2026-08-25,AUG 2026
2026-08-05 14:35:00+05:30,NIFTY26AUGFUT,NSE:NIFTY26AUGFUT,24590.0,24610.0,24588.0,24601.0,15795.0,12234365.0,2026-08-27,2026-08-25,AUG 2026
2026-08-05 14:40:00+05:30,NIFTY26AUGFUT,NSE:NIFTY26AUGFUT,24601.0,24601.0,24585.0,24585.0,7800.0,12237875.0,2026-08-27,2026-08-25,AUG 2026
2026-08-05 14:45:00+05:30,NIFTY26AUGFUT,NSE:NIFTY26AUGFUT,24587.2,24609.1,24585.1,24602.6,12740.0,12240995.0,2026-08-27,2026-08-25,AUG 2026
2026-08-05 14:50:00+05:30,NIFTY26AUGFUT,NSE:NIFTY26AUGFUT,24602.6,24610.0,24594.0,24605.6,23010.0,12248665.0,2026-08-27,2026-08-25,AUG 2026
2026-08-05 14:55:00+05:30,NIFTY26AUGFUT,NSE:NIFTY26AUGFUT,24603.0,24623.9,24597.2,24610.0,54015.0,12270180.0,2026-08-27,2026-08-25,AUG 2026
2026-08-05 15:00:00+05:30,NIFTY26AUGFUT,NSE:NIFTY26AUGFUT,24615.0,24625.0,24604.0,24620.0,24635.0,12275575.0,2026-08-27,2026-08-25,AUG 2026
2026-08-05 15:05:00+05:30,NIFTY26AUGFUT,NSE:NIFTY26AUGFUT,24620.0,24639.0,24611.9,24633.0,52130.0,12294620.0,2026-08-27,2026-08-25,AUG 2026
2026-08-05 15:10:00+05:30,NIFTY26AUGFUT,NSE:NIFTY26AUGFUT,24632.2,24658.8,24622.9,24655.0,148265.0,12338820.0,2026-08-27,2026-08-25,AUG 2026
2026-08-05 15:15:00+05:30,NIFTY26AUGFUT,NSE:NIFTY26AUGFUT,24653.0,24675.0,24604.1,24647.0,76895.0,12347660.0,2026-08-27,2026-08-25,AUG 2026
2026-08-05 15:20:00+05:30,NIFTY26AUGFUT,NSE:NIFTY26AUGFUT,24647.0,24654.0,24640.9,24645.0,36725.0,12363325.0,2026-08-27,2026-08-25,AUG 2026
2026-08-05 15:25:00+05:30,NIFTY26AUGFUT,NSE:NIFTY26AUGFUT,24645.0,24655.0,24629.6,24654.0,47970.0,12368135.0,2026-08-27,2026-08-25,AUG 2026
2026-08-05 15:30:00+05:30,NIFTY26AUGFUT,NSE:NIFTY26AUGFUT,24650.0,24655.0,24644.4,24648.0,18785.0,12366640.0,2026-08-27,2026-08-25,AUG 2026
2026-08-05 15:35:00+05:30,NIFTY26AUGFUT,NSE:NIFTY26AUGFUT,24650.0,24652.9,24635.0,24637.0,37635.0,12362545.0,2026-08-27,2026-08-25,AUG 2026
2026-08-06 09:15:00+05:30,NIFTY26AUGFUT,NSE:NIFTY26AUGFUT,24687.0,24719.9,24672.3,24700.0,135915.0,12335505.0,2026-08-27,2026-08-25,AUG 2026
2026-08-06 09:20:00+05:30,NIFTY26AUGFUT,NSE:NIFTY26AUGFUT,24700.0,24719.9,24698.1,24715.0,62920.0,12336025.0,2026-08-27,2026-08-25,AUG 2026
2026-08-06 09:25:00+05:30,NIFTY26AUGFUT,NSE:NIFTY26AUGFUT,24713.0,24724.0,24704.8,24717.5,79690.0,12279280.0,2026-08-27,2026-08-25,AUG 2026
2026-08-06 09:30:00+05:30,NIFTY26AUGFUT,NSE:NIFTY26AUGFUT,24720.0,24730.0,24701.0,24715.0,86580.0,12269205.0,2026-08-27,2026-08-25,AUG 2026
2026-08-06 09:35:00+05:30,NIFTY26AUGFUT,NSE:NIFTY26AUGFUT,24709.3,24727.5,24708.8,24724.9,47580.0,12236705.0,2026-08-27,2026-08-25,AUG 2026
2026-08-06 09:40:00+05:30,NIFTY26AUGFUT,NSE:NIFTY26AUGFUT,24725.0,24729.0,24719.3,24727.8,36790.0,12208950.0,2026-08-27,2026-08-25,AUG 2026
2026-08-06 09:45:00+05:30,NIFTY26AUGFUT,NSE:NIFTY26AUGFUT,24727.8,24750.0,24725.0,24745.5,108810.0,12195820.0,2026-08-27,2026-08-25,AUG 2026
2026-08-06 09:50:00+05:30,NIFTY26AUGFUT,NSE:NIFTY26AUGFUT,24745.9,24750.0,24739.7,24745.1,51220.0,12175800.0,2026-08-27,2026-08-25,AUG 2026
2026-08-06 09:55:00+05:30,NIFTY26AUGFUT,NSE:NIFTY26AUGFUT,24745.1,24745.1,24721.0,24723.8,37440.0,12152075.0,2026-08-27,2026-08-25,AUG 2026
2026-08-06 10:00:00+05:30,NIFTY26AUGFUT,NSE:NIFTY26AUGFUT,24724.0,24724.0,24692.0,24700.0,42835.0,12148630.0,2026-08-27,2026-08-25,AUG 2026
2026-08-06 10:05:00+05:30,NIFTY26AUGFUT,NSE:NIFTY26AUGFUT,24700.0,24710.0,24693.0,24704.6,31265.0,12134525.0,2026-08-27,2026-08-25,AUG 2026
2026-08-06 10:10:00+05:30,NIFTY26AUGFUT,NSE:NIFTY26AUGFUT,24709.8,24727.1,24705.0,24715.6,24115.0,12128675.0,2026-08-27,2026-08-25,AUG 2026
2026-08-06 10:15:00+05:30,NIFTY26AUGFUT,NSE:NIFTY26AUGFUT,24717.1,24720.8,24697.8,24704.4,24570.0,12123410.0,2026-08-27,2026-08-25,AUG 2026
2026-08-06 10:20:00+05:30,NIFTY26AUGFUT,NSE:NIFTY26AUGFUT,24711.0,24728.0,24699.6,24727.1,20995.0,12126920.0,2026-08-27,2026-08-25,AUG 2026
2026-08-06 10:25:00+05:30,NIFTY26AUGFUT,NSE:NIFTY26AUGFUT,24728.7,24728.7,24715.0,24727.1,11570.0,12121590.0,2026-08-27,2026-08-25,AUG 2026
2026-08-06 10:30:00+05:30,NIFTY26AUGFUT,NSE:NIFTY26AUGFUT,24720.0,24731.9,24720.0,24723.1,15210.0,12118860.0,2026-08-27,2026-08-25,AUG 2026
2026-08-06 10:35:00+05:30,NIFTY26AUGFUT,NSE:NIFTY26AUGFUT,24721.4,24730.5,24720.0,24727.3,25285.0,12114375.0,2026-08-27,2026-08-25,AUG 2026
2026-08-06 10:40:00+05:30,NIFTY26AUGFUT,NSE:NIFTY26AUGFUT,24727.3,24728.5,24720.0,24724.6,12350.0,12115610.0,2026-08-27,2026-08-25,AUG 2026
2026-08-06 10:45:00+05:30,NIFTY26AUGFUT,NSE:NIFTY26AUGFUT,24724.6,24724.6,24705.0,24717.3,13390.0,12103195.0,2026-08-27,2026-08-25,AUG 2026
2026-08-06 10:50:00+05:30,NIFTY26AUGFUT,NSE:NIFTY26AUGFUT,24710.0,24717.9,24696.0,24716.0,21190.0,12100465.0,2026-08-27,2026-08-25,AUG 2026
2026-08-06 10:55:00+05:30,NIFTY26AUGFUT,NSE:NIFTY26AUGFUT,24716.0,24725.0,24712.2,24720.2,15665.0,12099425.0,2026-08-27,2026-08-25,AUG 2026
2026-08-06 11:00:00+05:30,NIFTY26AUGFUT,NSE:NIFTY26AUGFUT,24720.2,24723.0,24709.7,24718.0,10465.0,12092145.0,2026-08-27,2026-08-25,AUG 2026
2026-08-06 11:05:00+05:30,NIFTY26AUGFUT,NSE:NIFTY26AUGFUT,24718.0,24728.5,24715.0,24728.5,16510.0,12085515.0,2026-08-27,2026-08-25,AUG 2026
2026-08-06 11:10:00+05:30,NIFTY26AUGFUT,NSE:NIFTY26AUGFUT,24728.8,24738.5,24720.0,24737.6,28795.0,12079925.0,2026-08-27,2026-08-25,AUG 2026
2026-08-06 11:15:00+05:30,NIFTY26AUGFUT,NSE:NIFTY26AUGFUT,24739.0,24750.0,24736.0,24749.5,27430.0,12075440.0,2026-08-27,2026-08-25,AUG 2026
2026-08-06 11:20:00+05:30,NIFTY26AUGFUT,NSE:NIFTY26AUGFUT,24749.0,24755.0,24749.0,24751.0,54015.0,12067900.0,2026-08-27,2026-08-25,AUG 2026
2026-08-06 11:25:00+05:30,NIFTY26AUGFUT,NSE:NIFTY26AUGFUT,24749.0,24755.0,24745.0,24755.0,24830.0,12050740.0,2026-08-27,2026-08-25,AUG 2026
2026-08-06 11:30:00+05:30,NIFTY26AUGFUT,NSE:NIFTY26AUGFUT,24755.0,24758.3,24741.6,24741.6,28535.0,12048270.0,2026-08-27,2026-08-25,AUG 2026
2026-08-06 11:35:00+05:30,NIFTY26AUGFUT,NSE:NIFTY26AUGFUT,24741.6,24747.5,24735.0,24738.5,17875.0,12041705.0,2026-08-27,2026-08-25,AUG 2026
2026-08-06 11:40:00+05:30,NIFTY26AUGFUT,NSE:NIFTY26AUGFUT,24738.5,24742.7,24706.0,24712.0,35295.0,12045280.0,2026-08-27,2026-08-25,AUG 2026
2026-08-06 11:45:00+05:30,NIFTY26AUGFUT,NSE:NIFTY26AUGFUT,24712.0,24719.0,24701.0,24718.0,20475.0,12044890.0,2026-08-27,2026-08-25,AUG 2026
2026-08-06 11:50:00+05:30,NIFTY26AUGFUT,NSE:NIFTY26AUGFUT,24718.0,24736.0,24717.3,24736.0,13000.0,12043265.0,2026-08-27,2026-08-25,AUG 2026
2026-08-06 11:55:00+05:30,NIFTY26AUGFUT,NSE:NIFTY26AUGFUT,24732.9,24750.0,24728.6,24749.1,17030.0,12042680.0,2026-08-27,2026-08-25,AUG 2026
2026-08-06 12:00:00+05:30,NIFTY26AUGFUT,NSE:NIFTY26AUGFUT,24748.6,24748.6,24739.9,24741.9,12025.0,12041445.0,2026-08-27,2026-08-25,AUG 2026
2026-08-06 12:05:00+05:30,NIFTY26AUGFUT,NSE:NIFTY26AUGFUT,24742.2,24744.0,24730.0,24734.0,9490.0,12025195.0,2026-08-27,2026-08-25,AUG 2026
2026-08-06 12:10:00+05:30,NIFTY26AUGFUT,NSE:NIFTY26AUGFUT,24730.4,24734.1,24723.9,24725.0,10985.0,12023765.0,2026-08-27,2026-08-25,AUG 2026
2026-08-06 12:15:00+05:30,NIFTY26AUGFUT,NSE:NIFTY26AUGFUT,24725.0,24740.0,24725.0,24730.0,11700.0,12022985.0,2026-08-27,2026-08-25,AUG 2026
2026-08-06 12:20:00+05:30,NIFTY26AUGFUT,NSE:NIFTY26AUGFUT,24727.9,24727.9,24716.0,24723.2,19500.0,12028575.0,2026-08-27,2026-08-25,AUG 2026
2026-08-06 12:25:00+05:30,NIFTY26AUGFUT,NSE:NIFTY26AUGFUT,24721.6,24729.9,24721.5,24726.9,19825.0,12027535.0,2026-08-27,2026-08-25,AUG 2026
2026-08-06 12:30:00+05:30,NIFTY26AUGFUT,NSE:NIFTY26AUGFUT,24727.4,24737.9,24725.3,24737.6,19240.0,12015640.0,2026-08-27,2026-08-25,AUG 2026
2026-08-06 12:35:00+05:30,NIFTY26AUGFUT,NSE:NIFTY26AUGFUT,24739.0,24740.0,24726.1,24732.0,20475.0,12006735.0,2026-08-27,2026-08-25,AUG 2026
2026-08-06 12:40:00+05:30,NIFTY26AUGFUT,NSE:NIFTY26AUGFUT,24732.0,24733.0,24725.0,24732.0,7995.0,12001925.0,2026-08-27,2026-08-25,AUG 2026
2026-08-06 12:45:00+05:30,NIFTY26AUGFUT,NSE:NIFTY26AUGFUT,24732.0,24735.4,24726.0,24726.0,10010.0,11988470.0,2026-08-27,2026-08-25,AUG 2026
2026-08-06 12:50:00+05:30,NIFTY26AUGFUT,NSE:NIFTY26AUGFUT,24726.0,24728.7,24721.0,24721.9,7995.0,11990615.0,2026-08-27,2026-08-25,AUG 2026
2026-08-06 12:55:00+05:30,NIFTY26AUGFUT,NSE:NIFTY26AUGFUT,24721.9,24725.6,24705.6,24720.0,21515.0,11987755.0,2026-08-27,2026-08-25,AUG 2026
2026-08-06 13:00:00+05:30,NIFTY26AUGFUT,NSE:NIFTY26AUGFUT,24720.0,24733.0,24720.0,24730.0,8385.0,11987170.0,2026-08-27,2026-08-25,AUG 2026
2026-08-06 13:05:00+05:30,NIFTY26AUGFUT,NSE:NIFTY26AUGFUT,24725.0,24734.4,24711.0,24713.8,21580.0,11983985.0,2026-08-27,2026-08-25,AUG 2026
2026-08-06 13:10:00+05:30,NIFTY26AUGFUT,NSE:NIFTY26AUGFUT,24713.8,24732.4,24710.0,24710.0,14885.0,11986780.0,2026-08-27,2026-08-25,AUG 2026
2026-08-06 13:15:00+05:30,NIFTY26AUGFUT,NSE:NIFTY26AUGFUT,24710.0,24728.5,24700.1,24725.0,24310.0,11982815.0,2026-08-27,2026-08-25,AUG 2026
2026-08-06 13:20:00+05:30,NIFTY26AUGFUT,NSE:NIFTY26AUGFUT,24726.9,24732.0,24700.0,24700.0,25155.0,11977485.0,2026-08-27,2026-08-25,AUG 2026
2026-08-06 13:25:00+05:30,NIFTY26AUGFUT,NSE:NIFTY26AUGFUT,24700.0,24715.0,24699.7,24710.1,12285.0,11967410.0,2026-08-27,2026-08-25,AUG 2026
2026-08-06 13:30:00+05:30,NIFTY26AUGFUT,NSE:NIFTY26AUGFUT,24714.8,24720.0,24710.0,24712.0,6630.0,11962210.0,2026-08-27,2026-08-25,AUG 2026
2026-08-06 13:35:00+05:30,NIFTY26AUGFUT,NSE:NIFTY26AUGFUT,24716.2,24735.0,24713.6,24722.5,13520.0,11961950.0,2026-08-27,2026-08-25,AUG 2026
2026-08-06 13:40:00+05:30,NIFTY26AUGFUT,NSE:NIFTY26AUGFUT,24722.5,24725.9,24710.0,24716.1,7410.0,11961625.0,2026-08-27,2026-08-25,AUG 2026
2026-08-06 13:45:00+05:30,NIFTY26AUGFUT,NSE:NIFTY26AUGFUT,24716.1,24720.0,24701.0,24703.0,19695.0,11966565.0,2026-08-27,2026-08-25,AUG 2026
2026-08-06 13:50:00+05:30,NIFTY26AUGFUT,NSE:NIFTY26AUGFUT,24703.0,24723.8,24692.6,24713.0,21645.0,11967020.0,2026-08-27,2026-08-25,AUG 2026
2026-08-06 13:55:00+05:30,NIFTY26AUGFUT,NSE:NIFTY26AUGFUT,24713.0,24732.1,24713.0,24732.1,18980.0,11966110.0,2026-08-27,2026-08-25,AUG 2026
2026-08-06 14:00:00+05:30,NIFTY26AUGFUT,NSE:NIFTY26AUGFUT,24732.1,24740.0,24721.5,24740.0,28145.0,11963055.0,2026-08-27,2026-08-25,AUG 2026
2026-08-06 14:05:00+05:30,NIFTY26AUGFUT,NSE:NIFTY26AUGFUT,24735.5,24746.8,24735.5,24740.0,23400.0,11957530.0,2026-08-27,2026-08-25,AUG 2026
2026-08-06 14:10:00+05:30,NIFTY26AUGFUT,NSE:NIFTY26AUGFUT,24740.0,24744.3,24735.0,24735.0,9555.0,11962275.0,2026-08-27,2026-08-25,AUG 2026
2026-08-06 14:15:00+05:30,NIFTY26AUGFUT,NSE:NIFTY26AUGFUT,24735.0,24745.0,24735.0,24741.0,11830.0,11952720.0,2026-08-27,2026-08-25,AUG 2026
2026-08-06 14:20:00+05:30,NIFTY26AUGFUT,NSE:NIFTY26AUGFUT,24745.0,24748.0,24741.0,24747.6,19240.0,11957270.0,2026-08-27,2026-08-25,AUG 2026
2026-08-06 14:25:00+05:30,NIFTY26AUGFUT,NSE:NIFTY26AUGFUT,24747.9,24750.0,24740.1,24745.5,23270.0,11960845.0,2026-08-27,2026-08-25,AUG 2026
2026-08-06 14:30:00+05:30,NIFTY26AUGFUT,NSE:NIFTY26AUGFUT,24746.0,24746.0,24730.0,24732.0,14885.0,11961560.0,2026-08-27,2026-08-25,AUG 2026
2026-08-06 14:35:00+05:30,NIFTY26AUGFUT,NSE:NIFTY26AUGFUT,24734.0,24740.8,24730.1,24733.0,10335.0,11955970.0,2026-08-27,2026-08-25,AUG 2026
2026-08-06 14:40:00+05:30,NIFTY26AUGFUT,NSE:NIFTY26AUGFUT,24733.0,24736.0,24726.7,24730.0,10205.0,11951485.0,2026-08-27,2026-08-25,AUG 2026
2026-08-06 14:45:00+05:30,NIFTY26AUGFUT,NSE:NIFTY26AUGFUT,24727.0,24737.0,24725.1,24736.0,10075.0,11945505.0,2026-08-27,2026-08-25,AUG 2026
2026-08-06 14:50:00+05:30,NIFTY26AUGFUT,NSE:NIFTY26AUGFUT,24736.0,24737.0,24730.0,24732.0,11050.0,11947520.0,2026-08-27,2026-08-25,AUG 2026
2026-08-06 14:55:00+05:30,NIFTY26AUGFUT,NSE:NIFTY26AUGFUT,24732.0,24737.9,24726.3,24730.0,20800.0,11947325.0,2026-08-27,2026-08-25,AUG 2026
2026-08-06 15:00:00+05:30,NIFTY26AUGFUT,NSE:NIFTY26AUGFUT,24730.0,24743.1,24722.0,24728.0,37375.0,11955255.0,2026-08-27,2026-08-25,AUG 2026
2026-08-06 15:05:00+05:30,NIFTY26AUGFUT,NSE:NIFTY26AUGFUT,24728.0,24737.9,24724.0,24733.4,42575.0,11963705.0,2026-08-27,2026-08-25,AUG 2026
2026-08-06 15:10:00+05:30,NIFTY26AUGFUT,NSE:NIFTY26AUGFUT,24730.5,24741.9,24728.6,24740.4,60580.0,11977615.0,2026-08-27,2026-08-25,AUG 2026
2026-08-06 15:15:00+05:30,NIFTY26AUGFUT,NSE:NIFTY26AUGFUT,24739.2,24750.0,24735.0,24746.5,40690.0,11976575.0,2026-08-27,2026-08-25,AUG 2026
2026-08-06 15:20:00+05:30,NIFTY26AUGFUT,NSE:NIFTY26AUGFUT,24746.0,24750.0,24735.0,24749.8,26130.0,11945050.0,2026-08-27,2026-08-25,AUG 2026
2026-08-06 15:25:00+05:30,NIFTY26AUGFUT,NSE:NIFTY26AUGFUT,24744.0,24750.0,24733.0,24745.0,27300.0,11934520.0,2026-08-27,2026-08-25,AUG 2026
2026-08-06 15:30:00+05:30,NIFTY26AUGFUT,NSE:NIFTY26AUGFUT,24738.5,24746.0,24734.5,24735.0,24050.0,11923990.0,2026-08-27,2026-08-25,AUG 2026
2026-08-06 15:35:00+05:30,NIFTY26AUGFUT,NSE:NIFTY26AUGFUT,24738.0,24743.0,24730.0,24738.0,28340.0,11922365.0,2026-08-27,2026-08-25,AUG 2026
2026-08-07 09:15:00+05:30,NIFTY26AUGFUT,NSE:NIFTY26AUGFUT,24672.0,24685.0,24652.0,24675.0,121290.0,11833380.0,2026-08-27,2026-08-25,AUG 2026
2026-08-07 09:20:00+05:30,NIFTY26AUGFUT,NSE:NIFTY26AUGFUT,24675.0,24696.3,24665.0,24693.5,34515.0,11825580.0,2026-08-27,2026-08-25,AUG 2026
2026-08-07 09:25:00+05:30,NIFTY26AUGFUT,NSE:NIFTY26AUGFUT,24685.1,24694.3,24671.0,24685.9,31980.0,11828635.0,2026-08-27,2026-08-25,AUG 2026
2026-08-07 09:30:00+05:30,NIFTY26AUGFUT,NSE:NIFTY26AUGFUT,24685.9,24691.0,24670.2,24680.0,32370.0,11833705.0,2026-08-27,2026-08-25,AUG 2026
2026-08-07 09:35:00+05:30,NIFTY26AUGFUT,NSE:NIFTY26AUGFUT,24680.0,24689.1,24675.0,24680.1,16575.0,11835980.0,2026-08-27,2026-08-25,AUG 2026
2026-08-07 09:40:00+05:30,NIFTY26AUGFUT,NSE:NIFTY26AUGFUT,24688.7,24696.0,24675.0,24696.0,17290.0,11837865.0,2026-08-27,2026-08-25,AUG 2026
2026-08-07 09:45:00+05:30,NIFTY26AUGFUT,NSE:NIFTY26AUGFUT,24696.0,24698.0,24676.0,24687.0,31200.0,11836240.0,2026-08-27,2026-08-25,AUG 2026
2026-08-07 09:50:00+05:30,NIFTY26AUGFUT,NSE:NIFTY26AUGFUT,24687.0,24698.0,24680.2,24698.0,8255.0,11836370.0,2026-08-27,2026-08-25,AUG 2026
2026-08-07 09:55:00+05:30,NIFTY26AUGFUT,NSE:NIFTY26AUGFUT,24698.0,24707.0,24690.0,24699.0,23595.0,11841765.0,2026-08-27,2026-08-25,AUG 2026
2026-08-07 10:00:00+05:30,NIFTY26AUGFUT,NSE:NIFTY26AUGFUT,24703.2,24703.2,24680.1,24689.0,12480.0,11848850.0,2026-08-27,2026-08-25,AUG 2026
2026-08-07 10:05:00+05:30,NIFTY26AUGFUT,NSE:NIFTY26AUGFUT,24682.1,24695.6,24680.3,24691.0,16900.0,11856130.0,2026-08-27,2026-08-25,AUG 2026
2026-08-07 10:10:00+05:30,NIFTY26AUGFUT,NSE:NIFTY26AUGFUT,24682.0,24690.0,24670.0,24670.5,19240.0,11862110.0,2026-08-27,2026-08-25,AUG 2026
2026-08-07 10:15:00+05:30,NIFTY26AUGFUT,NSE:NIFTY26AUGFUT,24670.1,24679.0,24645.0,24650.6,75205.0,11866010.0,2026-08-27,2026-08-25,AUG 2026
2026-08-07 10:20:00+05:30,NIFTY26AUGFUT,NSE:NIFTY26AUGFUT,24649.2,24665.9,24648.3,24652.0,27950.0,11867115.0,2026-08-27,2026-08-25,AUG 2026
2026-08-07 10:25:00+05:30,NIFTY26AUGFUT,NSE:NIFTY26AUGFUT,24651.0,24658.0,24641.0,24643.8,30680.0,11878230.0,2026-08-27,2026-08-25,AUG 2026
2026-08-07 10:30:00+05:30,NIFTY26AUGFUT,NSE:NIFTY26AUGFUT,24643.0,24650.0,24640.0,24647.5,27235.0,11889800.0,2026-08-27,2026-08-25,AUG 2026
2026-08-07 10:35:00+05:30,NIFTY26AUGFUT,NSE:NIFTY26AUGFUT,24647.5,24658.0,24642.0,24658.0,19305.0,11890515.0,2026-08-27,2026-08-25,AUG 2026
2026-08-07 10:40:00+05:30,NIFTY26AUGFUT,NSE:NIFTY26AUGFUT,24651.0,24655.3,24641.0,24646.0,22295.0,11896560.0,2026-08-27,2026-08-25,AUG 2026
2026-08-07 10:45:00+05:30,NIFTY26AUGFUT,NSE:NIFTY26AUGFUT,24650.0,24657.8,24646.0,24651.1,12025.0,11898835.0,2026-08-27,2026-08-25,AUG 2026
2026-08-07 10:50:00+05:30,NIFTY26AUGFUT,NSE:NIFTY26AUGFUT,24650.9,24662.7,24645.0,24655.0,13585.0,11903125.0,2026-08-27,2026-08-25,AUG 2026
2026-08-07 10:55:00+05:30,NIFTY26AUGFUT,NSE:NIFTY26AUGFUT,24654.9,24663.4,24647.9,24650.0,6630.0,11902995.0,2026-08-27,2026-08-25,AUG 2026
2026-08-07 11:00:00+05:30,NIFTY26AUGFUT,NSE:NIFTY26AUGFUT,24647.0,24654.7,24625.0,24627.0,47060.0,11898640.0,2026-08-27,2026-08-25,AUG 2026
2026-08-07 11:05:00+05:30,NIFTY26AUGFUT,NSE:NIFTY26AUGFUT,24625.4,24645.0,24625.0,24640.0,19890.0,11900655.0,2026-08-27,2026-08-25,AUG 2026
2026-08-07 11:10:00+05:30,NIFTY26AUGFUT,NSE:NIFTY26AUGFUT,24640.0,24648.0,24634.2,24635.2,12025.0,11903840.0,2026-08-27,2026-08-25,AUG 2026
2026-08-07 11:15:00+05:30,NIFTY26AUGFUT,NSE:NIFTY26AUGFUT,24639.9,24647.1,24627.1,24630.8,26130.0,11913135.0,2026-08-27,2026-08-25,AUG 2026
2026-08-07 11:20:00+05:30,NIFTY26AUGFUT,NSE:NIFTY26AUGFUT,24630.8,24648.5,24630.8,24644.8,19500.0,11918920.0,2026-08-27,2026-08-25,AUG 2026
2026-08-07 11:25:00+05:30,NIFTY26AUGFUT,NSE:NIFTY26AUGFUT,24643.6,24670.0,24642.6,24660.0,26910.0,11922560.0,2026-08-27,2026-08-25,AUG 2026
2026-08-07 11:30:00+05:30,NIFTY26AUGFUT,NSE:NIFTY26AUGFUT,24658.0,24663.1,24645.8,24659.0,12025.0,11929190.0,2026-08-27,2026-08-25,AUG 2026
2026-08-07 11:35:00+05:30,NIFTY26AUGFUT,NSE:NIFTY26AUGFUT,24655.0,24663.0,24651.0,24659.8,7605.0,11932310.0,2026-08-27,2026-08-25,AUG 2026
2026-08-07 11:40:00+05:30,NIFTY26AUGFUT,NSE:NIFTY26AUGFUT,24658.0,24663.5,24655.0,24659.9,9620.0,11937445.0,2026-08-27,2026-08-25,AUG 2026
2026-08-07 11:45:00+05:30,NIFTY26AUGFUT,NSE:NIFTY26AUGFUT,24658.0,24663.7,24642.5,24642.5,10985.0,11947130.0,2026-08-27,2026-08-25,AUG 2026
2026-08-07 11:50:00+05:30,NIFTY26AUGFUT,NSE:NIFTY26AUGFUT,24642.0,24649.0,24627.1,24630.0,23465.0,11944205.0,2026-08-27,2026-08-25,AUG 2026
2026-08-07 11:55:00+05:30,NIFTY26AUGFUT,NSE:NIFTY26AUGFUT,24631.1,24639.9,24628.0,24639.0,5915.0,11946285.0,2026-08-27,2026-08-25,AUG 2026
2026-08-07 12:00:00+05:30,NIFTY26AUGFUT,NSE:NIFTY26AUGFUT,24635.4,24639.0,24631.0,24631.2,5850.0,11945375.0,2026-08-27,2026-08-25,AUG 2026
2026-08-07 12:05:00+05:30,NIFTY26AUGFUT,NSE:NIFTY26AUGFUT,24633.0,24635.1,24625.0,24626.0,26130.0,11957465.0,2026-08-27,2026-08-25,AUG 2026
2026-08-07 12:10:00+05:30,NIFTY26AUGFUT,NSE:NIFTY26AUGFUT,24626.0,24630.0,24620.0,24621.0,22100.0,11963640.0,2026-08-27,2026-08-25,AUG 2026
2026-08-07 12:15:00+05:30,NIFTY26AUGFUT,NSE:NIFTY26AUGFUT,24621.0,24629.0,24615.0,24619.0,37635.0,11965655.0,2026-08-27,2026-08-25,AUG 2026
2026-08-07 12:20:00+05:30,NIFTY26AUGFUT,NSE:NIFTY26AUGFUT,24625.5,24635.3,24615.0,24620.0,25740.0,11971180.0,2026-08-27,2026-08-25,AUG 2026
2026-08-07 12:25:00+05:30,NIFTY26AUGFUT,NSE:NIFTY26AUGFUT,24620.0,24640.0,24619.0,24628.0,17745.0,11975925.0,2026-08-27,2026-08-25,AUG 2026
2026-08-07 12:30:00+05:30,NIFTY26AUGFUT,NSE:NIFTY26AUGFUT,24635.0,24639.3,24620.0,24639.3,16120.0,11981710.0,2026-08-27,2026-08-25,AUG 2026
2026-08-07 12:35:00+05:30,NIFTY26AUGFUT,NSE:NIFTY26AUGFUT,24637.0,24642.0,24630.1,24640.0,7150.0,11981775.0,2026-08-27,2026-08-25,AUG 2026
2026-08-07 12:40:00+05:30,NIFTY26AUGFUT,NSE:NIFTY26AUGFUT,24634.0,24640.0,24630.0,24631.7,9880.0,11985935.0,2026-08-27,2026-08-25,AUG 2026
2026-08-07 12:45:00+05:30,NIFTY26AUGFUT,NSE:NIFTY26AUGFUT,24639.9,24644.4,24635.0,24643.0,10075.0,11988795.0,2026-08-27,2026-08-25,AUG 2026
2026-08-07 12:50:00+05:30,NIFTY26AUGFUT,NSE:NIFTY26AUGFUT,24643.0,24643.0,24630.0,24634.9,14690.0,11999130.0,2026-08-27,2026-08-25,AUG 2026
2026-08-07 12:55:00+05:30,NIFTY26AUGFUT,NSE:NIFTY26AUGFUT,24630.5,24637.7,24628.0,24629.9,6565.0,12001600.0,2026-08-27,2026-08-25,AUG 2026
2026-08-07 13:00:00+05:30,NIFTY26AUGFUT,NSE:NIFTY26AUGFUT,24628.0,24630.0,24625.0,24630.0,6630.0,12004655.0,2026-08-27,2026-08-25,AUG 2026
2026-08-07 13:05:00+05:30,NIFTY26AUGFUT,NSE:NIFTY26AUGFUT,24630.0,24642.4,24628.0,24629.9,22425.0,12019020.0,2026-08-27,2026-08-25,AUG 2026
2026-08-07 13:10:00+05:30,NIFTY26AUGFUT,NSE:NIFTY26AUGFUT,24627.3,24640.0,24616.0,24622.1,11700.0,12021880.0,2026-08-27,2026-08-25,AUG 2026
2026-08-07 13:15:00+05:30,NIFTY26AUGFUT,NSE:NIFTY26AUGFUT,24617.8,24631.8,24615.7,24615.7,9945.0,12030265.0,2026-08-27,2026-08-25,AUG 2026
2026-08-07 13:20:00+05:30,NIFTY26AUGFUT,NSE:NIFTY26AUGFUT,24615.7,24642.0,24615.1,24639.9,14300.0,12033515.0,2026-08-27,2026-08-25,AUG 2026
2026-08-07 13:25:00+05:30,NIFTY26AUGFUT,NSE:NIFTY26AUGFUT,24642.0,24648.5,24634.1,24640.0,15210.0,12037740.0,2026-08-27,2026-08-25,AUG 2026
2026-08-07 13:30:00+05:30,NIFTY26AUGFUT,NSE:NIFTY26AUGFUT,24645.2,24645.4,24618.0,24624.5,12545.0,12038325.0,2026-08-27,2026-08-25,AUG 2026
2026-08-07 13:35:00+05:30,NIFTY26AUGFUT,NSE:NIFTY26AUGFUT,24618.0,24634.9,24617.0,24624.9,8450.0,12038065.0,2026-08-27,2026-08-25,AUG 2026
2026-08-07 13:40:00+05:30,NIFTY26AUGFUT,NSE:NIFTY26AUGFUT,24624.9,24630.0,24621.0,24623.0,5135.0,12037545.0,2026-08-27,2026-08-25,AUG 2026
2026-08-07 13:45:00+05:30,NIFTY26AUGFUT,NSE:NIFTY26AUGFUT,24626.0,24654.4,24626.0,24641.0,16250.0,12036830.0,2026-08-27,2026-08-25,AUG 2026
2026-08-07 13:50:00+05:30,NIFTY26AUGFUT,NSE:NIFTY26AUGFUT,24648.5,24660.0,24642.0,24654.0,19240.0,12033450.0,2026-08-27,2026-08-25,AUG 2026
2026-08-07 13:55:00+05:30,NIFTY26AUGFUT,NSE:NIFTY26AUGFUT,24655.0,24655.7,24621.9,24625.4,18460.0,12035530.0,2026-08-27,2026-08-25,AUG 2026
2026-08-07 14:00:00+05:30,NIFTY26AUGFUT,NSE:NIFTY26AUGFUT,24638.0,24654.6,24627.0,24633.6,15925.0,12039040.0,2026-08-27,2026-08-25,AUG 2026
2026-08-07 14:05:00+05:30,NIFTY26AUGFUT,NSE:NIFTY26AUGFUT,24635.0,24638.0,24610.0,24620.0,54145.0,12046645.0,2026-08-27,2026-08-25,AUG 2026
2026-08-07 14:10:00+05:30,NIFTY26AUGFUT,NSE:NIFTY26AUGFUT,24620.0,24623.9,24602.2,24608.0,41080.0,12041835.0,2026-08-27,2026-08-25,AUG 2026
2026-08-07 14:15:00+05:30,NIFTY26AUGFUT,NSE:NIFTY26AUGFUT,24609.6,24624.7,24601.0,24615.0,17615.0,12045800.0,2026-08-27,2026-08-25,AUG 2026
2026-08-07 14:20:00+05:30,NIFTY26AUGFUT,NSE:NIFTY26AUGFUT,24615.0,24624.6,24615.0,24624.4,7930.0,12047100.0,2026-08-27,2026-08-25,AUG 2026
2026-08-07 14:25:00+05:30,NIFTY26AUGFUT,NSE:NIFTY26AUGFUT,24624.9,24628.9,24611.8,24622.7,15665.0,12052300.0,2026-08-27,2026-08-25,AUG 2026
2026-08-07 14:30:00+05:30,NIFTY26AUGFUT,NSE:NIFTY26AUGFUT,24620.0,24629.0,24611.0,24629.0,17680.0,12057890.0,2026-08-27,2026-08-25,AUG 2026
2026-08-07 14:35:00+05:30,NIFTY26AUGFUT,NSE:NIFTY26AUGFUT,24629.0,24629.7,24621.0,24628.9,5655.0,12059645.0,2026-08-27,2026-08-25,AUG 2026
2026-08-07 14:40:00+05:30,NIFTY26AUGFUT,NSE:NIFTY26AUGFUT,24622.0,24629.7,24611.1,24629.0,9425.0,12062830.0,2026-08-27,2026-08-25,AUG 2026
2026-08-07 14:45:00+05:30,NIFTY26AUGFUT,NSE:NIFTY26AUGFUT,24629.0,24641.0,24621.0,24640.0,9620.0,12063870.0,2026-08-27,2026-08-25,AUG 2026
2026-08-07 14:50:00+05:30,NIFTY26AUGFUT,NSE:NIFTY26AUGFUT,24630.7,24641.0,24624.0,24624.0,11180.0,12064325.0,2026-08-27,2026-08-25,AUG 2026
2026-08-07 14:55:00+05:30,NIFTY26AUGFUT,NSE:NIFTY26AUGFUT,24624.0,24635.0,24624.0,24635.0,6630.0,12066600.0,2026-08-27,2026-08-25,AUG 2026
2026-08-07 15:00:00+05:30,NIFTY26AUGFUT,NSE:NIFTY26AUGFUT,24635.0,24644.9,24625.3,24639.0,29835.0,12068160.0,2026-08-27,2026-08-25,AUG 2026
2026-08-07 15:05:00+05:30,NIFTY26AUGFUT,NSE:NIFTY26AUGFUT,24639.0,24650.0,24636.4,24650.0,20085.0,12073490.0,2026-08-27,2026-08-25,AUG 2026
2026-08-07 15:10:00+05:30,NIFTY26AUGFUT,NSE:NIFTY26AUGFUT,24650.0,24659.9,24646.2,24653.1,33475.0,12069720.0,2026-08-27,2026-08-25,AUG 2026
2026-08-07 15:15:00+05:30,NIFTY26AUGFUT,NSE:NIFTY26AUGFUT,24656.0,24663.0,24647.2,24651.0,36530.0,12072320.0,2026-08-27,2026-08-25,AUG 2026
2026-08-07 15:20:00+05:30,NIFTY26AUGFUT,NSE:NIFTY26AUGFUT,24649.3,24655.0,24649.3,24654.0,20735.0,12074595.0,2026-08-27,2026-08-25,AUG 2026
2026-08-07 15:25:00+05:30,NIFTY26AUGFUT,NSE:NIFTY26AUGFUT,24655.0,24660.0,24649.0,24655.7,35165.0,12071930.0,2026-08-27,2026-08-25,AUG 2026
2026-08-07 15:30:00+05:30,NIFTY26AUGFUT,NSE:NIFTY26AUGFUT,24649.0,24659.0,24647.0,24649.5,25155.0,12076025.0,2026-08-27,2026-08-25,AUG 2026
2026-08-07 15:35:00+05:30,NIFTY26AUGFUT,NSE:NIFTY26AUGFUT,24649.5,24660.0,24649.4,24651.2,33930.0,12074595.0,2026-08-27,2026-08-25,AUG 2026
2026-08-10 09:15:00+05:30,NIFTY26AUGFUT,NSE:NIFTY26AUGFUT,24660.0,24669.9,24625.6,24664.9,52130.0,12056460.0,2026-08-27,2026-08-25,AUG 2026
2026-08-10 09:20:00+05:30,NIFTY26AUGFUT,NSE:NIFTY26AUGFUT,24665.0,24678.0,24647.5,24662.6,40625.0,12058865.0,2026-08-27,2026-08-25,AUG 2026
2026-08-10 09:25:00+05:30,NIFTY26AUGFUT,NSE:NIFTY26AUGFUT,24656.4,24661.6,24631.0,24631.0,26975.0,12064845.0,2026-08-27,2026-08-25,AUG 2026
2026-08-10 09:30:00+05:30,NIFTY26AUGFUT,NSE:NIFTY26AUGFUT,24630.4,24635.0,24615.0,24615.0,42315.0,12071475.0,2026-08-27,2026-08-25,AUG 2026
2026-08-10 09:35:00+05:30,NIFTY26AUGFUT,NSE:NIFTY26AUGFUT,24614.5,24620.3,24600.0,24615.0,58305.0,12082200.0,2026-08-27,2026-08-25,AUG 2026
2026-08-10 09:40:00+05:30,NIFTY26AUGFUT,NSE:NIFTY26AUGFUT,24615.0,24615.0,24600.0,24602.7,28665.0,12089155.0,2026-08-27,2026-08-25,AUG 2026
2026-08-10 09:45:00+05:30,NIFTY26AUGFUT,NSE:NIFTY26AUGFUT,24602.0,24619.0,24601.0,24605.0,25285.0,12099165.0,2026-08-27,2026-08-25,AUG 2026
2026-08-10 09:50:00+05:30,NIFTY26AUGFUT,NSE:NIFTY26AUGFUT,24605.0,24620.0,24605.0,24612.0,13585.0,12099425.0,2026-08-27,2026-08-25,AUG 2026
2026-08-10 09:55:00+05:30,NIFTY26AUGFUT,NSE:NIFTY26AUGFUT,24608.0,24618.0,24605.7,24613.0,8515.0,12100920.0,2026-08-27,2026-08-25,AUG 2026
2026-08-10 10:00:00+05:30,NIFTY26AUGFUT,NSE:NIFTY26AUGFUT,24614.0,24627.4,24611.1,24616.1,12415.0,12103650.0,2026-08-27,2026-08-25,AUG 2026
2026-08-10 10:05:00+05:30,NIFTY26AUGFUT,NSE:NIFTY26AUGFUT,24622.7,24625.8,24612.0,24615.0,15145.0,12105665.0,2026-08-27,2026-08-25,AUG 2026
2026-08-10 10:10:00+05:30,NIFTY26AUGFUT,NSE:NIFTY26AUGFUT,24615.0,24621.5,24602.0,24620.0,12935.0,12111320.0,2026-08-27,2026-08-25,AUG 2026
2026-08-10 10:15:00+05:30,NIFTY26AUGFUT,NSE:NIFTY26AUGFUT,24622.0,24645.9,24622.0,24645.0,15470.0,12107095.0,2026-08-27,2026-08-25,AUG 2026
2026-08-10 10:20:00+05:30,NIFTY26AUGFUT,NSE:NIFTY26AUGFUT,24646.0,24668.2,24640.0,24664.0,40625.0,12109370.0,2026-08-27,2026-08-25,AUG 2026
2026-08-10 10:25:00+05:30,NIFTY26AUGFUT,NSE:NIFTY26AUGFUT,24666.3,24669.0,24650.0,24664.0,12545.0,12118275.0,2026-08-27,2026-08-25,AUG 2026
2026-08-10 10:30:00+05:30,NIFTY26AUGFUT,NSE:NIFTY26AUGFUT,24664.0,24669.5,24650.0,24657.6,20085.0,12125230.0,2026-08-27,2026-08-25,AUG 2026
2026-08-10 10:35:00+05:30,NIFTY26AUGFUT,NSE:NIFTY26AUGFUT,24650.0,24665.0,24648.1,24663.9,13780.0,12123540.0,2026-08-27,2026-08-25,AUG 2026
2026-08-10 10:40:00+05:30,NIFTY26AUGFUT,NSE:NIFTY26AUGFUT,24664.0,24672.8,24656.2,24666.7,21190.0,12121135.0,2026-08-27,2026-08-25,AUG 2026
2026-08-10 10:45:00+05:30,NIFTY26AUGFUT,NSE:NIFTY26AUGFUT,24670.0,24690.0,24669.6,24675.0,42055.0,12113335.0,2026-08-27,2026-08-25,AUG 2026
2026-08-10 10:50:00+05:30,NIFTY26AUGFUT,NSE:NIFTY26AUGFUT,24675.0,24675.0,24656.1,24665.0,12220.0,12111580.0,2026-08-27,2026-08-25,AUG 2026
2026-08-10 10:55:00+05:30,NIFTY26AUGFUT,NSE:NIFTY26AUGFUT,24665.0,24668.0,24656.5,24659.0,6955.0,12115155.0,2026-08-27,2026-08-25,AUG 2026
2026-08-10 11:00:00+05:30,NIFTY26AUGFUT,NSE:NIFTY26AUGFUT,24659.1,24680.0,24659.1,24670.4,11375.0,12116390.0,2026-08-27,2026-08-25,AUG 2026
2026-08-10 11:05:00+05:30,NIFTY26AUGFUT,NSE:NIFTY26AUGFUT,24670.4,24684.0,24667.0,24667.1,7735.0,12118600.0,2026-08-27,2026-08-25,AUG 2026
2026-08-10 11:10:00+05:30,NIFTY26AUGFUT,NSE:NIFTY26AUGFUT,24667.1,24680.0,24665.0,24679.9,8645.0,12122045.0,2026-08-27,2026-08-25,AUG 2026
2026-08-10 11:15:00+05:30,NIFTY26AUGFUT,NSE:NIFTY26AUGFUT,24680.0,24684.9,24673.1,24678.0,10595.0,12117625.0,2026-08-27,2026-08-25,AUG 2026
2026-08-10 11:20:00+05:30,NIFTY26AUGFUT,NSE:NIFTY26AUGFUT,24678.0,24685.0,24678.0,24680.0,15340.0,12121850.0,2026-08-27,2026-08-25,AUG 2026
2026-08-10 11:25:00+05:30,NIFTY26AUGFUT,NSE:NIFTY26AUGFUT,24679.6,24687.9,24676.5,24680.0,6305.0,12121850.0,2026-08-27,2026-08-25,AUG 2026
2026-08-10 11:30:00+05:30,NIFTY26AUGFUT,NSE:NIFTY26AUGFUT,24687.8,24688.9,24660.0,24660.2,20995.0,12123280.0,2026-08-27,2026-08-25,AUG 2026
2026-08-10 11:35:00+05:30,NIFTY26AUGFUT,NSE:NIFTY26AUGFUT,24660.5,24679.0,24660.3,24673.4,6955.0,12122760.0,2026-08-27,2026-08-25,AUG 2026
2026-08-10 11:40:00+05:30,NIFTY26AUGFUT,NSE:NIFTY26AUGFUT,24672.9,24679.0,24662.0,24662.0,7020.0,12124645.0,2026-08-27,2026-08-25,AUG 2026
2026-08-10 11:45:00+05:30,NIFTY26AUGFUT,NSE:NIFTY26AUGFUT,24662.0,24678.9,24655.1,24670.0,9555.0,12124840.0,2026-08-27,2026-08-25,AUG 2026
2026-08-10 11:50:00+05:30,NIFTY26AUGFUT,NSE:NIFTY26AUGFUT,24678.9,24678.9,24667.6,24670.0,3380.0,12121850.0,2026-08-27,2026-08-25,AUG 2026
2026-08-10 11:55:00+05:30,NIFTY26AUGFUT,NSE:NIFTY26AUGFUT,24667.6,24677.7,24662.3,24668.0,3900.0,12124125.0,2026-08-27,2026-08-25,AUG 2026
2026-08-10 12:00:00+05:30,NIFTY26AUGFUT,NSE:NIFTY26AUGFUT,24664.0,24679.8,24664.0,24667.4,5525.0,12123865.0,2026-08-27,2026-08-25,AUG 2026
2026-08-10 12:05:00+05:30,NIFTY26AUGFUT,NSE:NIFTY26AUGFUT,24679.4,24679.4,24667.1,24675.0,2860.0,12124580.0,2026-08-27,2026-08-25,AUG 2026
2026-08-10 12:10:00+05:30,NIFTY26AUGFUT,NSE:NIFTY26AUGFUT,24672.0,24684.3,24670.0,24681.4,7020.0,12124255.0,2026-08-27,2026-08-25,AUG 2026
2026-08-10 12:15:00+05:30,NIFTY26AUGFUT,NSE:NIFTY26AUGFUT,24685.0,24698.8,24681.4,24687.5,23920.0,12122825.0,2026-08-27,2026-08-25,AUG 2026
2026-08-10 12:20:00+05:30,NIFTY26AUGFUT,NSE:NIFTY26AUGFUT,24687.5,24690.0,24675.8,24675.8,12220.0,12126530.0,2026-08-27,2026-08-25,AUG 2026
2026-08-10 12:25:00+05:30,NIFTY26AUGFUT,NSE:NIFTY26AUGFUT,24680.0,24693.9,24675.6,24690.0,8970.0,12125620.0,2026-08-27,2026-08-25,AUG 2026
2026-08-10 12:30:00+05:30,NIFTY26AUGFUT,NSE:NIFTY26AUGFUT,24694.5,24695.0,24685.0,24685.0,10855.0,12121135.0,2026-08-27,2026-08-25,AUG 2026
2026-08-10 12:35:00+05:30,NIFTY26AUGFUT,NSE:NIFTY26AUGFUT,24686.4,24690.0,24681.4,24690.0,14495.0,12123800.0,2026-08-27,2026-08-25,AUG 2026
2026-08-10 12:40:00+05:30,NIFTY26AUGFUT,NSE:NIFTY26AUGFUT,24690.0,24690.0,24675.1,24679.0,5785.0,12125100.0,2026-08-27,2026-08-25,AUG 2026
2026-08-10 12:45:00+05:30,NIFTY26AUGFUT,NSE:NIFTY26AUGFUT,24680.0,24682.0,24670.0,24673.7,13390.0,12129130.0,2026-08-27,2026-08-25,AUG 2026
2026-08-10 12:50:00+05:30,NIFTY26AUGFUT,NSE:NIFTY26AUGFUT,24673.7,24684.3,24668.0,24679.8,9750.0,12134070.0,2026-08-27,2026-08-25,AUG 2026
2026-08-10 12:55:00+05:30,NIFTY26AUGFUT,NSE:NIFTY26AUGFUT,24679.8,24679.8,24666.1,24675.0,11570.0,12130495.0,2026-08-27,2026-08-25,AUG 2026
2026-08-10 13:00:00+05:30,NIFTY26AUGFUT,NSE:NIFTY26AUGFUT,24675.0,24679.1,24660.3,24679.1,12740.0,12127245.0,2026-08-27,2026-08-25,AUG 2026
2026-08-10 13:05:00+05:30,NIFTY26AUGFUT,NSE:NIFTY26AUGFUT,24680.5,24683.7,24660.1,24660.1,11310.0,12129390.0,2026-08-27,2026-08-25,AUG 2026
2026-08-10 13:10:00+05:30,NIFTY26AUGFUT,NSE:NIFTY26AUGFUT,24660.1,24668.3,24658.0,24665.0,6110.0,12128415.0,2026-08-27,2026-08-25,AUG 2026
2026-08-10 13:15:00+05:30,NIFTY26AUGFUT,NSE:NIFTY26AUGFUT,24658.0,24675.6,24657.0,24674.9,7215.0,12129325.0,2026-08-27,2026-08-25,AUG 2026
2026-08-10 13:20:00+05:30,NIFTY26AUGFUT,NSE:NIFTY26AUGFUT,24665.0,24672.3,24658.3,24669.9,20930.0,12144080.0,2026-08-27,2026-08-25,AUG 2026
2026-08-10 13:25:00+05:30,NIFTY26AUGFUT,NSE:NIFTY26AUGFUT,24669.9,24677.0,24665.7,24666.2,4485.0,12145575.0,2026-08-27,2026-08-25,AUG 2026
2026-08-10 13:30:00+05:30,NIFTY26AUGFUT,NSE:NIFTY26AUGFUT,24679.8,24681.5,24667.5,24681.0,5785.0,12146420.0,2026-08-27,2026-08-25,AUG 2026
2026-08-10 13:35:00+05:30,NIFTY26AUGFUT,NSE:NIFTY26AUGFUT,24681.0,24683.1,24676.9,24677.0,6370.0,12149865.0,2026-08-27,2026-08-25,AUG 2026
2026-08-10 13:40:00+05:30,NIFTY26AUGFUT,NSE:NIFTY26AUGFUT,24678.4,24687.0,24676.4,24685.5,8190.0,12148825.0,2026-08-27,2026-08-25,AUG 2026
2026-08-10 13:45:00+05:30,NIFTY26AUGFUT,NSE:NIFTY26AUGFUT,24685.6,24692.3,24675.1,24691.9,13390.0,12150905.0,2026-08-27,2026-08-25,AUG 2026
2026-08-10 13:50:00+05:30,NIFTY26AUGFUT,NSE:NIFTY26AUGFUT,24685.0,24692.5,24685.0,24690.0,13260.0,12153960.0,2026-08-27,2026-08-25,AUG 2026
2026-08-10 13:55:00+05:30,NIFTY26AUGFUT,NSE:NIFTY26AUGFUT,24690.0,24691.0,24670.0,24670.0,9035.0,12157535.0,2026-08-27,2026-08-25,AUG 2026
2026-08-10 14:00:00+05:30,NIFTY26AUGFUT,NSE:NIFTY26AUGFUT,24670.0,24680.0,24665.4,24668.6,5395.0,12158770.0,2026-08-27,2026-08-25,AUG 2026
2026-08-10 14:05:00+05:30,NIFTY26AUGFUT,NSE:NIFTY26AUGFUT,24670.0,24685.0,24668.9,24679.1,4745.0,12160005.0,2026-08-27,2026-08-25,AUG 2026
2026-08-10 14:10:00+05:30,NIFTY26AUGFUT,NSE:NIFTY26AUGFUT,24683.6,24684.0,24664.0,24665.2,5460.0,12161695.0,2026-08-27,2026-08-25,AUG 2026
2026-08-10 14:15:00+05:30,NIFTY26AUGFUT,NSE:NIFTY26AUGFUT,24664.0,24675.0,24661.8,24668.0,4290.0,12161305.0,2026-08-27,2026-08-25,AUG 2026
2026-08-10 14:20:00+05:30,NIFTY26AUGFUT,NSE:NIFTY26AUGFUT,24668.0,24672.0,24658.9,24669.0,6435.0,12159615.0,2026-08-27,2026-08-25,AUG 2026
2026-08-10 14:25:00+05:30,NIFTY26AUGFUT,NSE:NIFTY26AUGFUT,24669.0,24670.0,24660.0,24661.1,3770.0,12159810.0,2026-08-27,2026-08-25,AUG 2026
2026-08-10 14:30:00+05:30,NIFTY26AUGFUT,NSE:NIFTY26AUGFUT,24661.1,24666.0,24653.0,24653.2,12610.0,12156885.0,2026-08-27,2026-08-25,AUG 2026
2026-08-10 14:35:00+05:30,NIFTY26AUGFUT,NSE:NIFTY26AUGFUT,24653.2,24654.9,24645.0,24652.9,16315.0,12159160.0,2026-08-27,2026-08-25,AUG 2026
2026-08-10 14:40:00+05:30,NIFTY26AUGFUT,NSE:NIFTY26AUGFUT,24650.2,24655.0,24650.0,24655.0,5525.0,12159030.0,2026-08-27,2026-08-25,AUG 2026
2026-08-10 14:45:00+05:30,NIFTY26AUGFUT,NSE:NIFTY26AUGFUT,24654.5,24655.0,24640.6,24652.2,14885.0,12158965.0,2026-08-27,2026-08-25,AUG 2026
2026-08-10 14:50:00+05:30,NIFTY26AUGFUT,NSE:NIFTY26AUGFUT,24643.4,24659.8,24642.9,24648.6,13260.0,12157990.0,2026-08-27,2026-08-25,AUG 2026
2026-08-10 14:55:00+05:30,NIFTY26AUGFUT,NSE:NIFTY26AUGFUT,24648.0,24665.0,24647.6,24660.4,8320.0,12158055.0,2026-08-27,2026-08-25,AUG 2026
2026-08-10 15:00:00+05:30,NIFTY26AUGFUT,NSE:NIFTY26AUGFUT,24658.0,24666.0,24646.0,24656.6,22425.0,12154870.0,2026-08-27,2026-08-25,AUG 2026
2026-08-10 15:05:00+05:30,NIFTY26AUGFUT,NSE:NIFTY26AUGFUT,24658.1,24671.5,24652.7,24652.7,22035.0,12154350.0,2026-08-27,2026-08-25,AUG 2026
2026-08-10 15:10:00+05:30,NIFTY26AUGFUT,NSE:NIFTY26AUGFUT,24652.2,24663.3,24646.0,24660.0,22555.0,12157275.0,2026-08-27,2026-08-25,AUG 2026
2026-08-10 15:15:00+05:30,NIFTY26AUGFUT,NSE:NIFTY26AUGFUT,24660.0,24666.9,24653.6,24655.1,9035.0,12157665.0,2026-08-27,2026-08-25,AUG 2026
2026-08-10 15:20:00+05:30,NIFTY26AUGFUT,NSE:NIFTY26AUGFUT,24655.1,24669.0,24655.0,24663.5,19305.0,12155065.0,2026-08-27,2026-08-25,AUG 2026
2026-08-10 15:25:00+05:30,NIFTY26AUGFUT,NSE:NIFTY26AUGFUT,24657.8,24672.6,24655.5,24661.0,18460.0,12152205.0,2026-08-27,2026-08-25,AUG 2026
2026-08-10 15:30:00+05:30,NIFTY26AUGFUT,NSE:NIFTY26AUGFUT,24661.0,24666.9,24658.2,24661.5,15210.0,12153245.0,2026-08-27,2026-08-25,AUG 2026
2026-08-10 15:35:00+05:30,NIFTY26AUGFUT,NSE:NIFTY26AUGFUT,24661.5,24665.0,24655.0,24660.0,21125.0,12150775.0,2026-08-27,2026-08-25,AUG 2026
2026-08-11 09:15:00+05:30,NIFTY26AUGFUT,NSE:NIFTY26AUGFUT,24620.0,24621.0,24575.0,24576.0,121680.0,12132640.0,2026-08-27,2026-08-25,AUG 2026
2026-08-11 09:20:00+05:30,NIFTY26AUGFUT,NSE:NIFTY26AUGFUT,24576.0,24576.0,24555.1,24561.9,103805.0,12159225.0,2026-08-27,2026-08-25,AUG 2026
2026-08-11 09:25:00+05:30,NIFTY26AUGFUT,NSE:NIFTY26AUGFUT,24560.0,24575.0,24555.1,24555.1,65065.0,12155975.0,2026-08-27,2026-08-25,AUG 2026
2026-08-11 09:30:00+05:30,NIFTY26AUGFUT,NSE:NIFTY26AUGFUT,24551.0,24564.0,24541.6,24550.0,81120.0,12161565.0,2026-08-27,2026-08-25,AUG 2026
2026-08-11 09:35:00+05:30,NIFTY26AUGFUT,NSE:NIFTY26AUGFUT,24555.9,24564.9,24550.0,24550.0,30680.0,12166570.0,2026-08-27,2026-08-25,AUG 2026
2026-08-11 09:40:00+05:30,NIFTY26AUGFUT,NSE:NIFTY26AUGFUT,24552.0,24552.0,24532.0,24538.3,59085.0,12170860.0,2026-08-27,2026-08-25,AUG 2026
2026-08-11 09:45:00+05:30,NIFTY26AUGFUT,NSE:NIFTY26AUGFUT,24539.0,24550.0,24525.0,24540.0,66105.0,12164685.0,2026-08-27,2026-08-25,AUG 2026
2026-08-11 09:50:00+05:30,NIFTY26AUGFUT,NSE:NIFTY26AUGFUT,24540.5,24544.0,24530.0,24531.0,33605.0,12153180.0,2026-08-27,2026-08-25,AUG 2026
2026-08-11 09:55:00+05:30,NIFTY26AUGFUT,NSE:NIFTY26AUGFUT,24532.9,24549.9,24530.1,24549.9,19630.0,12162085.0,2026-08-27,2026-08-25,AUG 2026
2026-08-11 10:00:00+05:30,NIFTY26AUGFUT,NSE:NIFTY26AUGFUT,24549.0,24559.4,24540.0,24553.0,23010.0,12167740.0,2026-08-27,2026-08-25,AUG 2026
2026-08-11 10:05:00+05:30,NIFTY26AUGFUT,NSE:NIFTY26AUGFUT,24555.0,24559.4,24546.0,24550.0,14755.0,12171445.0,2026-08-27,2026-08-25,AUG 2026
2026-08-11 10:10:00+05:30,NIFTY26AUGFUT,NSE:NIFTY26AUGFUT,24550.0,24557.4,24540.0,24547.3,21125.0,12175020.0,2026-08-27,2026-08-25,AUG 2026
2026-08-11 10:15:00+05:30,NIFTY26AUGFUT,NSE:NIFTY26AUGFUT,24547.1,24552.0,24535.0,24540.0,25545.0,12180610.0,2026-08-27,2026-08-25,AUG 2026
2026-08-11 10:20:00+05:30,NIFTY26AUGFUT,NSE:NIFTY26AUGFUT,24540.0,24545.0,24530.0,24534.9,17355.0,12182365.0,2026-08-27,2026-08-25,AUG 2026
2026-08-11 10:25:00+05:30,NIFTY26AUGFUT,NSE:NIFTY26AUGFUT,24535.0,24554.4,24530.0,24553.0,10075.0,12186720.0,2026-08-27,2026-08-25,AUG 2026
2026-08-11 10:30:00+05:30,NIFTY26AUGFUT,NSE:NIFTY26AUGFUT,24552.0,24558.5,24545.0,24552.0,10465.0,12187435.0,2026-08-27,2026-08-25,AUG 2026
2026-08-11 10:35:00+05:30,NIFTY26AUGFUT,NSE:NIFTY26AUGFUT,24552.0,24558.1,24548.0,24555.0,25675.0,12182820.0,2026-08-27,2026-08-25,AUG 2026
2026-08-11 10:40:00+05:30,NIFTY26AUGFUT,NSE:NIFTY26AUGFUT,24555.0,24555.0,24545.0,24548.0,8125.0,12181130.0,2026-08-27,2026-08-25,AUG 2026
2026-08-11 10:45:00+05:30,NIFTY26AUGFUT,NSE:NIFTY26AUGFUT,24548.0,24548.0,24538.0,24541.0,7150.0,12181195.0,2026-08-27,2026-08-25,AUG 2026
2026-08-11 10:50:00+05:30,NIFTY26AUGFUT,NSE:NIFTY26AUGFUT,24540.0,24550.0,24540.0,24549.9,12610.0,12188540.0,2026-08-27,2026-08-25,AUG 2026
2026-08-11 10:55:00+05:30,NIFTY26AUGFUT,NSE:NIFTY26AUGFUT,24549.9,24550.5,24547.0,24548.0,7150.0,12188540.0,2026-08-27,2026-08-25,AUG 2026
2026-08-11 11:00:00+05:30,NIFTY26AUGFUT,NSE:NIFTY26AUGFUT,24548.0,24548.0,24516.0,24518.0,49075.0,12195300.0,2026-08-27,2026-08-25,AUG 2026
2026-08-11 11:05:00+05:30,NIFTY26AUGFUT,NSE:NIFTY26AUGFUT,24518.0,24525.5,24515.6,24520.0,20735.0,12191465.0,2026-08-27,2026-08-25,AUG 2026
2026-08-11 11:10:00+05:30,NIFTY26AUGFUT,NSE:NIFTY26AUGFUT,24520.0,24521.0,24510.0,24515.2,44980.0,12182625.0,2026-08-27,2026-08-25,AUG 2026
2026-08-11 11:15:00+05:30,NIFTY26AUGFUT,NSE:NIFTY26AUGFUT,24515.2,24524.5,24513.5,24516.6,47255.0,12165205.0,2026-08-27,2026-08-25,AUG 2026
2026-08-11 11:20:00+05:30,NIFTY26AUGFUT,NSE:NIFTY26AUGFUT,24515.4,24525.0,24513.0,24516.0,15860.0,12164035.0,2026-08-27,2026-08-25,AUG 2026
2026-08-11 11:25:00+05:30,NIFTY26AUGFUT,NSE:NIFTY26AUGFUT,24519.0,24523.6,24511.0,24512.0,13650.0,12168780.0,2026-08-27,2026-08-25,AUG 2026
2026-08-11 11:30:00+05:30,NIFTY26AUGFUT,NSE:NIFTY26AUGFUT,24512.0,24522.0,24511.0,24518.0,15535.0,12174760.0,2026-08-27,2026-08-25,AUG 2026
2026-08-11 11:35:00+05:30,NIFTY26AUGFUT,NSE:NIFTY26AUGFUT,24518.0,24525.0,24513.0,24517.0,9685.0,12177815.0,2026-08-27,2026-08-25,AUG 2026
2026-08-11 11:40:00+05:30,NIFTY26AUGFUT,NSE:NIFTY26AUGFUT,24517.0,24534.0,24516.2,24530.9,9620.0,12178660.0,2026-08-27,2026-08-25,AUG 2026
2026-08-11 11:45:00+05:30,NIFTY26AUGFUT,NSE:NIFTY26AUGFUT,24525.0,24535.0,24523.0,24534.9,5720.0,12181585.0,2026-08-27,2026-08-25,AUG 2026
2026-08-11 11:50:00+05:30,NIFTY26AUGFUT,NSE:NIFTY26AUGFUT,24532.0,24537.0,24521.0,24525.0,8515.0,12184185.0,2026-08-27,2026-08-25,AUG 2026
2026-08-11 11:55:00+05:30,NIFTY26AUGFUT,NSE:NIFTY26AUGFUT,24525.0,24528.6,24515.0,24528.6,7930.0,12185160.0,2026-08-27,2026-08-25,AUG 2026
2026-08-11 12:00:00+05:30,NIFTY26AUGFUT,NSE:NIFTY26AUGFUT,24528.6,24528.6,24511.0,24514.0,12870.0,12176580.0,2026-08-27,2026-08-25,AUG 2026
2026-08-11 12:05:00+05:30,NIFTY26AUGFUT,NSE:NIFTY26AUGFUT,24511.1,24523.1,24511.0,24516.0,9815.0,12175865.0,2026-08-27,2026-08-25,AUG 2026
2026-08-11 12:10:00+05:30,NIFTY26AUGFUT,NSE:NIFTY26AUGFUT,24519.9,24533.3,24511.1,24520.0,18525.0,12178400.0,2026-08-27,2026-08-25,AUG 2026
2026-08-11 12:15:00+05:30,NIFTY26AUGFUT,NSE:NIFTY26AUGFUT,24511.3,24526.7,24510.0,24511.8,21125.0,12180805.0,2026-08-27,2026-08-25,AUG 2026
2026-08-11 12:20:00+05:30,NIFTY26AUGFUT,NSE:NIFTY26AUGFUT,24524.8,24525.7,24511.0,24520.0,6045.0,12182235.0,2026-08-27,2026-08-25,AUG 2026
2026-08-11 12:25:00+05:30,NIFTY26AUGFUT,NSE:NIFTY26AUGFUT,24520.0,24525.8,24515.0,24520.0,5070.0,12182365.0,2026-08-27,2026-08-25,AUG 2026
2026-08-11 12:30:00+05:30,NIFTY26AUGFUT,NSE:NIFTY26AUGFUT,24515.1,24530.0,24515.1,24530.0,3575.0,12184965.0,2026-08-27,2026-08-25,AUG 2026
2026-08-11 12:35:00+05:30,NIFTY26AUGFUT,NSE:NIFTY26AUGFUT,24530.0,24533.0,24520.0,24527.0,10595.0,12189060.0,2026-08-27,2026-08-25,AUG 2026
2026-08-11 12:40:00+05:30,NIFTY26AUGFUT,NSE:NIFTY26AUGFUT,24523.5,24534.0,24521.0,24532.4,6500.0,12188930.0,2026-08-27,2026-08-25,AUG 2026
2026-08-11 12:45:00+05:30,NIFTY26AUGFUT,NSE:NIFTY26AUGFUT,24532.4,24542.9,24531.0,24542.0,35035.0,12190230.0,2026-08-27,2026-08-25,AUG 2026
2026-08-11 12:50:00+05:30,NIFTY26AUGFUT,NSE:NIFTY26AUGFUT,24539.8,24544.2,24522.0,24522.3,14170.0,12196145.0,2026-08-27,2026-08-25,AUG 2026
2026-08-11 12:55:00+05:30,NIFTY26AUGFUT,NSE:NIFTY26AUGFUT,24522.3,24531.0,24520.0,24521.0,9230.0,12199590.0,2026-08-27,2026-08-25,AUG 2026
2026-08-11 13:00:00+05:30,NIFTY26AUGFUT,NSE:NIFTY26AUGFUT,24526.4,24540.0,24520.0,24535.0,5265.0,12200110.0,2026-08-27,2026-08-25,AUG 2026
2026-08-11 13:05:00+05:30,NIFTY26AUGFUT,NSE:NIFTY26AUGFUT,24540.0,24548.0,24535.0,24548.0,10075.0,12199590.0,2026-08-27,2026-08-25,AUG 2026
2026-08-11 13:10:00+05:30,NIFTY26AUGFUT,NSE:NIFTY26AUGFUT,24547.0,24549.9,24534.0,24541.5,20865.0,12196210.0,2026-08-27,2026-08-25,AUG 2026
2026-08-11 13:15:00+05:30,NIFTY26AUGFUT,NSE:NIFTY26AUGFUT,24536.0,24540.0,24530.1,24535.0,6695.0,12197640.0,2026-08-27,2026-08-25,AUG 2026
2026-08-11 13:20:00+05:30,NIFTY26AUGFUT,NSE:NIFTY26AUGFUT,24535.0,24538.8,24530.2,24537.9,4095.0,12197575.0,2026-08-27,2026-08-25,AUG 2026
2026-08-11 13:25:00+05:30,NIFTY26AUGFUT,NSE:NIFTY26AUGFUT,24537.9,24555.9,24532.1,24538.0,17745.0,12201995.0,2026-08-27,2026-08-25,AUG 2026
2026-08-11 13:30:00+05:30,NIFTY26AUGFUT,NSE:NIFTY26AUGFUT,24538.0,24555.0,24538.0,24551.1,8710.0,12201280.0,2026-08-27,2026-08-25,AUG 2026
2026-08-11 13:35:00+05:30,NIFTY26AUGFUT,NSE:NIFTY26AUGFUT,24551.6,24552.1,24538.0,24544.9,10725.0,12203685.0,2026-08-27,2026-08-25,AUG 2026
2026-08-11 13:40:00+05:30,NIFTY26AUGFUT,NSE:NIFTY26AUGFUT,24535.3,24549.0,24535.3,24545.0,10335.0,12206610.0,2026-08-27,2026-08-25,AUG 2026
2026-08-11 13:45:00+05:30,NIFTY26AUGFUT,NSE:NIFTY26AUGFUT,24546.4,24549.0,24543.9,24545.0,8320.0,12208170.0,2026-08-27,2026-08-25,AUG 2026
2026-08-11 13:50:00+05:30,NIFTY26AUGFUT,NSE:NIFTY26AUGFUT,24545.0,24547.0,24533.0,24533.0,8060.0,12208495.0,2026-08-27,2026-08-25,AUG 2026
2026-08-11 13:55:00+05:30,NIFTY26AUGFUT,NSE:NIFTY26AUGFUT,24533.0,24541.9,24531.0,24541.5,5980.0,12209015.0,2026-08-27,2026-08-25,AUG 2026
2026-08-11 14:00:00+05:30,NIFTY26AUGFUT,NSE:NIFTY26AUGFUT,24540.5,24540.5,24531.0,24532.0,4615.0,12209275.0,2026-08-27,2026-08-25,AUG 2026
2026-08-11 14:05:00+05:30,NIFTY26AUGFUT,NSE:NIFTY26AUGFUT,24532.0,24541.2,24525.1,24540.0,11700.0,12207390.0,2026-08-27,2026-08-25,AUG 2026
2026-08-11 14:10:00+05:30,NIFTY26AUGFUT,NSE:NIFTY26AUGFUT,24537.3,24546.1,24532.5,24536.0,21840.0,12203035.0,2026-08-27,2026-08-25,AUG 2026
2026-08-11 14:15:00+05:30,NIFTY26AUGFUT,NSE:NIFTY26AUGFUT,24536.0,24547.8,24535.3,24536.0,8190.0,12201865.0,2026-08-27,2026-08-25,AUG 2026
2026-08-11 14:20:00+05:30,NIFTY26AUGFUT,NSE:NIFTY26AUGFUT,24535.0,24538.3,24530.0,24536.9,7605.0,12200175.0,2026-08-27,2026-08-25,AUG 2026
2026-08-11 14:25:00+05:30,NIFTY26AUGFUT,NSE:NIFTY26AUGFUT,24536.9,24536.9,24530.3,24536.9,2665.0,12200565.0,2026-08-27,2026-08-25,AUG 2026
2026-08-11 14:30:00+05:30,NIFTY26AUGFUT,NSE:NIFTY26AUGFUT,24535.0,24538.4,24530.0,24530.3,8320.0,12201150.0,2026-08-27,2026-08-25,AUG 2026
2026-08-11 14:35:00+05:30,NIFTY26AUGFUT,NSE:NIFTY26AUGFUT,24530.3,24535.4,24530.0,24530.0,8840.0,12203425.0,2026-08-27,2026-08-25,AUG 2026
2026-08-11 14:40:00+05:30,NIFTY26AUGFUT,NSE:NIFTY26AUGFUT,24530.0,24536.0,24526.0,24536.0,7280.0,12205375.0,2026-08-27,2026-08-25,AUG 2026
2026-08-11 14:45:00+05:30,NIFTY26AUGFUT,NSE:NIFTY26AUGFUT,24528.0,24544.0,24528.0,24544.0,10725.0,12206480.0,2026-08-27,2026-08-25,AUG 2026
2026-08-11 14:50:00+05:30,NIFTY26AUGFUT,NSE:NIFTY26AUGFUT,24544.0,24549.6,24532.0,24545.0,19825.0,12195755.0,2026-08-27,2026-08-25,AUG 2026
2026-08-11 14:55:00+05:30,NIFTY26AUGFUT,NSE:NIFTY26AUGFUT,24548.9,24555.0,24535.4,24552.0,20540.0,12187630.0,2026-08-27,2026-08-25,AUG 2026
2026-08-11 15:00:00+05:30,NIFTY26AUGFUT,NSE:NIFTY26AUGFUT,24550.0,24564.0,24545.0,24554.0,21840.0,12183990.0,2026-08-27,2026-08-25,AUG 2026
2026-08-11 15:05:00+05:30,NIFTY26AUGFUT,NSE:NIFTY26AUGFUT,24554.7,24555.0,24540.1,24548.0,17355.0,12175020.0,2026-08-27,2026-08-25,AUG 2026
2026-08-11 15:10:00+05:30,NIFTY26AUGFUT,NSE:NIFTY26AUGFUT,24548.9,24550.0,24540.1,24546.0,30550.0,12176125.0,2026-08-27,2026-08-25,AUG 2026
2026-08-11 15:15:00+05:30,NIFTY26AUGFUT,NSE:NIFTY26AUGFUT,24548.0,24549.9,24540.0,24540.0,26065.0,12171315.0,2026-08-27,2026-08-25,AUG 2026
2026-08-11 15:20:00+05:30,NIFTY26AUGFUT,NSE:NIFTY26AUGFUT,24540.1,24544.9,24535.0,24541.1,17030.0,12170275.0,2026-08-27,2026-08-25,AUG 2026
2026-08-11 15:25:00+05:30,NIFTY26AUGFUT,NSE:NIFTY26AUGFUT,24542.0,24548.0,24535.0,24548.0,18720.0,12167805.0,2026-08-27,2026-08-25,AUG 2026
2026-08-11 15:30:00+05:30,NIFTY26AUGFUT,NSE:NIFTY26AUGFUT,24547.4,24550.7,24535.7,24536.5,67925.0,12163515.0,2026-08-27,2026-08-25,AUG 2026
2026-08-11 15:35:00+05:30,NIFTY26AUGFUT,NSE:NIFTY26AUGFUT,24539.5,24539.5,24524.0,24525.1,53950.0,12175540.0,2026-08-27,2026-08-25,AUG 2026
2026-08-12 09:15:00+05:30,NIFTY26AUGFUT,NSE:NIFTY26AUGFUT,24555.0,24563.0,24480.0,24497.0,111475.0,12131665.0,2026-08-27,2026-08-25,AUG 2026
2026-08-12 09:20:00+05:30,NIFTY26AUGFUT,NSE:NIFTY26AUGFUT,24490.0,24510.0,24478.5,24505.0,70915.0,12161630.0,2026-08-27,2026-08-25,AUG 2026
2026-08-12 09:25:00+05:30,NIFTY26AUGFUT,NSE:NIFTY26AUGFUT,24505.0,24549.0,24505.0,24535.9,57915.0,12163255.0,2026-08-27,2026-08-25,AUG 2026
2026-08-12 09:30:00+05:30,NIFTY26AUGFUT,NSE:NIFTY26AUGFUT,24543.9,24543.9,24511.2,24525.3,32695.0,12174045.0,2026-08-27,2026-08-25,AUG 2026
2026-08-12 09:35:00+05:30,NIFTY26AUGFUT,NSE:NIFTY26AUGFUT,24525.8,24525.8,24502.4,24515.0,26910.0,12179505.0,2026-08-27,2026-08-25,AUG 2026
2026-08-12 09:40:00+05:30,NIFTY26AUGFUT,NSE:NIFTY26AUGFUT,24505.2,24520.9,24505.2,24505.2,13780.0,12187240.0,2026-08-27,2026-08-25,AUG 2026
2026-08-12 09:45:00+05:30,NIFTY26AUGFUT,NSE:NIFTY26AUGFUT,24506.0,24510.0,24480.1,24481.0,59150.0,12205830.0,2026-08-27,2026-08-25,AUG 2026
2026-08-12 09:50:00+05:30,NIFTY26AUGFUT,NSE:NIFTY26AUGFUT,24481.0,24490.8,24466.3,24490.6,64090.0,12231245.0,2026-08-27,2026-08-25,AUG 2026
2026-08-12 09:55:00+05:30,NIFTY26AUGFUT,NSE:NIFTY26AUGFUT,24482.0,24487.3,24460.0,24461.0,57720.0,12246260.0,2026-08-27,2026-08-25,AUG 2026
2026-08-12 10:00:00+05:30,NIFTY26AUGFUT,NSE:NIFTY26AUGFUT,24460.0,24460.0,24436.0,24442.7,94250.0,12263615.0,2026-08-27,2026-08-25,AUG 2026
2026-08-12 10:05:00+05:30,NIFTY26AUGFUT,NSE:NIFTY26AUGFUT,24442.7,24448.0,24439.0,24441.0,41340.0,12281815.0,2026-08-27,2026-08-25,AUG 2026
2026-08-12 10:10:00+05:30,NIFTY26AUGFUT,NSE:NIFTY26AUGFUT,24441.0,24448.0,24435.4,24437.1,42510.0,12297350.0,2026-08-27,2026-08-25,AUG 2026
2026-08-12 10:15:00+05:30,NIFTY26AUGFUT,NSE:NIFTY26AUGFUT,24437.0,24453.8,24435.3,24445.0,72150.0,12330695.0,2026-08-27,2026-08-25,AUG 2026
2026-08-12 10:20:00+05:30,NIFTY26AUGFUT,NSE:NIFTY26AUGFUT,24445.0,24460.0,24440.1,24448.4,30225.0,12347400.0,2026-08-27,2026-08-25,AUG 2026
2026-08-12 10:25:00+05:30,NIFTY26AUGFUT,NSE:NIFTY26AUGFUT,24449.0,24459.1,24440.0,24440.0,41080.0,12355850.0,2026-08-27,2026-08-25,AUG 2026
2026-08-12 10:30:00+05:30,NIFTY26AUGFUT,NSE:NIFTY26AUGFUT,24440.1,24475.0,24440.0,24460.6,41145.0,12371060.0,2026-08-27,2026-08-25,AUG 2026
2026-08-12 10:35:00+05:30,NIFTY26AUGFUT,NSE:NIFTY26AUGFUT,24460.2,24471.2,24451.1,24453.2,20280.0,12390170.0,2026-08-27,2026-08-25,AUG 2026
2026-08-12 10:40:00+05:30,NIFTY26AUGFUT,NSE:NIFTY26AUGFUT,24453.2,24462.2,24441.7,24442.5,23920.0,12402130.0,2026-08-27,2026-08-25,AUG 2026
2026-08-12 10:45:00+05:30,NIFTY26AUGFUT,NSE:NIFTY26AUGFUT,24442.5,24451.8,24426.4,24430.2,56875.0,12418705.0,2026-08-27,2026-08-25,AUG 2026
2026-08-12 10:50:00+05:30,NIFTY26AUGFUT,NSE:NIFTY26AUGFUT,24430.6,24436.9,24430.0,24436.9,31980.0,12428780.0,2026-08-27,2026-08-25,AUG 2026
2026-08-12 10:55:00+05:30,NIFTY26AUGFUT,NSE:NIFTY26AUGFUT,24436.9,24442.5,24385.0,24401.0,139165.0,12462515.0,2026-08-27,2026-08-25,AUG 2026
2026-08-12 11:00:00+05:30,NIFTY26AUGFUT,NSE:NIFTY26AUGFUT,24404.6,24406.1,24383.9,24386.6,134940.0,12472525.0,2026-08-27,2026-08-25,AUG 2026
2026-08-12 11:05:00+05:30,NIFTY26AUGFUT,NSE:NIFTY26AUGFUT,24385.0,24400.0,24379.0,24392.0,143455.0,12479545.0,2026-08-27,2026-08-25,AUG 2026
2026-08-12 11:10:00+05:30,NIFTY26AUGFUT,NSE:NIFTY26AUGFUT,24390.9,24406.0,24385.0,24390.0,66235.0,12498460.0,2026-08-27,2026-08-25,AUG 2026
2026-08-12 11:15:00+05:30,NIFTY26AUGFUT,NSE:NIFTY26AUGFUT,24390.0,24400.0,24390.0,24400.0,24830.0,12505025.0,2026-08-27,2026-08-25,AUG 2026
2026-08-12 11:20:00+05:30,NIFTY26AUGFUT,NSE:NIFTY26AUGFUT,24398.0,24414.0,24395.9,24399.9,40365.0,12511590.0,2026-08-27,2026-08-25,AUG 2026
2026-08-12 11:25:00+05:30,NIFTY26AUGFUT,NSE:NIFTY26AUGFUT,24402.8,24405.4,24385.0,24385.1,41470.0,12518285.0,2026-08-27,2026-08-25,AUG 2026
2026-08-12 11:30:00+05:30,NIFTY26AUGFUT,NSE:NIFTY26AUGFUT,24385.1,24393.9,24380.0,24392.9,35360.0,12531090.0,2026-08-27,2026-08-25,AUG 2026
2026-08-12 11:35:00+05:30,NIFTY26AUGFUT,NSE:NIFTY26AUGFUT,24392.9,24394.9,24375.1,24375.1,39975.0,12532585.0,2026-08-27,2026-08-25,AUG 2026
2026-08-12 11:40:00+05:30,NIFTY26AUGFUT,NSE:NIFTY26AUGFUT,24376.0,24390.0,24366.5,24385.0,77675.0,12523940.0,2026-08-27,2026-08-25,AUG 2026
2026-08-12 11:45:00+05:30,NIFTY26AUGFUT,NSE:NIFTY26AUGFUT,24385.0,24392.5,24375.6,24390.2,20735.0,12515165.0,2026-08-27,2026-08-25,AUG 2026
2026-08-12 11:50:00+05:30,NIFTY26AUGFUT,NSE:NIFTY26AUGFUT,24390.1,24390.1,24371.0,24371.0,15535.0,12522770.0,2026-08-27,2026-08-25,AUG 2026
2026-08-12 11:55:00+05:30,NIFTY26AUGFUT,NSE:NIFTY26AUGFUT,24371.0,24382.7,24366.8,24372.9,22165.0,12535705.0,2026-08-27,2026-08-25,AUG 2026
2026-08-12 12:00:00+05:30,NIFTY26AUGFUT,NSE:NIFTY26AUGFUT,24372.9,24380.8,24371.0,24374.5,22815.0,12549550.0,2026-08-27,2026-08-25,AUG 2026
2026-08-12 12:05:00+05:30,NIFTY26AUGFUT,NSE:NIFTY26AUGFUT,24377.0,24384.0,24372.2,24377.9,24960.0,12554165.0,2026-08-27,2026-08-25,AUG 2026
2026-08-12 12:10:00+05:30,NIFTY26AUGFUT,NSE:NIFTY26AUGFUT,24377.9,24378.9,24363.2,24365.0,24830.0,12566710.0,2026-08-27,2026-08-25,AUG 2026
2026-08-12 12:15:00+05:30,NIFTY26AUGFUT,NSE:NIFTY26AUGFUT,24365.1,24382.0,24365.0,24381.6,47710.0,12576590.0,2026-08-27,2026-08-25,AUG 2026
2026-08-12 12:20:00+05:30,NIFTY26AUGFUT,NSE:NIFTY26AUGFUT,24377.0,24382.0,24374.0,24377.4,12155.0,12582960.0,2026-08-27,2026-08-25,AUG 2026
2026-08-12 12:25:00+05:30,NIFTY26AUGFUT,NSE:NIFTY26AUGFUT,24375.4,24384.0,24375.0,24384.0,19890.0,12594920.0,2026-08-27,2026-08-25,AUG 2026
2026-08-12 12:30:00+05:30,NIFTY26AUGFUT,NSE:NIFTY26AUGFUT,24385.0,24398.0,24376.0,24395.0,52650.0,12623715.0,2026-08-27,2026-08-25,AUG 2026
2026-08-12 12:35:00+05:30,NIFTY26AUGFUT,NSE:NIFTY26AUGFUT,24393.9,24396.8,24385.0,24396.4,20800.0,12632295.0,2026-08-27,2026-08-25,AUG 2026
2026-08-12 12:40:00+05:30,NIFTY26AUGFUT,NSE:NIFTY26AUGFUT,24396.4,24398.5,24382.0,24385.0,21255.0,12634440.0,2026-08-27,2026-08-25,AUG 2026
2026-08-12 12:45:00+05:30,NIFTY26AUGFUT,NSE:NIFTY26AUGFUT,24385.0,24385.9,24371.0,24378.5,13715.0,12637235.0,2026-08-27,2026-08-25,AUG 2026
2026-08-12 12:50:00+05:30,NIFTY26AUGFUT,NSE:NIFTY26AUGFUT,24376.8,24386.0,24376.8,24380.2,8515.0,12643345.0,2026-08-27,2026-08-25,AUG 2026
2026-08-12 12:55:00+05:30,NIFTY26AUGFUT,NSE:NIFTY26AUGFUT,24376.0,24377.8,24371.0,24376.2,16640.0,12645750.0,2026-08-27,2026-08-25,AUG 2026
2026-08-12 13:00:00+05:30,NIFTY26AUGFUT,NSE:NIFTY26AUGFUT,24376.2,24383.0,24371.0,24379.0,9555.0,12651275.0,2026-08-27,2026-08-25,AUG 2026
2026-08-12 13:05:00+05:30,NIFTY26AUGFUT,NSE:NIFTY26AUGFUT,24377.0,24382.5,24373.0,24382.0,8190.0,12655045.0,2026-08-27,2026-08-25,AUG 2026
2026-08-12 13:10:00+05:30,NIFTY26AUGFUT,NSE:NIFTY26AUGFUT,24382.0,24386.0,24376.0,24386.0,4485.0,12656670.0,2026-08-27,2026-08-25,AUG 2026
2026-08-12 13:15:00+05:30,NIFTY26AUGFUT,NSE:NIFTY26AUGFUT,24386.0,24399.0,24385.0,24393.0,24960.0,12670970.0,2026-08-27,2026-08-25,AUG 2026
2026-08-12 13:20:00+05:30,NIFTY26AUGFUT,NSE:NIFTY26AUGFUT,24393.9,24400.2,24387.9,24397.2,44720.0,12682085.0,2026-08-27,2026-08-25,AUG 2026
2026-08-12 13:25:00+05:30,NIFTY26AUGFUT,NSE:NIFTY26AUGFUT,24397.4,24397.4,24382.5,24391.8,18785.0,12687805.0,2026-08-27,2026-08-25,AUG 2026
2026-08-12 13:30:00+05:30,NIFTY26AUGFUT,NSE:NIFTY26AUGFUT,24391.8,24401.0,24389.1,24390.3,23205.0,12697685.0,2026-08-27,2026-08-25,AUG 2026
2026-08-12 13:35:00+05:30,NIFTY26AUGFUT,NSE:NIFTY26AUGFUT,24391.3,24404.2,24380.7,24394.4,25480.0,12694565.0,2026-08-27,2026-08-25,AUG 2026
2026-08-12 13:40:00+05:30,NIFTY26AUGFUT,NSE:NIFTY26AUGFUT,24391.6,24402.8,24374.0,24385.2,43810.0,12695150.0,2026-08-27,2026-08-25,AUG 2026
2026-08-12 13:45:00+05:30,NIFTY26AUGFUT,NSE:NIFTY26AUGFUT,24377.2,24386.6,24372.0,24385.9,11895.0,12695995.0,2026-08-27,2026-08-25,AUG 2026
2026-08-12 13:50:00+05:30,NIFTY26AUGFUT,NSE:NIFTY26AUGFUT,24385.9,24389.4,24376.1,24386.0,3900.0,12695020.0,2026-08-27,2026-08-25,AUG 2026
2026-08-12 13:55:00+05:30,NIFTY26AUGFUT,NSE:NIFTY26AUGFUT,24386.0,24386.0,24375.0,24382.4,5785.0,12694955.0,2026-08-27,2026-08-25,AUG 2026
2026-08-12 14:00:00+05:30,NIFTY26AUGFUT,NSE:NIFTY26AUGFUT,24380.9,24385.0,24373.0,24376.0,7150.0,12695735.0,2026-08-27,2026-08-25,AUG 2026
2026-08-12 14:05:00+05:30,NIFTY26AUGFUT,NSE:NIFTY26AUGFUT,24372.5,24385.5,24372.5,24384.7,7800.0,12697165.0,2026-08-27,2026-08-25,AUG 2026
2026-08-12 14:10:00+05:30,NIFTY26AUGFUT,NSE:NIFTY26AUGFUT,24384.9,24385.0,24373.0,24379.5,6565.0,12697945.0,2026-08-27,2026-08-25,AUG 2026
2026-08-12 14:15:00+05:30,NIFTY26AUGFUT,NSE:NIFTY26AUGFUT,24379.5,24390.0,24373.0,24390.0,5525.0,12699310.0,2026-08-27,2026-08-25,AUG 2026
2026-08-12 14:20:00+05:30,NIFTY26AUGFUT,NSE:NIFTY26AUGFUT,24390.0,24396.0,24384.0,24384.0,11245.0,12700090.0,2026-08-27,2026-08-25,AUG 2026
2026-08-12 14:25:00+05:30,NIFTY26AUGFUT,NSE:NIFTY26AUGFUT,24384.0,24400.0,24384.0,24400.0,13910.0,12696515.0,2026-08-27,2026-08-25,AUG 2026
2026-08-12 14:30:00+05:30,NIFTY26AUGFUT,NSE:NIFTY26AUGFUT,24400.0,24430.0,24392.0,24420.0,59410.0,12685205.0,2026-08-27,2026-08-25,AUG 2026
2026-08-12 14:35:00+05:30,NIFTY26AUGFUT,NSE:NIFTY26AUGFUT,24419.6,24429.0,24410.0,24420.0,22035.0,12688520.0,2026-08-27,2026-08-25,AUG 2026
2026-08-12 14:40:00+05:30,NIFTY26AUGFUT,NSE:NIFTY26AUGFUT,24416.2,24434.8,24415.0,24430.0,31395.0,12684360.0,2026-08-27,2026-08-25,AUG 2026
2026-08-12 14:45:00+05:30,NIFTY26AUGFUT,NSE:NIFTY26AUGFUT,24424.3,24434.8,24421.0,24427.0,17940.0,12686245.0,2026-08-27,2026-08-25,AUG 2026
2026-08-12 14:50:00+05:30,NIFTY26AUGFUT,NSE:NIFTY26AUGFUT,24427.0,24479.9,24424.0,24479.9,80145.0,12674220.0,2026-08-27,2026-08-25,AUG 2026
2026-08-12 14:55:00+05:30,NIFTY26AUGFUT,NSE:NIFTY26AUGFUT,24470.9,24488.9,24459.6,24469.9,102505.0,12657775.0,2026-08-27,2026-08-25,AUG 2026
2026-08-12 15:00:00+05:30,NIFTY26AUGFUT,NSE:NIFTY26AUGFUT,24469.9,24470.0,24454.1,24465.0,41990.0,12657645.0,2026-08-27,2026-08-25,AUG 2026
2026-08-12 15:05:00+05:30,NIFTY26AUGFUT,NSE:NIFTY26AUGFUT,24460.0,24468.9,24444.2,24448.3,53885.0,12652835.0,2026-08-27,2026-08-25,AUG 2026
2026-08-12 15:10:00+05:30,NIFTY26AUGFUT,NSE:NIFTY26AUGFUT,24450.6,24470.0,24450.6,24464.1,73450.0,12627940.0,2026-08-27,2026-08-25,AUG 2026
2026-08-12 15:15:00+05:30,NIFTY26AUGFUT,NSE:NIFTY26AUGFUT,24465.0,24475.0,24460.3,24475.0,29250.0,12630670.0,2026-08-27,2026-08-25,AUG 2026
2026-08-12 15:20:00+05:30,NIFTY26AUGFUT,NSE:NIFTY26AUGFUT,24475.0,24476.0,24464.7,24476.0,30030.0,12628330.0,2026-08-27,2026-08-25,AUG 2026
2026-08-12 15:25:00+05:30,NIFTY26AUGFUT,NSE:NIFTY26AUGFUT,24470.0,24478.4,24468.2,24469.1,63115.0,12608895.0,2026-08-27,2026-08-25,AUG 2026
2026-08-12 15:30:00+05:30,NIFTY26AUGFUT,NSE:NIFTY26AUGFUT,24470.0,24481.0,24468.6,24478.0,54535.0,12607855.0,2026-08-27,2026-08-25,AUG 2026
2026-08-12 15:35:00+05:30,NIFTY26AUGFUT,NSE:NIFTY26AUGFUT,24475.0,24481.5,24472.0,24480.9,38155.0,12610845.0,2026-08-27,2026-08-25,AUG 2026
2026-08-13 09:15:00+05:30,NIFTY26AUGFUT,NSE:NIFTY26AUGFUT,24460.5,24460.5,24415.0,24421.0,72215.0,12570025.0,2026-08-27,2026-08-25,AUG 2026
2026-08-13 09:20:00+05:30,NIFTY26AUGFUT,NSE:NIFTY26AUGFUT,24421.0,24440.0,24415.0,24416.5,51220.0,12594660.0,2026-08-27,2026-08-25,AUG 2026
2026-08-13 09:25:00+05:30,NIFTY26AUGFUT,NSE:NIFTY26AUGFUT,24425.0,24428.1,24401.2,24406.8,48750.0,12610715.0,2026-08-27,2026-08-25,AUG 2026
2026-08-13 09:30:00+05:30,NIFTY26AUGFUT,NSE:NIFTY26AUGFUT,24416.9,24417.9,24390.0,24395.0,49725.0,12636260.0,2026-08-27,2026-08-25,AUG 2026
2026-08-13 09:35:00+05:30,NIFTY26AUGFUT,NSE:NIFTY26AUGFUT,24393.0,24417.9,24391.0,24417.0,28015.0,12648415.0,2026-08-27,2026-08-25,AUG 2026
2026-08-13 09:40:00+05:30,NIFTY26AUGFUT,NSE:NIFTY26AUGFUT,24409.7,24430.8,24409.7,24423.3,39455.0,12658945.0,2026-08-27,2026-08-25,AUG 2026
2026-08-13 09:45:00+05:30,NIFTY26AUGFUT,NSE:NIFTY26AUGFUT,24423.4,24433.9,24414.3,24425.0,43745.0,12685465.0,2026-08-27,2026-08-25,AUG 2026
2026-08-13 09:50:00+05:30,NIFTY26AUGFUT,NSE:NIFTY26AUGFUT,24425.0,24435.4,24411.0,24433.1,21580.0,12688715.0,2026-08-27,2026-08-25,AUG 2026
2026-08-13 09:55:00+05:30,NIFTY26AUGFUT,NSE:NIFTY26AUGFUT,24423.0,24433.9,24422.2,24423.9,13130.0,12695800.0,2026-08-27,2026-08-25,AUG 2026
2026-08-13 10:00:00+05:30,NIFTY26AUGFUT,NSE:NIFTY26AUGFUT,24423.0,24430.0,24420.0,24420.1,11570.0,12698465.0,2026-08-27,2026-08-25,AUG 2026
2026-08-13 10:05:00+05:30,NIFTY26AUGFUT,NSE:NIFTY26AUGFUT,24420.1,24430.0,24418.0,24418.0,14105.0,12700155.0,2026-08-27,2026-08-25,AUG 2026
2026-08-13 10:10:00+05:30,NIFTY26AUGFUT,NSE:NIFTY26AUGFUT,24418.0,24430.0,24410.0,24425.0,9750.0,12702560.0,2026-08-27,2026-08-25,AUG 2026
2026-08-13 10:15:00+05:30,NIFTY26AUGFUT,NSE:NIFTY26AUGFUT,24425.0,24430.4,24409.0,24422.8,15015.0,12705030.0,2026-08-27,2026-08-25,AUG 2026
2026-08-13 10:20:00+05:30,NIFTY26AUGFUT,NSE:NIFTY26AUGFUT,24412.1,24422.8,24402.0,24410.0,19955.0,12716535.0,2026-08-27,2026-08-25,AUG 2026
2026-08-13 10:25:00+05:30,NIFTY26AUGFUT,NSE:NIFTY26AUGFUT,24403.0,24419.1,24391.0,24391.0,27495.0,12726805.0,2026-08-27,2026-08-25,AUG 2026
2026-08-13 10:30:00+05:30,NIFTY26AUGFUT,NSE:NIFTY26AUGFUT,24391.0,24400.0,24385.4,24391.2,40040.0,12746760.0,2026-08-27,2026-08-25,AUG 2026
2026-08-13 10:35:00+05:30,NIFTY26AUGFUT,NSE:NIFTY26AUGFUT,24391.2,24405.0,24390.0,24399.0,21515.0,12758070.0,2026-08-27,2026-08-25,AUG 2026
2026-08-13 10:40:00+05:30,NIFTY26AUGFUT,NSE:NIFTY26AUGFUT,24398.4,24411.9,24398.0,24411.0,11700.0,12761905.0,2026-08-27,2026-08-25,AUG 2026
2026-08-13 10:45:00+05:30,NIFTY26AUGFUT,NSE:NIFTY26AUGFUT,24402.3,24415.1,24400.0,24414.1,11765.0,12764635.0,2026-08-27,2026-08-25,AUG 2026
2026-08-13 10:50:00+05:30,NIFTY26AUGFUT,NSE:NIFTY26AUGFUT,24412.0,24425.0,24412.0,24416.5,13130.0,12768730.0,2026-08-27,2026-08-25,AUG 2026
2026-08-13 10:55:00+05:30,NIFTY26AUGFUT,NSE:NIFTY26AUGFUT,24416.5,24427.0,24411.5,24412.9,15860.0,12779260.0,2026-08-27,2026-08-25,AUG 2026
2026-08-13 11:00:00+05:30,NIFTY26AUGFUT,NSE:NIFTY26AUGFUT,24412.5,24420.0,24400.0,24412.8,36335.0,12791805.0,2026-08-27,2026-08-25,AUG 2026
2026-08-13 11:05:00+05:30,NIFTY26AUGFUT,NSE:NIFTY26AUGFUT,24404.0,24404.5,24390.0,24404.0,15535.0,12803635.0,2026-08-27,2026-08-25,AUG 2026
2026-08-13 11:10:00+05:30,NIFTY26AUGFUT,NSE:NIFTY26AUGFUT,24404.0,24410.0,24390.0,24397.0,9230.0,12807925.0,2026-08-27,2026-08-25,AUG 2026
2026-08-13 11:15:00+05:30,NIFTY26AUGFUT,NSE:NIFTY26AUGFUT,24397.0,24405.0,24391.0,24405.0,6435.0,12809550.0,2026-08-27,2026-08-25,AUG 2026
2026-08-13 11:20:00+05:30,NIFTY26AUGFUT,NSE:NIFTY26AUGFUT,24399.1,24413.9,24392.9,24407.0,6825.0,12812475.0,2026-08-27,2026-08-25,AUG 2026
2026-08-13 11:25:00+05:30,NIFTY26AUGFUT,NSE:NIFTY26AUGFUT,24400.0,24414.9,24400.0,24414.9,2860.0,12813450.0,2026-08-27,2026-08-25,AUG 2026
2026-08-13 11:30:00+05:30,NIFTY26AUGFUT,NSE:NIFTY26AUGFUT,24413.0,24425.0,24409.7,24420.0,8580.0,12812670.0,2026-08-27,2026-08-25,AUG 2026
2026-08-13 11:35:00+05:30,NIFTY26AUGFUT,NSE:NIFTY26AUGFUT,24425.0,24435.0,24420.1,24435.0,13195.0,12810590.0,2026-08-27,2026-08-25,AUG 2026
2026-08-13 11:40:00+05:30,NIFTY26AUGFUT,NSE:NIFTY26AUGFUT,24442.0,24448.0,24423.1,24425.4,19370.0,12803830.0,2026-08-27,2026-08-25,AUG 2026
2026-08-13 11:45:00+05:30,NIFTY26AUGFUT,NSE:NIFTY26AUGFUT,24425.4,24435.0,24424.5,24435.0,3705.0,12803895.0,2026-08-27,2026-08-25,AUG 2026
2026-08-13 11:50:00+05:30,NIFTY26AUGFUT,NSE:NIFTY26AUGFUT,24435.0,24446.8,24434.0,24441.0,10140.0,12800385.0,2026-08-27,2026-08-25,AUG 2026
2026-08-13 11:55:00+05:30,NIFTY26AUGFUT,NSE:NIFTY26AUGFUT,24441.0,24470.0,24440.0,24470.0,41275.0,12782835.0,2026-08-27,2026-08-25,AUG 2026
2026-08-13 12:00:00+05:30,NIFTY26AUGFUT,NSE:NIFTY26AUGFUT,24471.0,24514.0,24466.0,24495.0,104065.0,12781665.0,2026-08-27,2026-08-25,AUG 2026
2026-08-13 12:05:00+05:30,NIFTY26AUGFUT,NSE:NIFTY26AUGFUT,24494.1,24505.0,24485.7,24492.4,46800.0,12792455.0,2026-08-27,2026-08-25,AUG 2026
2026-08-13 12:10:00+05:30,NIFTY26AUGFUT,NSE:NIFTY26AUGFUT,24496.0,24497.3,24481.1,24485.0,21385.0,12794275.0,2026-08-27,2026-08-25,AUG 2026
2026-08-13 12:15:00+05:30,NIFTY26AUGFUT,NSE:NIFTY26AUGFUT,24481.1,24492.0,24475.0,24475.0,16120.0,12792780.0,2026-08-27,2026-08-25,AUG 2026
2026-08-13 12:20:00+05:30,NIFTY26AUGFUT,NSE:NIFTY26AUGFUT,24472.5,24488.0,24472.5,24488.0,7020.0,12788880.0,2026-08-27,2026-08-25,AUG 2026
2026-08-13 12:25:00+05:30,NIFTY26AUGFUT,NSE:NIFTY26AUGFUT,24488.0,24490.0,24476.9,24480.2,8060.0,12788490.0,2026-08-27,2026-08-25,AUG 2026
2026-08-13 12:30:00+05:30,NIFTY26AUGFUT,NSE:NIFTY26AUGFUT,24480.4,24484.9,24475.1,24480.0,6175.0,12787385.0,2026-08-27,2026-08-25,AUG 2026
2026-08-13 12:35:00+05:30,NIFTY26AUGFUT,NSE:NIFTY26AUGFUT,24480.0,24485.0,24469.0,24472.5,8905.0,12783745.0,2026-08-27,2026-08-25,AUG 2026
2026-08-13 12:40:00+05:30,NIFTY26AUGFUT,NSE:NIFTY26AUGFUT,24475.1,24489.0,24471.5,24480.0,10985.0,12787320.0,2026-08-27,2026-08-25,AUG 2026
2026-08-13 12:45:00+05:30,NIFTY26AUGFUT,NSE:NIFTY26AUGFUT,24484.7,24484.7,24462.5,24465.0,10530.0,12787515.0,2026-08-27,2026-08-25,AUG 2026
2026-08-13 12:50:00+05:30,NIFTY26AUGFUT,NSE:NIFTY26AUGFUT,24465.0,24470.0,24452.0,24465.5,9165.0,12787450.0,2026-08-27,2026-08-25,AUG 2026
2026-08-13 12:55:00+05:30,NIFTY26AUGFUT,NSE:NIFTY26AUGFUT,24470.0,24470.6,24455.0,24463.6,10075.0,12791805.0,2026-08-27,2026-08-25,AUG 2026
2026-08-13 13:00:00+05:30,NIFTY26AUGFUT,NSE:NIFTY26AUGFUT,24456.0,24469.9,24455.0,24458.0,6370.0,12790700.0,2026-08-27,2026-08-25,AUG 2026
2026-08-13 13:05:00+05:30,NIFTY26AUGFUT,NSE:NIFTY26AUGFUT,24458.0,24466.5,24456.0,24460.0,7150.0,12792000.0,2026-08-27,2026-08-25,AUG 2026
2026-08-13 13:10:00+05:30,NIFTY26AUGFUT,NSE:NIFTY26AUGFUT,24460.0,24468.9,24455.0,24460.9,5460.0,12789465.0,2026-08-27,2026-08-25,AUG 2026
2026-08-13 13:15:00+05:30,NIFTY26AUGFUT,NSE:NIFTY26AUGFUT,24468.9,24469.0,24453.0,24454.7,4355.0,12790895.0,2026-08-27,2026-08-25,AUG 2026
2026-08-13 13:20:00+05:30,NIFTY26AUGFUT,NSE:NIFTY26AUGFUT,24454.1,24468.0,24454.1,24461.0,3510.0,12790115.0,2026-08-27,2026-08-25,AUG 2026
2026-08-13 13:25:00+05:30,NIFTY26AUGFUT,NSE:NIFTY26AUGFUT,24461.0,24467.7,24455.0,24457.0,3250.0,12790310.0,2026-08-27,2026-08-25,AUG 2026
2026-08-13 13:30:00+05:30,NIFTY26AUGFUT,NSE:NIFTY26AUGFUT,24457.0,24467.0,24450.5,24460.7,7280.0,12790050.0,2026-08-27,2026-08-25,AUG 2026
2026-08-13 13:35:00+05:30,NIFTY26AUGFUT,NSE:NIFTY26AUGFUT,24458.0,24475.0,24456.0,24474.0,8775.0,12791155.0,2026-08-27,2026-08-25,AUG 2026
2026-08-13 13:40:00+05:30,NIFTY26AUGFUT,NSE:NIFTY26AUGFUT,24470.2,24490.0,24470.0,24482.1,14495.0,12788490.0,2026-08-27,2026-08-25,AUG 2026
2026-08-13 13:45:00+05:30,NIFTY26AUGFUT,NSE:NIFTY26AUGFUT,24487.9,24488.3,24471.0,24480.0,10075.0,12789595.0,2026-08-27,2026-08-25,AUG 2026
2026-08-13 13:50:00+05:30,NIFTY26AUGFUT,NSE:NIFTY26AUGFUT,24480.0,24494.0,24475.0,24494.0,8710.0,12789335.0,2026-08-27,2026-08-25,AUG 2026
2026-08-13 13:55:00+05:30,NIFTY26AUGFUT,NSE:NIFTY26AUGFUT,24494.1,24499.0,24493.1,24493.1,11895.0,12789530.0,2026-08-27,2026-08-25,AUG 2026
2026-08-13 14:00:00+05:30,NIFTY26AUGFUT,NSE:NIFTY26AUGFUT,24498.8,24498.8,24480.0,24485.0,11050.0,12788620.0,2026-08-27,2026-08-25,AUG 2026
2026-08-13 14:05:00+05:30,NIFTY26AUGFUT,NSE:NIFTY26AUGFUT,24485.0,24490.0,24462.0,24469.0,9035.0,12788360.0,2026-08-27,2026-08-25,AUG 2026
2026-08-13 14:10:00+05:30,NIFTY26AUGFUT,NSE:NIFTY26AUGFUT,24469.1,24477.0,24465.0,24468.0,4745.0,12788945.0,2026-08-27,2026-08-25,AUG 2026
2026-08-13 14:15:00+05:30,NIFTY26AUGFUT,NSE:NIFTY26AUGFUT,24465.4,24471.5,24461.1,24465.0,13065.0,12789985.0,2026-08-27,2026-08-25,AUG 2026
2026-08-13 14:20:00+05:30,NIFTY26AUGFUT,NSE:NIFTY26AUGFUT,24465.0,24480.0,24465.0,24478.0,15925.0,12773605.0,2026-08-27,2026-08-25,AUG 2026
2026-08-13 14:25:00+05:30,NIFTY26AUGFUT,NSE:NIFTY26AUGFUT,24478.0,24490.0,24470.1,24483.0,14170.0,12768925.0,2026-08-27,2026-08-25,AUG 2026
2026-08-13 14:30:00+05:30,NIFTY26AUGFUT,NSE:NIFTY26AUGFUT,24483.0,24483.0,24469.0,24477.9,7410.0,12771265.0,2026-08-27,2026-08-25,AUG 2026
2026-08-13 14:35:00+05:30,NIFTY26AUGFUT,NSE:NIFTY26AUGFUT,24477.9,24479.9,24470.0,24477.0,3315.0,12771200.0,2026-08-27,2026-08-25,AUG 2026
2026-08-13 14:40:00+05:30,NIFTY26AUGFUT,NSE:NIFTY26AUGFUT,24477.0,24483.0,24471.5,24473.6,9815.0,12771850.0,2026-08-27,2026-08-25,AUG 2026
2026-08-13 14:45:00+05:30,NIFTY26AUGFUT,NSE:NIFTY26AUGFUT,24473.6,24479.5,24462.2,24463.0,7735.0,12771980.0,2026-08-27,2026-08-25,AUG 2026
2026-08-13 14:50:00+05:30,NIFTY26AUGFUT,NSE:NIFTY26AUGFUT,24471.6,24471.6,24460.2,24460.2,12740.0,12777050.0,2026-08-27,2026-08-25,AUG 2026
2026-08-13 14:55:00+05:30,NIFTY26AUGFUT,NSE:NIFTY26AUGFUT,24460.2,24466.3,24455.0,24458.0,15080.0,12777765.0,2026-08-27,2026-08-25,AUG 2026
2026-08-13 15:00:00+05:30,NIFTY26AUGFUT,NSE:NIFTY26AUGFUT,24458.0,24469.9,24456.5,24467.0,9815.0,12778675.0,2026-08-27,2026-08-25,AUG 2026
2026-08-13 15:05:00+05:30,NIFTY26AUGFUT,NSE:NIFTY26AUGFUT,24467.0,24467.0,24454.9,24457.2,18590.0,12778090.0,2026-08-27,2026-08-25,AUG 2026
2026-08-13 15:10:00+05:30,NIFTY26AUGFUT,NSE:NIFTY26AUGFUT,24457.2,24467.0,24457.2,24464.0,20085.0,12782640.0,2026-08-27,2026-08-25,AUG 2026
2026-08-13 15:15:00+05:30,NIFTY26AUGFUT,NSE:NIFTY26AUGFUT,24467.0,24474.9,24464.0,24470.0,19305.0,12783225.0,2026-08-27,2026-08-25,AUG 2026
2026-08-13 15:20:00+05:30,NIFTY26AUGFUT,NSE:NIFTY26AUGFUT,24471.4,24474.0,24458.0,24462.0,30290.0,12795640.0,2026-08-27,2026-08-25,AUG 2026
2026-08-13 15:25:00+05:30,NIFTY26AUGFUT,NSE:NIFTY26AUGFUT,24464.0,24470.0,24458.0,24466.0,23530.0,12792715.0,2026-08-27,2026-08-25,AUG 2026
2026-08-13 15:30:00+05:30,NIFTY26AUGFUT,NSE:NIFTY26AUGFUT,24465.4,24475.0,24465.0,24474.0,26325.0,12796875.0,2026-08-27,2026-08-25,AUG 2026
2026-08-13 15:35:00+05:30,NIFTY26AUGFUT,NSE:NIFTY26AUGFUT,24473.5,24475.5,24465.1,24467.3,32695.0,12796745.0,2026-08-27,2026-08-25,AUG 2026
2026-08-14 09:15:00+05:30,NIFTY26AUGFUT,NSE:NIFTY26AUGFUT,24452.0,24452.0,24390.0,24394.9,125320.0,12762230.0,2026-08-27,2026-08-25,AUG 2026
2026-08-14 09:20:00+05:30,NIFTY26AUGFUT,NSE:NIFTY26AUGFUT,24394.9,24408.0,24387.0,24396.0,47320.0,12788360.0,2026-08-27,2026-08-25,AUG 2026
2026-08-14 09:25:00+05:30,NIFTY26AUGFUT,NSE:NIFTY26AUGFUT,24396.0,24405.3,24377.0,24377.0,67145.0,12806690.0,2026-08-27,2026-08-25,AUG 2026
2026-08-14 09:30:00+05:30,NIFTY26AUGFUT,NSE:NIFTY26AUGFUT,24376.0,24408.5,24370.3,24400.0,43355.0,12818260.0,2026-08-27,2026-08-25,AUG 2026
2026-08-14 09:35:00+05:30,NIFTY26AUGFUT,NSE:NIFTY26AUGFUT,24400.0,24414.0,24395.0,24409.0,22425.0,12828660.0,2026-08-27,2026-08-25,AUG 2026
2026-08-14 09:40:00+05:30,NIFTY26AUGFUT,NSE:NIFTY26AUGFUT,24410.4,24411.5,24400.0,24402.8,21060.0,12840620.0,2026-08-27,2026-08-25,AUG 2026
2026-08-14 09:45:00+05:30,NIFTY26AUGFUT,NSE:NIFTY26AUGFUT,24401.1,24413.0,24401.1,24405.0,11635.0,12843610.0,2026-08-27,2026-08-25,AUG 2026
2026-08-14 09:50:00+05:30,NIFTY26AUGFUT,NSE:NIFTY26AUGFUT,24407.9,24412.0,24390.0,24390.0,41405.0,12854725.0,2026-08-27,2026-08-25,AUG 2026
2026-08-14 09:55:00+05:30,NIFTY26AUGFUT,NSE:NIFTY26AUGFUT,24388.2,24406.9,24385.0,24406.9,14625.0,12863955.0,2026-08-27,2026-08-25,AUG 2026
2026-08-14 10:00:00+05:30,NIFTY26AUGFUT,NSE:NIFTY26AUGFUT,24402.4,24417.0,24402.4,24417.0,11765.0,12865515.0,2026-08-27,2026-08-25,AUG 2026
2026-08-14 10:05:00+05:30,NIFTY26AUGFUT,NSE:NIFTY26AUGFUT,24416.8,24418.0,24406.0,24418.0,12220.0,12869740.0,2026-08-27,2026-08-25,AUG 2026
2026-08-14 10:10:00+05:30,NIFTY26AUGFUT,NSE:NIFTY26AUGFUT,24418.0,24419.8,24407.9,24412.3,10985.0,12871690.0,2026-08-27,2026-08-25,AUG 2026
2026-08-14 10:15:00+05:30,NIFTY26AUGFUT,NSE:NIFTY26AUGFUT,24412.4,24412.4,24403.2,24403.9,8905.0,12874290.0,2026-08-27,2026-08-25,AUG 2026
2026-08-14 10:20:00+05:30,NIFTY26AUGFUT,NSE:NIFTY26AUGFUT,24403.2,24409.4,24402.4,24403.0,12155.0,12870260.0,2026-08-27,2026-08-25,AUG 2026
2026-08-14 10:25:00+05:30,NIFTY26AUGFUT,NSE:NIFTY26AUGFUT,24405.0,24408.0,24400.0,24400.1,9945.0,12872145.0,2026-08-27,2026-08-25,AUG 2026
2026-08-14 10:30:00+05:30,NIFTY26AUGFUT,NSE:NIFTY26AUGFUT,24403.9,24403.9,24375.0,24377.0,33215.0,12878190.0,2026-08-27,2026-08-25,AUG 2026
2026-08-14 10:35:00+05:30,NIFTY26AUGFUT,NSE:NIFTY26AUGFUT,24380.0,24395.7,24378.0,24395.4,18005.0,12887420.0,2026-08-27,2026-08-25,AUG 2026
2026-08-14 10:40:00+05:30,NIFTY26AUGFUT,NSE:NIFTY26AUGFUT,24395.1,24396.3,24382.0,24396.3,19760.0,12882025.0,2026-08-27,2026-08-25,AUG 2026
2026-08-14 10:45:00+05:30,NIFTY26AUGFUT,NSE:NIFTY26AUGFUT,24396.6,24402.9,24385.0,24402.3,14885.0,12876500.0,2026-08-27,2026-08-25,AUG 2026
2026-08-14 10:50:00+05:30,NIFTY26AUGFUT,NSE:NIFTY26AUGFUT,24401.8,24408.8,24401.0,24404.4,8255.0,12878905.0,2026-08-27,2026-08-25,AUG 2026
2026-08-14 10:55:00+05:30,NIFTY26AUGFUT,NSE:NIFTY26AUGFUT,24403.0,24408.0,24380.1,24382.8,33800.0,12873575.0,2026-08-27,2026-08-25,AUG 2026
2026-08-14 11:00:00+05:30,NIFTY26AUGFUT,NSE:NIFTY26AUGFUT,24380.1,24390.3,24374.4,24382.4,41730.0,12862655.0,2026-08-27,2026-08-25,AUG 2026
2026-08-14 11:05:00+05:30,NIFTY26AUGFUT,NSE:NIFTY26AUGFUT,24391.0,24391.0,24372.0,24376.4,20150.0,12866555.0,2026-08-27,2026-08-25,AUG 2026
2026-08-14 11:10:00+05:30,NIFTY26AUGFUT,NSE:NIFTY26AUGFUT,24384.0,24385.2,24371.8,24379.0,24115.0,12866035.0,2026-08-27,2026-08-25,AUG 2026
2026-08-14 11:15:00+05:30,NIFTY26AUGFUT,NSE:NIFTY26AUGFUT,24379.0,24391.5,24373.9,24388.3,33085.0,12852905.0,2026-08-27,2026-08-25,AUG 2026
2026-08-14 11:20:00+05:30,NIFTY26AUGFUT,NSE:NIFTY26AUGFUT,24390.1,24404.3,24389.1,24393.0,40235.0,12833080.0,2026-08-27,2026-08-25,AUG 2026
2026-08-14 11:25:00+05:30,NIFTY26AUGFUT,NSE:NIFTY26AUGFUT,24395.9,24397.9,24378.5,24382.0,15210.0,12834510.0,2026-08-27,2026-08-25,AUG 2026
2026-08-14 11:30:00+05:30,NIFTY26AUGFUT,NSE:NIFTY26AUGFUT,24380.0,24386.0,24370.2,24380.0,34645.0,12837110.0,2026-08-27,2026-08-25,AUG 2026
2026-08-14 11:35:00+05:30,NIFTY26AUGFUT,NSE:NIFTY26AUGFUT,24380.0,24386.1,24370.0,24375.0,20280.0,12837630.0,2026-08-27,2026-08-25,AUG 2026
2026-08-14 11:40:00+05:30,NIFTY26AUGFUT,NSE:NIFTY26AUGFUT,24379.9,24395.0,24379.0,24390.0,10205.0,12838865.0,2026-08-27,2026-08-25,AUG 2026
2026-08-14 11:45:00+05:30,NIFTY26AUGFUT,NSE:NIFTY26AUGFUT,24390.0,24400.0,24385.3,24389.0,10725.0,12837500.0,2026-08-27,2026-08-25,AUG 2026
2026-08-14 11:50:00+05:30,NIFTY26AUGFUT,NSE:NIFTY26AUGFUT,24390.0,24396.6,24385.1,24385.1,5525.0,12839645.0,2026-08-27,2026-08-25,AUG 2026
2026-08-14 11:55:00+05:30,NIFTY26AUGFUT,NSE:NIFTY26AUGFUT,24392.9,24394.3,24385.3,24389.0,2665.0,12839840.0,2026-08-27,2026-08-25,AUG 2026
2026-08-14 12:00:00+05:30,NIFTY26AUGFUT,NSE:NIFTY26AUGFUT,24389.0,24390.0,24383.1,24385.0,10855.0,12841790.0,2026-08-27,2026-08-25,AUG 2026
2026-08-14 12:05:00+05:30,NIFTY26AUGFUT,NSE:NIFTY26AUGFUT,24385.0,24397.4,24380.9,24388.4,6370.0,12844910.0,2026-08-27,2026-08-25,AUG 2026
2026-08-14 12:10:00+05:30,NIFTY26AUGFUT,NSE:NIFTY26AUGFUT,24394.0,24403.9,24389.0,24403.9,8385.0,12846470.0,2026-08-27,2026-08-25,AUG 2026
2026-08-14 12:15:00+05:30,NIFTY26AUGFUT,NSE:NIFTY26AUGFUT,24404.2,24413.0,24399.8,24413.0,11050.0,12845430.0,2026-08-27,2026-08-25,AUG 2026
2026-08-14 12:20:00+05:30,NIFTY26AUGFUT,NSE:NIFTY26AUGFUT,24413.0,24417.0,24408.0,24416.4,33670.0,12846080.0,2026-08-27,2026-08-25,AUG 2026
2026-08-14 12:25:00+05:30,NIFTY26AUGFUT,NSE:NIFTY26AUGFUT,24416.5,24417.5,24408.0,24408.0,9750.0,12845560.0,2026-08-27,2026-08-25,AUG 2026
2026-08-14 12:30:00+05:30,NIFTY26AUGFUT,NSE:NIFTY26AUGFUT,24409.1,24409.4,24401.4,24408.0,10790.0,12845820.0,2026-08-27,2026-08-25,AUG 2026
2026-08-14 12:35:00+05:30,NIFTY26AUGFUT,NSE:NIFTY26AUGFUT,24405.9,24409.3,24401.0,24401.7,16185.0,12842440.0,2026-08-27,2026-08-25,AUG 2026
2026-08-14 12:40:00+05:30,NIFTY26AUGFUT,NSE:NIFTY26AUGFUT,24404.3,24405.0,24388.0,24395.0,14430.0,12840620.0,2026-08-27,2026-08-25,AUG 2026
2026-08-14 12:45:00+05:30,NIFTY26AUGFUT,NSE:NIFTY26AUGFUT,24399.0,24409.9,24394.6,24406.0,10335.0,12843415.0,2026-08-27,2026-08-25,AUG 2026
2026-08-14 12:50:00+05:30,NIFTY26AUGFUT,NSE:NIFTY26AUGFUT,24406.0,24418.0,24405.1,24413.0,7865.0,12843415.0,2026-08-27,2026-08-25,AUG 2026
2026-08-14 12:55:00+05:30,NIFTY26AUGFUT,NSE:NIFTY26AUGFUT,24413.0,24415.8,24408.9,24415.0,7215.0,12845365.0,2026-08-27,2026-08-25,AUG 2026
2026-08-14 13:00:00+05:30,NIFTY26AUGFUT,NSE:NIFTY26AUGFUT,24416.0,24420.9,24404.0,24407.0,33670.0,12863760.0,2026-08-27,2026-08-25,AUG 2026
2026-08-14 13:05:00+05:30,NIFTY26AUGFUT,NSE:NIFTY26AUGFUT,24413.0,24415.0,24405.1,24415.0,3445.0,12865190.0,2026-08-27,2026-08-25,AUG 2026
2026-08-14 13:10:00+05:30,NIFTY26AUGFUT,NSE:NIFTY26AUGFUT,24415.0,24418.8,24410.7,24418.1,7930.0,12864605.0,2026-08-27,2026-08-25,AUG 2026
2026-08-14 13:15:00+05:30,NIFTY26AUGFUT,NSE:NIFTY26AUGFUT,24418.2,24420.1,24411.0,24411.0,14365.0,12866490.0,2026-08-27,2026-08-25,AUG 2026
2026-08-14 13:20:00+05:30,NIFTY26AUGFUT,NSE:NIFTY26AUGFUT,24413.0,24417.6,24408.0,24414.4,3835.0,12867010.0,2026-08-27,2026-08-25,AUG 2026
2026-08-14 13:25:00+05:30,NIFTY26AUGFUT,NSE:NIFTY26AUGFUT,24408.1,24413.6,24400.0,24408.0,6955.0,12867660.0,2026-08-27,2026-08-25,AUG 2026
2026-08-14 13:30:00+05:30,NIFTY26AUGFUT,NSE:NIFTY26AUGFUT,24410.0,24411.2,24396.0,24396.0,6760.0,12865385.0,2026-08-27,2026-08-25,AUG 2026
2026-08-14 13:35:00+05:30,NIFTY26AUGFUT,NSE:NIFTY26AUGFUT,24397.9,24415.0,24394.6,24414.0,8840.0,12864800.0,2026-08-27,2026-08-25,AUG 2026
2026-08-14 13:40:00+05:30,NIFTY26AUGFUT,NSE:NIFTY26AUGFUT,24416.6,24430.0,24414.0,24430.0,14755.0,12862395.0,2026-08-27,2026-08-25,AUG 2026
2026-08-14 13:45:00+05:30,NIFTY26AUGFUT,NSE:NIFTY26AUGFUT,24430.0,24469.8,24430.0,24460.0,84500.0,12830740.0,2026-08-27,2026-08-25,AUG 2026
2026-08-14 13:50:00+05:30,NIFTY26AUGFUT,NSE:NIFTY26AUGFUT,24460.0,24469.8,24456.0,24456.8,24765.0,12823785.0,2026-08-27,2026-08-25,AUG 2026
2026-08-14 13:55:00+05:30,NIFTY26AUGFUT,NSE:NIFTY26AUGFUT,24463.0,24470.0,24450.0,24469.7,40755.0,12820275.0,2026-08-27,2026-08-25,AUG 2026
2026-08-14 14:00:00+05:30,NIFTY26AUGFUT,NSE:NIFTY26AUGFUT,24471.9,24477.0,24466.0,24469.9,28665.0,12816700.0,2026-08-27,2026-08-25,AUG 2026
2026-08-14 14:05:00+05:30,NIFTY26AUGFUT,NSE:NIFTY26AUGFUT,24468.0,24469.9,24455.0,24457.0,14365.0,12818715.0,2026-08-27,2026-08-25,AUG 2026
2026-08-14 14:10:00+05:30,NIFTY26AUGFUT,NSE:NIFTY26AUGFUT,24460.0,24462.0,24451.0,24453.0,11440.0,12819885.0,2026-08-27,2026-08-25,AUG 2026
2026-08-14 14:15:00+05:30,NIFTY26AUGFUT,NSE:NIFTY26AUGFUT,24453.0,24464.0,24450.2,24455.0,11245.0,12819365.0,2026-08-27,2026-08-25,AUG 2026
2026-08-14 14:20:00+05:30,NIFTY26AUGFUT,NSE:NIFTY26AUGFUT,24457.0,24458.7,24451.0,24457.0,14820.0,12812995.0,2026-08-27,2026-08-25,AUG 2026
2026-08-14 14:25:00+05:30,NIFTY26AUGFUT,NSE:NIFTY26AUGFUT,24457.9,24457.9,24449.1,24456.3,8905.0,12811045.0,2026-08-27,2026-08-25,AUG 2026
2026-08-14 14:30:00+05:30,NIFTY26AUGFUT,NSE:NIFTY26AUGFUT,24456.9,24456.9,24443.7,24454.9,22815.0,12803115.0,2026-08-27,2026-08-25,AUG 2026
2026-08-14 14:35:00+05:30,NIFTY26AUGFUT,NSE:NIFTY26AUGFUT,24455.0,24459.5,24445.2,24446.1,10270.0,12801165.0,2026-08-27,2026-08-25,AUG 2026
2026-08-14 14:40:00+05:30,NIFTY26AUGFUT,NSE:NIFTY26AUGFUT,24450.9,24458.8,24446.6,24454.9,3315.0,12800710.0,2026-08-27,2026-08-25,AUG 2026
2026-08-14 14:45:00+05:30,NIFTY26AUGFUT,NSE:NIFTY26AUGFUT,24456.0,24457.1,24446.7,24450.0,16055.0,12794730.0,2026-08-27,2026-08-25,AUG 2026
2026-08-14 14:50:00+05:30,NIFTY26AUGFUT,NSE:NIFTY26AUGFUT,24450.0,24469.0,24447.1,24469.0,15535.0,12793170.0,2026-08-27,2026-08-25,AUG 2026
2026-08-14 14:55:00+05:30,NIFTY26AUGFUT,NSE:NIFTY26AUGFUT,24468.0,24469.9,24457.3,24457.6,14820.0,12794795.0,2026-08-27,2026-08-25,AUG 2026
2026-08-14 15:00:00+05:30,NIFTY26AUGFUT,NSE:NIFTY26AUGFUT,24457.1,24463.6,24452.7,24459.0,12805.0,12793885.0,2026-08-27,2026-08-25,AUG 2026
2026-08-14 15:05:00+05:30,NIFTY26AUGFUT,NSE:NIFTY26AUGFUT,24458.8,24458.8,24444.9,24446.8,19305.0,12793040.0,2026-08-27,2026-08-25,AUG 2026
2026-08-14 15:10:00+05:30,NIFTY26AUGFUT,NSE:NIFTY26AUGFUT,24448.2,24455.0,24447.0,24448.3,23530.0,12794275.0,2026-08-27,2026-08-25,AUG 2026
2026-08-14 15:15:00+05:30,NIFTY26AUGFUT,NSE:NIFTY26AUGFUT,24449.0,24453.7,24445.0,24452.8,20215.0,12787710.0,2026-08-27,2026-08-25,AUG 2026
2026-08-14 15:20:00+05:30,NIFTY26AUGFUT,NSE:NIFTY26AUGFUT,24453.0,24458.6,24447.9,24455.1,45500.0,12794600.0,2026-08-27,2026-08-25,AUG 2026
2026-08-14 15:25:00+05:30,NIFTY26AUGFUT,NSE:NIFTY26AUGFUT,24455.8,24455.8,24446.0,24449.8,25675.0,12792910.0,2026-08-27,2026-08-25,AUG 2026
2026-08-14 15:30:00+05:30,NIFTY26AUGFUT,NSE:NIFTY26AUGFUT,24449.9,24450.0,24442.3,24443.7,29250.0,12785890.0,2026-08-27,2026-08-25,AUG 2026
2026-08-14 15:35:00+05:30,NIFTY26AUGFUT,NSE:NIFTY26AUGFUT,24443.7,24450.0,24441.1,24450.0,43680.0,12798305.0,2026-08-27,2026-08-25,AUG 2026
2026-08-17 09:15:00+05:30,NIFTY26AUGFUT,NSE:NIFTY26AUGFUT,24400.0,24412.9,24344.0,24361.0,256360.0,12820405.0,2026-08-27,2026-08-25,AUG 2026
2026-08-17 09:20:00+05:30,NIFTY26AUGFUT,NSE:NIFTY26AUGFUT,24360.9,24366.1,24340.0,24357.0,70200.0,12844585.0,2026-08-27,2026-08-25,AUG 2026
2026-08-17 09:25:00+05:30,NIFTY26AUGFUT,NSE:NIFTY26AUGFUT,24357.0,24363.0,24342.8,24357.0,49985.0,12863045.0,2026-08-27,2026-08-25,AUG 2026
2026-08-17 09:30:00+05:30,NIFTY26AUGFUT,NSE:NIFTY26AUGFUT,24352.7,24357.9,24325.9,24331.6,65650.0,12859535.0,2026-08-27,2026-08-25,AUG 2026
2026-08-17 09:35:00+05:30,NIFTY26AUGFUT,NSE:NIFTY26AUGFUT,24331.6,24356.1,24330.2,24349.3,36855.0,12861615.0,2026-08-27,2026-08-25,AUG 2026
2026-08-17 09:40:00+05:30,NIFTY26AUGFUT,NSE:NIFTY26AUGFUT,24340.0,24362.1,24340.0,24352.0,42510.0,12859210.0,2026-08-27,2026-08-25,AUG 2026
2026-08-17 09:45:00+05:30,NIFTY26AUGFUT,NSE:NIFTY26AUGFUT,24350.6,24355.0,24340.7,24350.0,15405.0,12860250.0,2026-08-27,2026-08-25,AUG 2026
2026-08-17 09:50:00+05:30,NIFTY26AUGFUT,NSE:NIFTY26AUGFUT,24351.0,24356.8,24345.0,24347.5,18785.0,12865255.0,2026-08-27,2026-08-25,AUG 2026
2026-08-17 09:55:00+05:30,NIFTY26AUGFUT,NSE:NIFTY26AUGFUT,24346.0,24350.4,24335.0,24338.0,24765.0,12866555.0,2026-08-27,2026-08-25,AUG 2026
2026-08-17 10:00:00+05:30,NIFTY26AUGFUT,NSE:NIFTY26AUGFUT,24338.0,24344.9,24330.7,24336.1,25350.0,12868245.0,2026-08-27,2026-08-25,AUG 2026
2026-08-17 10:05:00+05:30,NIFTY26AUGFUT,NSE:NIFTY26AUGFUT,24335.0,24344.0,24330.0,24335.5,22425.0,12871365.0,2026-08-27,2026-08-25,AUG 2026
2026-08-17 10:10:00+05:30,NIFTY26AUGFUT,NSE:NIFTY26AUGFUT,24335.5,24340.7,24326.1,24330.0,26910.0,12872275.0,2026-08-27,2026-08-25,AUG 2026
2026-08-17 10:15:00+05:30,NIFTY26AUGFUT,NSE:NIFTY26AUGFUT,24330.0,24333.0,24303.0,24310.0,124475.0,12844585.0,2026-08-27,2026-08-25,AUG 2026
2026-08-17 10:20:00+05:30,NIFTY26AUGFUT,NSE:NIFTY26AUGFUT,24310.0,24317.0,24301.9,24306.0,31590.0,12847835.0,2026-08-27,2026-08-25,AUG 2026
2026-08-17 10:25:00+05:30,NIFTY26AUGFUT,NSE:NIFTY26AUGFUT,24306.0,24320.0,24306.0,24318.0,23725.0,12850305.0,2026-08-27,2026-08-25,AUG 2026
2026-08-17 10:30:00+05:30,NIFTY26AUGFUT,NSE:NIFTY26AUGFUT,24318.0,24320.5,24310.0,24317.0,28080.0,12859730.0,2026-08-27,2026-08-25,AUG 2026
2026-08-17 10:35:00+05:30,NIFTY26AUGFUT,NSE:NIFTY26AUGFUT,24317.0,24319.0,24305.0,24315.1,15080.0,12862070.0,2026-08-27,2026-08-25,AUG 2026
2026-08-17 10:40:00+05:30,NIFTY26AUGFUT,NSE:NIFTY26AUGFUT,24315.0,24315.0,24295.4,24299.3,72670.0,12856740.0,2026-08-27,2026-08-25,AUG 2026
2026-08-17 10:45:00+05:30,NIFTY26AUGFUT,NSE:NIFTY26AUGFUT,24299.3,24305.0,24288.0,24299.9,86190.0,12846210.0,2026-08-27,2026-08-25,AUG 2026
2026-08-17 10:50:00+05:30,NIFTY26AUGFUT,NSE:NIFTY26AUGFUT,24299.9,24310.0,24296.0,24308.6,30940.0,12843350.0,2026-08-27,2026-08-25,AUG 2026
2026-08-17 10:55:00+05:30,NIFTY26AUGFUT,NSE:NIFTY26AUGFUT,24307.5,24312.0,24301.1,24307.5,20735.0,12849070.0,2026-08-27,2026-08-25,AUG 2026
2026-08-17 11:00:00+05:30,NIFTY26AUGFUT,NSE:NIFTY26AUGFUT,24302.0,24311.9,24297.0,24305.0,12285.0,12859535.0,2026-08-27,2026-08-25,AUG 2026
2026-08-17 11:05:00+05:30,NIFTY26AUGFUT,NSE:NIFTY26AUGFUT,24308.0,24308.0,24300.0,24305.0,18590.0,12868765.0,2026-08-27,2026-08-25,AUG 2026
2026-08-17 11:10:00+05:30,NIFTY26AUGFUT,NSE:NIFTY26AUGFUT,24301.0,24304.5,24300.3,24301.9,5720.0,12872470.0,2026-08-27,2026-08-25,AUG 2026
2026-08-17 11:15:00+05:30,NIFTY26AUGFUT,NSE:NIFTY26AUGFUT,24301.0,24307.0,24300.0,24304.5,14300.0,12874810.0,2026-08-27,2026-08-25,AUG 2026
2026-08-17 11:20:00+05:30,NIFTY26AUGFUT,NSE:NIFTY26AUGFUT,24304.0,24305.0,24300.0,24300.2,16900.0,12884105.0,2026-08-27,2026-08-25,AUG 2026
2026-08-17 11:25:00+05:30,NIFTY26AUGFUT,NSE:NIFTY26AUGFUT,24300.5,24312.0,24300.0,24309.0,14300.0,12888265.0,2026-08-27,2026-08-25,AUG 2026
2026-08-17 11:30:00+05:30,NIFTY26AUGFUT,NSE:NIFTY26AUGFUT,24310.0,24316.0,24305.1,24315.0,15730.0,12892685.0,2026-08-27,2026-08-25,AUG 2026
2026-08-17 11:35:00+05:30,NIFTY26AUGFUT,NSE:NIFTY26AUGFUT,24315.0,24316.0,24312.5,24313.0,7280.0,12896455.0,2026-08-27,2026-08-25,AUG 2026
2026-08-17 11:40:00+05:30,NIFTY26AUGFUT,NSE:NIFTY26AUGFUT,24313.0,24320.0,24313.0,24318.7,9815.0,12901330.0,2026-08-27,2026-08-25,AUG 2026
2026-08-17 11:45:00+05:30,NIFTY26AUGFUT,NSE:NIFTY26AUGFUT,24318.5,24321.5,24310.0,24321.5,18915.0,12894570.0,2026-08-27,2026-08-25,AUG 2026
2026-08-17 11:50:00+05:30,NIFTY26AUGFUT,NSE:NIFTY26AUGFUT,24321.5,24334.0,24319.0,24325.0,19825.0,12860510.0,2026-08-27,2026-08-25,AUG 2026
2026-08-17 11:55:00+05:30,NIFTY26AUGFUT,NSE:NIFTY26AUGFUT,24325.0,24333.0,24324.0,24332.0,22880.0,12857390.0,2026-08-27,2026-08-25,AUG 2026
2026-08-17 12:00:00+05:30,NIFTY26AUGFUT,NSE:NIFTY26AUGFUT,24331.0,24337.4,24330.0,24332.5,13845.0,12853035.0,2026-08-27,2026-08-25,AUG 2026
2026-08-17 12:05:00+05:30,NIFTY26AUGFUT,NSE:NIFTY26AUGFUT,24332.0,24332.5,24320.1,24327.0,16705.0,12851800.0,2026-08-27,2026-08-25,AUG 2026
2026-08-17 12:10:00+05:30,NIFTY26AUGFUT,NSE:NIFTY26AUGFUT,24327.0,24335.0,24322.0,24334.0,5005.0,12851995.0,2026-08-27,2026-08-25,AUG 2026
2026-08-17 12:15:00+05:30,NIFTY26AUGFUT,NSE:NIFTY26AUGFUT,24334.0,24349.0,24326.0,24342.0,18005.0,12848160.0,2026-08-27,2026-08-25,AUG 2026
2026-08-17 12:20:00+05:30,NIFTY26AUGFUT,NSE:NIFTY26AUGFUT,24342.0,24353.6,24340.0,24350.0,19955.0,12849720.0,2026-08-27,2026-08-25,AUG 2026
2026-08-17 12:25:00+05:30,NIFTY26AUGFUT,NSE:NIFTY26AUGFUT,24350.0,24352.0,24345.0,24351.9,12610.0,12844195.0,2026-08-27,2026-08-25,AUG 2026
2026-08-17 12:30:00+05:30,NIFTY26AUGFUT,NSE:NIFTY26AUGFUT,24351.9,24364.0,24347.0,24355.0,28405.0,12843350.0,2026-08-27,2026-08-25,AUG 2026
2026-08-17 12:35:00+05:30,NIFTY26AUGFUT,NSE:NIFTY26AUGFUT,24358.0,24364.0,24350.0,24355.0,12740.0,12841335.0,2026-08-27,2026-08-25,AUG 2026
2026-08-17 12:40:00+05:30,NIFTY26AUGFUT,NSE:NIFTY26AUGFUT,24355.0,24363.0,24351.3,24360.0,9685.0,12837955.0,2026-08-27,2026-08-25,AUG 2026
2026-08-17 12:45:00+05:30,NIFTY26AUGFUT,NSE:NIFTY26AUGFUT,24363.2,24400.0,24360.0,24393.7,128830.0,12831845.0,2026-08-27,2026-08-25,AUG 2026
2026-08-17 12:50:00+05:30,NIFTY26AUGFUT,NSE:NIFTY26AUGFUT,24392.6,24405.0,24385.0,24403.0,37115.0,12821250.0,2026-08-27,2026-08-25,AUG 2026
2026-08-17 12:55:00+05:30,NIFTY26AUGFUT,NSE:NIFTY26AUGFUT,24400.0,24408.0,24385.4,24408.0,51155.0,12824630.0,2026-08-27,2026-08-25,AUG 2026
2026-08-17 13:00:00+05:30,NIFTY26AUGFUT,NSE:NIFTY26AUGFUT,24409.0,24425.0,24400.1,24415.0,68315.0,12819495.0,2026-08-27,2026-08-25,AUG 2026
2026-08-17 13:05:00+05:30,NIFTY26AUGFUT,NSE:NIFTY26AUGFUT,24415.0,24424.8,24405.0,24415.0,20085.0,12811890.0,2026-08-27,2026-08-25,AUG 2026
2026-08-17 13:10:00+05:30,NIFTY26AUGFUT,NSE:NIFTY26AUGFUT,24415.0,24422.1,24405.5,24422.1,15730.0,12806625.0,2026-08-27,2026-08-25,AUG 2026
2026-08-17 13:15:00+05:30,NIFTY26AUGFUT,NSE:NIFTY26AUGFUT,24422.1,24429.0,24415.0,24416.8,34125.0,12796030.0,2026-08-27,2026-08-25,AUG 2026
2026-08-17 13:20:00+05:30,NIFTY26AUGFUT,NSE:NIFTY26AUGFUT,24416.8,24424.0,24412.1,24413.9,7670.0,12794405.0,2026-08-27,2026-08-25,AUG 2026
2026-08-17 13:25:00+05:30,NIFTY26AUGFUT,NSE:NIFTY26AUGFUT,24413.9,24425.1,24410.0,24425.0,13585.0,12794795.0,2026-08-27,2026-08-25,AUG 2026
2026-08-17 13:30:00+05:30,NIFTY26AUGFUT,NSE:NIFTY26AUGFUT,24425.0,24430.0,24415.1,24419.0,12090.0,12793170.0,2026-08-27,2026-08-25,AUG 2026
2026-08-17 13:35:00+05:30,NIFTY26AUGFUT,NSE:NIFTY26AUGFUT,24418.0,24420.0,24409.2,24415.0,16315.0,12792715.0,2026-08-27,2026-08-25,AUG 2026
2026-08-17 13:40:00+05:30,NIFTY26AUGFUT,NSE:NIFTY26AUGFUT,24415.0,24430.0,24414.9,24429.9,19240.0,12784525.0,2026-08-27,2026-08-25,AUG 2026
2026-08-17 13:45:00+05:30,NIFTY26AUGFUT,NSE:NIFTY26AUGFUT,24429.9,24436.6,24415.1,24416.0,24180.0,12784525.0,2026-08-27,2026-08-25,AUG 2026
2026-08-17 13:50:00+05:30,NIFTY26AUGFUT,NSE:NIFTY26AUGFUT,24415.0,24424.6,24407.2,24409.6,9165.0,12784655.0,2026-08-27,2026-08-25,AUG 2026
2026-08-17 13:55:00+05:30,NIFTY26AUGFUT,NSE:NIFTY26AUGFUT,24408.1,24422.8,24403.5,24416.0,13390.0,12785110.0,2026-08-27,2026-08-25,AUG 2026
2026-08-17 14:00:00+05:30,NIFTY26AUGFUT,NSE:NIFTY26AUGFUT,24418.8,24420.0,24408.5,24419.7,10855.0,12782380.0,2026-08-27,2026-08-25,AUG 2026
2026-08-17 14:05:00+05:30,NIFTY26AUGFUT,NSE:NIFTY26AUGFUT,24413.5,24420.0,24413.0,24419.8,5525.0,12781860.0,2026-08-27,2026-08-25,AUG 2026
2026-08-17 14:10:00+05:30,NIFTY26AUGFUT,NSE:NIFTY26AUGFUT,24415.0,24420.0,24401.9,24410.0,21580.0,12789790.0,2026-08-27,2026-08-25,AUG 2026
2026-08-17 14:15:00+05:30,NIFTY26AUGFUT,NSE:NIFTY26AUGFUT,24410.0,24420.5,24401.2,24415.0,8775.0,12787905.0,2026-08-27,2026-08-25,AUG 2026
2026-08-17 14:20:00+05:30,NIFTY26AUGFUT,NSE:NIFTY26AUGFUT,24420.0,24420.0,24396.6,24403.0,10920.0,12783615.0,2026-08-27,2026-08-25,AUG 2026
2026-08-17 14:25:00+05:30,NIFTY26AUGFUT,NSE:NIFTY26AUGFUT,24408.0,24410.0,24396.0,24405.0,8970.0,12781795.0,2026-08-27,2026-08-25,AUG 2026
2026-08-17 14:30:00+05:30,NIFTY26AUGFUT,NSE:NIFTY26AUGFUT,24404.5,24412.0,24400.0,24404.1,4810.0,12782705.0,2026-08-27,2026-08-25,AUG 2026
2026-08-17 14:35:00+05:30,NIFTY26AUGFUT,NSE:NIFTY26AUGFUT,24404.1,24412.1,24395.3,24405.0,6760.0,12784720.0,2026-08-27,2026-08-25,AUG 2026
2026-08-17 14:40:00+05:30,NIFTY26AUGFUT,NSE:NIFTY26AUGFUT,24405.0,24419.8,24404.1,24416.6,8970.0,12786995.0,2026-08-27,2026-08-25,AUG 2026
2026-08-17 14:45:00+05:30,NIFTY26AUGFUT,NSE:NIFTY26AUGFUT,24416.6,24424.6,24406.0,24421.0,8385.0,12788555.0,2026-08-27,2026-08-25,AUG 2026
2026-08-17 14:50:00+05:30,NIFTY26AUGFUT,NSE:NIFTY26AUGFUT,24420.0,24421.0,24410.1,24421.0,6890.0,12788165.0,2026-08-27,2026-08-25,AUG 2026
2026-08-17 14:55:00+05:30,NIFTY26AUGFUT,NSE:NIFTY26AUGFUT,24420.0,24424.1,24411.0,24415.0,7670.0,12789465.0,2026-08-27,2026-08-25,AUG 2026
2026-08-17 15:00:00+05:30,NIFTY26AUGFUT,NSE:NIFTY26AUGFUT,24415.0,24425.8,24403.4,24423.1,20605.0,12787385.0,2026-08-27,2026-08-25,AUG 2026
2026-08-17 15:05:00+05:30,NIFTY26AUGFUT,NSE:NIFTY26AUGFUT,24425.7,24425.7,24410.0,24419.0,15795.0,12789010.0,2026-08-27,2026-08-25,AUG 2026
2026-08-17 15:10:00+05:30,NIFTY26AUGFUT,NSE:NIFTY26AUGFUT,24410.1,24422.0,24410.0,24413.0,21450.0,12787645.0,2026-08-27,2026-08-25,AUG 2026
2026-08-17 15:15:00+05:30,NIFTY26AUGFUT,NSE:NIFTY26AUGFUT,24408.0,24419.0,24405.9,24406.0,15795.0,12789790.0,2026-08-27,2026-08-25,AUG 2026
2026-08-17 15:20:00+05:30,NIFTY26AUGFUT,NSE:NIFTY26AUGFUT,24407.6,24407.6,24396.0,24398.1,29185.0,12794860.0,2026-08-27,2026-08-25,AUG 2026
2026-08-17 15:25:00+05:30,NIFTY26AUGFUT,NSE:NIFTY26AUGFUT,24398.0,24405.1,24385.0,24391.7,59020.0,12807470.0,2026-08-27,2026-08-25,AUG 2026
2026-08-17 15:30:00+05:30,NIFTY26AUGFUT,NSE:NIFTY26AUGFUT,24392.0,24394.0,24376.1,24376.4,85930.0,12824240.0,2026-08-27,2026-08-25,AUG 2026
2026-08-17 15:35:00+05:30,NIFTY26AUGFUT,NSE:NIFTY26AUGFUT,24378.0,24385.0,24370.0,24370.0,28600.0,12828595.0,2026-08-27,2026-08-25,AUG 2026
2026-08-18 09:15:00+05:30,NIFTY26AUGFUT,NSE:NIFTY26AUGFUT,24301.0,24304.5,24275.0,24286.5,143780.0,12792195.0,2026-08-27,2026-08-25,AUG 2026
2026-08-18 09:20:00+05:30,NIFTY26AUGFUT,NSE:NIFTY26AUGFUT,24286.3,24286.3,24273.0,24281.9,71370.0,12820340.0,2026-08-27,2026-08-25,AUG 2026
2026-08-18 09:25:00+05:30,NIFTY26AUGFUT,NSE:NIFTY26AUGFUT,24281.9,24308.0,24277.0,24277.0,64350.0,12832690.0,2026-08-27,2026-08-25,AUG 2026
2026-08-18 09:30:00+05:30,NIFTY26AUGFUT,NSE:NIFTY26AUGFUT,24277.0,24281.9,24262.0,24275.1,70590.0,12855635.0,2026-08-27,2026-08-25,AUG 2026
2026-08-18 09:35:00+05:30,NIFTY26AUGFUT,NSE:NIFTY26AUGFUT,24273.0,24288.8,24270.1,24281.0,39455.0,12865385.0,2026-08-27,2026-08-25,AUG 2026
2026-08-18 09:40:00+05:30,NIFTY26AUGFUT,NSE:NIFTY26AUGFUT,24283.9,24284.2,24263.0,24265.1,61165.0,12872210.0,2026-08-27,2026-08-25,AUG 2026
2026-08-18 09:45:00+05:30,NIFTY26AUGFUT,NSE:NIFTY26AUGFUT,24265.1,24270.0,24253.0,24265.0,57720.0,12894310.0,2026-08-27,2026-08-25,AUG 2026
2026-08-18 09:50:00+05:30,NIFTY26AUGFUT,NSE:NIFTY26AUGFUT,24269.0,24274.3,24259.4,24273.1,28600.0,12905035.0,2026-08-27,2026-08-25,AUG 2026
2026-08-18 09:55:00+05:30,NIFTY26AUGFUT,NSE:NIFTY26AUGFUT,24265.1,24271.7,24255.3,24262.9,44655.0,12920440.0,2026-08-27,2026-08-25,AUG 2026
2026-08-18 10:00:00+05:30,NIFTY26AUGFUT,NSE:NIFTY26AUGFUT,24262.7,24262.7,24250.0,24256.9,49010.0,12930190.0,2026-08-27,2026-08-25,AUG 2026
2026-08-18 10:05:00+05:30,NIFTY26AUGFUT,NSE:NIFTY26AUGFUT,24257.5,24265.3,24255.0,24256.0,21320.0,12935065.0,2026-08-27,2026-08-25,AUG 2026
2026-08-18 10:10:00+05:30,NIFTY26AUGFUT,NSE:NIFTY26AUGFUT,24256.0,24259.0,24250.2,24250.2,15275.0,12940265.0,2026-08-27,2026-08-25,AUG 2026
2026-08-18 10:15:00+05:30,NIFTY26AUGFUT,NSE:NIFTY26AUGFUT,24250.1,24252.3,24236.4,24248.0,54145.0,12958205.0,2026-08-27,2026-08-25,AUG 2026
2026-08-18 10:20:00+05:30,NIFTY26AUGFUT,NSE:NIFTY26AUGFUT,24248.9,24252.5,24242.0,24246.0,24115.0,12972375.0,2026-08-27,2026-08-25,AUG 2026
2026-08-18 10:25:00+05:30,NIFTY26AUGFUT,NSE:NIFTY26AUGFUT,24246.9,24270.0,24242.9,24270.0,23010.0,12980305.0,2026-08-27,2026-08-25,AUG 2026
2026-08-18 10:30:00+05:30,NIFTY26AUGFUT,NSE:NIFTY26AUGFUT,24267.9,24271.0,24260.0,24265.0,17485.0,12985050.0,2026-08-27,2026-08-25,AUG 2026
2026-08-18 10:35:00+05:30,NIFTY26AUGFUT,NSE:NIFTY26AUGFUT,24268.7,24274.8,24261.2,24261.3,17225.0,12984790.0,2026-08-27,2026-08-25,AUG 2026
2026-08-18 10:40:00+05:30,NIFTY26AUGFUT,NSE:NIFTY26AUGFUT,24261.3,24269.2,24240.1,24254.9,36790.0,12996100.0,2026-08-27,2026-08-25,AUG 2026
2026-08-18 10:45:00+05:30,NIFTY26AUGFUT,NSE:NIFTY26AUGFUT,24247.1,24250.2,24230.1,24244.4,46930.0,13007020.0,2026-08-27,2026-08-25,AUG 2026
2026-08-18 10:50:00+05:30,NIFTY26AUGFUT,NSE:NIFTY26AUGFUT,24245.5,24248.5,24226.0,24235.1,49270.0,13003575.0,2026-08-27,2026-08-25,AUG 2026
2026-08-18 10:55:00+05:30,NIFTY26AUGFUT,NSE:NIFTY26AUGFUT,24235.1,24237.4,24225.9,24236.0,23205.0,13009685.0,2026-08-27,2026-08-25,AUG 2026
2026-08-18 11:00:00+05:30,NIFTY26AUGFUT,NSE:NIFTY26AUGFUT,24236.0,24245.0,24232.1,24245.0,18460.0,13017160.0,2026-08-27,2026-08-25,AUG 2026
2026-08-18 11:05:00+05:30,NIFTY26AUGFUT,NSE:NIFTY26AUGFUT,24245.3,24247.8,24236.0,24247.4,12220.0,13022750.0,2026-08-27,2026-08-25,AUG 2026
2026-08-18 11:10:00+05:30,NIFTY26AUGFUT,NSE:NIFTY26AUGFUT,24247.4,24247.4,24235.0,24237.9,12610.0,13027105.0,2026-08-27,2026-08-25,AUG 2026
2026-08-18 11:15:00+05:30,NIFTY26AUGFUT,NSE:NIFTY26AUGFUT,24237.9,24249.0,24232.1,24235.0,15535.0,13031525.0,2026-08-27,2026-08-25,AUG 2026
2026-08-18 11:20:00+05:30,NIFTY26AUGFUT,NSE:NIFTY26AUGFUT,24235.0,24243.0,24232.0,24235.0,7670.0,13035555.0,2026-08-27,2026-08-25,AUG 2026
2026-08-18 11:25:00+05:30,NIFTY26AUGFUT,NSE:NIFTY26AUGFUT,24233.2,24243.0,24230.0,24230.0,19760.0,13043420.0,2026-08-27,2026-08-25,AUG 2026
2026-08-18 11:30:00+05:30,NIFTY26AUGFUT,NSE:NIFTY26AUGFUT,24229.9,24235.0,24209.7,24232.4,132210.0,13022295.0,2026-08-27,2026-08-25,AUG 2026
2026-08-18 11:35:00+05:30,NIFTY26AUGFUT,NSE:NIFTY26AUGFUT,24232.4,24245.0,24230.2,24241.0,21450.0,13026975.0,2026-08-27,2026-08-25,AUG 2026
2026-08-18 11:40:00+05:30,NIFTY26AUGFUT,NSE:NIFTY26AUGFUT,24241.0,24245.0,24231.1,24244.2,6435.0,13032045.0,2026-08-27,2026-08-25,AUG 2026
2026-08-18 11:45:00+05:30,NIFTY26AUGFUT,NSE:NIFTY26AUGFUT,24240.0,24245.0,24236.0,24243.0,12220.0,13040170.0,2026-08-27,2026-08-25,AUG 2026
2026-08-18 11:50:00+05:30,NIFTY26AUGFUT,NSE:NIFTY26AUGFUT,24243.0,24257.3,24240.0,24240.0,17225.0,13009165.0,2026-08-27,2026-08-25,AUG 2026
2026-08-18 11:55:00+05:30,NIFTY26AUGFUT,NSE:NIFTY26AUGFUT,24240.0,24253.7,24233.0,24253.5,8840.0,13012610.0,2026-08-27,2026-08-25,AUG 2026
2026-08-18 12:00:00+05:30,NIFTY26AUGFUT,NSE:NIFTY26AUGFUT,24253.0,24253.0,24240.0,24247.0,12155.0,13015145.0,2026-08-27,2026-08-25,AUG 2026
2026-08-18 12:05:00+05:30,NIFTY26AUGFUT,NSE:NIFTY26AUGFUT,24252.0,24259.0,24247.7,24255.0,17875.0,13015795.0,2026-08-27,2026-08-25,AUG 2026
2026-08-18 12:10:00+05:30,NIFTY26AUGFUT,NSE:NIFTY26AUGFUT,24255.0,24258.0,24247.0,24250.5,11050.0,13017290.0,2026-08-27,2026-08-25,AUG 2026
2026-08-18 12:15:00+05:30,NIFTY26AUGFUT,NSE:NIFTY26AUGFUT,24250.5,24255.2,24241.3,24249.0,12155.0,13021775.0,2026-08-27,2026-08-25,AUG 2026
2026-08-18 12:20:00+05:30,NIFTY26AUGFUT,NSE:NIFTY26AUGFUT,24249.0,24250.5,24241.0,24245.0,11700.0,13022295.0,2026-08-27,2026-08-25,AUG 2026
2026-08-18 12:25:00+05:30,NIFTY26AUGFUT,NSE:NIFTY26AUGFUT,24245.0,24259.9,24245.0,24259.9,8970.0,13021125.0,2026-08-27,2026-08-25,AUG 2026
2026-08-18 12:30:00+05:30,NIFTY26AUGFUT,NSE:NIFTY26AUGFUT,24262.0,24264.0,24252.0,24258.8,11115.0,13021710.0,2026-08-27,2026-08-25,AUG 2026
2026-08-18 12:35:00+05:30,NIFTY26AUGFUT,NSE:NIFTY26AUGFUT,24258.8,24261.5,24245.0,24253.8,5785.0,13020865.0,2026-08-27,2026-08-25,AUG 2026
2026-08-18 12:40:00+05:30,NIFTY26AUGFUT,NSE:NIFTY26AUGFUT,24253.8,24253.8,24236.0,24244.0,8970.0,13021840.0,2026-08-27,2026-08-25,AUG 2026
2026-08-18 12:45:00+05:30,NIFTY26AUGFUT,NSE:NIFTY26AUGFUT,24238.0,24245.0,24235.5,24245.0,10465.0,13023985.0,2026-08-27,2026-08-25,AUG 2026
2026-08-18 12:50:00+05:30,NIFTY26AUGFUT,NSE:NIFTY26AUGFUT,24245.0,24253.0,24242.5,24251.0,4420.0,13026455.0,2026-08-27,2026-08-25,AUG 2026
2026-08-18 12:55:00+05:30,NIFTY26AUGFUT,NSE:NIFTY26AUGFUT,24243.0,24255.0,24240.3,24246.5,6955.0,13026975.0,2026-08-27,2026-08-25,AUG 2026
2026-08-18 13:00:00+05:30,NIFTY26AUGFUT,NSE:NIFTY26AUGFUT,24240.0,24244.5,24235.1,24240.0,12025.0,13029445.0,2026-08-27,2026-08-25,AUG 2026
2026-08-18 13:05:00+05:30,NIFTY26AUGFUT,NSE:NIFTY26AUGFUT,24240.0,24251.1,24226.0,24250.0,29315.0,13040755.0,2026-08-27,2026-08-25,AUG 2026
2026-08-18 13:10:00+05:30,NIFTY26AUGFUT,NSE:NIFTY26AUGFUT,24252.0,24253.7,24240.7,24252.0,6890.0,13044135.0,2026-08-27,2026-08-25,AUG 2026
2026-08-18 13:15:00+05:30,NIFTY26AUGFUT,NSE:NIFTY26AUGFUT,24252.4,24257.0,24247.0,24253.0,6695.0,13046280.0,2026-08-27,2026-08-25,AUG 2026
2026-08-18 13:20:00+05:30,NIFTY26AUGFUT,NSE:NIFTY26AUGFUT,24253.0,24254.3,24240.1,24245.0,6045.0,13046670.0,2026-08-27,2026-08-25,AUG 2026
2026-08-18 13:25:00+05:30,NIFTY26AUGFUT,NSE:NIFTY26AUGFUT,24245.0,24250.0,24241.0,24247.5,10660.0,13050960.0,2026-08-27,2026-08-25,AUG 2026
2026-08-18 13:30:00+05:30,NIFTY26AUGFUT,NSE:NIFTY26AUGFUT,24248.5,24250.0,24240.2,24240.4,13455.0,13056550.0,2026-08-27,2026-08-25,AUG 2026
2026-08-18 13:35:00+05:30,NIFTY26AUGFUT,NSE:NIFTY26AUGFUT,24240.3,24245.5,24225.0,24239.9,20865.0,13065325.0,2026-08-27,2026-08-25,AUG 2026
2026-08-18 13:40:00+05:30,NIFTY26AUGFUT,NSE:NIFTY26AUGFUT,24239.9,24248.5,24232.6,24239.0,14365.0,13070070.0,2026-08-27,2026-08-25,AUG 2026
2026-08-18 13:45:00+05:30,NIFTY26AUGFUT,NSE:NIFTY26AUGFUT,24239.0,24253.8,24238.0,24251.2,15665.0,13073775.0,2026-08-27,2026-08-25,AUG 2026
2026-08-18 13:50:00+05:30,NIFTY26AUGFUT,NSE:NIFTY26AUGFUT,24245.2,24251.6,24235.0,24241.1,8255.0,13078195.0,2026-08-27,2026-08-25,AUG 2026
2026-08-18 13:55:00+05:30,NIFTY26AUGFUT,NSE:NIFTY26AUGFUT,24242.0,24246.0,24229.0,24240.0,11050.0,13076440.0,2026-08-27,2026-08-25,AUG 2026
2026-08-18 14:00:00+05:30,NIFTY26AUGFUT,NSE:NIFTY26AUGFUT,24240.0,24248.8,24235.0,24248.8,3900.0,13076505.0,2026-08-27,2026-08-25,AUG 2026
2026-08-18 14:05:00+05:30,NIFTY26AUGFUT,NSE:NIFTY26AUGFUT,24248.9,24252.0,24238.0,24238.0,7150.0,13073255.0,2026-08-27,2026-08-25,AUG 2026
2026-08-18 14:10:00+05:30,NIFTY26AUGFUT,NSE:NIFTY26AUGFUT,24238.0,24245.0,24230.0,24236.0,9230.0,13071760.0,2026-08-27,2026-08-25,AUG 2026
2026-08-18 14:15:00+05:30,NIFTY26AUGFUT,NSE:NIFTY26AUGFUT,24240.0,24244.5,24231.6,24232.0,9815.0,13075530.0,2026-08-27,2026-08-25,AUG 2026
2026-08-18 14:20:00+05:30,NIFTY26AUGFUT,NSE:NIFTY26AUGFUT,24231.6,24241.0,24230.0,24241.0,6240.0,13076180.0,2026-08-27,2026-08-25,AUG 2026
2026-08-18 14:25:00+05:30,NIFTY26AUGFUT,NSE:NIFTY26AUGFUT,24241.0,24249.9,24229.1,24248.9,10725.0,13079105.0,2026-08-27,2026-08-25,AUG 2026
2026-08-18 14:30:00+05:30,NIFTY26AUGFUT,NSE:NIFTY26AUGFUT,24248.9,24256.4,24237.0,24243.9,47060.0,13097630.0,2026-08-27,2026-08-25,AUG 2026
2026-08-18 14:35:00+05:30,NIFTY26AUGFUT,NSE:NIFTY26AUGFUT,24243.9,24250.0,24240.0,24240.1,33800.0,13107120.0,2026-08-27,2026-08-25,AUG 2026
2026-08-18 14:40:00+05:30,NIFTY26AUGFUT,NSE:NIFTY26AUGFUT,24240.1,24249.0,24240.0,24243.6,12415.0,13111020.0,2026-08-27,2026-08-25,AUG 2026
2026-08-18 14:45:00+05:30,NIFTY26AUGFUT,NSE:NIFTY26AUGFUT,24243.6,24247.5,24240.0,24240.0,15210.0,13114075.0,2026-08-27,2026-08-25,AUG 2026
2026-08-18 14:50:00+05:30,NIFTY26AUGFUT,NSE:NIFTY26AUGFUT,24240.0,24253.0,24240.0,24244.9,17290.0,13112450.0,2026-08-27,2026-08-25,AUG 2026
2026-08-18 14:55:00+05:30,NIFTY26AUGFUT,NSE:NIFTY26AUGFUT,24244.9,24255.0,24240.0,24252.0,27885.0,13122915.0,2026-08-27,2026-08-25,AUG 2026
2026-08-18 15:00:00+05:30,NIFTY26AUGFUT,NSE:NIFTY26AUGFUT,24252.2,24269.9,24240.0,24242.0,149695.0,13213200.0,2026-08-27,2026-08-25,AUG 2026
2026-08-18 15:05:00+05:30,NIFTY26AUGFUT,NSE:NIFTY26AUGFUT,24242.5,24250.9,24238.0,24244.9,31070.0,13220870.0,2026-08-27,2026-08-25,AUG 2026
2026-08-18 15:10:00+05:30,NIFTY26AUGFUT,NSE:NIFTY26AUGFUT,24239.5,24254.1,24231.0,24231.0,47385.0,13225290.0,2026-08-27,2026-08-25,AUG 2026
2026-08-18 15:15:00+05:30,NIFTY26AUGFUT,NSE:NIFTY26AUGFUT,24238.1,24241.9,24231.0,24237.9,36855.0,13230100.0,2026-08-27,2026-08-25,AUG 2026
2026-08-18 15:20:00+05:30,NIFTY26AUGFUT,NSE:NIFTY26AUGFUT,24237.9,24237.9,24225.5,24229.0,29835.0,13239070.0,2026-08-27,2026-08-25,AUG 2026
2026-08-18 15:25:00+05:30,NIFTY26AUGFUT,NSE:NIFTY26AUGFUT,24229.0,24235.0,24221.5,24231.0,56485.0,13244010.0,2026-08-27,2026-08-25,AUG 2026
2026-08-18 15:30:00+05:30,NIFTY26AUGFUT,NSE:NIFTY26AUGFUT,24232.0,24235.0,24220.0,24222.0,56420.0,13245635.0,2026-08-27,2026-08-25,AUG 2026
2026-08-18 15:35:00+05:30,NIFTY26AUGFUT,NSE:NIFTY26AUGFUT,24222.0,24223.7,24215.0,24216.5,66495.0,13259155.0,2026-08-27,2026-08-25,AUG 2026
2026-08-19 09:15:00+05:30,NIFTY26AUGFUT,NSE:NIFTY26AUGFUT,24201.0,24201.0,24133.6,24162.0,184600.0,13074620.0,2026-08-27,2026-08-25,AUG 2026
2026-08-19 09:20:00+05:30,NIFTY26AUGFUT,NSE:NIFTY26AUGFUT,24163.5,24165.0,24150.0,24152.1,67990.0,13090220.0,2026-08-27,2026-08-25,AUG 2026
2026-08-19 09:25:00+05:30,NIFTY26AUGFUT,NSE:NIFTY26AUGFUT,24151.8,24153.9,24140.0,24141.0,107510.0,13095680.0,2026-08-27,2026-08-25,AUG 2026
2026-08-19 09:30:00+05:30,NIFTY26AUGFUT,NSE:NIFTY26AUGFUT,24144.0,24146.9,24125.1,24125.4,92040.0,13127790.0,2026-08-27,2026-08-25,AUG 2026
2026-08-19 09:35:00+05:30,NIFTY26AUGFUT,NSE:NIFTY26AUGFUT,24128.9,24138.2,24124.0,24137.0,85670.0,13168025.0,2026-08-27,2026-08-25,AUG 2026
2026-08-19 09:40:00+05:30,NIFTY26AUGFUT,NSE:NIFTY26AUGFUT,24137.0,24144.0,24125.0,24140.4,82810.0,13166530.0,2026-08-27,2026-08-25,AUG 2026
2026-08-19 09:45:00+05:30,NIFTY26AUGFUT,NSE:NIFTY26AUGFUT,24135.9,24148.9,24130.1,24148.0,49660.0,13164905.0,2026-08-27,2026-08-25,AUG 2026
2026-08-19 09:50:00+05:30,NIFTY26AUGFUT,NSE:NIFTY26AUGFUT,24148.0,24162.9,24140.5,24153.4,85410.0,13191750.0,2026-08-27,2026-08-25,AUG 2026
2026-08-19 09:55:00+05:30,NIFTY26AUGFUT,NSE:NIFTY26AUGFUT,24153.7,24155.0,24139.0,24145.0,26000.0,13199095.0,2026-08-27,2026-08-25,AUG 2026
2026-08-19 10:00:00+05:30,NIFTY26AUGFUT,NSE:NIFTY26AUGFUT,24149.9,24161.6,24145.0,24157.9,33345.0,13195260.0,2026-08-27,2026-08-25,AUG 2026
2026-08-19 10:05:00+05:30,NIFTY26AUGFUT,NSE:NIFTY26AUGFUT,24157.9,24160.0,24145.0,24150.0,17810.0,13194740.0,2026-08-27,2026-08-25,AUG 2026
2026-08-19 10:10:00+05:30,NIFTY26AUGFUT,NSE:NIFTY26AUGFUT,24145.0,24154.1,24140.0,24147.0,21515.0,13195195.0,2026-08-27,2026-08-25,AUG 2026
2026-08-19 10:15:00+05:30,NIFTY26AUGFUT,NSE:NIFTY26AUGFUT,24147.0,24147.9,24128.0,24131.0,23855.0,13197210.0,2026-08-27,2026-08-25,AUG 2026
2026-08-19 10:20:00+05:30,NIFTY26AUGFUT,NSE:NIFTY26AUGFUT,24130.0,24130.5,24120.3,24128.7,34450.0,13203905.0,2026-08-27,2026-08-25,AUG 2026
2026-08-19 10:25:00+05:30,NIFTY26AUGFUT,NSE:NIFTY26AUGFUT,24128.7,24128.7,24121.0,24121.4,12610.0,13201760.0,2026-08-27,2026-08-25,AUG 2026
2026-08-19 10:30:00+05:30,NIFTY26AUGFUT,NSE:NIFTY26AUGFUT,24120.5,24125.0,24115.6,24116.0,29640.0,13196625.0,2026-08-27,2026-08-25,AUG 2026
2026-08-19 10:35:00+05:30,NIFTY26AUGFUT,NSE:NIFTY26AUGFUT,24116.0,24121.7,24107.6,24108.5,36985.0,13189345.0,2026-08-27,2026-08-25,AUG 2026
2026-08-19 10:40:00+05:30,NIFTY26AUGFUT,NSE:NIFTY26AUGFUT,24108.0,24120.0,24101.1,24115.0,68250.0,13171470.0,2026-08-27,2026-08-25,AUG 2026
2026-08-19 10:45:00+05:30,NIFTY26AUGFUT,NSE:NIFTY26AUGFUT,24115.0,24119.7,24110.1,24111.0,28145.0,13162825.0,2026-08-27,2026-08-25,AUG 2026
2026-08-19 10:50:00+05:30,NIFTY26AUGFUT,NSE:NIFTY26AUGFUT,24110.1,24115.0,24109.0,24114.9,39260.0,13156455.0,2026-08-27,2026-08-25,AUG 2026
2026-08-19 10:55:00+05:30,NIFTY26AUGFUT,NSE:NIFTY26AUGFUT,24114.9,24130.2,24114.9,24118.4,34190.0,13159510.0,2026-08-27,2026-08-25,AUG 2026
2026-08-19 11:00:00+05:30,NIFTY26AUGFUT,NSE:NIFTY26AUGFUT,24118.0,24120.3,24106.0,24106.1,13195.0,13165295.0,2026-08-27,2026-08-25,AUG 2026
2026-08-19 11:05:00+05:30,NIFTY26AUGFUT,NSE:NIFTY26AUGFUT,24110.0,24110.0,24087.4,24102.4,52520.0,13168545.0,2026-08-27,2026-08-25,AUG 2026
2026-08-19 11:10:00+05:30,NIFTY26AUGFUT,NSE:NIFTY26AUGFUT,24102.4,24113.9,24100.0,24110.0,13390.0,13177840.0,2026-08-27,2026-08-25,AUG 2026
2026-08-19 11:15:00+05:30,NIFTY26AUGFUT,NSE:NIFTY26AUGFUT,24110.9,24117.7,24105.0,24117.5,17745.0,13178490.0,2026-08-27,2026-08-25,AUG 2026
2026-08-19 11:20:00+05:30,NIFTY26AUGFUT,NSE:NIFTY26AUGFUT,24118.1,24125.0,24112.6,24118.5,13195.0,13180765.0,2026-08-27,2026-08-25,AUG 2026
2026-08-19 11:25:00+05:30,NIFTY26AUGFUT,NSE:NIFTY26AUGFUT,24118.5,24118.8,24110.2,24117.4,4485.0,13182520.0,2026-08-27,2026-08-25,AUG 2026
2026-08-19 11:30:00+05:30,NIFTY26AUGFUT,NSE:NIFTY26AUGFUT,24117.4,24123.5,24111.0,24111.0,8970.0,13184730.0,2026-08-27,2026-08-25,AUG 2026
2026-08-19 11:35:00+05:30,NIFTY26AUGFUT,NSE:NIFTY26AUGFUT,24111.0,24118.9,24101.4,24107.0,8970.0,13186485.0,2026-08-27,2026-08-25,AUG 2026
2026-08-19 11:40:00+05:30,NIFTY26AUGFUT,NSE:NIFTY26AUGFUT,24107.0,24111.0,24102.4,24110.0,7475.0,13187460.0,2026-08-27,2026-08-25,AUG 2026
2026-08-19 11:45:00+05:30,NIFTY26AUGFUT,NSE:NIFTY26AUGFUT,24110.0,24129.0,24107.0,24127.0,32435.0,13197925.0,2026-08-27,2026-08-25,AUG 2026
2026-08-19 11:50:00+05:30,NIFTY26AUGFUT,NSE:NIFTY26AUGFUT,24127.6,24140.0,24124.0,24140.0,54015.0,13207740.0,2026-08-27,2026-08-25,AUG 2026
2026-08-19 11:55:00+05:30,NIFTY26AUGFUT,NSE:NIFTY26AUGFUT,24140.0,24141.0,24131.1,24139.6,14365.0,13203190.0,2026-08-27,2026-08-25,AUG 2026
2026-08-19 12:00:00+05:30,NIFTY26AUGFUT,NSE:NIFTY26AUGFUT,24141.0,24141.0,24115.0,24115.0,24830.0,13193765.0,2026-08-27,2026-08-25,AUG 2026
2026-08-19 12:05:00+05:30,NIFTY26AUGFUT,NSE:NIFTY26AUGFUT,24113.9,24125.6,24110.0,24118.3,17550.0,13196950.0,2026-08-27,2026-08-25,AUG 2026
2026-08-19 12:10:00+05:30,NIFTY26AUGFUT,NSE:NIFTY26AUGFUT,24116.1,24120.0,24108.0,24110.5,18590.0,13199875.0,2026-08-27,2026-08-25,AUG 2026
2026-08-19 12:15:00+05:30,NIFTY26AUGFUT,NSE:NIFTY26AUGFUT,24110.1,24125.4,24108.0,24119.1,17810.0,13199745.0,2026-08-27,2026-08-25,AUG 2026
2026-08-19 12:20:00+05:30,NIFTY26AUGFUT,NSE:NIFTY26AUGFUT,24119.1,24130.0,24111.0,24120.4,11700.0,13203450.0,2026-08-27,2026-08-25,AUG 2026
2026-08-19 12:25:00+05:30,NIFTY26AUGFUT,NSE:NIFTY26AUGFUT,24129.9,24129.9,24111.0,24125.5,13065.0,13208195.0,2026-08-27,2026-08-25,AUG 2026
2026-08-19 12:30:00+05:30,NIFTY26AUGFUT,NSE:NIFTY26AUGFUT,24125.5,24125.5,24105.0,24115.0,21840.0,13221325.0,2026-08-27,2026-08-25,AUG 2026
2026-08-19 12:35:00+05:30,NIFTY26AUGFUT,NSE:NIFTY26AUGFUT,24115.0,24122.7,24105.0,24110.5,22165.0,13223665.0,2026-08-27,2026-08-25,AUG 2026
2026-08-19 12:40:00+05:30,NIFTY26AUGFUT,NSE:NIFTY26AUGFUT,24120.5,24124.0,24109.2,24110.0,9815.0,13227370.0,2026-08-27,2026-08-25,AUG 2026
2026-08-19 12:45:00+05:30,NIFTY26AUGFUT,NSE:NIFTY26AUGFUT,24109.9,24119.9,24103.0,24114.0,10075.0,13234390.0,2026-08-27,2026-08-25,AUG 2026
2026-08-19 12:50:00+05:30,NIFTY26AUGFUT,NSE:NIFTY26AUGFUT,24114.0,24123.8,24105.9,24121.0,7930.0,13237250.0,2026-08-27,2026-08-25,AUG 2026
2026-08-19 12:55:00+05:30,NIFTY26AUGFUT,NSE:NIFTY26AUGFUT,24111.1,24124.1,24105.0,24114.8,8580.0,13238745.0,2026-08-27,2026-08-25,AUG 2026
2026-08-19 13:00:00+05:30,NIFTY26AUGFUT,NSE:NIFTY26AUGFUT,24114.0,24128.9,24110.0,24128.9,11700.0,13238095.0,2026-08-27,2026-08-25,AUG 2026
2026-08-19 13:05:00+05:30,NIFTY26AUGFUT,NSE:NIFTY26AUGFUT,24128.9,24129.0,24115.0,24128.0,20670.0,13246740.0,2026-08-27,2026-08-25,AUG 2026
2026-08-19 13:10:00+05:30,NIFTY26AUGFUT,NSE:NIFTY26AUGFUT,24128.0,24128.9,24110.0,24114.0,11050.0,13251420.0,2026-08-27,2026-08-25,AUG 2026
2026-08-19 13:15:00+05:30,NIFTY26AUGFUT,NSE:NIFTY26AUGFUT,24114.0,24117.0,24102.0,24115.2,9620.0,13253305.0,2026-08-27,2026-08-25,AUG 2026
2026-08-19 13:20:00+05:30,NIFTY26AUGFUT,NSE:NIFTY26AUGFUT,24109.1,24112.1,24101.0,24101.2,7605.0,13256165.0,2026-08-27,2026-08-25,AUG 2026
2026-08-19 13:25:00+05:30,NIFTY26AUGFUT,NSE:NIFTY26AUGFUT,24101.2,24114.8,24100.0,24105.4,14495.0,13255450.0,2026-08-27,2026-08-25,AUG 2026
2026-08-19 13:30:00+05:30,NIFTY26AUGFUT,NSE:NIFTY26AUGFUT,24101.3,24111.5,24099.9,24105.0,15860.0,13255710.0,2026-08-27,2026-08-25,AUG 2026
2026-08-19 13:35:00+05:30,NIFTY26AUGFUT,NSE:NIFTY26AUGFUT,24099.9,24111.0,24099.0,24111.0,13260.0,13259480.0,2026-08-27,2026-08-25,AUG 2026
2026-08-19 13:40:00+05:30,NIFTY26AUGFUT,NSE:NIFTY26AUGFUT,24111.0,24117.0,24104.0,24110.0,7410.0,13259740.0,2026-08-27,2026-08-25,AUG 2026
2026-08-19 13:45:00+05:30,NIFTY26AUGFUT,NSE:NIFTY26AUGFUT,24110.5,24116.0,24100.0,24101.4,10725.0,13265720.0,2026-08-27,2026-08-25,AUG 2026
2026-08-19 13:50:00+05:30,NIFTY26AUGFUT,NSE:NIFTY26AUGFUT,24101.4,24110.9,24100.0,24110.0,6240.0,13269620.0,2026-08-27,2026-08-25,AUG 2026
2026-08-19 13:55:00+05:30,NIFTY26AUGFUT,NSE:NIFTY26AUGFUT,24110.0,24115.0,24103.4,24104.0,6435.0,13269555.0,2026-08-27,2026-08-25,AUG 2026
2026-08-19 14:00:00+05:30,NIFTY26AUGFUT,NSE:NIFTY26AUGFUT,24106.1,24125.0,24106.1,24117.2,17030.0,13266890.0,2026-08-27,2026-08-25,AUG 2026
2026-08-19 14:05:00+05:30,NIFTY26AUGFUT,NSE:NIFTY26AUGFUT,24121.0,24135.0,24117.1,24128.0,35620.0,13268125.0,2026-08-27,2026-08-25,AUG 2026
2026-08-19 14:10:00+05:30,NIFTY26AUGFUT,NSE:NIFTY26AUGFUT,24123.0,24136.0,24117.1,24124.9,18525.0,13271635.0,2026-08-27,2026-08-25,AUG 2026
2026-08-19 14:15:00+05:30,NIFTY26AUGFUT,NSE:NIFTY26AUGFUT,24124.9,24124.9,24105.0,24105.0,14755.0,13270855.0,2026-08-27,2026-08-25,AUG 2026
2026-08-19 14:20:00+05:30,NIFTY26AUGFUT,NSE:NIFTY26AUGFUT,24105.0,24111.0,24090.0,24094.0,40755.0,13276770.0,2026-08-27,2026-08-25,AUG 2026
2026-08-19 14:25:00+05:30,NIFTY26AUGFUT,NSE:NIFTY26AUGFUT,24096.9,24107.4,24090.0,24103.7,30225.0,13278395.0,2026-08-27,2026-08-25,AUG 2026
2026-08-19 14:30:00+05:30,NIFTY26AUGFUT,NSE:NIFTY26AUGFUT,24103.7,24123.0,24103.7,24120.0,67665.0,13295880.0,2026-08-27,2026-08-25,AUG 2026
2026-08-19 14:35:00+05:30,NIFTY26AUGFUT,NSE:NIFTY26AUGFUT,24120.0,24156.0,24111.0,24111.0,137475.0,13252590.0,2026-08-27,2026-08-25,AUG 2026
2026-08-19 14:40:00+05:30,NIFTY26AUGFUT,NSE:NIFTY26AUGFUT,24112.0,24120.0,24105.2,24111.6,13780.0,13255515.0,2026-08-27,2026-08-25,AUG 2026
2026-08-19 14:45:00+05:30,NIFTY26AUGFUT,NSE:NIFTY26AUGFUT,24111.5,24125.8,24100.0,24100.4,28600.0,13261235.0,2026-08-27,2026-08-25,AUG 2026
2026-08-19 14:50:00+05:30,NIFTY26AUGFUT,NSE:NIFTY26AUGFUT,24101.0,24111.0,24101.0,24111.0,14365.0,13265525.0,2026-08-27,2026-08-25,AUG 2026
2026-08-19 14:55:00+05:30,NIFTY26AUGFUT,NSE:NIFTY26AUGFUT,24111.0,24119.0,24108.5,24116.0,20670.0,13264550.0,2026-08-27,2026-08-25,AUG 2026
2026-08-19 15:00:00+05:30,NIFTY26AUGFUT,NSE:NIFTY26AUGFUT,24115.0,24131.6,24114.0,24122.3,26520.0,13260650.0,2026-08-27,2026-08-25,AUG 2026
2026-08-19 15:05:00+05:30,NIFTY26AUGFUT,NSE:NIFTY26AUGFUT,24122.3,24123.6,24108.0,24109.9,46475.0,13279825.0,2026-08-27,2026-08-25,AUG 2026
2026-08-19 15:10:00+05:30,NIFTY26AUGFUT,NSE:NIFTY26AUGFUT,24111.1,24117.8,24109.0,24110.0,31785.0,13278525.0,2026-08-27,2026-08-25,AUG 2026
2026-08-19 15:15:00+05:30,NIFTY26AUGFUT,NSE:NIFTY26AUGFUT,24112.1,24119.0,24108.0,24118.2,35425.0,13275535.0,2026-08-27,2026-08-25,AUG 2026
2026-08-19 15:20:00+05:30,NIFTY26AUGFUT,NSE:NIFTY26AUGFUT,24118.6,24132.9,24115.4,24118.8,102050.0,13277680.0,2026-08-27,2026-08-25,AUG 2026
2026-08-19 15:25:00+05:30,NIFTY26AUGFUT,NSE:NIFTY26AUGFUT,24117.8,24124.0,24114.8,24117.7,35555.0,13272025.0,2026-08-27,2026-08-25,AUG 2026
2026-08-19 15:30:00+05:30,NIFTY26AUGFUT,NSE:NIFTY26AUGFUT,24121.9,24124.0,24111.7,24113.9,37375.0,13268450.0,2026-08-27,2026-08-25,AUG 2026
2026-08-19 15:35:00+05:30,NIFTY26AUGFUT,NSE:NIFTY26AUGFUT,24113.9,24123.0,24108.0,24108.9,34645.0,13265720.0,2026-08-27,2026-08-25,AUG 2026
2026-08-20 09:15:00+05:30,NIFTY26AUGFUT,NSE:NIFTY26AUGFUT,24236.1,24264.4,24226.3,24244.4,360295.0,12898210.0,2026-08-27,2026-08-25,AUG 2026
2026-08-20 09:20:00+05:30,NIFTY26AUGFUT,NSE:NIFTY26AUGFUT,24245.0,24258.0,24243.0,24245.0,143780.0,12910170.0,2026-08-27,2026-08-25,AUG 2026
2026-08-20 09:25:00+05:30,NIFTY26AUGFUT,NSE:NIFTY26AUGFUT,24248.0,24260.0,24244.9,24250.0,177580.0,12941175.0,2026-08-27,2026-08-25,AUG 2026
2026-08-20 09:30:00+05:30,NIFTY26AUGFUT,NSE:NIFTY26AUGFUT,24250.0,24260.0,24243.5,24253.9,69290.0,12925445.0,2026-08-27,2026-08-25,AUG 2026
2026-08-20 09:35:00+05:30,NIFTY26AUGFUT,NSE:NIFTY26AUGFUT,24258.4,24274.7,24253.8,24260.0,118235.0,12906725.0,2026-08-27,2026-08-25,AUG 2026
2026-08-20 09:40:00+05:30,NIFTY26AUGFUT,NSE:NIFTY26AUGFUT,24260.0,24269.0,24255.6,24268.0,63960.0,12888330.0,2026-08-27,2026-08-25,AUG 2026
2026-08-20 09:45:00+05:30,NIFTY26AUGFUT,NSE:NIFTY26AUGFUT,24268.0,24270.0,24259.1,24264.0,37375.0,12881310.0,2026-08-27,2026-08-25,AUG 2026
2026-08-20 09:50:00+05:30,NIFTY26AUGFUT,NSE:NIFTY26AUGFUT,24264.0,24265.0,24252.1,24264.0,29380.0,12881115.0,2026-08-27,2026-08-25,AUG 2026
2026-08-20 09:55:00+05:30,NIFTY26AUGFUT,NSE:NIFTY26AUGFUT,24264.8,24273.0,24263.1,24269.0,28275.0,12867270.0,2026-08-27,2026-08-25,AUG 2026
2026-08-20 10:00:00+05:30,NIFTY26AUGFUT,NSE:NIFTY26AUGFUT,24263.2,24270.0,24260.0,24266.0,15860.0,12866750.0,2026-08-27,2026-08-25,AUG 2026
2026-08-20 10:05:00+05:30,NIFTY26AUGFUT,NSE:NIFTY26AUGFUT,24264.2,24272.0,24261.0,24269.0,34125.0,12870975.0,2026-08-27,2026-08-25,AUG 2026
2026-08-20 10:10:00+05:30,NIFTY26AUGFUT,NSE:NIFTY26AUGFUT,24269.0,24284.6,24269.0,24284.6,65585.0,12875070.0,2026-08-27,2026-08-25,AUG 2026
2026-08-20 10:15:00+05:30,NIFTY26AUGFUT,NSE:NIFTY26AUGFUT,24282.0,24287.0,24275.1,24278.0,37180.0,12859405.0,2026-08-27,2026-08-25,AUG 2026
2026-08-20 10:20:00+05:30,NIFTY26AUGFUT,NSE:NIFTY26AUGFUT,24278.0,24279.0,24268.5,24275.0,27430.0,12852515.0,2026-08-27,2026-08-25,AUG 2026
2026-08-20 10:25:00+05:30,NIFTY26AUGFUT,NSE:NIFTY26AUGFUT,24275.0,24279.0,24264.0,24268.4,36920.0,12837630.0,2026-08-27,2026-08-25,AUG 2026
2026-08-20 10:30:00+05:30,NIFTY26AUGFUT,NSE:NIFTY26AUGFUT,24268.5,24272.0,24264.9,24265.0,27300.0,12838020.0,2026-08-27,2026-08-25,AUG 2026
2026-08-20 10:35:00+05:30,NIFTY26AUGFUT,NSE:NIFTY26AUGFUT,24265.0,24270.0,24260.0,24265.0,37310.0,12825345.0,2026-08-27,2026-08-25,AUG 2026
2026-08-20 10:40:00+05:30,NIFTY26AUGFUT,NSE:NIFTY26AUGFUT,24265.0,24272.0,24262.0,24270.1,21710.0,12819625.0,2026-08-27,2026-08-25,AUG 2026
2026-08-20 10:45:00+05:30,NIFTY26AUGFUT,NSE:NIFTY26AUGFUT,24270.1,24277.4,24264.4,24275.5,53950.0,12817480.0,2026-08-27,2026-08-25,AUG 2026
2026-08-20 10:50:00+05:30,NIFTY26AUGFUT,NSE:NIFTY26AUGFUT,24276.2,24279.9,24265.8,24269.1,28665.0,12813580.0,2026-08-27,2026-08-25,AUG 2026
2026-08-20 10:55:00+05:30,NIFTY26AUGFUT,NSE:NIFTY26AUGFUT,24269.1,24278.0,24265.0,24275.0,44460.0,12811890.0,2026-08-27,2026-08-25,AUG 2026
2026-08-20 11:00:00+05:30,NIFTY26AUGFUT,NSE:NIFTY26AUGFUT,24278.0,24279.0,24268.9,24277.0,21710.0,12810915.0,2026-08-27,2026-08-25,AUG 2026
2026-08-20 11:05:00+05:30,NIFTY26AUGFUT,NSE:NIFTY26AUGFUT,24277.0,24277.0,24270.3,24274.0,19045.0,12812410.0,2026-08-27,2026-08-25,AUG 2026
2026-08-20 11:10:00+05:30,NIFTY26AUGFUT,NSE:NIFTY26AUGFUT,24274.0,24275.9,24268.0,24268.0,19825.0,12804935.0,2026-08-27,2026-08-25,AUG 2026
2026-08-20 11:15:00+05:30,NIFTY26AUGFUT,NSE:NIFTY26AUGFUT,24268.0,24277.9,24260.1,24260.1,32240.0,12803505.0,2026-08-27,2026-08-25,AUG 2026
2026-08-20 11:20:00+05:30,NIFTY26AUGFUT,NSE:NIFTY26AUGFUT,24260.8,24267.0,24258.0,24261.9,24310.0,12638275.0,2026-08-27,2026-08-25,AUG 2026
2026-08-20 11:25:00+05:30,NIFTY26AUGFUT,NSE:NIFTY26AUGFUT,24260.1,24265.0,24257.7,24264.9,21710.0,12459915.0,2026-08-27,2026-08-25,AUG 2026
2026-08-20 11:30:00+05:30,NIFTY26AUGFUT,NSE:NIFTY26AUGFUT,24266.0,24283.0,24264.1,24280.7,67340.0,12471420.0,2026-08-27,2026-08-25,AUG 2026
2026-08-20 11:35:00+05:30,NIFTY26AUGFUT,NSE:NIFTY26AUGFUT,24280.5,24292.5,24275.3,24283.9,51155.0,12459590.0,2026-08-27,2026-08-25,AUG 2026
2026-08-20 11:40:00+05:30,NIFTY26AUGFUT,NSE:NIFTY26AUGFUT,24282.9,24286.6,24280.0,24283.0,20280.0,12460370.0,2026-08-27,2026-08-25,AUG 2026
2026-08-20 11:45:00+05:30,NIFTY26AUGFUT,NSE:NIFTY26AUGFUT,24283.0,24288.0,24276.6,24284.5,32630.0,12449775.0,2026-08-27,2026-08-25,AUG 2026
2026-08-20 11:50:00+05:30,NIFTY26AUGFUT,NSE:NIFTY26AUGFUT,24284.5,24284.5,24275.7,24282.1,17810.0,12446980.0,2026-08-27,2026-08-25,AUG 2026
2026-08-20 11:55:00+05:30,NIFTY26AUGFUT,NSE:NIFTY26AUGFUT,24280.0,24289.0,24280.0,24287.0,15795.0,12442950.0,2026-08-27,2026-08-25,AUG 2026
2026-08-20 12:00:00+05:30,NIFTY26AUGFUT,NSE:NIFTY26AUGFUT,24287.0,24289.8,24281.0,24284.5,36335.0,12442105.0,2026-08-27,2026-08-25,AUG 2026
2026-08-20 12:05:00+05:30,NIFTY26AUGFUT,NSE:NIFTY26AUGFUT,24284.5,24287.1,24275.4,24277.5,13260.0,12440675.0,2026-08-27,2026-08-25,AUG 2026
2026-08-20 12:10:00+05:30,NIFTY26AUGFUT,NSE:NIFTY26AUGFUT,24277.5,24288.5,24275.3,24288.5,16965.0,12438205.0,2026-08-27,2026-08-25,AUG 2026
2026-08-20 12:15:00+05:30,NIFTY26AUGFUT,NSE:NIFTY26AUGFUT,24288.5,24297.3,24285.0,24290.0,47840.0,12433330.0,2026-08-27,2026-08-25,AUG 2026
2026-08-20 12:20:00+05:30,NIFTY26AUGFUT,NSE:NIFTY26AUGFUT,24290.0,24291.6,24283.1,24285.5,27040.0,12424945.0,2026-08-27,2026-08-25,AUG 2026
2026-08-20 12:25:00+05:30,NIFTY26AUGFUT,NSE:NIFTY26AUGFUT,24282.6,24290.0,24280.0,24289.8,13065.0,12423320.0,2026-08-27,2026-08-25,AUG 2026
2026-08-20 12:30:00+05:30,NIFTY26AUGFUT,NSE:NIFTY26AUGFUT,24284.5,24286.0,24277.0,24284.9,19825.0,12421175.0,2026-08-27,2026-08-25,AUG 2026
2026-08-20 12:35:00+05:30,NIFTY26AUGFUT,NSE:NIFTY26AUGFUT,24284.9,24290.0,24278.1,24289.8,17875.0,12418510.0,2026-08-27,2026-08-25,AUG 2026
2026-08-20 12:40:00+05:30,NIFTY26AUGFUT,NSE:NIFTY26AUGFUT,24289.8,24299.9,24286.8,24298.3,58370.0,12409540.0,2026-08-27,2026-08-25,AUG 2026
2026-08-20 12:45:00+05:30,NIFTY26AUGFUT,NSE:NIFTY26AUGFUT,24298.3,24331.0,24290.0,24326.9,149695.0,12394005.0,2026-08-27,2026-08-25,AUG 2026
2026-08-20 12:50:00+05:30,NIFTY26AUGFUT,NSE:NIFTY26AUGFUT,24326.9,24352.0,24326.9,24331.6,131105.0,12399010.0,2026-08-27,2026-08-25,AUG 2026
2026-08-20 12:55:00+05:30,NIFTY26AUGFUT,NSE:NIFTY26AUGFUT,24331.6,24337.5,24325.6,24331.0,96720.0,12384385.0,2026-08-27,2026-08-25,AUG 2026
2026-08-20 13:00:00+05:30,NIFTY26AUGFUT,NSE:NIFTY26AUGFUT,24332.0,24335.0,24321.0,24324.0,38740.0,12365015.0,2026-08-27,2026-08-25,AUG 2026
2026-08-20 13:05:00+05:30,NIFTY26AUGFUT,NSE:NIFTY26AUGFUT,24324.0,24333.9,24324.0,24328.5,26780.0,12351560.0,2026-08-27,2026-08-25,AUG 2026
2026-08-20 13:10:00+05:30,NIFTY26AUGFUT,NSE:NIFTY26AUGFUT,24328.5,24332.1,24324.5,24332.0,22100.0,12337910.0,2026-08-27,2026-08-25,AUG 2026
2026-08-20 13:15:00+05:30,NIFTY26AUGFUT,NSE:NIFTY26AUGFUT,24332.0,24334.9,24316.0,24317.5,74100.0,12340250.0,2026-08-27,2026-08-25,AUG 2026
2026-08-20 13:20:00+05:30,NIFTY26AUGFUT,NSE:NIFTY26AUGFUT,24317.5,24329.9,24317.5,24329.9,88595.0,12335765.0,2026-08-27,2026-08-25,AUG 2026
2026-08-20 13:25:00+05:30,NIFTY26AUGFUT,NSE:NIFTY26AUGFUT,24330.0,24332.0,24322.6,24328.2,35425.0,12311585.0,2026-08-27,2026-08-25,AUG 2026
2026-08-20 13:30:00+05:30,NIFTY26AUGFUT,NSE:NIFTY26AUGFUT,24328.2,24331.0,24325.0,24330.8,27365.0,12308205.0,2026-08-27,2026-08-25,AUG 2026
2026-08-20 13:35:00+05:30,NIFTY26AUGFUT,NSE:NIFTY26AUGFUT,24330.9,24331.0,24322.0,24324.2,38870.0,12314900.0,2026-08-27,2026-08-25,AUG 2026
2026-08-20 13:40:00+05:30,NIFTY26AUGFUT,NSE:NIFTY26AUGFUT,24324.2,24327.0,24317.4,24326.1,33735.0,12314965.0,2026-08-27,2026-08-25,AUG 2026
2026-08-20 13:45:00+05:30,NIFTY26AUGFUT,NSE:NIFTY26AUGFUT,24326.1,24330.0,24323.2,24328.0,27365.0,12305735.0,2026-08-27,2026-08-25,AUG 2026
2026-08-20 13:50:00+05:30,NIFTY26AUGFUT,NSE:NIFTY26AUGFUT,24328.0,24328.4,24315.2,24318.0,23530.0,12297025.0,2026-08-27,2026-08-25,AUG 2026
2026-08-20 13:55:00+05:30,NIFTY26AUGFUT,NSE:NIFTY26AUGFUT,24318.0,24324.8,24308.1,24310.2,46865.0,12301770.0,2026-08-27,2026-08-25,AUG 2026
2026-08-20 14:00:00+05:30,NIFTY26AUGFUT,NSE:NIFTY26AUGFUT,24310.2,24320.0,24306.2,24313.5,43745.0,12317305.0,2026-08-27,2026-08-25,AUG 2026
2026-08-20 14:05:00+05:30,NIFTY26AUGFUT,NSE:NIFTY26AUGFUT,24317.0,24320.0,24305.6,24311.7,38935.0,12318150.0,2026-08-27,2026-08-25,AUG 2026
2026-08-20 14:10:00+05:30,NIFTY26AUGFUT,NSE:NIFTY26AUGFUT,24311.7,24320.0,24311.2,24317.5,24310.0,12317500.0,2026-08-27,2026-08-25,AUG 2026
2026-08-20 14:15:00+05:30,NIFTY26AUGFUT,NSE:NIFTY26AUGFUT,24315.0,24319.0,24300.7,24318.0,42445.0,12314055.0,2026-08-27,2026-08-25,AUG 2026
2026-08-20 14:20:00+05:30,NIFTY26AUGFUT,NSE:NIFTY26AUGFUT,24318.0,24319.0,24309.1,24316.1,26520.0,12311715.0,2026-08-27,2026-08-25,AUG 2026
2026-08-20 14:25:00+05:30,NIFTY26AUGFUT,NSE:NIFTY26AUGFUT,24316.1,24320.0,24308.0,24320.0,33410.0,12315030.0,2026-08-27,2026-08-25,AUG 2026
2026-08-20 14:30:00+05:30,NIFTY26AUGFUT,NSE:NIFTY26AUGFUT,24320.0,24328.6,24312.8,24321.0,23725.0,12309765.0,2026-08-27,2026-08-25,AUG 2026
2026-08-20 14:35:00+05:30,NIFTY26AUGFUT,NSE:NIFTY26AUGFUT,24321.0,24325.4,24311.9,24319.0,16835.0,12306125.0,2026-08-27,2026-08-25,AUG 2026
2026-08-20 14:40:00+05:30,NIFTY26AUGFUT,NSE:NIFTY26AUGFUT,24319.0,24326.0,24311.5,24311.5,18850.0,12098775.0,2026-08-27,2026-08-25,AUG 2026
2026-08-20 14:45:00+05:30,NIFTY26AUGFUT,NSE:NIFTY26AUGFUT,24318.0,24323.1,24306.0,24315.0,21255.0,12071020.0,2026-08-27,2026-08-25,AUG 2026
2026-08-20 14:50:00+05:30,NIFTY26AUGFUT,NSE:NIFTY26AUGFUT,24315.0,24322.2,24308.0,24308.0,27495.0,12064780.0,2026-08-27,2026-08-25,AUG 2026
2026-08-20 14:55:00+05:30,NIFTY26AUGFUT,NSE:NIFTY26AUGFUT,24308.0,24320.0,24308.0,24318.0,36725.0,12058410.0,2026-08-27,2026-08-25,AUG 2026
2026-08-20 15:00:00+05:30,NIFTY26AUGFUT,NSE:NIFTY26AUGFUT,24312.4,24315.7,24301.0,24309.9,31590.0,12057240.0,2026-08-27,2026-08-25,AUG 2026
2026-08-20 15:05:00+05:30,NIFTY26AUGFUT,NSE:NIFTY26AUGFUT,24309.9,24309.9,24293.7,24295.2,52455.0,12062310.0,2026-08-27,2026-08-25,AUG 2026
2026-08-20 15:10:00+05:30,NIFTY26AUGFUT,NSE:NIFTY26AUGFUT,24295.1,24310.1,24289.4,24310.0,45825.0,12066470.0,2026-08-27,2026-08-25,AUG 2026
2026-08-20 15:15:00+05:30,NIFTY26AUGFUT,NSE:NIFTY26AUGFUT,24308.2,24308.2,24295.1,24297.8,68120.0,12062635.0,2026-08-27,2026-08-25,AUG 2026
2026-08-20 15:20:00+05:30,NIFTY26AUGFUT,NSE:NIFTY26AUGFUT,24297.8,24300.1,24290.0,24293.9,26455.0,12055550.0,2026-08-27,2026-08-25,AUG 2026
2026-08-20 15:25:00+05:30,NIFTY26AUGFUT,NSE:NIFTY26AUGFUT,24295.0,24300.0,24293.0,24295.0,18005.0,12030655.0,2026-08-27,2026-08-25,AUG 2026
2026-08-20 15:30:00+05:30,NIFTY26AUGFUT,NSE:NIFTY26AUGFUT,24293.7,24301.1,24285.0,24286.9,68835.0,12000755.0,2026-08-27,2026-08-25,AUG 2026
2026-08-20 15:35:00+05:30,NIFTY26AUGFUT,NSE:NIFTY26AUGFUT,24287.0,24294.0,24284.7,24294.0,67015.0,11992825.0,2026-08-27,2026-08-25,AUG 2026
2026-08-21 09:15:00+05:30,NIFTY26AUGFUT,NSE:NIFTY26AUGFUT,24325.0,24325.5,24290.0,24299.4,54145.0,10843625.0,2026-08-27,2026-08-25,AUG 2026
2026-08-21 09:20:00+05:30,NIFTY26AUGFUT,NSE:NIFTY26AUGFUT,24292.1,24296.3,24270.0,24283.2,40105.0,10836995.0,2026-08-27,2026-08-25,AUG 2026
2026-08-21 09:25:00+05:30,NIFTY26AUGFUT,NSE:NIFTY26AUGFUT,24285.0,24285.2,24270.0,24280.0,48945.0,10832185.0,2026-08-27,2026-08-25,AUG 2026
2026-08-21 09:30:00+05:30,NIFTY26AUGFUT,NSE:NIFTY26AUGFUT,24275.1,24280.0,24254.4,24268.0,43485.0,10810670.0,2026-08-27,2026-08-25,AUG 2026
2026-08-21 09:35:00+05:30,NIFTY26AUGFUT,NSE:NIFTY26AUGFUT,24256.1,24277.0,24256.1,24277.0,25480.0,10805405.0,2026-08-27,2026-08-25,AUG 2026
2026-08-21 09:40:00+05:30,NIFTY26AUGFUT,NSE:NIFTY26AUGFUT,24277.0,24294.1,24265.7,24292.0,37440.0,10790845.0,2026-08-27,2026-08-25,AUG 2026
2026-08-21 09:45:00+05:30,NIFTY26AUGFUT,NSE:NIFTY26AUGFUT,24292.0,24295.0,24282.0,24290.0,39390.0,10780575.0,2026-08-27,2026-08-25,AUG 2026
2026-08-21 09:50:00+05:30,NIFTY26AUGFUT,NSE:NIFTY26AUGFUT,24290.0,24304.2,24286.7,24302.0,36985.0,10798905.0,2026-08-27,2026-08-25,AUG 2026
2026-08-21 09:55:00+05:30,NIFTY26AUGFUT,NSE:NIFTY26AUGFUT,24301.4,24301.4,24285.0,24288.0,41275.0,10811190.0,2026-08-27,2026-08-25,AUG 2026
2026-08-21 10:00:00+05:30,NIFTY26AUGFUT,NSE:NIFTY26AUGFUT,24288.0,24299.0,24281.6,24282.0,45695.0,10804235.0,2026-08-27,2026-08-25,AUG 2026
2026-08-21 10:05:00+05:30,NIFTY26AUGFUT,NSE:NIFTY26AUGFUT,24282.0,24291.0,24274.3,24275.0,48100.0,10808200.0,2026-08-27,2026-08-25,AUG 2026
2026-08-21 10:10:00+05:30,NIFTY26AUGFUT,NSE:NIFTY26AUGFUT,24275.1,24294.9,24272.9,24283.5,23855.0,10809305.0,2026-08-27,2026-08-25,AUG 2026
2026-08-21 10:15:00+05:30,NIFTY26AUGFUT,NSE:NIFTY26AUGFUT,24283.5,24294.9,24280.5,24286.0,34450.0,10814505.0,2026-08-27,2026-08-25,AUG 2026
2026-08-21 10:20:00+05:30,NIFTY26AUGFUT,NSE:NIFTY26AUGFUT,24286.0,24299.2,24277.5,24296.6,30745.0,10818730.0,2026-08-27,2026-08-25,AUG 2026
2026-08-21 10:25:00+05:30,NIFTY26AUGFUT,NSE:NIFTY26AUGFUT,24296.5,24305.0,24290.0,24305.0,25285.0,10803195.0,2026-08-27,2026-08-25,AUG 2026
2026-08-21 10:30:00+05:30,NIFTY26AUGFUT,NSE:NIFTY26AUGFUT,24305.0,24309.8,24298.1,24298.1,24375.0,10795005.0,2026-08-27,2026-08-25,AUG 2026
2026-08-21 10:35:00+05:30,NIFTY26AUGFUT,NSE:NIFTY26AUGFUT,24300.0,24303.0,24295.7,24299.9,23270.0,10781615.0,2026-08-27,2026-08-25,AUG 2026
2026-08-21 10:40:00+05:30,NIFTY26AUGFUT,NSE:NIFTY26AUGFUT,24299.9,24306.0,24293.0,24306.0,16705.0,10777130.0,2026-08-27,2026-08-25,AUG 2026
2026-08-21 10:45:00+05:30,NIFTY26AUGFUT,NSE:NIFTY26AUGFUT,24306.0,24308.0,24294.0,24301.1,18785.0,10769460.0,2026-08-27,2026-08-25,AUG 2026
2026-08-21 10:50:00+05:30,NIFTY26AUGFUT,NSE:NIFTY26AUGFUT,24304.6,24310.0,24301.3,24308.4,17875.0,10770045.0,2026-08-27,2026-08-25,AUG 2026
2026-08-21 10:55:00+05:30,NIFTY26AUGFUT,NSE:NIFTY26AUGFUT,24308.7,24310.0,24300.6,24305.0,27170.0,10777195.0,2026-08-27,2026-08-25,AUG 2026
2026-08-21 11:00:00+05:30,NIFTY26AUGFUT,NSE:NIFTY26AUGFUT,24305.0,24313.0,24305.0,24308.0,12935.0,10778950.0,2026-08-27,2026-08-25,AUG 2026
2026-08-21 11:05:00+05:30,NIFTY26AUGFUT,NSE:NIFTY26AUGFUT,24310.0,24315.0,24306.1,24309.9,68120.0,10828220.0,2026-08-27,2026-08-25,AUG 2026
2026-08-21 11:10:00+05:30,NIFTY26AUGFUT,NSE:NIFTY26AUGFUT,24309.9,24311.3,24305.0,24309.0,28015.0,10842000.0,2026-08-27,2026-08-25,AUG 2026
2026-08-21 11:15:00+05:30,NIFTY26AUGFUT,NSE:NIFTY26AUGFUT,24309.0,24310.0,24305.0,24305.0,18850.0,10849410.0,2026-08-27,2026-08-25,AUG 2026
2026-08-21 11:20:00+05:30,NIFTY26AUGFUT,NSE:NIFTY26AUGFUT,24305.0,24309.0,24300.0,24304.5,15405.0,10832770.0,2026-08-27,2026-08-25,AUG 2026
2026-08-21 11:25:00+05:30,NIFTY26AUGFUT,NSE:NIFTY26AUGFUT,24304.5,24310.0,24303.1,24309.7,9815.0,10831340.0,2026-08-27,2026-08-25,AUG 2026
2026-08-21 11:30:00+05:30,NIFTY26AUGFUT,NSE:NIFTY26AUGFUT,24308.0,24315.0,24305.1,24305.1,13650.0,10830755.0,2026-08-27,2026-08-25,AUG 2026
2026-08-21 11:35:00+05:30,NIFTY26AUGFUT,NSE:NIFTY26AUGFUT,24305.1,24308.8,24300.5,24302.0,10010.0,10834265.0,2026-08-27,2026-08-25,AUG 2026
2026-08-21 11:40:00+05:30,NIFTY26AUGFUT,NSE:NIFTY26AUGFUT,24303.0,24303.0,24295.5,24297.0,10270.0,10831795.0,2026-08-27,2026-08-25,AUG 2026
2026-08-21 11:45:00+05:30,NIFTY26AUGFUT,NSE:NIFTY26AUGFUT,24297.0,24305.0,24295.0,24305.0,17940.0,10832835.0,2026-08-27,2026-08-25,AUG 2026
2026-08-21 11:50:00+05:30,NIFTY26AUGFUT,NSE:NIFTY26AUGFUT,24305.0,24305.4,24290.7,24290.7,33800.0,10847980.0,2026-08-27,2026-08-25,AUG 2026
2026-08-21 11:55:00+05:30,NIFTY26AUGFUT,NSE:NIFTY26AUGFUT,24290.7,24297.5,24288.0,24290.3,21060.0,10854480.0,2026-08-27,2026-08-25,AUG 2026
2026-08-21 12:00:00+05:30,NIFTY26AUGFUT,NSE:NIFTY26AUGFUT,24288.1,24295.0,24288.0,24293.0,49075.0,10837580.0,2026-08-27,2026-08-25,AUG 2026
2026-08-21 12:05:00+05:30,NIFTY26AUGFUT,NSE:NIFTY26AUGFUT,24293.0,24293.0,24285.0,24285.0,18070.0,10836930.0,2026-08-27,2026-08-25,AUG 2026
2026-08-21 12:10:00+05:30,NIFTY26AUGFUT,NSE:NIFTY26AUGFUT,24285.0,24293.0,24285.0,24286.0,23660.0,10836800.0,2026-08-27,2026-08-25,AUG 2026
2026-08-21 12:15:00+05:30,NIFTY26AUGFUT,NSE:NIFTY26AUGFUT,24286.0,24292.8,24285.0,24292.7,92820.0,10906090.0,2026-08-27,2026-08-25,AUG 2026
2026-08-21 12:20:00+05:30,NIFTY26AUGFUT,NSE:NIFTY26AUGFUT,24292.7,24295.0,24286.0,24294.0,22620.0,10900890.0,2026-08-27,2026-08-25,AUG 2026
2026-08-21 12:25:00+05:30,NIFTY26AUGFUT,NSE:NIFTY26AUGFUT,24294.0,24294.9,24285.1,24288.1,30810.0,10914670.0,2026-08-27,2026-08-25,AUG 2026
2026-08-21 12:30:00+05:30,NIFTY26AUGFUT,NSE:NIFTY26AUGFUT,24293.5,24295.0,24288.0,24295.0,41730.0,10922275.0,2026-08-27,2026-08-25,AUG 2026
2026-08-21 12:35:00+05:30,NIFTY26AUGFUT,NSE:NIFTY26AUGFUT,24295.0,24298.0,24290.0,24290.0,39780.0,10918765.0,2026-08-27,2026-08-25,AUG 2026
2026-08-21 12:40:00+05:30,NIFTY26AUGFUT,NSE:NIFTY26AUGFUT,24290.0,24290.0,24275.9,24285.0,43680.0,10928190.0,2026-08-27,2026-08-25,AUG 2026
2026-08-21 12:45:00+05:30,NIFTY26AUGFUT,NSE:NIFTY26AUGFUT,24285.0,24289.9,24278.5,24288.0,17680.0,10928060.0,2026-08-27,2026-08-25,AUG 2026
2026-08-21 12:50:00+05:30,NIFTY26AUGFUT,NSE:NIFTY26AUGFUT,24288.0,24289.9,24281.5,24282.5,13065.0,10928450.0,2026-08-27,2026-08-25,AUG 2026
2026-08-21 12:55:00+05:30,NIFTY26AUGFUT,NSE:NIFTY26AUGFUT,24282.5,24290.0,24280.0,24284.0,31330.0,10947040.0,2026-08-27,2026-08-25,AUG 2026
2026-08-21 13:00:00+05:30,NIFTY26AUGFUT,NSE:NIFTY26AUGFUT,24284.0,24292.4,24282.5,24291.5,33930.0,10948535.0,2026-08-27,2026-08-25,AUG 2026
2026-08-21 13:05:00+05:30,NIFTY26AUGFUT,NSE:NIFTY26AUGFUT,24291.5,24305.6,24291.5,24301.5,36985.0,10950160.0,2026-08-27,2026-08-25,AUG 2026
2026-08-21 13:10:00+05:30,NIFTY26AUGFUT,NSE:NIFTY26AUGFUT,24302.0,24310.0,24300.0,24300.0,33995.0,10949965.0,2026-08-27,2026-08-25,AUG 2026
2026-08-21 13:15:00+05:30,NIFTY26AUGFUT,NSE:NIFTY26AUGFUT,24300.0,24304.7,24294.0,24301.8,31460.0,10963615.0,2026-08-27,2026-08-25,AUG 2026
2026-08-21 13:20:00+05:30,NIFTY26AUGFUT,NSE:NIFTY26AUGFUT,24301.8,24301.8,24287.0,24287.0,11375.0,10964980.0,2026-08-27,2026-08-25,AUG 2026
2026-08-21 13:25:00+05:30,NIFTY26AUGFUT,NSE:NIFTY26AUGFUT,24287.0,24304.5,24285.0,24297.9,46345.0,10969985.0,2026-08-27,2026-08-25,AUG 2026
2026-08-21 13:30:00+05:30,NIFTY26AUGFUT,NSE:NIFTY26AUGFUT,24299.3,24299.9,24287.5,24289.0,31070.0,10993710.0,2026-08-27,2026-08-25,AUG 2026
2026-08-21 13:35:00+05:30,NIFTY26AUGFUT,NSE:NIFTY26AUGFUT,24289.0,24296.7,24280.0,24284.5,41795.0,11001575.0,2026-08-27,2026-08-25,AUG 2026
2026-08-21 13:40:00+05:30,NIFTY26AUGFUT,NSE:NIFTY26AUGFUT,24284.5,24294.6,24283.0,24294.6,54535.0,11017305.0,2026-08-27,2026-08-25,AUG 2026
2026-08-21 13:45:00+05:30,NIFTY26AUGFUT,NSE:NIFTY26AUGFUT,24294.6,24294.6,24280.0,24285.0,40430.0,11029265.0,2026-08-27,2026-08-25,AUG 2026
2026-08-21 13:50:00+05:30,NIFTY26AUGFUT,NSE:NIFTY26AUGFUT,24285.0,24292.3,24278.5,24290.0,41665.0,11035115.0,2026-08-27,2026-08-25,AUG 2026
2026-08-21 13:55:00+05:30,NIFTY26AUGFUT,NSE:NIFTY26AUGFUT,24290.0,24295.9,24285.5,24290.0,14170.0,11040770.0,2026-08-27,2026-08-25,AUG 2026
2026-08-21 14:00:00+05:30,NIFTY26AUGFUT,NSE:NIFTY26AUGFUT,24293.0,24294.4,24283.8,24290.0,24310.0,11057800.0,2026-08-27,2026-08-25,AUG 2026
2026-08-21 14:05:00+05:30,NIFTY26AUGFUT,NSE:NIFTY26AUGFUT,24290.0,24293.5,24276.5,24284.0,15730.0,11057345.0,2026-08-27,2026-08-25,AUG 2026
2026-08-21 14:10:00+05:30,NIFTY26AUGFUT,NSE:NIFTY26AUGFUT,24282.2,24289.0,24276.0,24287.0,12350.0,11059230.0,2026-08-27,2026-08-25,AUG 2026
2026-08-21 14:15:00+05:30,NIFTY26AUGFUT,NSE:NIFTY26AUGFUT,24287.0,24295.0,24287.0,24290.0,17160.0,11064170.0,2026-08-27,2026-08-25,AUG 2026
2026-08-21 14:20:00+05:30,NIFTY26AUGFUT,NSE:NIFTY26AUGFUT,24288.0,24296.0,24288.0,24295.0,14040.0,11069695.0,2026-08-27,2026-08-25,AUG 2026
2026-08-21 14:25:00+05:30,NIFTY26AUGFUT,NSE:NIFTY26AUGFUT,24295.0,24299.9,24288.5,24299.9,19045.0,11075675.0,2026-08-27,2026-08-25,AUG 2026
2026-08-21 14:30:00+05:30,NIFTY26AUGFUT,NSE:NIFTY26AUGFUT,24299.9,24305.0,24290.5,24295.0,37830.0,11084320.0,2026-08-27,2026-08-25,AUG 2026
2026-08-21 14:35:00+05:30,NIFTY26AUGFUT,NSE:NIFTY26AUGFUT,24299.9,24299.9,24290.0,24296.0,40300.0,11082045.0,2026-08-27,2026-08-25,AUG 2026
2026-08-21 14:40:00+05:30,NIFTY26AUGFUT,NSE:NIFTY26AUGFUT,24296.0,24296.8,24285.0,24285.5,19890.0,11083605.0,2026-08-27,2026-08-25,AUG 2026
2026-08-21 14:45:00+05:30,NIFTY26AUGFUT,NSE:NIFTY26AUGFUT,24285.5,24297.6,24285.5,24295.0,27040.0,11088350.0,2026-08-27,2026-08-25,AUG 2026
2026-08-21 14:50:00+05:30,NIFTY26AUGFUT,NSE:NIFTY26AUGFUT,24297.0,24299.0,24290.5,24294.0,26325.0,11095955.0,2026-08-27,2026-08-25,AUG 2026
2026-08-21 14:55:00+05:30,NIFTY26AUGFUT,NSE:NIFTY26AUGFUT,24292.0,24295.0,24283.9,24285.2,29640.0,11100635.0,2026-08-27,2026-08-25,AUG 2026
2026-08-21 15:00:00+05:30,NIFTY26AUGFUT,NSE:NIFTY26AUGFUT,24291.0,24299.4,24284.6,24288.5,63960.0,11106745.0,2026-08-27,2026-08-25,AUG 2026
2026-08-21 15:05:00+05:30,NIFTY26AUGFUT,NSE:NIFTY26AUGFUT,24288.5,24294.0,24285.2,24289.9,53625.0,11132485.0,2026-08-27,2026-08-25,AUG 2026
2026-08-21 15:10:00+05:30,NIFTY26AUGFUT,NSE:NIFTY26AUGFUT,24286.3,24289.9,24283.2,24288.0,26780.0,11143925.0,2026-08-27,2026-08-25,AUG 2026
2026-08-21 15:15:00+05:30,NIFTY26AUGFUT,NSE:NIFTY26AUGFUT,24285.0,24289.0,24284.0,24288.0,23725.0,11136255.0,2026-08-27,2026-08-25,AUG 2026
2026-08-21 15:20:00+05:30,NIFTY26AUGFUT,NSE:NIFTY26AUGFUT,24287.0,24288.8,24284.5,24286.4,25480.0,11136645.0,2026-08-27,2026-08-25,AUG 2026
2026-08-21 15:25:00+05:30,NIFTY26AUGFUT,NSE:NIFTY26AUGFUT,24286.3,24287.8,24282.0,24287.8,42575.0,11139895.0,2026-08-27,2026-08-25,AUG 2026
2026-08-21 15:30:00+05:30,NIFTY26AUGFUT,NSE:NIFTY26AUGFUT,24287.9,24290.9,24285.2,24285.8,28860.0,11132355.0,2026-08-27,2026-08-25,AUG 2026
2026-08-21 15:35:00+05:30,NIFTY26AUGFUT,NSE:NIFTY26AUGFUT,24287.0,24288.0,24281.3,24288.0,43615.0,11113960.0,2026-08-27,2026-08-25,AUG 2026
2026-08-24 09:15:00+05:30,NIFTY26AUGFUT,NSE:NIFTY26AUGFUT,24341.5,24347.9,24324.9,24338.0,123370.0,9229090.0,2026-08-27,2026-08-25,AUG 2026
2026-08-24 09:20:00+05:30,NIFTY26AUGFUT,NSE:NIFTY26AUGFUT,24338.0,24345.0,24335.2,24337.7,79300.0,9192040.0,2026-08-27,2026-08-25,AUG 2026
2026-08-24 09:25:00+05:30,NIFTY26AUGFUT,NSE:NIFTY26AUGFUT,24337.7,24342.0,24325.3,24325.8,64935.0,9188595.0,2026-08-27,2026-08-25,AUG 2026
2026-08-24 09:30:00+05:30,NIFTY26AUGFUT,NSE:NIFTY26AUGFUT,24326.0,24330.0,24313.7,24318.4,62855.0,9202960.0,2026-08-27,2026-08-25,AUG 2026
2026-08-24 09:35:00+05:30,NIFTY26AUGFUT,NSE:NIFTY26AUGFUT,24317.1,24324.0,24311.0,24315.0,49530.0,9194965.0,2026-08-27,2026-08-25,AUG 2026
2026-08-24 09:40:00+05:30,NIFTY26AUGFUT,NSE:NIFTY26AUGFUT,24322.0,24322.0,24305.9,24312.6,53300.0,9205690.0,2026-08-27,2026-08-25,AUG 2026
2026-08-24 09:45:00+05:30,NIFTY26AUGFUT,NSE:NIFTY26AUGFUT,24312.6,24322.0,24308.0,24314.0,42250.0,9223630.0,2026-08-27,2026-08-25,AUG 2026
2026-08-24 09:50:00+05:30,NIFTY26AUGFUT,NSE:NIFTY26AUGFUT,24314.0,24320.0,24307.1,24307.1,51935.0,9233510.0,2026-08-27,2026-08-25,AUG 2026
2026-08-24 09:55:00+05:30,NIFTY26AUGFUT,NSE:NIFTY26AUGFUT,24306.8,24317.0,24303.3,24304.6,61685.0,9238125.0,2026-08-27,2026-08-25,AUG 2026
2026-08-24 10:00:00+05:30,NIFTY26AUGFUT,NSE:NIFTY26AUGFUT,24304.6,24309.0,24302.8,24303.7,63895.0,9246835.0,2026-08-27,2026-08-25,AUG 2026
2026-08-24 10:05:00+05:30,NIFTY26AUGFUT,NSE:NIFTY26AUGFUT,24303.7,24312.0,24302.7,24305.4,30875.0,9251840.0,2026-08-27,2026-08-25,AUG 2026
2026-08-24 10:10:00+05:30,NIFTY26AUGFUT,NSE:NIFTY26AUGFUT,24305.5,24315.0,24303.9,24310.0,40885.0,9251450.0,2026-08-27,2026-08-25,AUG 2026
2026-08-24 10:15:00+05:30,NIFTY26AUGFUT,NSE:NIFTY26AUGFUT,24310.0,24322.0,24307.0,24313.6,58695.0,9248265.0,2026-08-27,2026-08-25,AUG 2026
2026-08-24 10:20:00+05:30,NIFTY26AUGFUT,NSE:NIFTY26AUGFUT,24313.6,24322.0,24310.0,24311.1,60450.0,9256715.0,2026-08-27,2026-08-25,AUG 2026
2026-08-24 10:25:00+05:30,NIFTY26AUGFUT,NSE:NIFTY26AUGFUT,24311.1,24316.0,24309.1,24310.0,25480.0,9252230.0,2026-08-27,2026-08-25,AUG 2026
2026-08-24 10:30:00+05:30,NIFTY26AUGFUT,NSE:NIFTY26AUGFUT,24310.0,24319.9,24307.0,24313.2,35685.0,9248395.0,2026-08-27,2026-08-25,AUG 2026
2026-08-24 10:35:00+05:30,NIFTY26AUGFUT,NSE:NIFTY26AUGFUT,24313.2,24320.0,24312.1,24320.0,35165.0,9249305.0,2026-08-27,2026-08-25,AUG 2026
2026-08-24 10:40:00+05:30,NIFTY26AUGFUT,NSE:NIFTY26AUGFUT,24320.0,24320.0,24308.7,24314.0,38935.0,9246640.0,2026-08-27,2026-08-25,AUG 2026
2026-08-24 10:45:00+05:30,NIFTY26AUGFUT,NSE:NIFTY26AUGFUT,24314.0,24317.0,24307.0,24307.0,19760.0,9246575.0,2026-08-27,2026-08-25,AUG 2026
2026-08-24 10:50:00+05:30,NIFTY26AUGFUT,NSE:NIFTY26AUGFUT,24307.0,24310.0,24295.4,24306.0,40690.0,9238580.0,2026-08-27,2026-08-25,AUG 2026
2026-08-24 10:55:00+05:30,NIFTY26AUGFUT,NSE:NIFTY26AUGFUT,24306.0,24310.0,24269.0,24269.0,75075.0,9230975.0,2026-08-27,2026-08-25,AUG 2026
2026-08-24 11:00:00+05:30,NIFTY26AUGFUT,NSE:NIFTY26AUGFUT,24269.0,24290.0,24246.5,24251.5,112905.0,9224020.0,2026-08-27,2026-08-25,AUG 2026
2026-08-24 11:05:00+05:30,NIFTY26AUGFUT,NSE:NIFTY26AUGFUT,24260.9,24260.9,24238.9,24249.2,107315.0,9172410.0,2026-08-27,2026-08-25,AUG 2026
2026-08-24 11:10:00+05:30,NIFTY26AUGFUT,NSE:NIFTY26AUGFUT,24249.9,24252.8,24231.6,24233.2,66300.0,9143290.0,2026-08-27,2026-08-25,AUG 2026
2026-08-24 11:15:00+05:30,NIFTY26AUGFUT,NSE:NIFTY26AUGFUT,24233.0,24242.0,24230.0,24240.8,47840.0,9128665.0,2026-08-27,2026-08-25,AUG 2026
2026-08-24 11:20:00+05:30,NIFTY26AUGFUT,NSE:NIFTY26AUGFUT,24240.8,24247.9,24217.7,24231.7,72605.0,9120280.0,2026-08-27,2026-08-25,AUG 2026
2026-08-24 11:25:00+05:30,NIFTY26AUGFUT,NSE:NIFTY26AUGFUT,24235.0,24235.0,24216.1,24226.5,37180.0,9117485.0,2026-08-27,2026-08-25,AUG 2026
2026-08-24 11:30:00+05:30,NIFTY26AUGFUT,NSE:NIFTY26AUGFUT,24226.5,24227.0,24197.0,24200.4,76570.0,9106955.0,2026-08-27,2026-08-25,AUG 2026
2026-08-24 11:35:00+05:30,NIFTY26AUGFUT,NSE:NIFTY26AUGFUT,24200.4,24205.0,24195.3,24204.9,72345.0,9105460.0,2026-08-27,2026-08-25,AUG 2026
2026-08-24 11:40:00+05:30,NIFTY26AUGFUT,NSE:NIFTY26AUGFUT,24204.9,24210.0,24201.0,24203.0,47060.0,9092915.0,2026-08-27,2026-08-25,AUG 2026
2026-08-24 11:45:00+05:30,NIFTY26AUGFUT,NSE:NIFTY26AUGFUT,24206.0,24221.0,24204.7,24217.0,41470.0,9096620.0,2026-08-27,2026-08-25,AUG 2026
2026-08-24 11:50:00+05:30,NIFTY26AUGFUT,NSE:NIFTY26AUGFUT,24217.0,24222.2,24207.5,24207.5,45695.0,9083425.0,2026-08-27,2026-08-25,AUG 2026
2026-08-24 11:55:00+05:30,NIFTY26AUGFUT,NSE:NIFTY26AUGFUT,24207.5,24215.0,24202.0,24205.0,46410.0,9075690.0,2026-08-27,2026-08-25,AUG 2026
2026-08-24 12:00:00+05:30,NIFTY26AUGFUT,NSE:NIFTY26AUGFUT,24205.0,24215.0,24202.0,24210.0,50375.0,9080305.0,2026-08-27,2026-08-25,AUG 2026
2026-08-24 12:05:00+05:30,NIFTY26AUGFUT,NSE:NIFTY26AUGFUT,24210.0,24215.0,24203.5,24215.0,36530.0,9097920.0,2026-08-27,2026-08-25,AUG 2026
2026-08-24 12:10:00+05:30,NIFTY26AUGFUT,NSE:NIFTY26AUGFUT,24215.0,24220.0,24210.0,24214.9,31265.0,9110075.0,2026-08-27,2026-08-25,AUG 2026
2026-08-24 12:15:00+05:30,NIFTY26AUGFUT,NSE:NIFTY26AUGFUT,24214.9,24215.0,24207.2,24214.9,31850.0,9129185.0,2026-08-27,2026-08-25,AUG 2026
2026-08-24 12:20:00+05:30,NIFTY26AUGFUT,NSE:NIFTY26AUGFUT,24214.9,24215.0,24210.5,24215.0,28080.0,9129575.0,2026-08-27,2026-08-25,AUG 2026
2026-08-24 12:25:00+05:30,NIFTY26AUGFUT,NSE:NIFTY26AUGFUT,24215.0,24218.0,24209.6,24209.9,45825.0,9129445.0,2026-08-27,2026-08-25,AUG 2026
2026-08-24 12:30:00+05:30,NIFTY26AUGFUT,NSE:NIFTY26AUGFUT,24209.9,24215.0,24202.5,24206.2,35945.0,9125545.0,2026-08-27,2026-08-25,AUG 2026
2026-08-24 12:35:00+05:30,NIFTY26AUGFUT,NSE:NIFTY26AUGFUT,24207.0,24217.0,24207.0,24210.0,38805.0,9131980.0,2026-08-27,2026-08-25,AUG 2026
2026-08-24 12:40:00+05:30,NIFTY26AUGFUT,NSE:NIFTY26AUGFUT,24210.0,24210.0,24202.9,24208.5,32240.0,9130875.0,2026-08-27,2026-08-25,AUG 2026
2026-08-24 12:45:00+05:30,NIFTY26AUGFUT,NSE:NIFTY26AUGFUT,24208.5,24215.0,24205.0,24211.7,45240.0,9136595.0,2026-08-27,2026-08-25,AUG 2026
2026-08-24 12:50:00+05:30,NIFTY26AUGFUT,NSE:NIFTY26AUGFUT,24211.7,24211.7,24201.0,24201.0,28795.0,9134580.0,2026-08-27,2026-08-25,AUG 2026
2026-08-24 12:55:00+05:30,NIFTY26AUGFUT,NSE:NIFTY26AUGFUT,24202.4,24214.0,24202.4,24204.5,31980.0,9140625.0,2026-08-27,2026-08-25,AUG 2026
2026-08-24 13:00:00+05:30,NIFTY26AUGFUT,NSE:NIFTY26AUGFUT,24204.5,24211.1,24188.0,24195.0,50245.0,9135165.0,2026-08-27,2026-08-25,AUG 2026
2026-08-24 13:05:00+05:30,NIFTY26AUGFUT,NSE:NIFTY26AUGFUT,24195.0,24195.0,24173.6,24186.0,92495.0,9143030.0,2026-08-27,2026-08-25,AUG 2026
2026-08-24 13:10:00+05:30,NIFTY26AUGFUT,NSE:NIFTY26AUGFUT,24186.0,24195.0,24180.0,24187.0,40495.0,9152130.0,2026-08-27,2026-08-25,AUG 2026
2026-08-24 13:15:00+05:30,NIFTY26AUGFUT,NSE:NIFTY26AUGFUT,24191.0,24200.0,24180.5,24194.2,122525.0,9204910.0,2026-08-27,2026-08-25,AUG 2026
2026-08-24 13:20:00+05:30,NIFTY26AUGFUT,NSE:NIFTY26AUGFUT,24194.2,24204.4,24192.1,24201.8,39975.0,9194770.0,2026-08-27,2026-08-25,AUG 2026
2026-08-24 13:25:00+05:30,NIFTY26AUGFUT,NSE:NIFTY26AUGFUT,24200.0,24208.9,24193.6,24202.6,49985.0,9119435.0,2026-08-27,2026-08-25,AUG 2026
2026-08-24 13:30:00+05:30,NIFTY26AUGFUT,NSE:NIFTY26AUGFUT,24202.6,24209.7,24185.0,24190.3,63765.0,9148945.0,2026-08-27,2026-08-25,AUG 2026
2026-08-24 13:35:00+05:30,NIFTY26AUGFUT,NSE:NIFTY26AUGFUT,24190.3,24200.0,24185.4,24199.8,37310.0,9160840.0,2026-08-27,2026-08-25,AUG 2026
2026-08-24 13:40:00+05:30,NIFTY26AUGFUT,NSE:NIFTY26AUGFUT,24199.8,24204.2,24193.0,24195.0,20280.0,9164415.0,2026-08-27,2026-08-25,AUG 2026
2026-08-24 13:45:00+05:30,NIFTY26AUGFUT,NSE:NIFTY26AUGFUT,24195.0,24200.0,24189.0,24189.0,27560.0,9170200.0,2026-08-27,2026-08-25,AUG 2026
2026-08-24 13:50:00+05:30,NIFTY26AUGFUT,NSE:NIFTY26AUGFUT,24189.0,24200.0,24187.7,24191.3,241605.0,9367150.0,2026-08-27,2026-08-25,AUG 2026
2026-08-24 13:55:00+05:30,NIFTY26AUGFUT,NSE:NIFTY26AUGFUT,24191.3,24194.0,24181.7,24194.0,27950.0,9194770.0,2026-08-27,2026-08-25,AUG 2026
2026-08-24 14:00:00+05:30,NIFTY26AUGFUT,NSE:NIFTY26AUGFUT,24194.0,24196.0,24189.0,24196.0,27625.0,9172930.0,2026-08-27,2026-08-25,AUG 2026
2026-08-24 14:05:00+05:30,NIFTY26AUGFUT,NSE:NIFTY26AUGFUT,24196.0,24196.0,24187.9,24195.0,31395.0,9171890.0,2026-08-27,2026-08-25,AUG 2026
2026-08-24 14:10:00+05:30,NIFTY26AUGFUT,NSE:NIFTY26AUGFUT,24195.0,24198.0,24180.0,24185.1,42250.0,9135945.0,2026-08-27,2026-08-25,AUG 2026
2026-08-24 14:15:00+05:30,NIFTY26AUGFUT,NSE:NIFTY26AUGFUT,24185.1,24199.0,24178.9,24197.0,122785.0,9090965.0,2026-08-27,2026-08-25,AUG 2026
2026-08-24 14:20:00+05:30,NIFTY26AUGFUT,NSE:NIFTY26AUGFUT,24197.0,24200.0,24185.0,24188.2,50375.0,9067240.0,2026-08-27,2026-08-25,AUG 2026
2026-08-24 14:25:00+05:30,NIFTY26AUGFUT,NSE:NIFTY26AUGFUT,24188.2,24207.0,24187.5,24206.1,46800.0,9046895.0,2026-08-27,2026-08-25,AUG 2026
2026-08-24 14:30:00+05:30,NIFTY26AUGFUT,NSE:NIFTY26AUGFUT,24206.1,24218.0,24199.2,24212.0,45175.0,9032205.0,2026-08-27,2026-08-25,AUG 2026
2026-08-24 14:35:00+05:30,NIFTY26AUGFUT,NSE:NIFTY26AUGFUT,24212.0,24219.0,24201.9,24212.9,38740.0,9018425.0,2026-08-27,2026-08-25,AUG 2026
2026-08-24 14:40:00+05:30,NIFTY26AUGFUT,NSE:NIFTY26AUGFUT,24212.9,24218.6,24203.1,24217.0,29510.0,9010755.0,2026-08-27,2026-08-25,AUG 2026
2026-08-24 14:45:00+05:30,NIFTY26AUGFUT,NSE:NIFTY26AUGFUT,24211.1,24217.0,24205.5,24210.0,29900.0,9007440.0,2026-08-27,2026-08-25,AUG 2026
2026-08-24 14:50:00+05:30,NIFTY26AUGFUT,NSE:NIFTY26AUGFUT,24210.0,24216.0,24203.5,24213.3,44590.0,9002500.0,2026-08-27,2026-08-25,AUG 2026
2026-08-24 14:55:00+05:30,NIFTY26AUGFUT,NSE:NIFTY26AUGFUT,24213.9,24216.0,24203.0,24215.0,46670.0,8993530.0,2026-08-27,2026-08-25,AUG 2026
2026-08-24 15:00:00+05:30,NIFTY26AUGFUT,NSE:NIFTY26AUGFUT,24212.2,24218.0,24203.6,24211.9,74815.0,8991905.0,2026-08-27,2026-08-25,AUG 2026
2026-08-24 15:05:00+05:30,NIFTY26AUGFUT,NSE:NIFTY26AUGFUT,24211.9,24211.9,24198.8,24201.1,89050.0,8988785.0,2026-08-27,2026-08-25,AUG 2026
2026-08-24 15:10:00+05:30,NIFTY26AUGFUT,NSE:NIFTY26AUGFUT,24201.3,24214.0,24201.3,24202.5,63050.0,8977410.0,2026-08-27,2026-08-25,AUG 2026
2026-08-24 15:15:00+05:30,NIFTY26AUGFUT,NSE:NIFTY26AUGFUT,24202.5,24209.0,24196.2,24205.0,51090.0,8970195.0,2026-08-27,2026-08-25,AUG 2026
2026-08-24 15:20:00+05:30,NIFTY26AUGFUT,NSE:NIFTY26AUGFUT,24205.0,24210.0,24202.1,24203.2,54145.0,8940100.0,2026-08-27,2026-08-25,AUG 2026
2026-08-24 15:25:00+05:30,NIFTY26AUGFUT,NSE:NIFTY26AUGFUT,24208.0,24214.8,24202.0,24214.0,56810.0,8905520.0,2026-08-27,2026-08-25,AUG 2026
2026-08-24 15:30:00+05:30,NIFTY26AUGFUT,NSE:NIFTY26AUGFUT,24214.9,24218.0,24205.7,24205.7,113165.0,8872500.0,2026-08-27,2026-08-25,AUG 2026
2026-08-24 15:35:00+05:30,NIFTY26AUGFUT,NSE:NIFTY26AUGFUT,24210.0,24210.8,24188.0,24188.1,26845.0,8861450.0,2026-08-27,2026-08-25,AUG 2026
2026-08-25 09:15:00+05:30,NIFTY26AUGFUT,NSE:NIFTY26AUGFUT,24176.0,24188.1,24139.4,24188.0,114530.0,6173700.0,2026-08-27,2026-08-25,AUG 2026
2026-08-25 09:20:00+05:30,NIFTY26AUGFUT,NSE:NIFTY26AUGFUT,24185.0,24216.5,24185.0,24196.1,95875.0,6136065.0,2026-08-27,2026-08-25,AUG 2026
2026-08-25 09:25:00+05:30,NIFTY26AUGFUT,NSE:NIFTY26AUGFUT,24196.1,24205.0,24190.0,24202.8,56420.0,6115785.0,2026-08-27,2026-08-25,AUG 2026
2026-08-25 09:30:00+05:30,NIFTY26AUGFUT,NSE:NIFTY26AUGFUT,24202.8,24218.0,24200.0,24215.0,50245.0,6089720.0,2026-08-27,2026-08-25,AUG 2026
2026-08-25 09:35:00+05:30,NIFTY26AUGFUT,NSE:NIFTY26AUGFUT,24216.0,24217.0,24193.0,24193.0,74425.0,6068725.0,2026-08-27,2026-08-25,AUG 2026
2026-08-25 09:40:00+05:30,NIFTY26AUGFUT,NSE:NIFTY26AUGFUT,24193.0,24199.9,24167.6,24171.0,70395.0,6057415.0,2026-08-27,2026-08-25,AUG 2026
2026-08-25 09:45:00+05:30,NIFTY26AUGFUT,NSE:NIFTY26AUGFUT,24170.6,24187.0,24165.8,24173.0,42705.0,6031415.0,2026-08-27,2026-08-25,AUG 2026
2026-08-25 09:50:00+05:30,NIFTY26AUGFUT,NSE:NIFTY26AUGFUT,24173.0,24182.0,24151.1,24157.0,58110.0,6013215.0,2026-08-27,2026-08-25,AUG 2026
2026-08-25 09:55:00+05:30,NIFTY26AUGFUT,NSE:NIFTY26AUGFUT,24157.0,24173.5,24155.0,24159.4,60775.0,6003790.0,2026-08-27,2026-08-25,AUG 2026
2026-08-25 10:00:00+05:30,NIFTY26AUGFUT,NSE:NIFTY26AUGFUT,24159.4,24165.0,24145.6,24158.8,54080.0,5997290.0,2026-08-27,2026-08-25,AUG 2026
2026-08-25 10:05:00+05:30,NIFTY26AUGFUT,NSE:NIFTY26AUGFUT,24159.9,24162.0,24150.3,24151.2,47125.0,5995210.0,2026-08-27,2026-08-25,AUG 2026
2026-08-25 10:10:00+05:30,NIFTY26AUGFUT,NSE:NIFTY26AUGFUT,24150.8,24159.9,24150.8,24154.5,39520.0,5992415.0,2026-08-27,2026-08-25,AUG 2026
2026-08-25 10:15:00+05:30,NIFTY26AUGFUT,NSE:NIFTY26AUGFUT,24157.0,24157.0,24147.5,24151.9,83785.0,6013345.0,2026-08-27,2026-08-25,AUG 2026
2026-08-25 10:20:00+05:30,NIFTY26AUGFUT,NSE:NIFTY26AUGFUT,24151.3,24152.0,24133.6,24139.9,95875.0,5996510.0,2026-08-27,2026-08-25,AUG 2026
2026-08-25 10:25:00+05:30,NIFTY26AUGFUT,NSE:NIFTY26AUGFUT,24139.9,24145.0,24132.9,24142.0,51870.0,5986890.0,2026-08-27,2026-08-25,AUG 2026
2026-08-25 10:30:00+05:30,NIFTY26AUGFUT,NSE:NIFTY26AUGFUT,24143.9,24150.0,24142.3,24145.2,37310.0,5967065.0,2026-08-27,2026-08-25,AUG 2026
2026-08-25 10:35:00+05:30,NIFTY26AUGFUT,NSE:NIFTY26AUGFUT,24149.8,24149.8,24140.1,24145.0,52455.0,5952375.0,2026-08-27,2026-08-25,AUG 2026
2026-08-25 10:40:00+05:30,NIFTY26AUGFUT,NSE:NIFTY26AUGFUT,24145.0,24153.8,24140.0,24149.1,80015.0,5962060.0,2026-08-27,2026-08-25,AUG 2026
2026-08-25 10:45:00+05:30,NIFTY26AUGFUT,NSE:NIFTY26AUGFUT,24148.8,24169.0,24148.6,24165.1,54860.0,5947110.0,2026-08-27,2026-08-25,AUG 2026
2026-08-25 10:50:00+05:30,NIFTY26AUGFUT,NSE:NIFTY26AUGFUT,24166.0,24176.8,24166.0,24168.0,30290.0,5933460.0,2026-08-27,2026-08-25,AUG 2026
2026-08-25 10:55:00+05:30,NIFTY26AUGFUT,NSE:NIFTY26AUGFUT,24168.0,24173.8,24153.0,24153.0,32305.0,5920720.0,2026-08-27,2026-08-25,AUG 2026
2026-08-25 11:00:00+05:30,NIFTY26AUGFUT,NSE:NIFTY26AUGFUT,24153.9,24159.4,24150.2,24153.8,68640.0,5914090.0,2026-08-27,2026-08-25,AUG 2026
2026-08-25 11:05:00+05:30,NIFTY26AUGFUT,NSE:NIFTY26AUGFUT,24153.8,24160.0,24151.6,24155.0,36790.0,5901935.0,2026-08-27,2026-08-25,AUG 2026
2026-08-25 11:10:00+05:30,NIFTY26AUGFUT,NSE:NIFTY26AUGFUT,24155.0,24162.0,24152.6,24162.0,39130.0,5884255.0,2026-08-27,2026-08-25,AUG 2026
2026-08-25 11:15:00+05:30,NIFTY26AUGFUT,NSE:NIFTY26AUGFUT,24164.0,24165.1,24156.5,24160.0,32500.0,5872295.0,2026-08-27,2026-08-25,AUG 2026
2026-08-25 11:20:00+05:30,NIFTY26AUGFUT,NSE:NIFTY26AUGFUT,24160.6,24173.0,24160.6,24166.3,21450.0,5859880.0,2026-08-27,2026-08-25,AUG 2026
2026-08-25 11:25:00+05:30,NIFTY26AUGFUT,NSE:NIFTY26AUGFUT,24163.6,24170.0,24160.0,24162.0,29835.0,5849935.0,2026-08-27,2026-08-25,AUG 2026
2026-08-25 11:30:00+05:30,NIFTY26AUGFUT,NSE:NIFTY26AUGFUT,24162.0,24169.0,24160.5,24168.0,47190.0,5849415.0,2026-08-27,2026-08-25,AUG 2026
2026-08-25 11:35:00+05:30,NIFTY26AUGFUT,NSE:NIFTY26AUGFUT,24168.0,24174.4,24160.5,24174.0,15275.0,5646290.0,2026-08-27,2026-08-25,AUG 2026
2026-08-25 11:40:00+05:30,NIFTY26AUGFUT,NSE:NIFTY26AUGFUT,24174.0,24175.0,24166.2,24166.2,33020.0,5579990.0,2026-08-27,2026-08-25,AUG 2026
2026-08-25 11:45:00+05:30,NIFTY26AUGFUT,NSE:NIFTY26AUGFUT,24168.0,24170.0,24157.7,24158.8,40950.0,5532345.0,2026-08-27,2026-08-25,AUG 2026
2026-08-25 11:50:00+05:30,NIFTY26AUGFUT,NSE:NIFTY26AUGFUT,24160.0,24175.0,24159.2,24175.0,55315.0,5514080.0,2026-08-27,2026-08-25,AUG 2026
2026-08-25 11:55:00+05:30,NIFTY26AUGFUT,NSE:NIFTY26AUGFUT,24176.9,24205.0,24175.8,24203.5,90220.0,5482750.0,2026-08-27,2026-08-25,AUG 2026
2026-08-25 12:00:00+05:30,NIFTY26AUGFUT,NSE:NIFTY26AUGFUT,24203.9,24204.0,24184.0,24194.6,23465.0,5459870.0,2026-08-27,2026-08-25,AUG 2026
2026-08-25 12:05:00+05:30,NIFTY26AUGFUT,NSE:NIFTY26AUGFUT,24195.0,24199.0,24187.4,24194.0,33085.0,5443945.0,2026-08-27,2026-08-25,AUG 2026
2026-08-25 12:10:00+05:30,NIFTY26AUGFUT,NSE:NIFTY26AUGFUT,24194.0,24195.9,24183.8,24187.7,27430.0,5273710.0,2026-08-27,2026-08-25,AUG 2026
2026-08-25 12:15:00+05:30,NIFTY26AUGFUT,NSE:NIFTY26AUGFUT,24187.7,24194.0,24183.8,24185.6,21580.0,5265650.0,2026-08-27,2026-08-25,AUG 2026
2026-08-25 12:20:00+05:30,NIFTY26AUGFUT,NSE:NIFTY26AUGFUT,24190.0,24192.0,24184.9,24187.9,16380.0,5230550.0,2026-08-27,2026-08-25,AUG 2026
2026-08-25 12:25:00+05:30,NIFTY26AUGFUT,NSE:NIFTY26AUGFUT,24187.9,24190.0,24181.0,24182.9,19435.0,5222100.0,2026-08-27,2026-08-25,AUG 2026
2026-08-25 12:30:00+05:30,NIFTY26AUGFUT,NSE:NIFTY26AUGFUT,24182.9,24190.0,24181.1,24185.0,33410.0,5212350.0,2026-08-27,2026-08-25,AUG 2026
2026-08-25 12:35:00+05:30,NIFTY26AUGFUT,NSE:NIFTY26AUGFUT,24185.0,24188.5,24176.5,24177.9,28730.0,5194085.0,2026-08-27,2026-08-25,AUG 2026
2026-08-25 12:40:00+05:30,NIFTY26AUGFUT,NSE:NIFTY26AUGFUT,24180.0,24180.7,24164.0,24169.1,28795.0,5187910.0,2026-08-27,2026-08-25,AUG 2026
2026-08-25 12:45:00+05:30,NIFTY26AUGFUT,NSE:NIFTY26AUGFUT,24169.6,24177.0,24168.5,24172.2,22555.0,5179070.0,2026-08-27,2026-08-25,AUG 2026
2026-08-25 12:50:00+05:30,NIFTY26AUGFUT,NSE:NIFTY26AUGFUT,24172.2,24174.3,24168.2,24168.3,31655.0,5173090.0,2026-08-27,2026-08-25,AUG 2026
2026-08-25 12:55:00+05:30,NIFTY26AUGFUT,NSE:NIFTY26AUGFUT,24168.3,24171.8,24164.1,24165.1,29445.0,5168605.0,2026-08-27,2026-08-25,AUG 2026
2026-08-25 13:00:00+05:30,NIFTY26AUGFUT,NSE:NIFTY26AUGFUT,24165.1,24168.0,24147.5,24156.0,30875.0,5158725.0,2026-08-27,2026-08-25,AUG 2026
2026-08-25 13:05:00+05:30,NIFTY26AUGFUT,NSE:NIFTY26AUGFUT,24153.1,24160.0,24146.0,24154.0,57785.0,5148650.0,2026-08-27,2026-08-25,AUG 2026
2026-08-25 13:10:00+05:30,NIFTY26AUGFUT,NSE:NIFTY26AUGFUT,24154.0,24157.0,24143.0,24143.0,27235.0,5144100.0,2026-08-27,2026-08-25,AUG 2026
2026-08-25 13:15:00+05:30,NIFTY26AUGFUT,NSE:NIFTY26AUGFUT,24143.1,24150.0,24137.0,24143.1,21710.0,5133895.0,2026-08-27,2026-08-25,AUG 2026
2026-08-25 13:20:00+05:30,NIFTY26AUGFUT,NSE:NIFTY26AUGFUT,24143.2,24145.0,24136.2,24140.8,22880.0,5129540.0,2026-08-27,2026-08-25,AUG 2026
2026-08-25 13:25:00+05:30,NIFTY26AUGFUT,NSE:NIFTY26AUGFUT,24140.8,24145.0,24136.2,24142.0,45110.0,5127395.0,2026-08-27,2026-08-25,AUG 2026
2026-08-25 13:30:00+05:30,NIFTY26AUGFUT,NSE:NIFTY26AUGFUT,24142.0,24145.0,24138.4,24142.7,33605.0,5122975.0,2026-08-27,2026-08-25,AUG 2026
2026-08-25 13:35:00+05:30,NIFTY26AUGFUT,NSE:NIFTY26AUGFUT,24142.5,24149.8,24142.0,24149.8,19565.0,5116475.0,2026-08-27,2026-08-25,AUG 2026
2026-08-25 13:40:00+05:30,NIFTY26AUGFUT,NSE:NIFTY26AUGFUT,24148.1,24153.5,24145.7,24146.1,22360.0,5111275.0,2026-08-27,2026-08-25,AUG 2026
2026-08-25 13:45:00+05:30,NIFTY26AUGFUT,NSE:NIFTY26AUGFUT,24146.5,24149.0,24143.0,24144.2,34125.0,5107895.0,2026-08-27,2026-08-25,AUG 2026
2026-08-25 13:50:00+05:30,NIFTY26AUGFUT,NSE:NIFTY26AUGFUT,24144.2,24194.0,24142.5,24192.5,60190.0,5100160.0,2026-08-27,2026-08-25,AUG 2026
2026-08-25 13:55:00+05:30,NIFTY26AUGFUT,NSE:NIFTY26AUGFUT,24192.5,24192.5,24164.0,24165.0,41535.0,5092490.0,2026-08-27,2026-08-25,AUG 2026
2026-08-25 14:00:00+05:30,NIFTY26AUGFUT,NSE:NIFTY26AUGFUT,24165.0,24175.0,24155.0,24166.2,31070.0,5077475.0,2026-08-27,2026-08-25,AUG 2026
2026-08-25 14:05:00+05:30,NIFTY26AUGFUT,NSE:NIFTY26AUGFUT,24168.0,24170.0,24163.0,24164.0,29965.0,5069220.0,2026-08-27,2026-08-25,AUG 2026
2026-08-25 14:10:00+05:30,NIFTY26AUGFUT,NSE:NIFTY26AUGFUT,24164.0,24171.4,24163.9,24167.6,42965.0,4995250.0,2026-08-27,2026-08-25,AUG 2026
2026-08-25 14:15:00+05:30,NIFTY26AUGFUT,NSE:NIFTY26AUGFUT,24168.1,24172.9,24165.5,24172.9,27820.0,4985825.0,2026-08-27,2026-08-25,AUG 2026
2026-08-25 14:20:00+05:30,NIFTY26AUGFUT,NSE:NIFTY26AUGFUT,24170.5,24184.0,24170.0,24173.0,48230.0,4972435.0,2026-08-27,2026-08-25,AUG 2026
2026-08-25 14:25:00+05:30,NIFTY26AUGFUT,NSE:NIFTY26AUGFUT,24173.0,24194.8,24170.5,24194.8,66690.0,4956250.0,2026-08-27,2026-08-25,AUG 2026
2026-08-25 14:30:00+05:30,NIFTY26AUGFUT,NSE:NIFTY26AUGFUT,24194.5,24235.9,24184.8,24216.2,209755.0,4939740.0,2026-08-27,2026-08-25,AUG 2026
2026-08-25 14:35:00+05:30,NIFTY26AUGFUT,NSE:NIFTY26AUGFUT,24216.3,24227.7,24206.8,24220.0,153335.0,4941170.0,2026-08-27,2026-08-25,AUG 2026
2026-08-25 14:40:00+05:30,NIFTY26AUGFUT,NSE:NIFTY26AUGFUT,24217.9,24233.7,24214.6,24225.9,107055.0,4912765.0,2026-08-27,2026-08-25,AUG 2026
2026-08-25 14:45:00+05:30,NIFTY26AUGFUT,NSE:NIFTY26AUGFUT,24226.1,24245.0,24223.6,24245.0,102050.0,4833790.0,2026-08-27,2026-08-25,AUG 2026
2026-08-25 14:50:00+05:30,NIFTY26AUGFUT,NSE:NIFTY26AUGFUT,24242.9,24270.0,24230.6,24257.2,187525.0,4820985.0,2026-08-27,2026-08-25,AUG 2026
2026-08-25 14:55:00+05:30,NIFTY26AUGFUT,NSE:NIFTY26AUGFUT,24257.6,24267.0,24255.2,24260.1,95940.0,4810585.0,2026-08-27,2026-08-25,AUG 2026
2026-08-25 15:00:00+05:30,NIFTY26AUGFUT,NSE:NIFTY26AUGFUT,24260.8,24275.0,24246.0,24262.5,199355.0,4803110.0,2026-08-27,2026-08-25,AUG 2026
2026-08-25 15:05:00+05:30,NIFTY26AUGFUT,NSE:NIFTY26AUGFUT,24262.0,24266.0,24252.4,24260.1,234910.0,4914000.0,2026-08-27,2026-08-25,AUG 2026
2026-08-25 15:10:00+05:30,NIFTY26AUGFUT,NSE:NIFTY26AUGFUT,24265.0,24273.0,24256.0,24256.6,261625.0,5016375.0,2026-08-27,2026-08-25,AUG 2026
2026-08-25 15:15:00+05:30,NIFTY26AUGFUT,NSE:NIFTY26AUGFUT,24260.0,24275.3,24249.2,24273.0,96850.0,4999150.0,2026-08-27,2026-08-25,AUG 2026
2026-08-25 15:20:00+05:30,NIFTY26AUGFUT,NSE:NIFTY26AUGFUT,24270.0,24332.0,24270.0,24321.1,136045.0,4961905.0,2026-08-27,2026-08-25,AUG 2026
2026-08-25 15:25:00+05:30,NIFTY26AUGFUT,NSE:NIFTY26AUGFUT,24318.1,24336.0,24307.0,24332.6,70785.0,4944745.0,2026-08-27,2026-08-25,AUG 2026
2026-08-25 15:30:00+05:30,NIFTY26AUGFUT,NSE:NIFTY26AUGFUT,24332.4,24347.0,24332.1,24333.3,49790.0,4873440.0,2026-08-27,2026-08-25,AUG 2026
2026-08-25 15:35:00+05:30,NIFTY26AUGFUT,NSE:NIFTY26AUGFUT,24333.4,24334.0,24332.5,24333.5,35230.0,4870450.0,2026-08-27,2026-08-25,AUG 2026
