datetime,tradingsymbol,instrument_identifier,open,high,low,close,volume,open_interest,expiry_date_source,verified_expiry_date,contract_month
2026-06-30 11:45:00+05:30,NIFTY26JULFUT,NSE:NIFTY26JULFUT,24021.3,24039.7,24020.0,24029.6,74295.0,15068300.0,2026-07-30,2026-07-28,JUL 2026
2026-06-30 11:50:00+05:30,NIFTY26JULFUT,NSE:NIFTY26JULFUT,24029.6,24046.4,24025.5,24045.8,84370.0,15143830.0,2026-07-30,2026-07-28,JUL 2026
2026-06-30 11:55:00+05:30,NIFTY26JULFUT,NSE:NIFTY26JULFUT,24038.9,24053.0,24035.9,24049.5,53560.0,15181725.0,2026-07-30,2026-07-28,JUL 2026
2026-06-30 12:00:00+05:30,NIFTY26JULFUT,NSE:NIFTY26JULFUT,24047.7,24051.0,24025.8,24034.0,45955.0,15216825.0,2026-07-30,2026-07-28,JUL 2026
2026-06-30 12:05:00+05:30,NIFTY26JULFUT,NSE:NIFTY26JULFUT,24031.0,24036.9,24020.0,24024.0,67015.0,15250365.0,2026-07-30,2026-07-28,JUL 2026
2026-06-30 12:10:00+05:30,NIFTY26JULFUT,NSE:NIFTY26JULFUT,24024.0,24030.0,24016.0,24019.3,88725.0,15311205.0,2026-07-30,2026-07-28,JUL 2026
2026-06-30 12:15:00+05:30,NIFTY26JULFUT,NSE:NIFTY26JULFUT,24023.4,24030.0,24011.1,24020.6,34450.0,15339675.0,2026-07-30,2026-07-28,JUL 2026
2026-06-30 12:20:00+05:30,NIFTY26JULFUT,NSE:NIFTY26JULFUT,24020.6,24029.9,24014.5,24029.4,42575.0,15372630.0,2026-07-30,2026-07-28,JUL 2026
2026-06-30 12:25:00+05:30,NIFTY26JULFUT,NSE:NIFTY26JULFUT,24029.4,24040.3,24018.9,24030.0,44265.0,15410915.0,2026-07-30,2026-07-28,JUL 2026
2026-06-30 12:30:00+05:30,NIFTY26JULFUT,NSE:NIFTY26JULFUT,24030.0,24032.7,24006.5,24015.2,45305.0,15448810.0,2026-07-30,2026-07-28,JUL 2026
2026-06-30 12:35:00+05:30,NIFTY26JULFUT,NSE:NIFTY26JULFUT,24016.0,24055.0,24015.0,24050.0,101595.0,15428010.0,2026-07-30,2026-07-28,JUL 2026
2026-06-30 12:40:00+05:30,NIFTY26JULFUT,NSE:NIFTY26JULFUT,24050.0,24055.0,24040.0,24048.5,75530.0,15489175.0,2026-07-30,2026-07-28,JUL 2026
2026-06-30 12:45:00+05:30,NIFTY26JULFUT,NSE:NIFTY26JULFUT,24048.5,24060.0,24045.0,24053.6,76440.0,15558790.0,2026-07-30,2026-07-28,JUL 2026
2026-06-30 12:50:00+05:30,NIFTY26JULFUT,NSE:NIFTY26JULFUT,24053.6,24055.0,24032.5,24048.0,36530.0,15582385.0,2026-07-30,2026-07-28,JUL 2026
2026-06-30 12:55:00+05:30,NIFTY26JULFUT,NSE:NIFTY26JULFUT,24048.0,24059.9,24038.7,24044.9,56225.0,15623530.0,2026-07-30,2026-07-28,JUL 2026
2026-06-30 13:00:00+05:30,NIFTY26JULFUT,NSE:NIFTY26JULFUT,24044.9,24059.0,24032.3,24043.7,24570.0,15642575.0,2026-07-30,2026-07-28,JUL 2026
2026-06-30 13:05:00+05:30,NIFTY26JULFUT,NSE:NIFTY26JULFUT,24043.7,24045.0,24025.1,24029.6,53755.0,15672215.0,2026-07-30,2026-07-28,JUL 2026
2026-06-30 13:10:00+05:30,NIFTY26JULFUT,NSE:NIFTY26JULFUT,24029.6,24040.8,24025.0,24030.4,50765.0,15702895.0,2026-07-30,2026-07-28,JUL 2026
2026-06-30 13:15:00+05:30,NIFTY26JULFUT,NSE:NIFTY26JULFUT,24030.4,24042.8,24022.2,24027.0,34190.0,15727725.0,2026-07-30,2026-07-28,JUL 2026
2026-06-30 13:20:00+05:30,NIFTY26JULFUT,NSE:NIFTY26JULFUT,24027.5,24030.0,24005.0,24015.6,82550.0,15771795.0,2026-07-30,2026-07-28,JUL 2026
2026-06-30 13:25:00+05:30,NIFTY26JULFUT,NSE:NIFTY26JULFUT,24010.0,24044.0,24008.7,24034.0,75270.0,15823535.0,2026-07-30,2026-07-28,JUL 2026
2026-06-30 13:30:00+05:30,NIFTY26JULFUT,NSE:NIFTY26JULFUT,24034.0,24045.0,24027.0,24036.5,36075.0,15849860.0,2026-07-30,2026-07-28,JUL 2026
2026-06-30 13:35:00+05:30,NIFTY26JULFUT,NSE:NIFTY26JULFUT,24035.0,24040.0,24025.6,24033.1,71045.0,15899455.0,2026-07-30,2026-07-28,JUL 2026
2026-06-30 13:40:00+05:30,NIFTY26JULFUT,NSE:NIFTY26JULFUT,24033.9,24056.3,24025.4,24048.0,81640.0,15968160.0,2026-07-30,2026-07-28,JUL 2026
2026-06-30 13:45:00+05:30,NIFTY26JULFUT,NSE:NIFTY26JULFUT,24048.0,24048.0,24031.1,24033.0,78780.0,16035305.0,2026-07-30,2026-07-28,JUL 2026
2026-06-30 13:50:00+05:30,NIFTY26JULFUT,NSE:NIFTY26JULFUT,24033.0,24045.8,24029.0,24033.6,67600.0,16098550.0,2026-07-30,2026-07-28,JUL 2026
2026-06-30 13:55:00+05:30,NIFTY26JULFUT,NSE:NIFTY26JULFUT,24031.0,24031.0,24009.2,24017.5,93990.0,16151200.0,2026-07-30,2026-07-28,JUL 2026
2026-06-30 14:00:00+05:30,NIFTY26JULFUT,NSE:NIFTY26JULFUT,24017.5,24020.7,23973.0,23976.8,105365.0,16233555.0,2026-07-30,2026-07-28,JUL 2026
2026-06-30 14:05:00+05:30,NIFTY26JULFUT,NSE:NIFTY26JULFUT,23979.9,23995.3,23976.0,23986.2,207155.0,16412565.0,2026-07-30,2026-07-28,JUL 2026
2026-06-30 14:10:00+05:30,NIFTY26JULFUT,NSE:NIFTY26JULFUT,23990.0,23992.2,23976.4,23976.8,72865.0,16472820.0,2026-07-30,2026-07-28,JUL 2026
2026-06-30 14:15:00+05:30,NIFTY26JULFUT,NSE:NIFTY26JULFUT,23976.8,23997.7,23957.9,23969.0,140140.0,16576560.0,2026-07-30,2026-07-28,JUL 2026
2026-06-30 14:20:00+05:30,NIFTY26JULFUT,NSE:NIFTY26JULFUT,23970.0,24048.0,23962.1,24048.0,128895.0,16658590.0,2026-07-30,2026-07-28,JUL 2026
2026-06-30 14:25:00+05:30,NIFTY26JULFUT,NSE:NIFTY26JULFUT,24048.9,24078.0,24038.0,24057.2,246220.0,16713840.0,2026-07-30,2026-07-28,JUL 2026
2026-06-30 14:30:00+05:30,NIFTY26JULFUT,NSE:NIFTY26JULFUT,24045.0,24062.6,24025.0,24050.0,218855.0,16854825.0,2026-07-30,2026-07-28,JUL 2026
2026-06-30 14:35:00+05:30,NIFTY26JULFUT,NSE:NIFTY26JULFUT,24052.0,24056.2,24037.9,24043.1,57915.0,16898050.0,2026-07-30,2026-07-28,JUL 2026
2026-06-30 14:40:00+05:30,NIFTY26JULFUT,NSE:NIFTY26JULFUT,24043.1,24059.0,24040.0,24050.0,129155.0,17005755.0,2026-07-30,2026-07-28,JUL 2026
2026-06-30 14:45:00+05:30,NIFTY26JULFUT,NSE:NIFTY26JULFUT,24050.0,24054.0,24032.0,24037.4,79495.0,17079725.0,2026-07-30,2026-07-28,JUL 2026
2026-06-30 14:50:00+05:30,NIFTY26JULFUT,NSE:NIFTY26JULFUT,24043.0,24052.0,24025.0,24045.5,84110.0,17144465.0,2026-07-30,2026-07-28,JUL 2026
2026-06-30 14:55:00+05:30,NIFTY26JULFUT,NSE:NIFTY26JULFUT,24045.5,24048.1,24010.0,24021.5,175175.0,17292990.0,2026-07-30,2026-07-28,JUL 2026
2026-06-30 15:00:00+05:30,NIFTY26JULFUT,NSE:NIFTY26JULFUT,24014.9,24020.5,23952.0,23982.0,369265.0,17331795.0,2026-07-30,2026-07-28,JUL 2026
2026-06-30 15:05:00+05:30,NIFTY26JULFUT,NSE:NIFTY26JULFUT,23982.3,24000.0,23975.0,23997.1,228995.0,17463030.0,2026-07-30,2026-07-28,JUL 2026
2026-06-30 15:10:00+05:30,NIFTY26JULFUT,NSE:NIFTY26JULFUT,23997.0,24018.1,23992.2,24012.0,239850.0,17603690.0,2026-07-30,2026-07-28,JUL 2026
2026-06-30 15:15:00+05:30,NIFTY26JULFUT,NSE:NIFTY26JULFUT,24012.0,24035.7,24011.1,24035.0,202345.0,17709120.0,2026-07-30,2026-07-28,JUL 2026
2026-06-30 15:20:00+05:30,NIFTY26JULFUT,NSE:NIFTY26JULFUT,24035.9,24038.4,24028.0,24028.0,310765.0,17860440.0,2026-07-30,2026-07-28,JUL 2026
2026-06-30 15:25:00+05:30,NIFTY26JULFUT,NSE:NIFTY26JULFUT,24029.0,24047.1,24027.0,24040.7,224575.0,17935060.0,2026-07-30,2026-07-28,JUL 2026
2026-07-01 09:15:00+05:30,NIFTY26JULFUT,NSE:NIFTY26JULFUT,23994.5,24026.7,23983.3,24022.5,126685.0,17983940.0,2026-07-30,2026-07-28,JUL 2026
2026-07-01 09:20:00+05:30,NIFTY26JULFUT,NSE:NIFTY26JULFUT,24022.5,24022.8,24008.0,24010.9,54210.0,17998240.0,2026-07-30,2026-07-28,JUL 2026
2026-07-01 09:25:00+05:30,NIFTY26JULFUT,NSE:NIFTY26JULFUT,24010.0,24022.5,24002.0,24022.5,37310.0,18003180.0,2026-07-30,2026-07-28,JUL 2026
2026-07-01 09:30:00+05:30,NIFTY26JULFUT,NSE:NIFTY26JULFUT,24021.3,24035.0,24006.0,24012.0,51610.0,17996355.0,2026-07-30,2026-07-28,JUL 2026
2026-07-01 09:35:00+05:30,NIFTY26JULFUT,NSE:NIFTY26JULFUT,24012.0,24040.0,24012.0,24032.1,27560.0,17996940.0,2026-07-30,2026-07-28,JUL 2026
2026-07-01 09:40:00+05:30,NIFTY26JULFUT,NSE:NIFTY26JULFUT,24032.3,24049.9,24021.0,24040.0,39520.0,17991025.0,2026-07-30,2026-07-28,JUL 2026
2026-07-01 09:45:00+05:30,NIFTY26JULFUT,NSE:NIFTY26JULFUT,24040.7,24055.0,24035.0,24040.0,38220.0,17995380.0,2026-07-30,2026-07-28,JUL 2026
2026-07-01 09:50:00+05:30,NIFTY26JULFUT,NSE:NIFTY26JULFUT,24040.0,24055.0,24035.0,24050.0,27365.0,17995185.0,2026-07-30,2026-07-28,JUL 2026
2026-07-01 09:55:00+05:30,NIFTY26JULFUT,NSE:NIFTY26JULFUT,24053.0,24080.0,24051.0,24074.5,69680.0,17989465.0,2026-07-30,2026-07-28,JUL 2026
2026-07-01 10:00:00+05:30,NIFTY26JULFUT,NSE:NIFTY26JULFUT,24079.0,24093.0,24063.0,24075.0,97435.0,17989335.0,2026-07-30,2026-07-28,JUL 2026
2026-07-01 10:05:00+05:30,NIFTY26JULFUT,NSE:NIFTY26JULFUT,24075.0,24082.0,24062.4,24082.0,28795.0,17976660.0,2026-07-30,2026-07-28,JUL 2026
2026-07-01 10:10:00+05:30,NIFTY26JULFUT,NSE:NIFTY26JULFUT,24083.0,24090.0,24075.0,24085.0,30290.0,17971525.0,2026-07-30,2026-07-28,JUL 2026
2026-07-01 10:15:00+05:30,NIFTY26JULFUT,NSE:NIFTY26JULFUT,24085.1,24117.7,24083.0,24116.4,90415.0,17947995.0,2026-07-30,2026-07-28,JUL 2026
2026-07-01 10:20:00+05:30,NIFTY26JULFUT,NSE:NIFTY26JULFUT,24117.7,24133.0,24107.6,24129.2,97630.0,17910750.0,2026-07-30,2026-07-28,JUL 2026
2026-07-01 10:25:00+05:30,NIFTY26JULFUT,NSE:NIFTY26JULFUT,24129.0,24130.0,24105.0,24113.0,39130.0,17887870.0,2026-07-30,2026-07-28,JUL 2026
2026-07-01 10:30:00+05:30,NIFTY26JULFUT,NSE:NIFTY26JULFUT,24114.9,24118.0,24090.2,24103.0,28925.0,17882670.0,2026-07-30,2026-07-28,JUL 2026
2026-07-01 10:35:00+05:30,NIFTY26JULFUT,NSE:NIFTY26JULFUT,24103.0,24110.0,24077.0,24091.1,19630.0,17877925.0,2026-07-30,2026-07-28,JUL 2026
2026-07-01 10:40:00+05:30,NIFTY26JULFUT,NSE:NIFTY26JULFUT,24081.1,24089.6,24040.0,24045.0,61100.0,17895865.0,2026-07-30,2026-07-28,JUL 2026
2026-07-01 10:45:00+05:30,NIFTY26JULFUT,NSE:NIFTY26JULFUT,24046.6,24074.6,24040.0,24064.0,41600.0,17910230.0,2026-07-30,2026-07-28,JUL 2026
2026-07-01 10:50:00+05:30,NIFTY26JULFUT,NSE:NIFTY26JULFUT,24062.0,24076.0,24055.0,24068.0,16705.0,17912830.0,2026-07-30,2026-07-28,JUL 2026
2026-07-01 10:55:00+05:30,NIFTY26JULFUT,NSE:NIFTY26JULFUT,24068.0,24076.6,24057.0,24064.1,12610.0,17918875.0,2026-07-30,2026-07-28,JUL 2026
2026-07-01 11:00:00+05:30,NIFTY26JULFUT,NSE:NIFTY26JULFUT,24070.0,24077.5,24065.2,24071.5,9750.0,17922970.0,2026-07-30,2026-07-28,JUL 2026
2026-07-01 11:05:00+05:30,NIFTY26JULFUT,NSE:NIFTY26JULFUT,24071.5,24085.0,24070.1,24082.0,8190.0,17925245.0,2026-07-30,2026-07-28,JUL 2026
2026-07-01 11:10:00+05:30,NIFTY26JULFUT,NSE:NIFTY26JULFUT,24085.0,24118.0,24083.0,24118.0,28990.0,17925700.0,2026-07-30,2026-07-28,JUL 2026
2026-07-01 11:15:00+05:30,NIFTY26JULFUT,NSE:NIFTY26JULFUT,24110.1,24124.0,24103.7,24113.0,50115.0,17938700.0,2026-07-30,2026-07-28,JUL 2026
2026-07-01 11:20:00+05:30,NIFTY26JULFUT,NSE:NIFTY26JULFUT,24113.0,24115.0,24095.3,24105.0,22815.0,17940780.0,2026-07-30,2026-07-28,JUL 2026
2026-07-01 11:25:00+05:30,NIFTY26JULFUT,NSE:NIFTY26JULFUT,24105.4,24109.5,24090.0,24104.0,10985.0,17941885.0,2026-07-30,2026-07-28,JUL 2026
2026-07-01 11:30:00+05:30,NIFTY26JULFUT,NSE:NIFTY26JULFUT,24106.6,24108.4,24082.0,24082.0,23660.0,17948320.0,2026-07-30,2026-07-28,JUL 2026
2026-07-01 11:35:00+05:30,NIFTY26JULFUT,NSE:NIFTY26JULFUT,24080.1,24089.3,24072.4,24082.0,19500.0,17949945.0,2026-07-30,2026-07-28,JUL 2026
2026-07-01 11:40:00+05:30,NIFTY26JULFUT,NSE:NIFTY26JULFUT,24082.2,24110.0,24082.2,24100.0,20605.0,17951700.0,2026-07-30,2026-07-28,JUL 2026
2026-07-01 11:45:00+05:30,NIFTY26JULFUT,NSE:NIFTY26JULFUT,24109.5,24114.5,24100.2,24106.1,17615.0,17957810.0,2026-07-30,2026-07-28,JUL 2026
2026-07-01 11:50:00+05:30,NIFTY26JULFUT,NSE:NIFTY26JULFUT,24110.0,24110.0,24090.0,24090.0,8450.0,17958850.0,2026-07-30,2026-07-28,JUL 2026
2026-07-01 11:55:00+05:30,NIFTY26JULFUT,NSE:NIFTY26JULFUT,24090.0,24115.0,24085.5,24115.0,32500.0,17963660.0,2026-07-30,2026-07-28,JUL 2026
2026-07-01 12:00:00+05:30,NIFTY26JULFUT,NSE:NIFTY26JULFUT,24112.4,24120.0,24105.9,24108.0,18330.0,17960475.0,2026-07-30,2026-07-28,JUL 2026
2026-07-01 12:05:00+05:30,NIFTY26JULFUT,NSE:NIFTY26JULFUT,24108.0,24142.6,24108.0,24140.8,61230.0,17943055.0,2026-07-30,2026-07-28,JUL 2026
2026-07-01 12:10:00+05:30,NIFTY26JULFUT,NSE:NIFTY26JULFUT,24140.8,24140.8,24116.0,24122.0,62270.0,17955210.0,2026-07-30,2026-07-28,JUL 2026
2026-07-01 12:15:00+05:30,NIFTY26JULFUT,NSE:NIFTY26JULFUT,24122.2,24132.2,24112.2,24115.5,30615.0,17957615.0,2026-07-30,2026-07-28,JUL 2026
2026-07-01 12:20:00+05:30,NIFTY26JULFUT,NSE:NIFTY26JULFUT,24121.0,24133.5,24109.0,24133.5,17030.0,17949360.0,2026-07-30,2026-07-28,JUL 2026
2026-07-01 12:25:00+05:30,NIFTY26JULFUT,NSE:NIFTY26JULFUT,24123.1,24133.5,24100.0,24105.0,33800.0,17963270.0,2026-07-30,2026-07-28,JUL 2026
2026-07-01 12:30:00+05:30,NIFTY26JULFUT,NSE:NIFTY26JULFUT,24100.8,24129.8,24100.0,24119.7,20670.0,17956900.0,2026-07-30,2026-07-28,JUL 2026
2026-07-01 12:35:00+05:30,NIFTY26JULFUT,NSE:NIFTY26JULFUT,24123.9,24142.0,24119.7,24130.0,28860.0,17950725.0,2026-07-30,2026-07-28,JUL 2026
2026-07-01 12:40:00+05:30,NIFTY26JULFUT,NSE:NIFTY26JULFUT,24130.0,24131.0,24110.0,24111.0,11570.0,17949035.0,2026-07-30,2026-07-28,JUL 2026
2026-07-01 12:45:00+05:30,NIFTY26JULFUT,NSE:NIFTY26JULFUT,24111.0,24119.9,24107.4,24119.8,7475.0,17950985.0,2026-07-30,2026-07-28,JUL 2026
2026-07-01 12:50:00+05:30,NIFTY26JULFUT,NSE:NIFTY26JULFUT,24113.0,24120.0,24110.0,24114.1,8060.0,17952935.0,2026-07-30,2026-07-28,JUL 2026
2026-07-01 12:55:00+05:30,NIFTY26JULFUT,NSE:NIFTY26JULFUT,24110.1,24115.0,24101.2,24107.0,7345.0,17955730.0,2026-07-30,2026-07-28,JUL 2026
2026-07-01 13:00:00+05:30,NIFTY26JULFUT,NSE:NIFTY26JULFUT,24105.0,24110.0,24088.0,24090.0,22620.0,17959370.0,2026-07-30,2026-07-28,JUL 2026
2026-07-01 13:05:00+05:30,NIFTY26JULFUT,NSE:NIFTY26JULFUT,24090.0,24100.0,24090.0,24100.0,7475.0,17961905.0,2026-07-30,2026-07-28,JUL 2026
2026-07-01 13:10:00+05:30,NIFTY26JULFUT,NSE:NIFTY26JULFUT,24097.2,24114.0,24093.0,24105.0,11180.0,17963660.0,2026-07-30,2026-07-28,JUL 2026
2026-07-01 13:15:00+05:30,NIFTY26JULFUT,NSE:NIFTY26JULFUT,24115.2,24119.0,24105.0,24118.0,11050.0,17964050.0,2026-07-30,2026-07-28,JUL 2026
2026-07-01 13:20:00+05:30,NIFTY26JULFUT,NSE:NIFTY26JULFUT,24118.0,24118.0,24093.0,24093.0,9165.0,17967560.0,2026-07-30,2026-07-28,JUL 2026
2026-07-01 13:25:00+05:30,NIFTY26JULFUT,NSE:NIFTY26JULFUT,24093.0,24109.0,24093.0,24102.1,8450.0,17966975.0,2026-07-30,2026-07-28,JUL 2026
2026-07-01 13:30:00+05:30,NIFTY26JULFUT,NSE:NIFTY26JULFUT,24100.0,24104.3,24083.3,24095.0,16380.0,17968405.0,2026-07-30,2026-07-28,JUL 2026
2026-07-01 13:35:00+05:30,NIFTY26JULFUT,NSE:NIFTY26JULFUT,24096.5,24130.0,24096.5,24122.0,24830.0,17969705.0,2026-07-30,2026-07-28,JUL 2026
2026-07-01 13:40:00+05:30,NIFTY26JULFUT,NSE:NIFTY26JULFUT,24129.0,24129.1,24110.1,24117.1,31785.0,17982120.0,2026-07-30,2026-07-28,JUL 2026
2026-07-01 13:45:00+05:30,NIFTY26JULFUT,NSE:NIFTY26JULFUT,24122.0,24122.0,24102.0,24116.0,8775.0,17979000.0,2026-07-30,2026-07-28,JUL 2026
2026-07-01 13:50:00+05:30,NIFTY26JULFUT,NSE:NIFTY26JULFUT,24116.0,24116.0,24103.7,24105.0,6110.0,17977440.0,2026-07-30,2026-07-28,JUL 2026
2026-07-01 13:55:00+05:30,NIFTY26JULFUT,NSE:NIFTY26JULFUT,24105.0,24114.0,24100.0,24110.0,16510.0,17978610.0,2026-07-30,2026-07-28,JUL 2026
2026-07-01 14:00:00+05:30,NIFTY26JULFUT,NSE:NIFTY26JULFUT,24102.7,24119.0,24095.8,24112.0,28665.0,17972045.0,2026-07-30,2026-07-28,JUL 2026
2026-07-01 14:05:00+05:30,NIFTY26JULFUT,NSE:NIFTY26JULFUT,24112.0,24121.0,24110.0,24120.5,9230.0,17972760.0,2026-07-30,2026-07-28,JUL 2026
2026-07-01 14:10:00+05:30,NIFTY26JULFUT,NSE:NIFTY26JULFUT,24121.0,24134.8,24116.7,24132.0,23335.0,17969575.0,2026-07-30,2026-07-28,JUL 2026
2026-07-01 14:15:00+05:30,NIFTY26JULFUT,NSE:NIFTY26JULFUT,24134.0,24140.6,24120.0,24122.0,39780.0,17982900.0,2026-07-30,2026-07-28,JUL 2026
2026-07-01 14:20:00+05:30,NIFTY26JULFUT,NSE:NIFTY26JULFUT,24124.0,24132.0,24115.0,24121.1,13910.0,17981665.0,2026-07-30,2026-07-28,JUL 2026
2026-07-01 14:25:00+05:30,NIFTY26JULFUT,NSE:NIFTY26JULFUT,24121.1,24134.8,24110.0,24111.0,11635.0,17980300.0,2026-07-30,2026-07-28,JUL 2026
2026-07-01 14:30:00+05:30,NIFTY26JULFUT,NSE:NIFTY26JULFUT,24110.0,24125.0,24101.0,24101.0,16965.0,17980235.0,2026-07-30,2026-07-28,JUL 2026
2026-07-01 14:35:00+05:30,NIFTY26JULFUT,NSE:NIFTY26JULFUT,24107.2,24111.0,24081.0,24084.9,29965.0,17978480.0,2026-07-30,2026-07-28,JUL 2026
2026-07-01 14:40:00+05:30,NIFTY26JULFUT,NSE:NIFTY26JULFUT,24082.0,24105.8,24070.0,24105.0,55120.0,17975100.0,2026-07-30,2026-07-28,JUL 2026
2026-07-01 14:45:00+05:30,NIFTY26JULFUT,NSE:NIFTY26JULFUT,24102.0,24108.0,24090.0,24099.5,10920.0,17975620.0,2026-07-30,2026-07-28,JUL 2026
2026-07-01 14:50:00+05:30,NIFTY26JULFUT,NSE:NIFTY26JULFUT,24090.0,24111.9,24090.0,24111.0,15925.0,17978350.0,2026-07-30,2026-07-28,JUL 2026
2026-07-01 14:55:00+05:30,NIFTY26JULFUT,NSE:NIFTY26JULFUT,24105.0,24119.0,24100.2,24119.0,26390.0,17986735.0,2026-07-30,2026-07-28,JUL 2026
2026-07-01 15:00:00+05:30,NIFTY26JULFUT,NSE:NIFTY26JULFUT,24122.1,24129.6,24094.0,24101.0,46735.0,17993300.0,2026-07-30,2026-07-28,JUL 2026
2026-07-01 15:05:00+05:30,NIFTY26JULFUT,NSE:NIFTY26JULFUT,24101.0,24106.4,24086.0,24088.0,32435.0,18000710.0,2026-07-30,2026-07-28,JUL 2026
2026-07-01 15:10:00+05:30,NIFTY26JULFUT,NSE:NIFTY26JULFUT,24085.0,24100.0,24085.0,24092.0,34775.0,17963205.0,2026-07-30,2026-07-28,JUL 2026
2026-07-01 15:15:00+05:30,NIFTY26JULFUT,NSE:NIFTY26JULFUT,24091.0,24102.1,24087.0,24090.0,54730.0,17953845.0,2026-07-30,2026-07-28,JUL 2026
2026-07-01 15:20:00+05:30,NIFTY26JULFUT,NSE:NIFTY26JULFUT,24092.3,24095.0,24081.0,24091.7,70785.0,17947800.0,2026-07-30,2026-07-28,JUL 2026
2026-07-01 15:25:00+05:30,NIFTY26JULFUT,NSE:NIFTY26JULFUT,24094.0,24094.8,24081.0,24085.0,110955.0,17997915.0,2026-07-30,2026-07-28,JUL 2026
2026-07-02 09:15:00+05:30,NIFTY26JULFUT,NSE:NIFTY26JULFUT,24161.0,24187.0,24160.0,24184.0,168090.0,17884165.0,2026-07-30,2026-07-28,JUL 2026
2026-07-02 09:20:00+05:30,NIFTY26JULFUT,NSE:NIFTY26JULFUT,24184.0,24219.0,24184.0,24215.1,140530.0,17851535.0,2026-07-30,2026-07-28,JUL 2026
2026-07-02 09:25:00+05:30,NIFTY26JULFUT,NSE:NIFTY26JULFUT,24215.0,24218.0,24201.1,24201.8,66755.0,17838795.0,2026-07-30,2026-07-28,JUL 2026
2026-07-02 09:30:00+05:30,NIFTY26JULFUT,NSE:NIFTY26JULFUT,24201.8,24225.0,24201.8,24215.0,68770.0,17815720.0,2026-07-30,2026-07-28,JUL 2026
2026-07-02 09:35:00+05:30,NIFTY26JULFUT,NSE:NIFTY26JULFUT,24217.0,24240.0,24212.4,24240.0,72345.0,17800900.0,2026-07-30,2026-07-28,JUL 2026
2026-07-02 09:40:00+05:30,NIFTY26JULFUT,NSE:NIFTY26JULFUT,24240.0,24247.0,24229.0,24235.6,75140.0,17777435.0,2026-07-30,2026-07-28,JUL 2026
2026-07-02 09:45:00+05:30,NIFTY26JULFUT,NSE:NIFTY26JULFUT,24235.5,24240.0,24225.0,24225.0,68055.0,17743570.0,2026-07-30,2026-07-28,JUL 2026
2026-07-02 09:50:00+05:30,NIFTY26JULFUT,NSE:NIFTY26JULFUT,24230.0,24233.9,24216.0,24220.0,30225.0,17740255.0,2026-07-30,2026-07-28,JUL 2026
2026-07-02 09:55:00+05:30,NIFTY26JULFUT,NSE:NIFTY26JULFUT,24220.0,24224.0,24214.0,24218.0,23010.0,17740905.0,2026-07-30,2026-07-28,JUL 2026
2026-07-02 10:00:00+05:30,NIFTY26JULFUT,NSE:NIFTY26JULFUT,24218.0,24218.0,24195.0,24200.0,45890.0,17734210.0,2026-07-30,2026-07-28,JUL 2026
2026-07-02 10:05:00+05:30,NIFTY26JULFUT,NSE:NIFTY26JULFUT,24200.1,24209.0,24163.0,24185.9,78390.0,17735055.0,2026-07-30,2026-07-28,JUL 2026
2026-07-02 10:10:00+05:30,NIFTY26JULFUT,NSE:NIFTY26JULFUT,24185.9,24197.7,24155.6,24156.0,59800.0,17752930.0,2026-07-30,2026-07-28,JUL 2026
2026-07-02 10:15:00+05:30,NIFTY26JULFUT,NSE:NIFTY26JULFUT,24154.0,24174.4,24150.0,24169.9,53105.0,17771585.0,2026-07-30,2026-07-28,JUL 2026
2026-07-02 10:20:00+05:30,NIFTY26JULFUT,NSE:NIFTY26JULFUT,24169.9,24181.3,24166.0,24178.8,20605.0,17777630.0,2026-07-30,2026-07-28,JUL 2026
2026-07-02 10:25:00+05:30,NIFTY26JULFUT,NSE:NIFTY26JULFUT,24178.8,24196.0,24175.0,24190.0,16640.0,17776655.0,2026-07-30,2026-07-28,JUL 2026
2026-07-02 10:30:00+05:30,NIFTY26JULFUT,NSE:NIFTY26JULFUT,24190.0,24195.0,24165.1,24166.1,41730.0,17784195.0,2026-07-30,2026-07-28,JUL 2026
2026-07-02 10:35:00+05:30,NIFTY26JULFUT,NSE:NIFTY26JULFUT,24166.0,24195.0,24166.0,24194.0,22035.0,17789005.0,2026-07-30,2026-07-28,JUL 2026
2026-07-02 10:40:00+05:30,NIFTY26JULFUT,NSE:NIFTY26JULFUT,24195.0,24197.0,24180.0,24197.0,121875.0,17773080.0,2026-07-30,2026-07-28,JUL 2026
2026-07-02 10:45:00+05:30,NIFTY26JULFUT,NSE:NIFTY26JULFUT,24197.0,24198.0,24180.0,24182.3,16315.0,17879875.0,2026-07-30,2026-07-28,JUL 2026
2026-07-02 10:50:00+05:30,NIFTY26JULFUT,NSE:NIFTY26JULFUT,24190.0,24195.6,24182.0,24182.6,12870.0,17780100.0,2026-07-30,2026-07-28,JUL 2026
2026-07-02 10:55:00+05:30,NIFTY26JULFUT,NSE:NIFTY26JULFUT,24182.6,24194.0,24180.0,24190.0,9945.0,17779385.0,2026-07-30,2026-07-28,JUL 2026
2026-07-02 11:00:00+05:30,NIFTY26JULFUT,NSE:NIFTY26JULFUT,24190.0,24192.0,24175.0,24190.0,12025.0,17779840.0,2026-07-30,2026-07-28,JUL 2026
2026-07-02 11:05:00+05:30,NIFTY26JULFUT,NSE:NIFTY26JULFUT,24180.3,24190.0,24174.7,24185.0,9360.0,17781660.0,2026-07-30,2026-07-28,JUL 2026
2026-07-02 11:10:00+05:30,NIFTY26JULFUT,NSE:NIFTY26JULFUT,24185.0,24185.0,24169.0,24175.0,16640.0,17787315.0,2026-07-30,2026-07-28,JUL 2026
2026-07-02 11:15:00+05:30,NIFTY26JULFUT,NSE:NIFTY26JULFUT,24175.0,24185.0,24172.0,24182.0,7085.0,17789850.0,2026-07-30,2026-07-28,JUL 2026
2026-07-02 11:20:00+05:30,NIFTY26JULFUT,NSE:NIFTY26JULFUT,24182.0,24182.3,24166.0,24176.7,14170.0,17784780.0,2026-07-30,2026-07-28,JUL 2026
2026-07-02 11:25:00+05:30,NIFTY26JULFUT,NSE:NIFTY26JULFUT,24176.7,24179.9,24164.0,24165.0,18655.0,17787315.0,2026-07-30,2026-07-28,JUL 2026
2026-07-02 11:30:00+05:30,NIFTY26JULFUT,NSE:NIFTY26JULFUT,24165.0,24171.9,24155.0,24161.1,12740.0,17789980.0,2026-07-30,2026-07-28,JUL 2026
2026-07-02 11:35:00+05:30,NIFTY26JULFUT,NSE:NIFTY26JULFUT,24170.0,24170.0,24150.0,24150.0,28275.0,17778020.0,2026-07-30,2026-07-28,JUL 2026
2026-07-02 11:40:00+05:30,NIFTY26JULFUT,NSE:NIFTY26JULFUT,24151.0,24164.4,24142.0,24161.4,30355.0,17784325.0,2026-07-30,2026-07-28,JUL 2026
2026-07-02 11:45:00+05:30,NIFTY26JULFUT,NSE:NIFTY26JULFUT,24155.1,24171.3,24153.4,24160.0,12545.0,17768400.0,2026-07-30,2026-07-28,JUL 2026
2026-07-02 11:50:00+05:30,NIFTY26JULFUT,NSE:NIFTY26JULFUT,24160.0,24182.0,24160.0,24171.3,17615.0,17763525.0,2026-07-30,2026-07-28,JUL 2026
2026-07-02 11:55:00+05:30,NIFTY26JULFUT,NSE:NIFTY26JULFUT,24171.3,24185.0,24171.3,24177.5,9685.0,17765020.0,2026-07-30,2026-07-28,JUL 2026
2026-07-02 12:00:00+05:30,NIFTY26JULFUT,NSE:NIFTY26JULFUT,24183.0,24197.0,24171.4,24191.0,19565.0,17761315.0,2026-07-30,2026-07-28,JUL 2026
2026-07-02 12:05:00+05:30,NIFTY26JULFUT,NSE:NIFTY26JULFUT,24191.0,24196.5,24185.0,24195.0,8970.0,17761770.0,2026-07-30,2026-07-28,JUL 2026
2026-07-02 12:10:00+05:30,NIFTY26JULFUT,NSE:NIFTY26JULFUT,24192.6,24198.0,24180.7,24198.0,12935.0,17765670.0,2026-07-30,2026-07-28,JUL 2026
2026-07-02 12:15:00+05:30,NIFTY26JULFUT,NSE:NIFTY26JULFUT,24198.9,24217.7,24183.0,24215.5,46865.0,17766255.0,2026-07-30,2026-07-28,JUL 2026
2026-07-02 12:20:00+05:30,NIFTY26JULFUT,NSE:NIFTY26JULFUT,24214.9,24218.2,24201.0,24210.2,15470.0,17766710.0,2026-07-30,2026-07-28,JUL 2026
2026-07-02 12:25:00+05:30,NIFTY26JULFUT,NSE:NIFTY26JULFUT,24210.0,24224.3,24206.0,24223.0,32175.0,17756245.0,2026-07-30,2026-07-28,JUL 2026
2026-07-02 12:30:00+05:30,NIFTY26JULFUT,NSE:NIFTY26JULFUT,24223.9,24223.9,24204.9,24214.0,16380.0,17758715.0,2026-07-30,2026-07-28,JUL 2026
2026-07-02 12:35:00+05:30,NIFTY26JULFUT,NSE:NIFTY26JULFUT,24213.5,24230.0,24207.8,24219.1,37960.0,17714385.0,2026-07-30,2026-07-28,JUL 2026
2026-07-02 12:40:00+05:30,NIFTY26JULFUT,NSE:NIFTY26JULFUT,24223.0,24228.0,24206.0,24208.0,14950.0,17716725.0,2026-07-30,2026-07-28,JUL 2026
2026-07-02 12:45:00+05:30,NIFTY26JULFUT,NSE:NIFTY26JULFUT,24206.3,24220.0,24201.0,24220.0,10205.0,17717960.0,2026-07-30,2026-07-28,JUL 2026
2026-07-02 12:50:00+05:30,NIFTY26JULFUT,NSE:NIFTY26JULFUT,24218.0,24218.0,24201.0,24201.9,8190.0,17719585.0,2026-07-30,2026-07-28,JUL 2026
2026-07-02 12:55:00+05:30,NIFTY26JULFUT,NSE:NIFTY26JULFUT,24204.3,24213.0,24191.9,24191.9,7215.0,17721145.0,2026-07-30,2026-07-28,JUL 2026
2026-07-02 13:00:00+05:30,NIFTY26JULFUT,NSE:NIFTY26JULFUT,24192.0,24217.1,24192.0,24210.5,7605.0,17721080.0,2026-07-30,2026-07-28,JUL 2026
2026-07-02 13:05:00+05:30,NIFTY26JULFUT,NSE:NIFTY26JULFUT,24210.5,24219.0,24204.5,24219.0,12935.0,17721275.0,2026-07-30,2026-07-28,JUL 2026
2026-07-02 13:10:00+05:30,NIFTY26JULFUT,NSE:NIFTY26JULFUT,24216.2,24225.0,24211.6,24222.5,11050.0,17721470.0,2026-07-30,2026-07-28,JUL 2026
2026-07-02 13:15:00+05:30,NIFTY26JULFUT,NSE:NIFTY26JULFUT,24221.5,24228.0,24219.6,24227.0,21255.0,17718675.0,2026-07-30,2026-07-28,JUL 2026
2026-07-02 13:20:00+05:30,NIFTY26JULFUT,NSE:NIFTY26JULFUT,24226.1,24228.0,24218.0,24222.2,14495.0,17716205.0,2026-07-30,2026-07-28,JUL 2026
2026-07-02 13:25:00+05:30,NIFTY26JULFUT,NSE:NIFTY26JULFUT,24222.2,24229.9,24215.0,24215.0,12675.0,17711850.0,2026-07-30,2026-07-28,JUL 2026
2026-07-02 13:30:00+05:30,NIFTY26JULFUT,NSE:NIFTY26JULFUT,24215.0,24227.7,24211.6,24227.7,17940.0,17713410.0,2026-07-30,2026-07-28,JUL 2026
2026-07-02 13:35:00+05:30,NIFTY26JULFUT,NSE:NIFTY26JULFUT,24220.1,24229.0,24210.0,24225.0,19630.0,17715815.0,2026-07-30,2026-07-28,JUL 2026
2026-07-02 13:40:00+05:30,NIFTY26JULFUT,NSE:NIFTY26JULFUT,24225.0,24227.5,24213.4,24219.0,24180.0,17709510.0,2026-07-30,2026-07-28,JUL 2026
2026-07-02 13:45:00+05:30,NIFTY26JULFUT,NSE:NIFTY26JULFUT,24219.0,24219.0,24208.0,24208.0,11765.0,17706650.0,2026-07-30,2026-07-28,JUL 2026
2026-07-02 13:50:00+05:30,NIFTY26JULFUT,NSE:NIFTY26JULFUT,24208.4,24222.0,24208.0,24216.0,13585.0,17705870.0,2026-07-30,2026-07-28,JUL 2026
2026-07-02 13:55:00+05:30,NIFTY26JULFUT,NSE:NIFTY26JULFUT,24216.0,24222.0,24211.0,24215.0,11180.0,17707040.0,2026-07-30,2026-07-28,JUL 2026
2026-07-02 14:00:00+05:30,NIFTY26JULFUT,NSE:NIFTY26JULFUT,24215.6,24229.3,24215.0,24228.0,14885.0,17704505.0,2026-07-30,2026-07-28,JUL 2026
2026-07-02 14:05:00+05:30,NIFTY26JULFUT,NSE:NIFTY26JULFUT,24228.0,24230.0,24220.0,24227.8,13390.0,17703205.0,2026-07-30,2026-07-28,JUL 2026
2026-07-02 14:10:00+05:30,NIFTY26JULFUT,NSE:NIFTY26JULFUT,24227.8,24227.8,24216.5,24216.7,13260.0,17704830.0,2026-07-30,2026-07-28,JUL 2026
2026-07-02 14:15:00+05:30,NIFTY26JULFUT,NSE:NIFTY26JULFUT,24216.7,24227.0,24212.5,24222.8,23595.0,17700345.0,2026-07-30,2026-07-28,JUL 2026
2026-07-02 14:20:00+05:30,NIFTY26JULFUT,NSE:NIFTY26JULFUT,24224.0,24246.0,24222.2,24235.0,77675.0,17681430.0,2026-07-30,2026-07-28,JUL 2026
2026-07-02 14:25:00+05:30,NIFTY26JULFUT,NSE:NIFTY26JULFUT,24243.6,24244.0,24225.0,24233.9,16900.0,17688645.0,2026-07-30,2026-07-28,JUL 2026
2026-07-02 14:30:00+05:30,NIFTY26JULFUT,NSE:NIFTY26JULFUT,24227.0,24244.0,24227.0,24242.0,22035.0,17694885.0,2026-07-30,2026-07-28,JUL 2026
2026-07-02 14:35:00+05:30,NIFTY26JULFUT,NSE:NIFTY26JULFUT,24240.0,24265.0,24226.2,24265.0,115700.0,17693715.0,2026-07-30,2026-07-28,JUL 2026
2026-07-02 14:40:00+05:30,NIFTY26JULFUT,NSE:NIFTY26JULFUT,24265.0,24270.2,24257.5,24270.0,59540.0,17704050.0,2026-07-30,2026-07-28,JUL 2026
2026-07-02 14:45:00+05:30,NIFTY26JULFUT,NSE:NIFTY26JULFUT,24268.7,24280.0,24261.0,24275.0,85995.0,17676685.0,2026-07-30,2026-07-28,JUL 2026
2026-07-02 14:50:00+05:30,NIFTY26JULFUT,NSE:NIFTY26JULFUT,24275.0,24278.5,24262.0,24278.5,43485.0,17633070.0,2026-07-30,2026-07-28,JUL 2026
2026-07-02 14:55:00+05:30,NIFTY26JULFUT,NSE:NIFTY26JULFUT,24278.0,24282.0,24260.0,24276.0,46865.0,17645095.0,2026-07-30,2026-07-28,JUL 2026
2026-07-02 15:00:00+05:30,NIFTY26JULFUT,NSE:NIFTY26JULFUT,24279.0,24281.6,24255.7,24270.5,50635.0,17588805.0,2026-07-30,2026-07-28,JUL 2026
2026-07-02 15:05:00+05:30,NIFTY26JULFUT,NSE:NIFTY26JULFUT,24270.2,24275.0,24260.6,24271.1,80990.0,17595175.0,2026-07-30,2026-07-28,JUL 2026
2026-07-02 15:10:00+05:30,NIFTY26JULFUT,NSE:NIFTY26JULFUT,24265.0,24276.9,24257.9,24271.9,50895.0,17602455.0,2026-07-30,2026-07-28,JUL 2026
2026-07-02 15:15:00+05:30,NIFTY26JULFUT,NSE:NIFTY26JULFUT,24272.0,24272.0,24253.0,24259.0,76375.0,17608695.0,2026-07-30,2026-07-28,JUL 2026
2026-07-02 15:20:00+05:30,NIFTY26JULFUT,NSE:NIFTY26JULFUT,24259.2,24264.4,24253.0,24260.0,84240.0,17620330.0,2026-07-30,2026-07-28,JUL 2026
2026-07-02 15:25:00+05:30,NIFTY26JULFUT,NSE:NIFTY26JULFUT,24260.0,24273.0,24258.0,24272.0,144365.0,17566055.0,2026-07-30,2026-07-28,JUL 2026
2026-07-03 09:15:00+05:30,NIFTY26JULFUT,NSE:NIFTY26JULFUT,24385.0,24405.1,24366.1,24372.3,276705.0,17203355.0,2026-07-30,2026-07-28,JUL 2026
2026-07-03 09:20:00+05:30,NIFTY26JULFUT,NSE:NIFTY26JULFUT,24375.0,24405.0,24370.0,24400.6,185965.0,17188730.0,2026-07-30,2026-07-28,JUL 2026
2026-07-03 09:25:00+05:30,NIFTY26JULFUT,NSE:NIFTY26JULFUT,24400.4,24420.0,24400.3,24417.0,130520.0,17170140.0,2026-07-30,2026-07-28,JUL 2026
2026-07-03 09:30:00+05:30,NIFTY26JULFUT,NSE:NIFTY26JULFUT,24412.7,24436.0,24412.7,24432.3,95355.0,17154085.0,2026-07-30,2026-07-28,JUL 2026
2026-07-03 09:35:00+05:30,NIFTY26JULFUT,NSE:NIFTY26JULFUT,24429.0,24435.0,24419.0,24432.0,72800.0,17130295.0,2026-07-30,2026-07-28,JUL 2026
2026-07-03 09:40:00+05:30,NIFTY26JULFUT,NSE:NIFTY26JULFUT,24432.0,24433.0,24411.0,24414.1,74100.0,17126200.0,2026-07-30,2026-07-28,JUL 2026
2026-07-03 09:45:00+05:30,NIFTY26JULFUT,NSE:NIFTY26JULFUT,24414.5,24425.0,24402.7,24410.0,63440.0,17111120.0,2026-07-30,2026-07-28,JUL 2026
2026-07-03 09:50:00+05:30,NIFTY26JULFUT,NSE:NIFTY26JULFUT,24409.0,24423.0,24405.6,24407.1,31525.0,17099160.0,2026-07-30,2026-07-28,JUL 2026
2026-07-03 09:55:00+05:30,NIFTY26JULFUT,NSE:NIFTY26JULFUT,24408.0,24423.0,24400.0,24406.5,34840.0,17099225.0,2026-07-30,2026-07-28,JUL 2026
2026-07-03 10:00:00+05:30,NIFTY26JULFUT,NSE:NIFTY26JULFUT,24410.0,24419.0,24400.0,24400.0,42770.0,17081870.0,2026-07-30,2026-07-28,JUL 2026
2026-07-03 10:05:00+05:30,NIFTY26JULFUT,NSE:NIFTY26JULFUT,24400.0,24418.0,24400.0,24415.0,41405.0,17069845.0,2026-07-30,2026-07-28,JUL 2026
2026-07-03 10:10:00+05:30,NIFTY26JULFUT,NSE:NIFTY26JULFUT,24413.0,24415.0,24408.1,24413.0,14430.0,17066595.0,2026-07-30,2026-07-28,JUL 2026
2026-07-03 10:15:00+05:30,NIFTY26JULFUT,NSE:NIFTY26JULFUT,24413.9,24413.9,24400.0,24408.5,34320.0,17053465.0,2026-07-30,2026-07-28,JUL 2026
2026-07-03 10:20:00+05:30,NIFTY26JULFUT,NSE:NIFTY26JULFUT,24401.4,24418.0,24400.0,24411.2,30615.0,17040595.0,2026-07-30,2026-07-28,JUL 2026
2026-07-03 10:25:00+05:30,NIFTY26JULFUT,NSE:NIFTY26JULFUT,24410.0,24420.0,24410.0,24418.0,49725.0,17023370.0,2026-07-30,2026-07-28,JUL 2026
2026-07-03 10:30:00+05:30,NIFTY26JULFUT,NSE:NIFTY26JULFUT,24418.0,24424.2,24416.0,24419.0,17615.0,17021225.0,2026-07-30,2026-07-28,JUL 2026
2026-07-03 10:35:00+05:30,NIFTY26JULFUT,NSE:NIFTY26JULFUT,24419.0,24424.0,24416.0,24416.0,9555.0,17018950.0,2026-07-30,2026-07-28,JUL 2026
2026-07-03 10:40:00+05:30,NIFTY26JULFUT,NSE:NIFTY26JULFUT,24416.0,24419.0,24410.0,24411.2,12220.0,17021225.0,2026-07-30,2026-07-28,JUL 2026
2026-07-03 10:45:00+05:30,NIFTY26JULFUT,NSE:NIFTY26JULFUT,24413.0,24424.0,24410.0,24424.0,11700.0,17021160.0,2026-07-30,2026-07-28,JUL 2026
2026-07-03 10:50:00+05:30,NIFTY26JULFUT,NSE:NIFTY26JULFUT,24424.0,24424.0,24414.1,24422.0,10205.0,17018105.0,2026-07-30,2026-07-28,JUL 2026
2026-07-03 10:55:00+05:30,NIFTY26JULFUT,NSE:NIFTY26JULFUT,24422.0,24424.0,24415.0,24421.0,11505.0,17015505.0,2026-07-30,2026-07-28,JUL 2026
2026-07-03 11:00:00+05:30,NIFTY26JULFUT,NSE:NIFTY26JULFUT,24420.0,24434.0,24417.0,24430.1,34450.0,16998670.0,2026-07-30,2026-07-28,JUL 2026
2026-07-03 11:05:00+05:30,NIFTY26JULFUT,NSE:NIFTY26JULFUT,24430.1,24430.9,24411.0,24412.0,11310.0,16996005.0,2026-07-30,2026-07-28,JUL 2026
2026-07-03 11:10:00+05:30,NIFTY26JULFUT,NSE:NIFTY26JULFUT,24411.0,24415.0,24395.3,24398.0,18070.0,16991975.0,2026-07-30,2026-07-28,JUL 2026
2026-07-03 11:15:00+05:30,NIFTY26JULFUT,NSE:NIFTY26JULFUT,24399.0,24410.0,24396.5,24403.5,18070.0,16983265.0,2026-07-30,2026-07-28,JUL 2026
2026-07-03 11:20:00+05:30,NIFTY26JULFUT,NSE:NIFTY26JULFUT,24411.0,24412.5,24398.0,24402.5,11440.0,16980470.0,2026-07-30,2026-07-28,JUL 2026
2026-07-03 11:25:00+05:30,NIFTY26JULFUT,NSE:NIFTY26JULFUT,24403.0,24409.0,24399.0,24407.0,11245.0,16977675.0,2026-07-30,2026-07-28,JUL 2026
2026-07-03 11:30:00+05:30,NIFTY26JULFUT,NSE:NIFTY26JULFUT,24409.0,24415.9,24401.5,24409.3,25935.0,16976050.0,2026-07-30,2026-07-28,JUL 2026
2026-07-03 11:35:00+05:30,NIFTY26JULFUT,NSE:NIFTY26JULFUT,24409.3,24420.0,24404.4,24417.0,8515.0,16962075.0,2026-07-30,2026-07-28,JUL 2026
2026-07-03 11:40:00+05:30,NIFTY26JULFUT,NSE:NIFTY26JULFUT,24417.0,24429.9,24417.0,24424.0,17225.0,16961295.0,2026-07-30,2026-07-28,JUL 2026
2026-07-03 11:45:00+05:30,NIFTY26JULFUT,NSE:NIFTY26JULFUT,24418.0,24423.6,24416.0,24422.4,8255.0,16956160.0,2026-07-30,2026-07-28,JUL 2026
2026-07-03 11:50:00+05:30,NIFTY26JULFUT,NSE:NIFTY26JULFUT,24422.4,24432.0,24419.0,24431.1,13195.0,16957915.0,2026-07-30,2026-07-28,JUL 2026
2026-07-03 11:55:00+05:30,NIFTY26JULFUT,NSE:NIFTY26JULFUT,24431.1,24439.7,24429.0,24435.8,64415.0,16949140.0,2026-07-30,2026-07-28,JUL 2026
2026-07-03 12:00:00+05:30,NIFTY26JULFUT,NSE:NIFTY26JULFUT,24435.7,24442.7,24430.6,24439.1,42705.0,16958825.0,2026-07-30,2026-07-28,JUL 2026
2026-07-03 12:05:00+05:30,NIFTY26JULFUT,NSE:NIFTY26JULFUT,24439.1,24448.7,24437.6,24444.0,31135.0,16941600.0,2026-07-30,2026-07-28,JUL 2026
2026-07-03 12:10:00+05:30,NIFTY26JULFUT,NSE:NIFTY26JULFUT,24444.1,24448.9,24440.1,24446.6,37440.0,16941730.0,2026-07-30,2026-07-28,JUL 2026
2026-07-03 12:15:00+05:30,NIFTY26JULFUT,NSE:NIFTY26JULFUT,24447.3,24448.0,24437.4,24442.5,18720.0,16935295.0,2026-07-30,2026-07-28,JUL 2026
2026-07-03 12:20:00+05:30,NIFTY26JULFUT,NSE:NIFTY26JULFUT,24443.0,24444.0,24433.1,24437.5,18005.0,16930290.0,2026-07-30,2026-07-28,JUL 2026
2026-07-03 12:25:00+05:30,NIFTY26JULFUT,NSE:NIFTY26JULFUT,24437.5,24442.0,24434.1,24440.0,17160.0,16923400.0,2026-07-30,2026-07-28,JUL 2026
2026-07-03 12:30:00+05:30,NIFTY26JULFUT,NSE:NIFTY26JULFUT,24439.0,24442.0,24430.0,24431.5,14105.0,16911895.0,2026-07-30,2026-07-28,JUL 2026
2026-07-03 12:35:00+05:30,NIFTY26JULFUT,NSE:NIFTY26JULFUT,24431.5,24435.9,24428.0,24429.5,28600.0,16909165.0,2026-07-30,2026-07-28,JUL 2026
2026-07-03 12:40:00+05:30,NIFTY26JULFUT,NSE:NIFTY26JULFUT,24429.5,24430.5,24417.6,24422.0,16380.0,16910270.0,2026-07-30,2026-07-28,JUL 2026
2026-07-03 12:45:00+05:30,NIFTY26JULFUT,NSE:NIFTY26JULFUT,24426.0,24429.6,24421.0,24425.5,10400.0,16909230.0,2026-07-30,2026-07-28,JUL 2026
2026-07-03 12:50:00+05:30,NIFTY26JULFUT,NSE:NIFTY26JULFUT,24428.0,24435.0,24421.1,24425.0,10400.0,16904940.0,2026-07-30,2026-07-28,JUL 2026
2026-07-03 12:55:00+05:30,NIFTY26JULFUT,NSE:NIFTY26JULFUT,24425.0,24429.0,24421.0,24426.0,26325.0,16920475.0,2026-07-30,2026-07-28,JUL 2026
2026-07-03 13:00:00+05:30,NIFTY26JULFUT,NSE:NIFTY26JULFUT,24424.1,24428.0,24410.1,24410.1,12025.0,16921125.0,2026-07-30,2026-07-28,JUL 2026
2026-07-03 13:05:00+05:30,NIFTY26JULFUT,NSE:NIFTY26JULFUT,24410.0,24410.0,24386.1,24389.6,51155.0,16905135.0,2026-07-30,2026-07-28,JUL 2026
2026-07-03 13:10:00+05:30,NIFTY26JULFUT,NSE:NIFTY26JULFUT,24392.0,24400.0,24386.1,24399.5,29250.0,16884530.0,2026-07-30,2026-07-28,JUL 2026
2026-07-03 13:15:00+05:30,NIFTY26JULFUT,NSE:NIFTY26JULFUT,24399.5,24399.5,24385.2,24393.0,21840.0,16879265.0,2026-07-30,2026-07-28,JUL 2026
2026-07-03 13:20:00+05:30,NIFTY26JULFUT,NSE:NIFTY26JULFUT,24393.0,24400.0,24386.0,24386.0,19240.0,16881345.0,2026-07-30,2026-07-28,JUL 2026
2026-07-03 13:25:00+05:30,NIFTY26JULFUT,NSE:NIFTY26JULFUT,24386.0,24393.2,24380.0,24385.0,33735.0,16864900.0,2026-07-30,2026-07-28,JUL 2026
2026-07-03 13:30:00+05:30,NIFTY26JULFUT,NSE:NIFTY26JULFUT,24385.0,24392.0,24367.0,24370.0,49075.0,16858075.0,2026-07-30,2026-07-28,JUL 2026
2026-07-03 13:35:00+05:30,NIFTY26JULFUT,NSE:NIFTY26JULFUT,24369.5,24372.2,24351.0,24361.0,79040.0,16835390.0,2026-07-30,2026-07-28,JUL 2026
2026-07-03 13:40:00+05:30,NIFTY26JULFUT,NSE:NIFTY26JULFUT,24361.0,24376.2,24351.5,24367.0,74880.0,16853525.0,2026-07-30,2026-07-28,JUL 2026
2026-07-03 13:45:00+05:30,NIFTY26JULFUT,NSE:NIFTY26JULFUT,24367.0,24367.0,24350.0,24364.8,161590.0,16954600.0,2026-07-30,2026-07-28,JUL 2026
2026-07-03 13:50:00+05:30,NIFTY26JULFUT,NSE:NIFTY26JULFUT,24360.1,24369.0,24357.0,24367.4,45955.0,16976180.0,2026-07-30,2026-07-28,JUL 2026
2026-07-03 13:55:00+05:30,NIFTY26JULFUT,NSE:NIFTY26JULFUT,24369.0,24371.5,24355.0,24360.0,27235.0,16939975.0,2026-07-30,2026-07-28,JUL 2026
2026-07-03 14:00:00+05:30,NIFTY26JULFUT,NSE:NIFTY26JULFUT,24361.0,24368.0,24345.0,24347.9,45045.0,16952065.0,2026-07-30,2026-07-28,JUL 2026
2026-07-03 14:05:00+05:30,NIFTY26JULFUT,NSE:NIFTY26JULFUT,24348.3,24369.0,24348.3,24363.0,23140.0,16977480.0,2026-07-30,2026-07-28,JUL 2026
2026-07-03 14:10:00+05:30,NIFTY26JULFUT,NSE:NIFTY26JULFUT,24365.0,24370.0,24353.7,24367.5,18265.0,16984695.0,2026-07-30,2026-07-28,JUL 2026
2026-07-03 14:15:00+05:30,NIFTY26JULFUT,NSE:NIFTY26JULFUT,24365.6,24365.6,24350.0,24350.0,18915.0,16989050.0,2026-07-30,2026-07-28,JUL 2026
2026-07-03 14:20:00+05:30,NIFTY26JULFUT,NSE:NIFTY26JULFUT,24350.0,24354.7,24334.1,24352.7,63700.0,17007120.0,2026-07-30,2026-07-28,JUL 2026
2026-07-03 14:25:00+05:30,NIFTY26JULFUT,NSE:NIFTY26JULFUT,24352.3,24353.0,24340.1,24342.0,18980.0,17004130.0,2026-07-30,2026-07-28,JUL 2026
2026-07-03 14:30:00+05:30,NIFTY26JULFUT,NSE:NIFTY26JULFUT,24342.0,24366.4,24338.1,24357.0,49920.0,17022720.0,2026-07-30,2026-07-28,JUL 2026
2026-07-03 14:35:00+05:30,NIFTY26JULFUT,NSE:NIFTY26JULFUT,24352.5,24366.0,24341.1,24354.0,98085.0,17090840.0,2026-07-30,2026-07-28,JUL 2026
2026-07-03 14:40:00+05:30,NIFTY26JULFUT,NSE:NIFTY26JULFUT,24354.0,24357.9,24335.9,24348.0,65975.0,17126070.0,2026-07-30,2026-07-28,JUL 2026
2026-07-03 14:45:00+05:30,NIFTY26JULFUT,NSE:NIFTY26JULFUT,24341.0,24356.4,24325.1,24350.0,57980.0,17124445.0,2026-07-30,2026-07-28,JUL 2026
2026-07-03 14:50:00+05:30,NIFTY26JULFUT,NSE:NIFTY26JULFUT,24356.0,24359.0,24327.0,24333.3,28730.0,17124120.0,2026-07-30,2026-07-28,JUL 2026
2026-07-03 14:55:00+05:30,NIFTY26JULFUT,NSE:NIFTY26JULFUT,24345.0,24346.1,24325.0,24327.9,25025.0,17123925.0,2026-07-30,2026-07-28,JUL 2026
2026-07-03 15:00:00+05:30,NIFTY26JULFUT,NSE:NIFTY26JULFUT,24327.7,24367.5,24327.7,24355.0,39065.0,17122365.0,2026-07-30,2026-07-28,JUL 2026
2026-07-03 15:05:00+05:30,NIFTY26JULFUT,NSE:NIFTY26JULFUT,24355.1,24366.9,24340.1,24351.0,39520.0,17121195.0,2026-07-30,2026-07-28,JUL 2026
2026-07-03 15:10:00+05:30,NIFTY26JULFUT,NSE:NIFTY26JULFUT,24350.0,24360.0,24346.0,24353.0,30290.0,17117945.0,2026-07-30,2026-07-28,JUL 2026
2026-07-03 15:15:00+05:30,NIFTY26JULFUT,NSE:NIFTY26JULFUT,24353.0,24355.0,24340.0,24354.5,33475.0,17117490.0,2026-07-30,2026-07-28,JUL 2026
2026-07-03 15:20:00+05:30,NIFTY26JULFUT,NSE:NIFTY26JULFUT,24354.5,24364.5,24345.0,24350.0,58955.0,17116515.0,2026-07-30,2026-07-28,JUL 2026
2026-07-03 15:25:00+05:30,NIFTY26JULFUT,NSE:NIFTY26JULFUT,24347.0,24363.0,24344.0,24355.4,96135.0,17110405.0,2026-07-30,2026-07-28,JUL 2026
2026-07-06 09:15:00+05:30,NIFTY26JULFUT,NSE:NIFTY26JULFUT,24345.0,24413.0,24330.0,24404.8,149630.0,17032080.0,2026-07-30,2026-07-28,JUL 2026
2026-07-06 09:20:00+05:30,NIFTY26JULFUT,NSE:NIFTY26JULFUT,24403.6,24410.0,24390.0,24404.1,67665.0,17015635.0,2026-07-30,2026-07-28,JUL 2026
2026-07-06 09:25:00+05:30,NIFTY26JULFUT,NSE:NIFTY26JULFUT,24404.1,24410.0,24392.0,24408.4,39585.0,17023630.0,2026-07-30,2026-07-28,JUL 2026
2026-07-06 09:30:00+05:30,NIFTY26JULFUT,NSE:NIFTY26JULFUT,24410.0,24429.0,24408.5,24428.0,48555.0,17023370.0,2026-07-30,2026-07-28,JUL 2026
2026-07-06 09:35:00+05:30,NIFTY26JULFUT,NSE:NIFTY26JULFUT,24426.5,24444.0,24423.0,24430.0,53495.0,17021940.0,2026-07-30,2026-07-28,JUL 2026
2026-07-06 09:40:00+05:30,NIFTY26JULFUT,NSE:NIFTY26JULFUT,24428.4,24434.0,24424.4,24428.0,37440.0,17016090.0,2026-07-30,2026-07-28,JUL 2026
2026-07-06 09:45:00+05:30,NIFTY26JULFUT,NSE:NIFTY26JULFUT,24424.5,24450.0,24424.5,24444.0,78455.0,17006860.0,2026-07-30,2026-07-28,JUL 2026
2026-07-06 09:50:00+05:30,NIFTY26JULFUT,NSE:NIFTY26JULFUT,24444.0,24452.0,24438.0,24439.0,79105.0,16977350.0,2026-07-30,2026-07-28,JUL 2026
2026-07-06 09:55:00+05:30,NIFTY26JULFUT,NSE:NIFTY26JULFUT,24439.5,24449.8,24433.2,24449.7,48880.0,16961945.0,2026-07-30,2026-07-28,JUL 2026
2026-07-06 10:00:00+05:30,NIFTY26JULFUT,NSE:NIFTY26JULFUT,24443.9,24452.9,24440.0,24441.5,34320.0,16958370.0,2026-07-30,2026-07-28,JUL 2026
2026-07-06 10:05:00+05:30,NIFTY26JULFUT,NSE:NIFTY26JULFUT,24444.0,24445.1,24433.4,24440.0,25350.0,16954990.0,2026-07-30,2026-07-28,JUL 2026
2026-07-06 10:10:00+05:30,NIFTY26JULFUT,NSE:NIFTY26JULFUT,24441.0,24441.8,24427.3,24430.6,25545.0,16949855.0,2026-07-30,2026-07-28,JUL 2026
2026-07-06 10:15:00+05:30,NIFTY26JULFUT,NSE:NIFTY26JULFUT,24432.0,24448.0,24430.6,24447.0,18785.0,16952195.0,2026-07-30,2026-07-28,JUL 2026
2026-07-06 10:20:00+05:30,NIFTY26JULFUT,NSE:NIFTY26JULFUT,24447.0,24470.0,24447.0,24460.0,80795.0,16959995.0,2026-07-30,2026-07-28,JUL 2026
2026-07-06 10:25:00+05:30,NIFTY26JULFUT,NSE:NIFTY26JULFUT,24460.0,24475.0,24460.0,24472.0,102245.0,16977545.0,2026-07-30,2026-07-28,JUL 2026
2026-07-06 10:30:00+05:30,NIFTY26JULFUT,NSE:NIFTY26JULFUT,24472.1,24473.7,24463.0,24469.0,28275.0,16978910.0,2026-07-30,2026-07-28,JUL 2026
2026-07-06 10:35:00+05:30,NIFTY26JULFUT,NSE:NIFTY26JULFUT,24469.0,24469.0,24451.0,24454.3,30940.0,16965520.0,2026-07-30,2026-07-28,JUL 2026
2026-07-06 10:40:00+05:30,NIFTY26JULFUT,NSE:NIFTY26JULFUT,24456.8,24467.0,24451.0,24464.0,14495.0,16964480.0,2026-07-30,2026-07-28,JUL 2026
2026-07-06 10:45:00+05:30,NIFTY26JULFUT,NSE:NIFTY26JULFUT,24464.0,24475.0,24459.5,24474.9,23400.0,16965065.0,2026-07-30,2026-07-28,JUL 2026
2026-07-06 10:50:00+05:30,NIFTY26JULFUT,NSE:NIFTY26JULFUT,24472.1,24479.0,24463.2,24465.2,28080.0,16973190.0,2026-07-30,2026-07-28,JUL 2026
2026-07-06 10:55:00+05:30,NIFTY26JULFUT,NSE:NIFTY26JULFUT,24466.2,24478.8,24461.6,24478.8,22815.0,16983265.0,2026-07-30,2026-07-28,JUL 2026
2026-07-06 11:00:00+05:30,NIFTY26JULFUT,NSE:NIFTY26JULFUT,24478.8,24480.5,24466.1,24470.9,31850.0,16986710.0,2026-07-30,2026-07-28,JUL 2026
2026-07-06 11:05:00+05:30,NIFTY26JULFUT,NSE:NIFTY26JULFUT,24470.0,24476.0,24469.4,24472.0,10075.0,16985865.0,2026-07-30,2026-07-28,JUL 2026
2026-07-06 11:10:00+05:30,NIFTY26JULFUT,NSE:NIFTY26JULFUT,24472.0,24475.0,24466.6,24471.6,12415.0,16986970.0,2026-07-30,2026-07-28,JUL 2026
2026-07-06 11:15:00+05:30,NIFTY26JULFUT,NSE:NIFTY26JULFUT,24466.1,24471.6,24459.6,24459.7,11700.0,16986905.0,2026-07-30,2026-07-28,JUL 2026
2026-07-06 11:20:00+05:30,NIFTY26JULFUT,NSE:NIFTY26JULFUT,24458.6,24475.0,24458.0,24472.1,17290.0,16983005.0,2026-07-30,2026-07-28,JUL 2026
2026-07-06 11:25:00+05:30,NIFTY26JULFUT,NSE:NIFTY26JULFUT,24475.0,24479.2,24471.1,24475.0,11440.0,16982940.0,2026-07-30,2026-07-28,JUL 2026
2026-07-06 11:30:00+05:30,NIFTY26JULFUT,NSE:NIFTY26JULFUT,24477.0,24479.0,24472.4,24474.8,13195.0,16987945.0,2026-07-30,2026-07-28,JUL 2026
2026-07-06 11:35:00+05:30,NIFTY26JULFUT,NSE:NIFTY26JULFUT,24472.7,24474.7,24470.0,24474.3,11310.0,16991585.0,2026-07-30,2026-07-28,JUL 2026
2026-07-06 11:40:00+05:30,NIFTY26JULFUT,NSE:NIFTY26JULFUT,24474.0,24474.4,24465.5,24471.9,9230.0,16991910.0,2026-07-30,2026-07-28,JUL 2026
2026-07-06 11:45:00+05:30,NIFTY26JULFUT,NSE:NIFTY26JULFUT,24467.2,24475.0,24467.2,24474.9,8060.0,16994900.0,2026-07-30,2026-07-28,JUL 2026
2026-07-06 11:50:00+05:30,NIFTY26JULFUT,NSE:NIFTY26JULFUT,24472.0,24475.0,24460.0,24465.0,14885.0,16999060.0,2026-07-30,2026-07-28,JUL 2026
2026-07-06 11:55:00+05:30,NIFTY26JULFUT,NSE:NIFTY26JULFUT,24469.0,24478.8,24468.1,24476.2,10725.0,16997370.0,2026-07-30,2026-07-28,JUL 2026
2026-07-06 12:00:00+05:30,NIFTY26JULFUT,NSE:NIFTY26JULFUT,24476.1,24489.0,24473.8,24481.1,48750.0,16990155.0,2026-07-30,2026-07-28,JUL 2026
2026-07-06 12:05:00+05:30,NIFTY26JULFUT,NSE:NIFTY26JULFUT,24481.5,24482.9,24477.6,24480.4,31135.0,16990025.0,2026-07-30,2026-07-28,JUL 2026
2026-07-06 12:10:00+05:30,NIFTY26JULFUT,NSE:NIFTY26JULFUT,24480.4,24505.0,24477.6,24500.0,85995.0,16984045.0,2026-07-30,2026-07-28,JUL 2026
2026-07-06 12:15:00+05:30,NIFTY26JULFUT,NSE:NIFTY26JULFUT,24502.0,24503.0,24494.4,24494.4,28405.0,16978325.0,2026-07-30,2026-07-28,JUL 2026
2026-07-06 12:20:00+05:30,NIFTY26JULFUT,NSE:NIFTY26JULFUT,24495.4,24500.0,24486.8,24496.0,23530.0,16973255.0,2026-07-30,2026-07-28,JUL 2026
2026-07-06 12:25:00+05:30,NIFTY26JULFUT,NSE:NIFTY26JULFUT,24496.0,24500.0,24485.9,24494.0,22425.0,16961750.0,2026-07-30,2026-07-28,JUL 2026
2026-07-06 12:30:00+05:30,NIFTY26JULFUT,NSE:NIFTY26JULFUT,24490.0,24509.6,24488.5,24509.3,43550.0,16953365.0,2026-07-30,2026-07-28,JUL 2026
2026-07-06 12:35:00+05:30,NIFTY26JULFUT,NSE:NIFTY26JULFUT,24510.0,24510.0,24499.5,24499.5,39910.0,16939910.0,2026-07-30,2026-07-28,JUL 2026
2026-07-06 12:40:00+05:30,NIFTY26JULFUT,NSE:NIFTY26JULFUT,24499.5,24500.0,24493.4,24498.0,47905.0,16940625.0,2026-07-30,2026-07-28,JUL 2026
2026-07-06 12:45:00+05:30,NIFTY26JULFUT,NSE:NIFTY26JULFUT,24499.0,24500.0,24490.8,24493.9,45760.0,16896880.0,2026-07-30,2026-07-28,JUL 2026
2026-07-06 12:50:00+05:30,NIFTY26JULFUT,NSE:NIFTY26JULFUT,24493.9,24497.0,24481.8,24482.7,50245.0,16910530.0,2026-07-30,2026-07-28,JUL 2026
2026-07-06 12:55:00+05:30,NIFTY26JULFUT,NSE:NIFTY26JULFUT,24483.0,24492.0,24480.3,24490.4,36660.0,16878615.0,2026-07-30,2026-07-28,JUL 2026
2026-07-06 13:00:00+05:30,NIFTY26JULFUT,NSE:NIFTY26JULFUT,24492.0,24499.0,24489.6,24497.9,19370.0,16838185.0,2026-07-30,2026-07-28,JUL 2026
2026-07-06 13:05:00+05:30,NIFTY26JULFUT,NSE:NIFTY26JULFUT,24499.0,24500.0,24495.1,24499.8,26390.0,16829410.0,2026-07-30,2026-07-28,JUL 2026
2026-07-06 13:10:00+05:30,NIFTY26JULFUT,NSE:NIFTY26JULFUT,24499.8,24509.0,24499.6,24507.0,35425.0,16850990.0,2026-07-30,2026-07-28,JUL 2026
2026-07-06 13:15:00+05:30,NIFTY26JULFUT,NSE:NIFTY26JULFUT,24507.0,24509.4,24500.0,24500.0,18070.0,16847155.0,2026-07-30,2026-07-28,JUL 2026
2026-07-06 13:20:00+05:30,NIFTY26JULFUT,NSE:NIFTY26JULFUT,24500.0,24506.0,24494.2,24501.0,16965.0,16827850.0,2026-07-30,2026-07-28,JUL 2026
2026-07-06 13:25:00+05:30,NIFTY26JULFUT,NSE:NIFTY26JULFUT,24501.0,24503.2,24491.0,24503.0,21450.0,16817710.0,2026-07-30,2026-07-28,JUL 2026
2026-07-06 13:30:00+05:30,NIFTY26JULFUT,NSE:NIFTY26JULFUT,24503.0,24509.9,24492.1,24495.5,17615.0,16807245.0,2026-07-30,2026-07-28,JUL 2026
2026-07-06 13:35:00+05:30,NIFTY26JULFUT,NSE:NIFTY26JULFUT,24495.5,24515.0,24495.5,24506.7,22490.0,16798990.0,2026-07-30,2026-07-28,JUL 2026
2026-07-06 13:40:00+05:30,NIFTY26JULFUT,NSE:NIFTY26JULFUT,24506.7,24510.0,24492.6,24492.6,12545.0,16790345.0,2026-07-30,2026-07-28,JUL 2026
2026-07-06 13:45:00+05:30,NIFTY26JULFUT,NSE:NIFTY26JULFUT,24495.0,24496.8,24486.2,24489.1,26455.0,16784625.0,2026-07-30,2026-07-28,JUL 2026
2026-07-06 13:50:00+05:30,NIFTY26JULFUT,NSE:NIFTY26JULFUT,24489.7,24494.0,24475.6,24475.6,24635.0,16779230.0,2026-07-30,2026-07-28,JUL 2026
2026-07-06 13:55:00+05:30,NIFTY26JULFUT,NSE:NIFTY26JULFUT,24474.2,24480.0,24470.4,24471.6,24115.0,16772210.0,2026-07-30,2026-07-28,JUL 2026
2026-07-06 14:00:00+05:30,NIFTY26JULFUT,NSE:NIFTY26JULFUT,24471.6,24478.4,24468.0,24472.0,18265.0,16765060.0,2026-07-30,2026-07-28,JUL 2026
2026-07-06 14:05:00+05:30,NIFTY26JULFUT,NSE:NIFTY26JULFUT,24474.0,24485.0,24463.4,24464.1,25610.0,16748745.0,2026-07-30,2026-07-28,JUL 2026
2026-07-06 14:10:00+05:30,NIFTY26JULFUT,NSE:NIFTY26JULFUT,24466.0,24478.0,24461.0,24462.0,19175.0,16750500.0,2026-07-30,2026-07-28,JUL 2026
2026-07-06 14:15:00+05:30,NIFTY26JULFUT,NSE:NIFTY26JULFUT,24462.0,24470.1,24460.0,24462.3,20930.0,16752970.0,2026-07-30,2026-07-28,JUL 2026
2026-07-06 14:20:00+05:30,NIFTY26JULFUT,NSE:NIFTY26JULFUT,24462.3,24471.3,24460.3,24466.0,10335.0,16753880.0,2026-07-30,2026-07-28,JUL 2026
2026-07-06 14:25:00+05:30,NIFTY26JULFUT,NSE:NIFTY26JULFUT,24466.0,24479.0,24462.0,24466.9,19695.0,16753100.0,2026-07-30,2026-07-28,JUL 2026
2026-07-06 14:30:00+05:30,NIFTY26JULFUT,NSE:NIFTY26JULFUT,24466.9,24470.0,24462.0,24463.1,9425.0,16754270.0,2026-07-30,2026-07-28,JUL 2026
2026-07-06 14:35:00+05:30,NIFTY26JULFUT,NSE:NIFTY26JULFUT,24463.1,24481.7,24463.0,24471.6,14755.0,16758495.0,2026-07-30,2026-07-28,JUL 2026
2026-07-06 14:40:00+05:30,NIFTY26JULFUT,NSE:NIFTY26JULFUT,24477.0,24477.0,24451.0,24455.0,53170.0,16739905.0,2026-07-30,2026-07-28,JUL 2026
2026-07-06 14:45:00+05:30,NIFTY26JULFUT,NSE:NIFTY26JULFUT,24452.0,24464.3,24443.2,24444.0,36855.0,16744000.0,2026-07-30,2026-07-28,JUL 2026
2026-07-06 14:50:00+05:30,NIFTY26JULFUT,NSE:NIFTY26JULFUT,24444.5,24469.0,24441.3,24460.0,31525.0,16742375.0,2026-07-30,2026-07-28,JUL 2026
2026-07-06 14:55:00+05:30,NIFTY26JULFUT,NSE:NIFTY26JULFUT,24463.4,24474.5,24453.0,24455.9,49660.0,16768440.0,2026-07-30,2026-07-28,JUL 2026
2026-07-06 15:00:00+05:30,NIFTY26JULFUT,NSE:NIFTY26JULFUT,24456.0,24484.2,24456.0,24480.0,40625.0,16781310.0,2026-07-30,2026-07-28,JUL 2026
2026-07-06 15:05:00+05:30,NIFTY26JULFUT,NSE:NIFTY26JULFUT,24484.8,24499.0,24478.4,24490.0,52585.0,16770845.0,2026-07-30,2026-07-28,JUL 2026
2026-07-06 15:10:00+05:30,NIFTY26JULFUT,NSE:NIFTY26JULFUT,24486.5,24495.0,24485.1,24485.2,40430.0,16776890.0,2026-07-30,2026-07-28,JUL 2026
2026-07-06 15:15:00+05:30,NIFTY26JULFUT,NSE:NIFTY26JULFUT,24489.4,24489.4,24480.0,24484.6,49985.0,16781310.0,2026-07-30,2026-07-28,JUL 2026
2026-07-06 15:20:00+05:30,NIFTY26JULFUT,NSE:NIFTY26JULFUT,24484.6,24485.2,24479.2,24484.0,75790.0,16797365.0,2026-07-30,2026-07-28,JUL 2026
2026-07-06 15:25:00+05:30,NIFTY26JULFUT,NSE:NIFTY26JULFUT,24482.9,24485.0,24476.0,24479.9,110370.0,16806790.0,2026-07-30,2026-07-28,JUL 2026
2026-07-07 09:15:00+05:30,NIFTY26JULFUT,NSE:NIFTY26JULFUT,24504.0,24510.0,24482.9,24497.0,191620.0,16679130.0,2026-07-30,2026-07-28,JUL 2026
2026-07-07 09:20:00+05:30,NIFTY26JULFUT,NSE:NIFTY26JULFUT,24490.0,24515.0,24490.0,24504.4,88530.0,16676595.0,2026-07-30,2026-07-28,JUL 2026
2026-07-07 09:25:00+05:30,NIFTY26JULFUT,NSE:NIFTY26JULFUT,24504.3,24504.8,24470.0,24497.6,105430.0,16659565.0,2026-07-30,2026-07-28,JUL 2026
2026-07-07 09:30:00+05:30,NIFTY26JULFUT,NSE:NIFTY26JULFUT,24498.0,24498.0,24465.0,24472.0,75855.0,16662230.0,2026-07-30,2026-07-28,JUL 2026
2026-07-07 09:35:00+05:30,NIFTY26JULFUT,NSE:NIFTY26JULFUT,24472.0,24497.7,24463.0,24484.5,72605.0,16640455.0,2026-07-30,2026-07-28,JUL 2026
2026-07-07 09:40:00+05:30,NIFTY26JULFUT,NSE:NIFTY26JULFUT,24485.0,24506.0,24485.0,24504.4,47450.0,16633825.0,2026-07-30,2026-07-28,JUL 2026
2026-07-07 09:45:00+05:30,NIFTY26JULFUT,NSE:NIFTY26JULFUT,24504.6,24510.0,24493.2,24506.0,30615.0,16630380.0,2026-07-30,2026-07-28,JUL 2026
2026-07-07 09:50:00+05:30,NIFTY26JULFUT,NSE:NIFTY26JULFUT,24510.0,24513.9,24500.0,24501.9,47710.0,16630575.0,2026-07-30,2026-07-28,JUL 2026
2026-07-07 09:55:00+05:30,NIFTY26JULFUT,NSE:NIFTY26JULFUT,24501.9,24515.0,24501.8,24511.1,32045.0,16631420.0,2026-07-30,2026-07-28,JUL 2026
2026-07-07 10:00:00+05:30,NIFTY26JULFUT,NSE:NIFTY26JULFUT,24511.2,24530.0,24511.2,24525.0,58565.0,16620305.0,2026-07-30,2026-07-28,JUL 2026
2026-07-07 10:05:00+05:30,NIFTY26JULFUT,NSE:NIFTY26JULFUT,24525.0,24532.9,24513.0,24530.0,31525.0,16616015.0,2026-07-30,2026-07-28,JUL 2026
2026-07-07 10:10:00+05:30,NIFTY26JULFUT,NSE:NIFTY26JULFUT,24525.7,24535.6,24521.5,24525.1,44265.0,16611530.0,2026-07-30,2026-07-28,JUL 2026
2026-07-07 10:15:00+05:30,NIFTY26JULFUT,NSE:NIFTY26JULFUT,24525.0,24539.8,24521.2,24533.6,42250.0,16611530.0,2026-07-30,2026-07-28,JUL 2026
2026-07-07 10:20:00+05:30,NIFTY26JULFUT,NSE:NIFTY26JULFUT,24533.6,24540.0,24533.0,24533.1,36335.0,16607370.0,2026-07-30,2026-07-28,JUL 2026
2026-07-07 10:25:00+05:30,NIFTY26JULFUT,NSE:NIFTY26JULFUT,24533.1,24540.0,24524.5,24525.6,34190.0,16609125.0,2026-07-30,2026-07-28,JUL 2026
2026-07-07 10:30:00+05:30,NIFTY26JULFUT,NSE:NIFTY26JULFUT,24528.8,24532.9,24521.2,24529.5,16900.0,16608735.0,2026-07-30,2026-07-28,JUL 2026
2026-07-07 10:35:00+05:30,NIFTY26JULFUT,NSE:NIFTY26JULFUT,24529.9,24531.9,24523.8,24529.0,15730.0,16608215.0,2026-07-30,2026-07-28,JUL 2026
2026-07-07 10:40:00+05:30,NIFTY26JULFUT,NSE:NIFTY26JULFUT,24527.0,24531.9,24508.0,24515.0,69940.0,16618680.0,2026-07-30,2026-07-28,JUL 2026
2026-07-07 10:45:00+05:30,NIFTY26JULFUT,NSE:NIFTY26JULFUT,24509.0,24530.0,24505.0,24522.6,27235.0,16623945.0,2026-07-30,2026-07-28,JUL 2026
2026-07-07 10:50:00+05:30,NIFTY26JULFUT,NSE:NIFTY26JULFUT,24522.6,24523.5,24511.2,24521.0,13975.0,16623685.0,2026-07-30,2026-07-28,JUL 2026
2026-07-07 10:55:00+05:30,NIFTY26JULFUT,NSE:NIFTY26JULFUT,24521.0,24522.0,24506.0,24515.0,38220.0,16623425.0,2026-07-30,2026-07-28,JUL 2026
2026-07-07 11:00:00+05:30,NIFTY26JULFUT,NSE:NIFTY26JULFUT,24515.0,24530.0,24515.0,24529.1,18850.0,16618680.0,2026-07-30,2026-07-28,JUL 2026
2026-07-07 11:05:00+05:30,NIFTY26JULFUT,NSE:NIFTY26JULFUT,24529.1,24545.0,24529.1,24539.8,46475.0,16614390.0,2026-07-30,2026-07-28,JUL 2026
2026-07-07 11:10:00+05:30,NIFTY26JULFUT,NSE:NIFTY26JULFUT,24539.8,24549.9,24536.6,24547.0,35620.0,16614065.0,2026-07-30,2026-07-28,JUL 2026
2026-07-07 11:15:00+05:30,NIFTY26JULFUT,NSE:NIFTY26JULFUT,24547.0,24549.9,24541.0,24541.0,31265.0,16605030.0,2026-07-30,2026-07-28,JUL 2026
2026-07-07 11:20:00+05:30,NIFTY26JULFUT,NSE:NIFTY26JULFUT,24541.0,24555.0,24541.0,24547.2,46670.0,16582930.0,2026-07-30,2026-07-28,JUL 2026
2026-07-07 11:25:00+05:30,NIFTY26JULFUT,NSE:NIFTY26JULFUT,24547.2,24561.1,24547.1,24560.8,51675.0,16577275.0,2026-07-30,2026-07-28,JUL 2026
2026-07-07 11:30:00+05:30,NIFTY26JULFUT,NSE:NIFTY26JULFUT,24560.0,24564.0,24550.1,24550.2,37180.0,16592030.0,2026-07-30,2026-07-28,JUL 2026
2026-07-07 11:35:00+05:30,NIFTY26JULFUT,NSE:NIFTY26JULFUT,24550.2,24557.0,24545.0,24549.0,21645.0,16588650.0,2026-07-30,2026-07-28,JUL 2026
2026-07-07 11:40:00+05:30,NIFTY26JULFUT,NSE:NIFTY26JULFUT,24547.4,24549.9,24542.1,24544.1,33670.0,16586960.0,2026-07-30,2026-07-28,JUL 2026
2026-07-07 11:45:00+05:30,NIFTY26JULFUT,NSE:NIFTY26JULFUT,24545.0,24550.0,24542.2,24542.5,15665.0,16582475.0,2026-07-30,2026-07-28,JUL 2026
2026-07-07 11:50:00+05:30,NIFTY26JULFUT,NSE:NIFTY26JULFUT,24542.4,24556.0,24540.0,24552.6,23205.0,16575520.0,2026-07-30,2026-07-28,JUL 2026
2026-07-07 11:55:00+05:30,NIFTY26JULFUT,NSE:NIFTY26JULFUT,24552.6,24562.0,24552.5,24559.0,18590.0,16572985.0,2026-07-30,2026-07-28,JUL 2026
2026-07-07 12:00:00+05:30,NIFTY26JULFUT,NSE:NIFTY26JULFUT,24559.0,24565.0,24557.6,24560.0,28470.0,16568110.0,2026-07-30,2026-07-28,JUL 2026
2026-07-07 12:05:00+05:30,NIFTY26JULFUT,NSE:NIFTY26JULFUT,24561.7,24565.3,24555.1,24560.0,25935.0,16560960.0,2026-07-30,2026-07-28,JUL 2026
2026-07-07 12:10:00+05:30,NIFTY26JULFUT,NSE:NIFTY26JULFUT,24560.0,24561.6,24541.7,24543.1,21580.0,16560505.0,2026-07-30,2026-07-28,JUL 2026
2026-07-07 12:15:00+05:30,NIFTY26JULFUT,NSE:NIFTY26JULFUT,24548.0,24552.0,24524.0,24525.3,66430.0,16541655.0,2026-07-30,2026-07-28,JUL 2026
2026-07-07 12:20:00+05:30,NIFTY26JULFUT,NSE:NIFTY26JULFUT,24530.0,24540.0,24524.0,24530.2,13195.0,16519555.0,2026-07-30,2026-07-28,JUL 2026
2026-07-07 12:25:00+05:30,NIFTY26JULFUT,NSE:NIFTY26JULFUT,24534.0,24540.0,24529.0,24530.1,16705.0,16524560.0,2026-07-30,2026-07-28,JUL 2026
2026-07-07 12:30:00+05:30,NIFTY26JULFUT,NSE:NIFTY26JULFUT,24530.0,24530.0,24501.0,24519.0,56420.0,16520140.0,2026-07-30,2026-07-28,JUL 2026
2026-07-07 12:35:00+05:30,NIFTY26JULFUT,NSE:NIFTY26JULFUT,24518.5,24518.5,24491.0,24509.0,41860.0,16520270.0,2026-07-30,2026-07-28,JUL 2026
2026-07-07 12:40:00+05:30,NIFTY26JULFUT,NSE:NIFTY26JULFUT,24508.5,24515.0,24500.1,24510.0,21190.0,16505515.0,2026-07-30,2026-07-28,JUL 2026
2026-07-07 12:45:00+05:30,NIFTY26JULFUT,NSE:NIFTY26JULFUT,24515.0,24516.0,24503.0,24509.6,13000.0,16497650.0,2026-07-30,2026-07-28,JUL 2026
2026-07-07 12:50:00+05:30,NIFTY26JULFUT,NSE:NIFTY26JULFUT,24509.6,24517.0,24500.0,24502.3,17615.0,16493945.0,2026-07-30,2026-07-28,JUL 2026
2026-07-07 12:55:00+05:30,NIFTY26JULFUT,NSE:NIFTY26JULFUT,24505.0,24509.4,24495.0,24506.2,20540.0,16501875.0,2026-07-30,2026-07-28,JUL 2026
2026-07-07 13:00:00+05:30,NIFTY26JULFUT,NSE:NIFTY26JULFUT,24506.3,24510.0,24496.4,24506.4,17680.0,16492060.0,2026-07-30,2026-07-28,JUL 2026
2026-07-07 13:05:00+05:30,NIFTY26JULFUT,NSE:NIFTY26JULFUT,24504.2,24507.2,24490.0,24493.1,18460.0,16489395.0,2026-07-30,2026-07-28,JUL 2026
2026-07-07 13:10:00+05:30,NIFTY26JULFUT,NSE:NIFTY26JULFUT,24494.0,24499.9,24475.0,24489.4,47840.0,16474575.0,2026-07-30,2026-07-28,JUL 2026
2026-07-07 13:15:00+05:30,NIFTY26JULFUT,NSE:NIFTY26JULFUT,24489.6,24489.6,24470.9,24475.0,31005.0,16471715.0,2026-07-30,2026-07-28,JUL 2026
2026-07-07 13:20:00+05:30,NIFTY26JULFUT,NSE:NIFTY26JULFUT,24475.0,24480.0,24469.8,24480.0,28405.0,16466125.0,2026-07-30,2026-07-28,JUL 2026
2026-07-07 13:25:00+05:30,NIFTY26JULFUT,NSE:NIFTY26JULFUT,24480.0,24493.9,24472.0,24492.3,24050.0,16459885.0,2026-07-30,2026-07-28,JUL 2026
2026-07-07 13:30:00+05:30,NIFTY26JULFUT,NSE:NIFTY26JULFUT,24490.0,24492.7,24480.0,24483.6,12805.0,16458520.0,2026-07-30,2026-07-28,JUL 2026
2026-07-07 13:35:00+05:30,NIFTY26JULFUT,NSE:NIFTY26JULFUT,24480.0,24484.0,24472.0,24475.0,28080.0,16450265.0,2026-07-30,2026-07-28,JUL 2026
2026-07-07 13:40:00+05:30,NIFTY26JULFUT,NSE:NIFTY26JULFUT,24472.0,24495.0,24472.0,24493.7,19955.0,16431090.0,2026-07-30,2026-07-28,JUL 2026
2026-07-07 13:45:00+05:30,NIFTY26JULFUT,NSE:NIFTY26JULFUT,24493.5,24499.0,24481.0,24489.7,20605.0,16429465.0,2026-07-30,2026-07-28,JUL 2026
2026-07-07 13:50:00+05:30,NIFTY26JULFUT,NSE:NIFTY26JULFUT,24489.7,24495.0,24481.0,24485.4,5720.0,16428555.0,2026-07-30,2026-07-28,JUL 2026
2026-07-07 13:55:00+05:30,NIFTY26JULFUT,NSE:NIFTY26JULFUT,24485.0,24500.0,24485.0,24499.9,7410.0,16428555.0,2026-07-30,2026-07-28,JUL 2026
2026-07-07 14:00:00+05:30,NIFTY26JULFUT,NSE:NIFTY26JULFUT,24499.9,24505.3,24490.2,24502.9,25155.0,16432520.0,2026-07-30,2026-07-28,JUL 2026
2026-07-07 14:05:00+05:30,NIFTY26JULFUT,NSE:NIFTY26JULFUT,24500.0,24507.7,24495.1,24500.0,13975.0,16435835.0,2026-07-30,2026-07-28,JUL 2026
2026-07-07 14:10:00+05:30,NIFTY26JULFUT,NSE:NIFTY26JULFUT,24500.0,24508.7,24497.1,24500.0,15340.0,16437720.0,2026-07-30,2026-07-28,JUL 2026
2026-07-07 14:15:00+05:30,NIFTY26JULFUT,NSE:NIFTY26JULFUT,24500.0,24505.0,24490.2,24499.2,16250.0,16444545.0,2026-07-30,2026-07-28,JUL 2026
2026-07-07 14:20:00+05:30,NIFTY26JULFUT,NSE:NIFTY26JULFUT,24499.6,24500.0,24485.0,24485.0,10400.0,16447470.0,2026-07-30,2026-07-28,JUL 2026
2026-07-07 14:25:00+05:30,NIFTY26JULFUT,NSE:NIFTY26JULFUT,24485.0,24504.0,24483.4,24490.0,9165.0,16444415.0,2026-07-30,2026-07-28,JUL 2026
2026-07-07 14:30:00+05:30,NIFTY26JULFUT,NSE:NIFTY26JULFUT,24490.0,24504.7,24490.0,24493.2,8060.0,16446885.0,2026-07-30,2026-07-28,JUL 2026
2026-07-07 14:35:00+05:30,NIFTY26JULFUT,NSE:NIFTY26JULFUT,24493.1,24510.0,24493.1,24500.0,14950.0,16448510.0,2026-07-30,2026-07-28,JUL 2026
2026-07-07 14:40:00+05:30,NIFTY26JULFUT,NSE:NIFTY26JULFUT,24501.0,24508.0,24490.1,24505.0,22425.0,16448705.0,2026-07-30,2026-07-28,JUL 2026
2026-07-07 14:45:00+05:30,NIFTY26JULFUT,NSE:NIFTY26JULFUT,24499.1,24507.0,24492.0,24498.1,25675.0,16454035.0,2026-07-30,2026-07-28,JUL 2026
2026-07-07 14:50:00+05:30,NIFTY26JULFUT,NSE:NIFTY26JULFUT,24498.1,24505.0,24497.2,24503.9,13780.0,16451955.0,2026-07-30,2026-07-28,JUL 2026
2026-07-07 14:55:00+05:30,NIFTY26JULFUT,NSE:NIFTY26JULFUT,24505.0,24508.3,24490.0,24491.0,30875.0,16446560.0,2026-07-30,2026-07-28,JUL 2026
2026-07-07 15:00:00+05:30,NIFTY26JULFUT,NSE:NIFTY26JULFUT,24495.0,24495.0,24451.0,24465.2,99970.0,16435705.0,2026-07-30,2026-07-28,JUL 2026
2026-07-07 15:05:00+05:30,NIFTY26JULFUT,NSE:NIFTY26JULFUT,24465.2,24470.0,24453.1,24453.1,60970.0,16422185.0,2026-07-30,2026-07-28,JUL 2026
2026-07-07 15:10:00+05:30,NIFTY26JULFUT,NSE:NIFTY26JULFUT,24455.0,24456.0,24440.0,24448.5,123955.0,16410290.0,2026-07-30,2026-07-28,JUL 2026
2026-07-07 15:15:00+05:30,NIFTY26JULFUT,NSE:NIFTY26JULFUT,24445.1,24450.0,24428.8,24440.0,135655.0,16418220.0,2026-07-30,2026-07-28,JUL 2026
2026-07-07 15:20:00+05:30,NIFTY26JULFUT,NSE:NIFTY26JULFUT,24439.3,24439.3,24422.8,24428.2,68445.0,16426670.0,2026-07-30,2026-07-28,JUL 2026
2026-07-07 15:25:00+05:30,NIFTY26JULFUT,NSE:NIFTY26JULFUT,24426.0,24428.2,24405.9,24410.0,158600.0,16467230.0,2026-07-30,2026-07-28,JUL 2026
2026-07-08 09:15:00+05:30,NIFTY26JULFUT,NSE:NIFTY26JULFUT,24290.0,24320.0,24275.0,24309.2,271310.0,16317275.0,2026-07-30,2026-07-28,JUL 2026
2026-07-08 09:20:00+05:30,NIFTY26JULFUT,NSE:NIFTY26JULFUT,24309.1,24315.0,24272.0,24272.0,156715.0,16351140.0,2026-07-30,2026-07-28,JUL 2026
2026-07-08 09:25:00+05:30,NIFTY26JULFUT,NSE:NIFTY26JULFUT,24271.2,24274.9,24256.0,24266.0,133835.0,16362320.0,2026-07-30,2026-07-28,JUL 2026
2026-07-08 09:30:00+05:30,NIFTY26JULFUT,NSE:NIFTY26JULFUT,24266.0,24266.0,24241.0,24244.0,141765.0,16364595.0,2026-07-30,2026-07-28,JUL 2026
2026-07-08 09:35:00+05:30,NIFTY26JULFUT,NSE:NIFTY26JULFUT,24243.0,24250.9,24235.0,24245.3,129675.0,16383705.0,2026-07-30,2026-07-28,JUL 2026
2026-07-08 09:40:00+05:30,NIFTY26JULFUT,NSE:NIFTY26JULFUT,24244.5,24263.7,24241.0,24254.8,80795.0,16428490.0,2026-07-30,2026-07-28,JUL 2026
2026-07-08 09:45:00+05:30,NIFTY26JULFUT,NSE:NIFTY26JULFUT,24258.0,24280.0,24252.0,24275.2,45370.0,16434275.0,2026-07-30,2026-07-28,JUL 2026
2026-07-08 09:50:00+05:30,NIFTY26JULFUT,NSE:NIFTY26JULFUT,24279.6,24292.8,24271.4,24273.0,60645.0,16432065.0,2026-07-30,2026-07-28,JUL 2026
2026-07-08 09:55:00+05:30,NIFTY26JULFUT,NSE:NIFTY26JULFUT,24275.0,24288.5,24270.0,24276.1,32825.0,16436160.0,2026-07-30,2026-07-28,JUL 2026
2026-07-08 10:00:00+05:30,NIFTY26JULFUT,NSE:NIFTY26JULFUT,24276.1,24283.4,24263.4,24267.0,30875.0,16438760.0,2026-07-30,2026-07-28,JUL 2026
2026-07-08 10:05:00+05:30,NIFTY26JULFUT,NSE:NIFTY26JULFUT,24267.8,24272.9,24260.0,24272.5,30420.0,16442985.0,2026-07-30,2026-07-28,JUL 2026
2026-07-08 10:10:00+05:30,NIFTY26JULFUT,NSE:NIFTY26JULFUT,24272.0,24286.0,24265.0,24265.0,32890.0,16441815.0,2026-07-30,2026-07-28,JUL 2026
2026-07-08 10:15:00+05:30,NIFTY26JULFUT,NSE:NIFTY26JULFUT,24265.0,24281.9,24252.0,24280.5,31980.0,16447665.0,2026-07-30,2026-07-28,JUL 2026
2026-07-08 10:20:00+05:30,NIFTY26JULFUT,NSE:NIFTY26JULFUT,24280.4,24280.4,24255.0,24257.1,23660.0,16447145.0,2026-07-30,2026-07-28,JUL 2026
2026-07-08 10:25:00+05:30,NIFTY26JULFUT,NSE:NIFTY26JULFUT,24255.0,24280.0,24251.6,24275.2,19760.0,16446365.0,2026-07-30,2026-07-28,JUL 2026
2026-07-08 10:30:00+05:30,NIFTY26JULFUT,NSE:NIFTY26JULFUT,24275.2,24295.0,24275.2,24284.0,28600.0,16444025.0,2026-07-30,2026-07-28,JUL 2026
2026-07-08 10:35:00+05:30,NIFTY26JULFUT,NSE:NIFTY26JULFUT,24281.0,24315.0,24281.0,24310.0,48035.0,16440645.0,2026-07-30,2026-07-28,JUL 2026
2026-07-08 10:40:00+05:30,NIFTY26JULFUT,NSE:NIFTY26JULFUT,24308.4,24325.8,24301.6,24314.9,74035.0,16422250.0,2026-07-30,2026-07-28,JUL 2026
2026-07-08 10:45:00+05:30,NIFTY26JULFUT,NSE:NIFTY26JULFUT,24310.1,24315.0,24300.0,24301.1,19175.0,16421860.0,2026-07-30,2026-07-28,JUL 2026
2026-07-08 10:50:00+05:30,NIFTY26JULFUT,NSE:NIFTY26JULFUT,24301.1,24310.0,24295.0,24295.0,22230.0,16408600.0,2026-07-30,2026-07-28,JUL 2026
2026-07-08 10:55:00+05:30,NIFTY26JULFUT,NSE:NIFTY26JULFUT,24295.0,24320.0,24292.4,24317.0,16770.0,16404635.0,2026-07-30,2026-07-28,JUL 2026
2026-07-08 11:00:00+05:30,NIFTY26JULFUT,NSE:NIFTY26JULFUT,24319.5,24326.7,24315.0,24318.0,23140.0,16402165.0,2026-07-30,2026-07-28,JUL 2026
2026-07-08 11:05:00+05:30,NIFTY26JULFUT,NSE:NIFTY26JULFUT,24318.0,24323.4,24306.6,24318.1,26845.0,16401125.0,2026-07-30,2026-07-28,JUL 2026
2026-07-08 11:10:00+05:30,NIFTY26JULFUT,NSE:NIFTY26JULFUT,24319.0,24330.0,24310.2,24320.2,31785.0,16398135.0,2026-07-30,2026-07-28,JUL 2026
2026-07-08 11:15:00+05:30,NIFTY26JULFUT,NSE:NIFTY26JULFUT,24320.3,24321.1,24302.1,24310.5,18460.0,16391635.0,2026-07-30,2026-07-28,JUL 2026
2026-07-08 11:20:00+05:30,NIFTY26JULFUT,NSE:NIFTY26JULFUT,24311.3,24315.0,24301.0,24310.3,15925.0,16390205.0,2026-07-30,2026-07-28,JUL 2026
2026-07-08 11:25:00+05:30,NIFTY26JULFUT,NSE:NIFTY26JULFUT,24315.0,24323.0,24310.5,24313.7,10985.0,16387930.0,2026-07-30,2026-07-28,JUL 2026
2026-07-08 11:30:00+05:30,NIFTY26JULFUT,NSE:NIFTY26JULFUT,24310.6,24315.2,24291.3,24300.0,33670.0,16385525.0,2026-07-30,2026-07-28,JUL 2026
2026-07-08 11:35:00+05:30,NIFTY26JULFUT,NSE:NIFTY26JULFUT,24294.0,24300.0,24282.6,24295.0,19890.0,16380715.0,2026-07-30,2026-07-28,JUL 2026
2026-07-08 11:40:00+05:30,NIFTY26JULFUT,NSE:NIFTY26JULFUT,24290.5,24295.0,24280.0,24292.5,12935.0,16383380.0,2026-07-30,2026-07-28,JUL 2026
2026-07-08 11:45:00+05:30,NIFTY26JULFUT,NSE:NIFTY26JULFUT,24286.7,24293.2,24275.0,24281.2,23335.0,16390790.0,2026-07-30,2026-07-28,JUL 2026
2026-07-08 11:50:00+05:30,NIFTY26JULFUT,NSE:NIFTY26JULFUT,24281.1,24291.9,24276.1,24287.0,12480.0,16394170.0,2026-07-30,2026-07-28,JUL 2026
2026-07-08 11:55:00+05:30,NIFTY26JULFUT,NSE:NIFTY26JULFUT,24280.0,24292.7,24259.0,24287.5,27040.0,16401190.0,2026-07-30,2026-07-28,JUL 2026
2026-07-08 12:00:00+05:30,NIFTY26JULFUT,NSE:NIFTY26JULFUT,24286.1,24287.0,24261.7,24262.0,15990.0,16409315.0,2026-07-30,2026-07-28,JUL 2026
2026-07-08 12:05:00+05:30,NIFTY26JULFUT,NSE:NIFTY26JULFUT,24262.0,24274.6,24260.0,24260.0,13520.0,16414645.0,2026-07-30,2026-07-28,JUL 2026
2026-07-08 12:10:00+05:30,NIFTY26JULFUT,NSE:NIFTY26JULFUT,24260.1,24265.0,24251.0,24251.0,32890.0,16425565.0,2026-07-30,2026-07-28,JUL 2026
2026-07-08 12:15:00+05:30,NIFTY26JULFUT,NSE:NIFTY26JULFUT,24251.0,24265.0,24240.0,24264.9,57200.0,16439215.0,2026-07-30,2026-07-28,JUL 2026
2026-07-08 12:20:00+05:30,NIFTY26JULFUT,NSE:NIFTY26JULFUT,24261.0,24265.0,24225.2,24225.2,57070.0,16458650.0,2026-07-30,2026-07-28,JUL 2026
2026-07-08 12:25:00+05:30,NIFTY26JULFUT,NSE:NIFTY26JULFUT,24225.2,24245.9,24225.0,24238.9,65585.0,16465280.0,2026-07-30,2026-07-28,JUL 2026
2026-07-08 12:30:00+05:30,NIFTY26JULFUT,NSE:NIFTY26JULFUT,24236.0,24236.0,24220.0,24228.0,58890.0,16493100.0,2026-07-30,2026-07-28,JUL 2026
2026-07-08 12:35:00+05:30,NIFTY26JULFUT,NSE:NIFTY26JULFUT,24230.0,24230.0,24215.1,24220.1,27755.0,16501160.0,2026-07-30,2026-07-28,JUL 2026
2026-07-08 12:40:00+05:30,NIFTY26JULFUT,NSE:NIFTY26JULFUT,24224.4,24239.1,24215.0,24227.2,42120.0,16524560.0,2026-07-30,2026-07-28,JUL 2026
2026-07-08 12:45:00+05:30,NIFTY26JULFUT,NSE:NIFTY26JULFUT,24235.0,24244.9,24226.1,24239.2,24635.0,16523130.0,2026-07-30,2026-07-28,JUL 2026
2026-07-08 12:50:00+05:30,NIFTY26JULFUT,NSE:NIFTY26JULFUT,24239.3,24260.8,24239.3,24260.0,78715.0,16573960.0,2026-07-30,2026-07-28,JUL 2026
2026-07-08 12:55:00+05:30,NIFTY26JULFUT,NSE:NIFTY26JULFUT,24256.0,24264.0,24255.0,24255.0,26325.0,16569215.0,2026-07-30,2026-07-28,JUL 2026
2026-07-08 13:00:00+05:30,NIFTY26JULFUT,NSE:NIFTY26JULFUT,24255.0,24271.8,24255.0,24270.0,21255.0,16572075.0,2026-07-30,2026-07-28,JUL 2026
2026-07-08 13:05:00+05:30,NIFTY26JULFUT,NSE:NIFTY26JULFUT,24270.0,24275.0,24252.9,24252.9,21710.0,16573895.0,2026-07-30,2026-07-28,JUL 2026
2026-07-08 13:10:00+05:30,NIFTY26JULFUT,NSE:NIFTY26JULFUT,24252.9,24258.6,24250.0,24250.0,44330.0,16553420.0,2026-07-30,2026-07-28,JUL 2026
2026-07-08 13:15:00+05:30,NIFTY26JULFUT,NSE:NIFTY26JULFUT,24250.0,24260.0,24245.0,24255.7,10465.0,16557385.0,2026-07-30,2026-07-28,JUL 2026
2026-07-08 13:20:00+05:30,NIFTY26JULFUT,NSE:NIFTY26JULFUT,24262.0,24269.0,24247.0,24260.0,22620.0,16569865.0,2026-07-30,2026-07-28,JUL 2026
2026-07-08 13:25:00+05:30,NIFTY26JULFUT,NSE:NIFTY26JULFUT,24260.0,24260.5,24245.0,24245.1,13130.0,16572205.0,2026-07-30,2026-07-28,JUL 2026
2026-07-08 13:30:00+05:30,NIFTY26JULFUT,NSE:NIFTY26JULFUT,24246.1,24251.9,24241.0,24242.0,9035.0,16575910.0,2026-07-30,2026-07-28,JUL 2026
2026-07-08 13:35:00+05:30,NIFTY26JULFUT,NSE:NIFTY26JULFUT,24241.1,24250.0,24236.8,24245.7,10140.0,16580200.0,2026-07-30,2026-07-28,JUL 2026
2026-07-08 13:40:00+05:30,NIFTY26JULFUT,NSE:NIFTY26JULFUT,24245.0,24255.0,24235.0,24236.3,8060.0,16582215.0,2026-07-30,2026-07-28,JUL 2026
2026-07-08 13:45:00+05:30,NIFTY26JULFUT,NSE:NIFTY26JULFUT,24236.3,24245.0,24123.7,24150.0,334035.0,16684655.0,2026-07-30,2026-07-28,JUL 2026
2026-07-08 13:50:00+05:30,NIFTY26JULFUT,NSE:NIFTY26JULFUT,24145.0,24155.0,24071.8,24083.4,274235.0,16738280.0,2026-07-30,2026-07-28,JUL 2026
2026-07-08 13:55:00+05:30,NIFTY26JULFUT,NSE:NIFTY26JULFUT,24089.9,24106.9,24030.0,24035.0,323895.0,16862040.0,2026-07-30,2026-07-28,JUL 2026
2026-07-08 14:00:00+05:30,NIFTY26JULFUT,NSE:NIFTY26JULFUT,24039.4,24050.9,24000.0,24001.0,367900.0,16970265.0,2026-07-30,2026-07-28,JUL 2026
2026-07-08 14:05:00+05:30,NIFTY26JULFUT,NSE:NIFTY26JULFUT,24000.0,24013.0,23950.0,23951.4,369720.0,17067180.0,2026-07-30,2026-07-28,JUL 2026
2026-07-08 14:10:00+05:30,NIFTY26JULFUT,NSE:NIFTY26JULFUT,23951.0,23960.0,23910.0,23925.2,330135.0,17108715.0,2026-07-30,2026-07-28,JUL 2026
2026-07-08 14:15:00+05:30,NIFTY26JULFUT,NSE:NIFTY26JULFUT,23929.0,23994.8,23921.2,23955.0,308620.0,17213560.0,2026-07-30,2026-07-28,JUL 2026
2026-07-08 14:20:00+05:30,NIFTY26JULFUT,NSE:NIFTY26JULFUT,23955.0,23971.8,23935.0,23946.4,169260.0,17283435.0,2026-07-30,2026-07-28,JUL 2026
2026-07-08 14:25:00+05:30,NIFTY26JULFUT,NSE:NIFTY26JULFUT,23946.4,23964.4,23907.9,23907.9,119860.0,17308005.0,2026-07-30,2026-07-28,JUL 2026
2026-07-08 14:30:00+05:30,NIFTY26JULFUT,NSE:NIFTY26JULFUT,23909.7,23957.9,23905.5,23934.0,137930.0,17331470.0,2026-07-30,2026-07-28,JUL 2026
2026-07-08 14:35:00+05:30,NIFTY26JULFUT,NSE:NIFTY26JULFUT,23931.0,23940.0,23900.0,23903.6,169390.0,17383405.0,2026-07-30,2026-07-28,JUL 2026
2026-07-08 14:40:00+05:30,NIFTY26JULFUT,NSE:NIFTY26JULFUT,23904.3,23919.9,23885.3,23910.0,126555.0,17388995.0,2026-07-30,2026-07-28,JUL 2026
2026-07-08 14:45:00+05:30,NIFTY26JULFUT,NSE:NIFTY26JULFUT,23908.0,23910.9,23880.0,23888.9,109265.0,17432935.0,2026-07-30,2026-07-28,JUL 2026
2026-07-08 14:50:00+05:30,NIFTY26JULFUT,NSE:NIFTY26JULFUT,23885.0,23894.4,23841.7,23874.4,260975.0,17416945.0,2026-07-30,2026-07-28,JUL 2026
2026-07-08 14:55:00+05:30,NIFTY26JULFUT,NSE:NIFTY26JULFUT,23874.4,23885.0,23860.0,23875.0,74555.0,17448080.0,2026-07-30,2026-07-28,JUL 2026
2026-07-08 15:00:00+05:30,NIFTY26JULFUT,NSE:NIFTY26JULFUT,23870.0,23920.0,23870.0,23895.0,155935.0,17487210.0,2026-07-30,2026-07-28,JUL 2026
2026-07-08 15:05:00+05:30,NIFTY26JULFUT,NSE:NIFTY26JULFUT,23895.0,23908.0,23885.0,23904.4,113620.0,17544410.0,2026-07-30,2026-07-28,JUL 2026
2026-07-08 15:10:00+05:30,NIFTY26JULFUT,NSE:NIFTY26JULFUT,23904.4,23919.9,23898.1,23918.2,119730.0,17586205.0,2026-07-30,2026-07-28,JUL 2026
2026-07-08 15:15:00+05:30,NIFTY26JULFUT,NSE:NIFTY26JULFUT,23917.6,23943.0,23915.6,23935.1,135655.0,17598555.0,2026-07-30,2026-07-28,JUL 2026
2026-07-08 15:20:00+05:30,NIFTY26JULFUT,NSE:NIFTY26JULFUT,23934.8,23944.0,23919.4,23922.1,147160.0,17635670.0,2026-07-30,2026-07-28,JUL 2026
2026-07-08 15:25:00+05:30,NIFTY26JULFUT,NSE:NIFTY26JULFUT,23922.0,23922.2,23892.4,23892.7,246545.0,17710030.0,2026-07-30,2026-07-28,JUL 2026
2026-07-09 09:15:00+05:30,NIFTY26JULFUT,NSE:NIFTY26JULFUT,23965.1,24040.0,23965.1,24022.8,469950.0,17158180.0,2026-07-30,2026-07-28,JUL 2026
2026-07-09 09:20:00+05:30,NIFTY26JULFUT,NSE:NIFTY26JULFUT,24025.0,24060.0,24016.3,24060.0,167245.0,17119180.0,2026-07-30,2026-07-28,JUL 2026
2026-07-09 09:25:00+05:30,NIFTY26JULFUT,NSE:NIFTY26JULFUT,24059.8,24075.3,24041.0,24070.2,145535.0,17072770.0,2026-07-30,2026-07-28,JUL 2026
2026-07-09 09:30:00+05:30,NIFTY26JULFUT,NSE:NIFTY26JULFUT,24070.5,24084.1,24042.9,24076.5,176930.0,17068545.0,2026-07-30,2026-07-28,JUL 2026
2026-07-09 09:35:00+05:30,NIFTY26JULFUT,NSE:NIFTY26JULFUT,24078.0,24085.0,24050.0,24079.1,125905.0,17021355.0,2026-07-30,2026-07-28,JUL 2026
2026-07-09 09:40:00+05:30,NIFTY26JULFUT,NSE:NIFTY26JULFUT,24085.0,24098.0,24061.5,24080.0,103155.0,16992495.0,2026-07-30,2026-07-28,JUL 2026
2026-07-09 09:45:00+05:30,NIFTY26JULFUT,NSE:NIFTY26JULFUT,24080.0,24108.0,24069.8,24073.2,96850.0,16952000.0,2026-07-30,2026-07-28,JUL 2026
2026-07-09 09:50:00+05:30,NIFTY26JULFUT,NSE:NIFTY26JULFUT,24073.4,24090.0,24068.7,24084.0,52260.0,16949920.0,2026-07-30,2026-07-28,JUL 2026
2026-07-09 09:55:00+05:30,NIFTY26JULFUT,NSE:NIFTY26JULFUT,24084.0,24090.0,24059.0,24065.5,62270.0,16941470.0,2026-07-30,2026-07-28,JUL 2026
2026-07-09 10:00:00+05:30,NIFTY26JULFUT,NSE:NIFTY26JULFUT,24075.0,24107.0,24066.5,24082.9,46735.0,16929315.0,2026-07-30,2026-07-28,JUL 2026
2026-07-09 10:05:00+05:30,NIFTY26JULFUT,NSE:NIFTY26JULFUT,24085.0,24103.5,24078.4,24102.0,37960.0,16923205.0,2026-07-30,2026-07-28,JUL 2026
2026-07-09 10:10:00+05:30,NIFTY26JULFUT,NSE:NIFTY26JULFUT,24103.5,24105.5,24078.0,24078.0,22360.0,16921450.0,2026-07-30,2026-07-28,JUL 2026
2026-07-09 10:15:00+05:30,NIFTY26JULFUT,NSE:NIFTY26JULFUT,24078.3,24090.0,24072.5,24072.5,18395.0,16917160.0,2026-07-30,2026-07-28,JUL 2026
2026-07-09 10:20:00+05:30,NIFTY26JULFUT,NSE:NIFTY26JULFUT,24072.5,24088.0,24070.0,24086.0,21775.0,16915405.0,2026-07-30,2026-07-28,JUL 2026
2026-07-09 10:25:00+05:30,NIFTY26JULFUT,NSE:NIFTY26JULFUT,24088.0,24088.5,24065.0,24066.3,23400.0,16917485.0,2026-07-30,2026-07-28,JUL 2026
2026-07-09 10:30:00+05:30,NIFTY26JULFUT,NSE:NIFTY26JULFUT,24066.3,24080.0,24062.6,24068.2,18980.0,16917680.0,2026-07-30,2026-07-28,JUL 2026
2026-07-09 10:35:00+05:30,NIFTY26JULFUT,NSE:NIFTY26JULFUT,24063.1,24074.4,24031.3,24074.4,63115.0,16915015.0,2026-07-30,2026-07-28,JUL 2026
2026-07-09 10:40:00+05:30,NIFTY26JULFUT,NSE:NIFTY26JULFUT,24065.4,24180.9,24063.0,24120.0,257465.0,16887975.0,2026-07-30,2026-07-28,JUL 2026
2026-07-09 10:45:00+05:30,NIFTY26JULFUT,NSE:NIFTY26JULFUT,24125.9,24128.9,24045.0,24056.9,144560.0,16950050.0,2026-07-30,2026-07-28,JUL 2026
2026-07-09 10:50:00+05:30,NIFTY26JULFUT,NSE:NIFTY26JULFUT,24055.5,24075.0,24043.8,24074.1,52065.0,16969290.0,2026-07-30,2026-07-28,JUL 2026
2026-07-09 10:55:00+05:30,NIFTY26JULFUT,NSE:NIFTY26JULFUT,24070.0,24075.0,24050.0,24051.0,27950.0,16965585.0,2026-07-30,2026-07-28,JUL 2026
2026-07-09 11:00:00+05:30,NIFTY26JULFUT,NSE:NIFTY26JULFUT,24051.0,24060.0,24025.6,24051.5,53755.0,16972670.0,2026-07-30,2026-07-28,JUL 2026
2026-07-09 11:05:00+05:30,NIFTY26JULFUT,NSE:NIFTY26JULFUT,24054.0,24058.0,24040.4,24054.3,14105.0,16975335.0,2026-07-30,2026-07-28,JUL 2026
2026-07-09 11:10:00+05:30,NIFTY26JULFUT,NSE:NIFTY26JULFUT,24054.3,24055.2,24045.0,24050.0,8190.0,16977740.0,2026-07-30,2026-07-28,JUL 2026
2026-07-09 11:15:00+05:30,NIFTY26JULFUT,NSE:NIFTY26JULFUT,24050.0,24074.7,24050.0,24074.7,12025.0,16977480.0,2026-07-30,2026-07-28,JUL 2026
2026-07-09 11:20:00+05:30,NIFTY26JULFUT,NSE:NIFTY26JULFUT,24071.0,24089.0,24060.0,24083.0,24960.0,16978130.0,2026-07-30,2026-07-28,JUL 2026
2026-07-09 11:25:00+05:30,NIFTY26JULFUT,NSE:NIFTY26JULFUT,24085.4,24142.3,24076.6,24130.0,68380.0,16951480.0,2026-07-30,2026-07-28,JUL 2026
2026-07-09 11:30:00+05:30,NIFTY26JULFUT,NSE:NIFTY26JULFUT,24127.8,24134.2,24102.1,24112.0,32890.0,16938480.0,2026-07-30,2026-07-28,JUL 2026
2026-07-09 11:35:00+05:30,NIFTY26JULFUT,NSE:NIFTY26JULFUT,24106.8,24115.9,24095.0,24104.1,18850.0,16934775.0,2026-07-30,2026-07-28,JUL 2026
2026-07-09 11:40:00+05:30,NIFTY26JULFUT,NSE:NIFTY26JULFUT,24104.1,24111.5,24093.0,24111.5,10725.0,16935815.0,2026-07-30,2026-07-28,JUL 2026
2026-07-09 11:45:00+05:30,NIFTY26JULFUT,NSE:NIFTY26JULFUT,24104.1,24109.0,24085.0,24094.5,19630.0,16936725.0,2026-07-30,2026-07-28,JUL 2026
2026-07-09 11:50:00+05:30,NIFTY26JULFUT,NSE:NIFTY26JULFUT,24094.5,24102.1,24086.5,24095.0,30680.0,16935490.0,2026-07-30,2026-07-28,JUL 2026
2026-07-09 11:55:00+05:30,NIFTY26JULFUT,NSE:NIFTY26JULFUT,24095.0,24107.9,24090.0,24100.0,14625.0,16936270.0,2026-07-30,2026-07-28,JUL 2026
2026-07-09 12:00:00+05:30,NIFTY26JULFUT,NSE:NIFTY26JULFUT,24100.0,24120.0,24095.3,24117.0,19370.0,16934580.0,2026-07-30,2026-07-28,JUL 2026
2026-07-09 12:05:00+05:30,NIFTY26JULFUT,NSE:NIFTY26JULFUT,24117.9,24124.0,24109.0,24110.0,7540.0,16933475.0,2026-07-30,2026-07-28,JUL 2026
2026-07-09 12:10:00+05:30,NIFTY26JULFUT,NSE:NIFTY26JULFUT,24110.0,24119.9,24102.5,24110.0,14040.0,16928990.0,2026-07-30,2026-07-28,JUL 2026
2026-07-09 12:15:00+05:30,NIFTY26JULFUT,NSE:NIFTY26JULFUT,24110.0,24119.6,24102.6,24108.0,6825.0,16927105.0,2026-07-30,2026-07-28,JUL 2026
2026-07-09 12:20:00+05:30,NIFTY26JULFUT,NSE:NIFTY26JULFUT,24108.0,24117.9,24101.0,24117.9,10985.0,16925155.0,2026-07-30,2026-07-28,JUL 2026
2026-07-09 12:25:00+05:30,NIFTY26JULFUT,NSE:NIFTY26JULFUT,24117.9,24123.9,24103.0,24112.5,27560.0,16918395.0,2026-07-30,2026-07-28,JUL 2026
2026-07-09 12:30:00+05:30,NIFTY26JULFUT,NSE:NIFTY26JULFUT,24112.5,24116.0,24091.1,24094.4,16835.0,16915990.0,2026-07-30,2026-07-28,JUL 2026
2026-07-09 12:35:00+05:30,NIFTY26JULFUT,NSE:NIFTY26JULFUT,24091.1,24098.0,24080.0,24080.0,14885.0,16914625.0,2026-07-30,2026-07-28,JUL 2026
2026-07-09 12:40:00+05:30,NIFTY26JULFUT,NSE:NIFTY26JULFUT,24080.0,24084.0,24059.6,24059.8,30420.0,16912935.0,2026-07-30,2026-07-28,JUL 2026
2026-07-09 12:45:00+05:30,NIFTY26JULFUT,NSE:NIFTY26JULFUT,24059.8,24078.1,24057.7,24075.0,14300.0,16912025.0,2026-07-30,2026-07-28,JUL 2026
2026-07-09 12:50:00+05:30,NIFTY26JULFUT,NSE:NIFTY26JULFUT,24078.7,24098.0,24065.3,24098.0,9230.0,16913975.0,2026-07-30,2026-07-28,JUL 2026
2026-07-09 12:55:00+05:30,NIFTY26JULFUT,NSE:NIFTY26JULFUT,24098.0,24100.0,24080.3,24086.7,12805.0,16911895.0,2026-07-30,2026-07-28,JUL 2026
2026-07-09 13:00:00+05:30,NIFTY26JULFUT,NSE:NIFTY26JULFUT,24080.5,24093.0,24070.0,24080.8,8515.0,16910660.0,2026-07-30,2026-07-28,JUL 2026
2026-07-09 13:05:00+05:30,NIFTY26JULFUT,NSE:NIFTY26JULFUT,24092.7,24097.4,24070.0,24079.9,7995.0,16909750.0,2026-07-30,2026-07-28,JUL 2026
2026-07-09 13:10:00+05:30,NIFTY26JULFUT,NSE:NIFTY26JULFUT,24089.7,24095.0,24080.0,24095.0,5850.0,16910595.0,2026-07-30,2026-07-28,JUL 2026
2026-07-09 13:15:00+05:30,NIFTY26JULFUT,NSE:NIFTY26JULFUT,24092.5,24105.7,24090.0,24100.5,15275.0,16908970.0,2026-07-30,2026-07-28,JUL 2026
2026-07-09 13:20:00+05:30,NIFTY26JULFUT,NSE:NIFTY26JULFUT,24101.0,24103.0,24080.0,24088.0,7020.0,16905980.0,2026-07-30,2026-07-28,JUL 2026
2026-07-09 13:25:00+05:30,NIFTY26JULFUT,NSE:NIFTY26JULFUT,24080.0,24091.0,24075.0,24076.0,9555.0,16902470.0,2026-07-30,2026-07-28,JUL 2026
2026-07-09 13:30:00+05:30,NIFTY26JULFUT,NSE:NIFTY26JULFUT,24076.0,24112.3,24076.0,24109.8,11635.0,16900390.0,2026-07-30,2026-07-28,JUL 2026
2026-07-09 13:35:00+05:30,NIFTY26JULFUT,NSE:NIFTY26JULFUT,24109.8,24128.0,24100.0,24120.1,21840.0,16897010.0,2026-07-30,2026-07-28,JUL 2026
2026-07-09 13:40:00+05:30,NIFTY26JULFUT,NSE:NIFTY26JULFUT,24120.1,24120.1,24106.0,24112.9,8450.0,16891680.0,2026-07-30,2026-07-28,JUL 2026
2026-07-09 13:45:00+05:30,NIFTY26JULFUT,NSE:NIFTY26JULFUT,24115.0,24115.0,24097.0,24109.0,9685.0,16893240.0,2026-07-30,2026-07-28,JUL 2026
2026-07-09 13:50:00+05:30,NIFTY26JULFUT,NSE:NIFTY26JULFUT,24101.2,24101.3,24090.1,24091.6,8190.0,16892070.0,2026-07-30,2026-07-28,JUL 2026
2026-07-09 13:55:00+05:30,NIFTY26JULFUT,NSE:NIFTY26JULFUT,24091.6,24100.0,24087.0,24094.3,8255.0,16893045.0,2026-07-30,2026-07-28,JUL 2026
2026-07-09 14:00:00+05:30,NIFTY26JULFUT,NSE:NIFTY26JULFUT,24092.8,24096.2,24075.5,24075.5,17940.0,16895905.0,2026-07-30,2026-07-28,JUL 2026
2026-07-09 14:05:00+05:30,NIFTY26JULFUT,NSE:NIFTY26JULFUT,24075.5,24089.1,24075.0,24080.0,7605.0,16893175.0,2026-07-30,2026-07-28,JUL 2026
2026-07-09 14:10:00+05:30,NIFTY26JULFUT,NSE:NIFTY26JULFUT,24080.0,24093.0,24065.0,24089.1,33475.0,16905330.0,2026-07-30,2026-07-28,JUL 2026
2026-07-09 14:15:00+05:30,NIFTY26JULFUT,NSE:NIFTY26JULFUT,24089.1,24098.4,24075.0,24082.9,15600.0,16909880.0,2026-07-30,2026-07-28,JUL 2026
2026-07-09 14:20:00+05:30,NIFTY26JULFUT,NSE:NIFTY26JULFUT,24082.9,24094.7,24068.1,24094.7,9165.0,16910920.0,2026-07-30,2026-07-28,JUL 2026
2026-07-09 14:25:00+05:30,NIFTY26JULFUT,NSE:NIFTY26JULFUT,24090.3,24099.0,24080.5,24096.5,16705.0,16912415.0,2026-07-30,2026-07-28,JUL 2026
2026-07-09 14:30:00+05:30,NIFTY26JULFUT,NSE:NIFTY26JULFUT,24096.5,24114.0,24085.4,24107.0,19630.0,16910530.0,2026-07-30,2026-07-28,JUL 2026
2026-07-09 14:35:00+05:30,NIFTY26JULFUT,NSE:NIFTY26JULFUT,24109.0,24109.0,24080.0,24080.0,12610.0,16907540.0,2026-07-30,2026-07-28,JUL 2026
2026-07-09 14:40:00+05:30,NIFTY26JULFUT,NSE:NIFTY26JULFUT,24080.0,24083.9,24050.1,24065.0,34840.0,16907085.0,2026-07-30,2026-07-28,JUL 2026
2026-07-09 14:45:00+05:30,NIFTY26JULFUT,NSE:NIFTY26JULFUT,24063.3,24067.0,24051.3,24060.0,18330.0,16909100.0,2026-07-30,2026-07-28,JUL 2026
2026-07-09 14:50:00+05:30,NIFTY26JULFUT,NSE:NIFTY26JULFUT,24058.0,24075.7,24057.1,24073.9,11180.0,16910465.0,2026-07-30,2026-07-28,JUL 2026
2026-07-09 14:55:00+05:30,NIFTY26JULFUT,NSE:NIFTY26JULFUT,24071.6,24075.0,24060.0,24063.6,16445.0,16910985.0,2026-07-30,2026-07-28,JUL 2026
2026-07-09 15:00:00+05:30,NIFTY26JULFUT,NSE:NIFTY26JULFUT,24069.1,24069.1,24003.0,24008.0,136110.0,16919760.0,2026-07-30,2026-07-28,JUL 2026
2026-07-09 15:05:00+05:30,NIFTY26JULFUT,NSE:NIFTY26JULFUT,24011.6,24013.1,23960.0,23999.0,158925.0,16925220.0,2026-07-30,2026-07-28,JUL 2026
2026-07-09 15:10:00+05:30,NIFTY26JULFUT,NSE:NIFTY26JULFUT,23997.1,23999.0,23970.0,23970.0,120120.0,16988270.0,2026-07-30,2026-07-28,JUL 2026
2026-07-09 15:15:00+05:30,NIFTY26JULFUT,NSE:NIFTY26JULFUT,23967.3,23997.1,23967.3,23988.5,77610.0,17030195.0,2026-07-30,2026-07-28,JUL 2026
2026-07-09 15:20:00+05:30,NIFTY26JULFUT,NSE:NIFTY26JULFUT,23995.0,24014.6,23990.0,24000.4,142220.0,17092010.0,2026-07-30,2026-07-28,JUL 2026
2026-07-09 15:25:00+05:30,NIFTY26JULFUT,NSE:NIFTY26JULFUT,24000.1,24012.0,24000.0,24007.6,84110.0,17103515.0,2026-07-30,2026-07-28,JUL 2026
2026-07-10 09:15:00+05:30,NIFTY26JULFUT,NSE:NIFTY26JULFUT,24140.1,24219.9,24140.1,24194.7,404755.0,16856450.0,2026-07-30,2026-07-28,JUL 2026
2026-07-10 09:20:00+05:30,NIFTY26JULFUT,NSE:NIFTY26JULFUT,24199.0,24213.9,24188.5,24213.9,94900.0,16844685.0,2026-07-30,2026-07-28,JUL 2026
2026-07-10 09:25:00+05:30,NIFTY26JULFUT,NSE:NIFTY26JULFUT,24212.0,24215.0,24185.4,24205.0,114400.0,16840850.0,2026-07-30,2026-07-28,JUL 2026
2026-07-10 09:30:00+05:30,NIFTY26JULFUT,NSE:NIFTY26JULFUT,24207.0,24229.7,24200.9,24220.0,121745.0,16808350.0,2026-07-30,2026-07-28,JUL 2026
2026-07-10 09:35:00+05:30,NIFTY26JULFUT,NSE:NIFTY26JULFUT,24219.0,24235.0,24211.0,24230.0,128765.0,16788005.0,2026-07-30,2026-07-28,JUL 2026
2026-07-10 09:40:00+05:30,NIFTY26JULFUT,NSE:NIFTY26JULFUT,24230.0,24237.0,24220.0,24230.0,67535.0,16780530.0,2026-07-30,2026-07-28,JUL 2026
2026-07-10 09:45:00+05:30,NIFTY26JULFUT,NSE:NIFTY26JULFUT,24230.0,24242.0,24225.0,24239.0,86775.0,16763370.0,2026-07-30,2026-07-28,JUL 2026
2026-07-10 09:50:00+05:30,NIFTY26JULFUT,NSE:NIFTY26JULFUT,24234.9,24242.0,24225.0,24230.1,58110.0,16747705.0,2026-07-30,2026-07-28,JUL 2026
2026-07-10 09:55:00+05:30,NIFTY26JULFUT,NSE:NIFTY26JULFUT,24238.0,24242.3,24231.8,24242.3,28730.0,16747055.0,2026-07-30,2026-07-28,JUL 2026
2026-07-10 10:00:00+05:30,NIFTY26JULFUT,NSE:NIFTY26JULFUT,24242.3,24249.0,24238.0,24240.5,69160.0,16736460.0,2026-07-30,2026-07-28,JUL 2026
2026-07-10 10:05:00+05:30,NIFTY26JULFUT,NSE:NIFTY26JULFUT,24240.0,24249.4,24233.0,24243.0,45825.0,16742635.0,2026-07-30,2026-07-28,JUL 2026
2026-07-10 10:10:00+05:30,NIFTY26JULFUT,NSE:NIFTY26JULFUT,24242.0,24250.0,24234.9,24249.0,43680.0,16726775.0,2026-07-30,2026-07-28,JUL 2026
2026-07-10 10:15:00+05:30,NIFTY26JULFUT,NSE:NIFTY26JULFUT,24248.3,24249.0,24236.1,24238.3,23400.0,16712345.0,2026-07-30,2026-07-28,JUL 2026
2026-07-10 10:20:00+05:30,NIFTY26JULFUT,NSE:NIFTY26JULFUT,24238.8,24245.0,24235.0,24237.5,28860.0,16718845.0,2026-07-30,2026-07-28,JUL 2026
2026-07-10 10:25:00+05:30,NIFTY26JULFUT,NSE:NIFTY26JULFUT,24237.2,24244.1,24226.3,24226.3,15470.0,16713840.0,2026-07-30,2026-07-28,JUL 2026
2026-07-10 10:30:00+05:30,NIFTY26JULFUT,NSE:NIFTY26JULFUT,24230.3,24232.0,24212.5,24217.3,53235.0,16729440.0,2026-07-30,2026-07-28,JUL 2026
2026-07-10 10:35:00+05:30,NIFTY26JULFUT,NSE:NIFTY26JULFUT,24217.3,24230.0,24216.7,24222.0,26390.0,16723785.0,2026-07-30,2026-07-28,JUL 2026
2026-07-10 10:40:00+05:30,NIFTY26JULFUT,NSE:NIFTY26JULFUT,24221.2,24241.0,24221.2,24240.0,18915.0,16726450.0,2026-07-30,2026-07-28,JUL 2026
2026-07-10 10:45:00+05:30,NIFTY26JULFUT,NSE:NIFTY26JULFUT,24241.0,24242.0,24230.0,24233.4,14950.0,16731260.0,2026-07-30,2026-07-28,JUL 2026
2026-07-10 10:50:00+05:30,NIFTY26JULFUT,NSE:NIFTY26JULFUT,24233.9,24240.0,24232.6,24232.6,13715.0,16734510.0,2026-07-30,2026-07-28,JUL 2026
2026-07-10 10:55:00+05:30,NIFTY26JULFUT,NSE:NIFTY26JULFUT,24233.4,24240.0,24225.3,24227.4,10335.0,16735745.0,2026-07-30,2026-07-28,JUL 2026
2026-07-10 11:00:00+05:30,NIFTY26JULFUT,NSE:NIFTY26JULFUT,24230.0,24234.4,24224.0,24224.4,13000.0,16737045.0,2026-07-30,2026-07-28,JUL 2026
2026-07-10 11:05:00+05:30,NIFTY26JULFUT,NSE:NIFTY26JULFUT,24224.4,24229.0,24210.0,24210.0,21060.0,16741595.0,2026-07-30,2026-07-28,JUL 2026
2026-07-10 11:10:00+05:30,NIFTY26JULFUT,NSE:NIFTY26JULFUT,24208.0,24215.0,24201.2,24205.0,22620.0,16739515.0,2026-07-30,2026-07-28,JUL 2026
2026-07-10 11:15:00+05:30,NIFTY26JULFUT,NSE:NIFTY26JULFUT,24204.5,24215.0,24200.0,24204.0,36010.0,16744065.0,2026-07-30,2026-07-28,JUL 2026
2026-07-10 11:20:00+05:30,NIFTY26JULFUT,NSE:NIFTY26JULFUT,24204.0,24215.0,24200.0,24211.1,22035.0,16748940.0,2026-07-30,2026-07-28,JUL 2026
2026-07-10 11:25:00+05:30,NIFTY26JULFUT,NSE:NIFTY26JULFUT,24211.1,24211.1,24191.0,24194.0,14495.0,16745235.0,2026-07-30,2026-07-28,JUL 2026
2026-07-10 11:30:00+05:30,NIFTY26JULFUT,NSE:NIFTY26JULFUT,24199.0,24209.0,24194.1,24205.0,20995.0,16749915.0,2026-07-30,2026-07-28,JUL 2026
2026-07-10 11:35:00+05:30,NIFTY26JULFUT,NSE:NIFTY26JULFUT,24205.0,24211.0,24196.7,24202.0,9295.0,16739580.0,2026-07-30,2026-07-28,JUL 2026
2026-07-10 11:40:00+05:30,NIFTY26JULFUT,NSE:NIFTY26JULFUT,24203.9,24203.9,24192.8,24200.0,12285.0,16742180.0,2026-07-30,2026-07-28,JUL 2026
2026-07-10 11:45:00+05:30,NIFTY26JULFUT,NSE:NIFTY26JULFUT,24197.0,24221.1,24196.9,24221.1,22555.0,16743090.0,2026-07-30,2026-07-28,JUL 2026
2026-07-10 11:50:00+05:30,NIFTY26JULFUT,NSE:NIFTY26JULFUT,24221.1,24222.3,24188.1,24195.0,22230.0,16743090.0,2026-07-30,2026-07-28,JUL 2026
2026-07-10 11:55:00+05:30,NIFTY26JULFUT,NSE:NIFTY26JULFUT,24195.0,24214.5,24188.1,24214.5,21190.0,16746860.0,2026-07-30,2026-07-28,JUL 2026
2026-07-10 12:00:00+05:30,NIFTY26JULFUT,NSE:NIFTY26JULFUT,24213.9,24228.0,24203.4,24210.9,93535.0,16820310.0,2026-07-30,2026-07-28,JUL 2026
2026-07-10 12:05:00+05:30,NIFTY26JULFUT,NSE:NIFTY26JULFUT,24210.3,24224.9,24205.0,24205.0,41275.0,16850080.0,2026-07-30,2026-07-28,JUL 2026
2026-07-10 12:10:00+05:30,NIFTY26JULFUT,NSE:NIFTY26JULFUT,24205.4,24205.4,24188.5,24190.4,26130.0,16841045.0,2026-07-30,2026-07-28,JUL 2026
2026-07-10 12:15:00+05:30,NIFTY26JULFUT,NSE:NIFTY26JULFUT,24194.0,24200.0,24186.7,24188.7,47450.0,16851770.0,2026-07-30,2026-07-28,JUL 2026
2026-07-10 12:20:00+05:30,NIFTY26JULFUT,NSE:NIFTY26JULFUT,24188.7,24210.0,24188.6,24207.9,15795.0,16844425.0,2026-07-30,2026-07-28,JUL 2026
2026-07-10 12:25:00+05:30,NIFTY26JULFUT,NSE:NIFTY26JULFUT,24205.5,24231.8,24202.0,24220.7,19695.0,16844555.0,2026-07-30,2026-07-28,JUL 2026
2026-07-10 12:30:00+05:30,NIFTY26JULFUT,NSE:NIFTY26JULFUT,24220.0,24225.0,24207.9,24218.0,22230.0,16859830.0,2026-07-30,2026-07-28,JUL 2026
2026-07-10 12:35:00+05:30,NIFTY26JULFUT,NSE:NIFTY26JULFUT,24225.0,24225.2,24214.6,24223.0,10010.0,16859700.0,2026-07-30,2026-07-28,JUL 2026
2026-07-10 12:40:00+05:30,NIFTY26JULFUT,NSE:NIFTY26JULFUT,24223.0,24235.0,24221.0,24230.5,14300.0,16851120.0,2026-07-30,2026-07-28,JUL 2026
2026-07-10 12:45:00+05:30,NIFTY26JULFUT,NSE:NIFTY26JULFUT,24230.5,24236.0,24225.0,24225.1,9620.0,16850990.0,2026-07-30,2026-07-28,JUL 2026
2026-07-10 12:50:00+05:30,NIFTY26JULFUT,NSE:NIFTY26JULFUT,24229.4,24236.0,24225.0,24228.8,6955.0,16853785.0,2026-07-30,2026-07-28,JUL 2026
2026-07-10 12:55:00+05:30,NIFTY26JULFUT,NSE:NIFTY26JULFUT,24225.0,24234.0,24215.1,24216.8,8580.0,16853070.0,2026-07-30,2026-07-28,JUL 2026
2026-07-10 13:00:00+05:30,NIFTY26JULFUT,NSE:NIFTY26JULFUT,24216.8,24240.0,24216.0,24229.3,20215.0,16855800.0,2026-07-30,2026-07-28,JUL 2026
2026-07-10 13:05:00+05:30,NIFTY26JULFUT,NSE:NIFTY26JULFUT,24233.7,24235.0,24221.0,24225.5,17550.0,16854760.0,2026-07-30,2026-07-28,JUL 2026
2026-07-10 13:10:00+05:30,NIFTY26JULFUT,NSE:NIFTY26JULFUT,24223.9,24227.4,24215.0,24221.0,12220.0,16860870.0,2026-07-30,2026-07-28,JUL 2026
2026-07-10 13:15:00+05:30,NIFTY26JULFUT,NSE:NIFTY26JULFUT,24221.0,24223.2,24205.0,24207.3,14560.0,16861000.0,2026-07-30,2026-07-28,JUL 2026
2026-07-10 13:20:00+05:30,NIFTY26JULFUT,NSE:NIFTY26JULFUT,24207.3,24207.3,24191.1,24193.0,16380.0,16859765.0,2026-07-30,2026-07-28,JUL 2026
2026-07-10 13:25:00+05:30,NIFTY26JULFUT,NSE:NIFTY26JULFUT,24198.0,24210.0,24194.2,24210.0,8775.0,16855085.0,2026-07-30,2026-07-28,JUL 2026
2026-07-10 13:30:00+05:30,NIFTY26JULFUT,NSE:NIFTY26JULFUT,24207.7,24210.0,24197.1,24205.2,8645.0,16860025.0,2026-07-30,2026-07-28,JUL 2026
2026-07-10 13:35:00+05:30,NIFTY26JULFUT,NSE:NIFTY26JULFUT,24205.2,24230.0,24205.0,24228.7,12935.0,16864965.0,2026-07-30,2026-07-28,JUL 2026
2026-07-10 13:40:00+05:30,NIFTY26JULFUT,NSE:NIFTY26JULFUT,24232.0,24244.0,24226.6,24235.0,29705.0,16867500.0,2026-07-30,2026-07-28,JUL 2026
2026-07-10 13:45:00+05:30,NIFTY26JULFUT,NSE:NIFTY26JULFUT,24234.3,24237.9,24216.4,24219.9,17355.0,16866200.0,2026-07-30,2026-07-28,JUL 2026
2026-07-10 13:50:00+05:30,NIFTY26JULFUT,NSE:NIFTY26JULFUT,24219.9,24232.8,24219.9,24223.4,10205.0,16871465.0,2026-07-30,2026-07-28,JUL 2026
2026-07-10 13:55:00+05:30,NIFTY26JULFUT,NSE:NIFTY26JULFUT,24230.0,24232.0,24219.9,24222.4,13845.0,16874000.0,2026-07-30,2026-07-28,JUL 2026
2026-07-10 14:00:00+05:30,NIFTY26JULFUT,NSE:NIFTY26JULFUT,24225.0,24225.0,24207.4,24216.5,21255.0,16880760.0,2026-07-30,2026-07-28,JUL 2026
2026-07-10 14:05:00+05:30,NIFTY26JULFUT,NSE:NIFTY26JULFUT,24216.5,24218.9,24205.0,24208.0,14170.0,16886155.0,2026-07-30,2026-07-28,JUL 2026
2026-07-10 14:10:00+05:30,NIFTY26JULFUT,NSE:NIFTY26JULFUT,24208.0,24220.0,24200.0,24220.0,23855.0,16890120.0,2026-07-30,2026-07-28,JUL 2026
2026-07-10 14:15:00+05:30,NIFTY26JULFUT,NSE:NIFTY26JULFUT,24220.0,24224.4,24210.0,24212.1,8840.0,16888820.0,2026-07-30,2026-07-28,JUL 2026
2026-07-10 14:20:00+05:30,NIFTY26JULFUT,NSE:NIFTY26JULFUT,24212.1,24237.9,24212.0,24231.0,20605.0,16888820.0,2026-07-30,2026-07-28,JUL 2026
2026-07-10 14:25:00+05:30,NIFTY26JULFUT,NSE:NIFTY26JULFUT,24230.6,24245.0,24230.0,24238.0,31135.0,16891160.0,2026-07-30,2026-07-28,JUL 2026
2026-07-10 14:30:00+05:30,NIFTY26JULFUT,NSE:NIFTY26JULFUT,24242.0,24245.0,24223.6,24229.3,17355.0,16869970.0,2026-07-30,2026-07-28,JUL 2026
2026-07-10 14:35:00+05:30,NIFTY26JULFUT,NSE:NIFTY26JULFUT,24229.3,24244.4,24229.3,24240.0,24115.0,16873025.0,2026-07-30,2026-07-28,JUL 2026
2026-07-10 14:40:00+05:30,NIFTY26JULFUT,NSE:NIFTY26JULFUT,24234.0,24244.8,24232.0,24240.0,14235.0,16872375.0,2026-07-30,2026-07-28,JUL 2026
2026-07-10 14:45:00+05:30,NIFTY26JULFUT,NSE:NIFTY26JULFUT,24240.0,24270.0,24235.4,24258.0,100945.0,16871855.0,2026-07-30,2026-07-28,JUL 2026
2026-07-10 14:50:00+05:30,NIFTY26JULFUT,NSE:NIFTY26JULFUT,24257.6,24257.6,24229.8,24229.8,33605.0,16872310.0,2026-07-30,2026-07-28,JUL 2026
2026-07-10 14:55:00+05:30,NIFTY26JULFUT,NSE:NIFTY26JULFUT,24229.2,24239.0,24212.0,24220.0,49855.0,16866980.0,2026-07-30,2026-07-28,JUL 2026
2026-07-10 15:00:00+05:30,NIFTY26JULFUT,NSE:NIFTY26JULFUT,24228.0,24260.0,24210.0,24228.0,58240.0,16867565.0,2026-07-30,2026-07-28,JUL 2026
2026-07-10 15:05:00+05:30,NIFTY26JULFUT,NSE:NIFTY26JULFUT,24231.0,24248.0,24225.0,24245.6,46150.0,16847155.0,2026-07-30,2026-07-28,JUL 2026
2026-07-10 15:10:00+05:30,NIFTY26JULFUT,NSE:NIFTY26JULFUT,24245.6,24259.0,24241.0,24247.0,46475.0,16838835.0,2026-07-30,2026-07-28,JUL 2026
2026-07-10 15:15:00+05:30,NIFTY26JULFUT,NSE:NIFTY26JULFUT,24245.0,24245.0,24225.0,24236.7,54080.0,16801070.0,2026-07-30,2026-07-28,JUL 2026
2026-07-10 15:20:00+05:30,NIFTY26JULFUT,NSE:NIFTY26JULFUT,24235.3,24249.0,24227.1,24248.0,71890.0,16790670.0,2026-07-30,2026-07-28,JUL 2026
2026-07-10 15:25:00+05:30,NIFTY26JULFUT,NSE:NIFTY26JULFUT,24245.1,24250.0,24241.0,24249.9,121225.0,16771950.0,2026-07-30,2026-07-28,JUL 2026
2026-07-13 09:15:00+05:30,NIFTY26JULFUT,NSE:NIFTY26JULFUT,24076.5,24077.3,24041.4,24051.0,532675.0,16634085.0,2026-07-30,2026-07-28,JUL 2026
2026-07-13 09:20:00+05:30,NIFTY26JULFUT,NSE:NIFTY26JULFUT,24050.2,24063.5,24034.0,24045.0,126685.0,16638245.0,2026-07-30,2026-07-28,JUL 2026
2026-07-13 09:25:00+05:30,NIFTY26JULFUT,NSE:NIFTY26JULFUT,24037.6,24054.0,24031.0,24045.4,49075.0,16652155.0,2026-07-30,2026-07-28,JUL 2026
2026-07-13 09:30:00+05:30,NIFTY26JULFUT,NSE:NIFTY26JULFUT,24045.4,24050.0,24030.0,24045.7,51025.0,16665350.0,2026-07-30,2026-07-28,JUL 2026
2026-07-13 09:35:00+05:30,NIFTY26JULFUT,NSE:NIFTY26JULFUT,24043.3,24087.5,24034.3,24080.0,56355.0,16676205.0,2026-07-30,2026-07-28,JUL 2026
2026-07-13 09:40:00+05:30,NIFTY26JULFUT,NSE:NIFTY26JULFUT,24086.8,24112.9,24085.0,24094.0,94770.0,16690895.0,2026-07-30,2026-07-28,JUL 2026
2026-07-13 09:45:00+05:30,NIFTY26JULFUT,NSE:NIFTY26JULFUT,24090.0,24125.0,24085.0,24115.2,54535.0,16685045.0,2026-07-30,2026-07-28,JUL 2026
2026-07-13 09:50:00+05:30,NIFTY26JULFUT,NSE:NIFTY26JULFUT,24124.0,24130.0,24108.0,24129.0,53300.0,16673930.0,2026-07-30,2026-07-28,JUL 2026
2026-07-13 09:55:00+05:30,NIFTY26JULFUT,NSE:NIFTY26JULFUT,24129.9,24139.0,24115.0,24130.6,58175.0,16683290.0,2026-07-30,2026-07-28,JUL 2026
2026-07-13 10:00:00+05:30,NIFTY26JULFUT,NSE:NIFTY26JULFUT,24139.0,24139.1,24120.0,24128.0,32695.0,16681665.0,2026-07-30,2026-07-28,JUL 2026
2026-07-13 10:05:00+05:30,NIFTY26JULFUT,NSE:NIFTY26JULFUT,24128.0,24135.0,24102.9,24120.0,38545.0,16676920.0,2026-07-30,2026-07-28,JUL 2026
2026-07-13 10:10:00+05:30,NIFTY26JULFUT,NSE:NIFTY26JULFUT,24127.6,24130.0,24110.0,24115.9,19760.0,16673280.0,2026-07-30,2026-07-28,JUL 2026
2026-07-13 10:15:00+05:30,NIFTY26JULFUT,NSE:NIFTY26JULFUT,24115.9,24124.0,24108.0,24122.0,15600.0,16664505.0,2026-07-30,2026-07-28,JUL 2026
2026-07-13 10:20:00+05:30,NIFTY26JULFUT,NSE:NIFTY26JULFUT,24122.0,24132.0,24115.1,24130.0,12610.0,16664310.0,2026-07-30,2026-07-28,JUL 2026
2026-07-13 10:25:00+05:30,NIFTY26JULFUT,NSE:NIFTY26JULFUT,24130.0,24175.0,24121.4,24161.0,68055.0,16652415.0,2026-07-30,2026-07-28,JUL 2026
2026-07-13 10:30:00+05:30,NIFTY26JULFUT,NSE:NIFTY26JULFUT,24161.0,24175.0,24143.6,24175.0,38675.0,16647670.0,2026-07-30,2026-07-28,JUL 2026
2026-07-13 10:35:00+05:30,NIFTY26JULFUT,NSE:NIFTY26JULFUT,24176.0,24178.7,24145.1,24151.0,29640.0,16642015.0,2026-07-30,2026-07-28,JUL 2026
2026-07-13 10:40:00+05:30,NIFTY26JULFUT,NSE:NIFTY26JULFUT,24145.2,24165.0,24145.1,24160.5,16705.0,16637140.0,2026-07-30,2026-07-28,JUL 2026
2026-07-13 10:45:00+05:30,NIFTY26JULFUT,NSE:NIFTY26JULFUT,24160.5,24163.7,24150.0,24155.0,12610.0,16636425.0,2026-07-30,2026-07-28,JUL 2026
2026-07-13 10:50:00+05:30,NIFTY26JULFUT,NSE:NIFTY26JULFUT,24162.2,24162.2,24133.0,24133.0,24115.0,16640780.0,2026-07-30,2026-07-28,JUL 2026
2026-07-13 10:55:00+05:30,NIFTY26JULFUT,NSE:NIFTY26JULFUT,24133.0,24158.0,24122.9,24146.9,21385.0,16645460.0,2026-07-30,2026-07-28,JUL 2026
2026-07-13 11:00:00+05:30,NIFTY26JULFUT,NSE:NIFTY26JULFUT,24150.0,24155.0,24128.8,24155.0,13585.0,16642210.0,2026-07-30,2026-07-28,JUL 2026
2026-07-13 11:05:00+05:30,NIFTY26JULFUT,NSE:NIFTY26JULFUT,24155.0,24167.8,24154.5,24161.0,36660.0,16643705.0,2026-07-30,2026-07-28,JUL 2026
2026-07-13 11:10:00+05:30,NIFTY26JULFUT,NSE:NIFTY26JULFUT,24159.0,24183.8,24157.0,24160.0,58695.0,16657095.0,2026-07-30,2026-07-28,JUL 2026
2026-07-13 11:15:00+05:30,NIFTY26JULFUT,NSE:NIFTY26JULFUT,24161.2,24161.2,24141.0,24146.0,16705.0,16663010.0,2026-07-30,2026-07-28,JUL 2026
2026-07-13 11:20:00+05:30,NIFTY26JULFUT,NSE:NIFTY26JULFUT,24146.0,24172.0,24145.7,24158.5,20215.0,16663465.0,2026-07-30,2026-07-28,JUL 2026
2026-07-13 11:25:00+05:30,NIFTY26JULFUT,NSE:NIFTY26JULFUT,24158.5,24165.0,24145.0,24145.0,19305.0,16665740.0,2026-07-30,2026-07-28,JUL 2026
2026-07-13 11:30:00+05:30,NIFTY26JULFUT,NSE:NIFTY26JULFUT,24149.4,24159.7,24149.3,24159.1,14105.0,16666390.0,2026-07-30,2026-07-28,JUL 2026
2026-07-13 11:35:00+05:30,NIFTY26JULFUT,NSE:NIFTY26JULFUT,24160.0,24167.7,24148.0,24148.0,8255.0,16663075.0,2026-07-30,2026-07-28,JUL 2026
2026-07-13 11:40:00+05:30,NIFTY26JULFUT,NSE:NIFTY26JULFUT,24148.0,24152.8,24141.6,24142.0,13325.0,16666585.0,2026-07-30,2026-07-28,JUL 2026
2026-07-13 11:45:00+05:30,NIFTY26JULFUT,NSE:NIFTY26JULFUT,24141.1,24167.4,24141.0,24152.6,13650.0,16670745.0,2026-07-30,2026-07-28,JUL 2026
2026-07-13 11:50:00+05:30,NIFTY26JULFUT,NSE:NIFTY26JULFUT,24152.6,24172.0,24150.8,24165.0,11700.0,16668340.0,2026-07-30,2026-07-28,JUL 2026
2026-07-13 11:55:00+05:30,NIFTY26JULFUT,NSE:NIFTY26JULFUT,24165.0,24165.0,24150.0,24150.0,5720.0,16669640.0,2026-07-30,2026-07-28,JUL 2026
2026-07-13 12:00:00+05:30,NIFTY26JULFUT,NSE:NIFTY26JULFUT,24150.6,24170.0,24150.6,24167.0,9035.0,16672175.0,2026-07-30,2026-07-28,JUL 2026
2026-07-13 12:05:00+05:30,NIFTY26JULFUT,NSE:NIFTY26JULFUT,24166.0,24175.0,24166.0,24174.9,9490.0,16671850.0,2026-07-30,2026-07-28,JUL 2026
2026-07-13 12:10:00+05:30,NIFTY26JULFUT,NSE:NIFTY26JULFUT,24174.9,24220.0,24163.7,24205.0,71630.0,16659955.0,2026-07-30,2026-07-28,JUL 2026
2026-07-13 12:15:00+05:30,NIFTY26JULFUT,NSE:NIFTY26JULFUT,24207.3,24225.9,24188.0,24219.8,79495.0,16647995.0,2026-07-30,2026-07-28,JUL 2026
2026-07-13 12:20:00+05:30,NIFTY26JULFUT,NSE:NIFTY26JULFUT,24220.0,24222.0,24200.0,24207.0,26130.0,16650075.0,2026-07-30,2026-07-28,JUL 2026
2026-07-13 12:25:00+05:30,NIFTY26JULFUT,NSE:NIFTY26JULFUT,24214.9,24215.7,24201.0,24208.0,25545.0,16653325.0,2026-07-30,2026-07-28,JUL 2026
2026-07-13 12:30:00+05:30,NIFTY26JULFUT,NSE:NIFTY26JULFUT,24211.6,24233.4,24200.0,24225.0,26910.0,16654430.0,2026-07-30,2026-07-28,JUL 2026
2026-07-13 12:35:00+05:30,NIFTY26JULFUT,NSE:NIFTY26JULFUT,24225.0,24238.0,24219.1,24238.0,27040.0,16656770.0,2026-07-30,2026-07-28,JUL 2026
2026-07-13 12:40:00+05:30,NIFTY26JULFUT,NSE:NIFTY26JULFUT,24238.0,24240.0,24225.0,24240.0,30680.0,16653975.0,2026-07-30,2026-07-28,JUL 2026
2026-07-13 12:45:00+05:30,NIFTY26JULFUT,NSE:NIFTY26JULFUT,24243.0,24248.9,24230.1,24231.1,25285.0,16654820.0,2026-07-30,2026-07-28,JUL 2026
2026-07-13 12:50:00+05:30,NIFTY26JULFUT,NSE:NIFTY26JULFUT,24231.1,24293.8,24228.2,24265.0,128700.0,16630120.0,2026-07-30,2026-07-28,JUL 2026
2026-07-13 12:55:00+05:30,NIFTY26JULFUT,NSE:NIFTY26JULFUT,24266.3,24270.0,24242.4,24247.0,26975.0,16624270.0,2026-07-30,2026-07-28,JUL 2026
2026-07-13 13:00:00+05:30,NIFTY26JULFUT,NSE:NIFTY26JULFUT,24250.0,24251.0,24227.2,24229.0,28795.0,16625960.0,2026-07-30,2026-07-28,JUL 2026
2026-07-13 13:05:00+05:30,NIFTY26JULFUT,NSE:NIFTY26JULFUT,24228.6,24249.0,24228.0,24248.0,21125.0,16630835.0,2026-07-30,2026-07-28,JUL 2026
2026-07-13 13:10:00+05:30,NIFTY26JULFUT,NSE:NIFTY26JULFUT,24247.5,24255.0,24240.0,24241.1,15340.0,16631160.0,2026-07-30,2026-07-28,JUL 2026
2026-07-13 13:15:00+05:30,NIFTY26JULFUT,NSE:NIFTY26JULFUT,24242.0,24250.0,24238.0,24240.0,10075.0,16632525.0,2026-07-30,2026-07-28,JUL 2026
2026-07-13 13:20:00+05:30,NIFTY26JULFUT,NSE:NIFTY26JULFUT,24245.0,24245.0,24221.0,24226.0,26780.0,16636100.0,2026-07-30,2026-07-28,JUL 2026
2026-07-13 13:25:00+05:30,NIFTY26JULFUT,NSE:NIFTY26JULFUT,24230.0,24230.0,24183.4,24194.0,54925.0,16639220.0,2026-07-30,2026-07-28,JUL 2026
2026-07-13 13:30:00+05:30,NIFTY26JULFUT,NSE:NIFTY26JULFUT,24194.0,24228.2,24194.0,24222.0,87945.0,16621345.0,2026-07-30,2026-07-28,JUL 2026
2026-07-13 13:35:00+05:30,NIFTY26JULFUT,NSE:NIFTY26JULFUT,24221.8,24240.0,24218.7,24235.0,17160.0,16619460.0,2026-07-30,2026-07-28,JUL 2026
2026-07-13 13:40:00+05:30,NIFTY26JULFUT,NSE:NIFTY26JULFUT,24233.1,24243.2,24216.0,24219.4,16250.0,16606785.0,2026-07-30,2026-07-28,JUL 2026
2026-07-13 13:45:00+05:30,NIFTY26JULFUT,NSE:NIFTY26JULFUT,24218.1,24239.5,24218.1,24225.8,6175.0,16609190.0,2026-07-30,2026-07-28,JUL 2026
2026-07-13 13:50:00+05:30,NIFTY26JULFUT,NSE:NIFTY26JULFUT,24238.7,24238.9,24215.8,24220.4,16315.0,16614715.0,2026-07-30,2026-07-28,JUL 2026
2026-07-13 13:55:00+05:30,NIFTY26JULFUT,NSE:NIFTY26JULFUT,24220.4,24230.0,24212.0,24220.0,20605.0,16625570.0,2026-07-30,2026-07-28,JUL 2026
2026-07-13 14:00:00+05:30,NIFTY26JULFUT,NSE:NIFTY26JULFUT,24220.0,24234.9,24216.4,24220.7,32045.0,16632655.0,2026-07-30,2026-07-28,JUL 2026
2026-07-13 14:05:00+05:30,NIFTY26JULFUT,NSE:NIFTY26JULFUT,24226.8,24240.0,24222.9,24234.3,19825.0,16631030.0,2026-07-30,2026-07-28,JUL 2026
2026-07-13 14:10:00+05:30,NIFTY26JULFUT,NSE:NIFTY26JULFUT,24234.5,24249.0,24234.5,24243.6,21840.0,16622385.0,2026-07-30,2026-07-28,JUL 2026
2026-07-13 14:15:00+05:30,NIFTY26JULFUT,NSE:NIFTY26JULFUT,24248.0,24258.0,24243.0,24258.0,21190.0,16619135.0,2026-07-30,2026-07-28,JUL 2026
2026-07-13 14:20:00+05:30,NIFTY26JULFUT,NSE:NIFTY26JULFUT,24258.0,24270.0,24250.0,24258.6,30095.0,16619590.0,2026-07-30,2026-07-28,JUL 2026
2026-07-13 14:25:00+05:30,NIFTY26JULFUT,NSE:NIFTY26JULFUT,24261.9,24268.0,24251.0,24259.9,13325.0,16619785.0,2026-07-30,2026-07-28,JUL 2026
2026-07-13 14:30:00+05:30,NIFTY26JULFUT,NSE:NIFTY26JULFUT,24263.0,24265.0,24250.3,24262.0,21775.0,16627845.0,2026-07-30,2026-07-28,JUL 2026
2026-07-13 14:35:00+05:30,NIFTY26JULFUT,NSE:NIFTY26JULFUT,24262.1,24265.0,24231.3,24243.7,28080.0,16635645.0,2026-07-30,2026-07-28,JUL 2026
2026-07-13 14:40:00+05:30,NIFTY26JULFUT,NSE:NIFTY26JULFUT,24242.9,24255.6,24237.0,24245.2,17030.0,16642535.0,2026-07-30,2026-07-28,JUL 2026
2026-07-13 14:45:00+05:30,NIFTY26JULFUT,NSE:NIFTY26JULFUT,24255.7,24269.8,24251.6,24264.4,19370.0,16643250.0,2026-07-30,2026-07-28,JUL 2026
2026-07-13 14:50:00+05:30,NIFTY26JULFUT,NSE:NIFTY26JULFUT,24265.0,24275.0,24256.1,24275.0,24765.0,16645005.0,2026-07-30,2026-07-28,JUL 2026
2026-07-13 14:55:00+05:30,NIFTY26JULFUT,NSE:NIFTY26JULFUT,24275.0,24275.0,24246.3,24251.7,25675.0,16652610.0,2026-07-30,2026-07-28,JUL 2026
2026-07-13 15:00:00+05:30,NIFTY26JULFUT,NSE:NIFTY26JULFUT,24246.3,24258.9,24236.0,24258.0,31265.0,16661385.0,2026-07-30,2026-07-28,JUL 2026
2026-07-13 15:05:00+05:30,NIFTY26JULFUT,NSE:NIFTY26JULFUT,24260.0,24260.7,24245.0,24248.6,20865.0,16658980.0,2026-07-30,2026-07-28,JUL 2026
2026-07-13 15:10:00+05:30,NIFTY26JULFUT,NSE:NIFTY26JULFUT,24248.6,24255.0,24240.0,24252.3,28145.0,16663010.0,2026-07-30,2026-07-28,JUL 2026
2026-07-13 15:15:00+05:30,NIFTY26JULFUT,NSE:NIFTY26JULFUT,24252.3,24253.9,24235.9,24242.3,39780.0,16670095.0,2026-07-30,2026-07-28,JUL 2026
2026-07-13 15:20:00+05:30,NIFTY26JULFUT,NSE:NIFTY26JULFUT,24242.3,24247.3,24231.9,24240.0,66300.0,16687125.0,2026-07-30,2026-07-28,JUL 2026
2026-07-13 15:25:00+05:30,NIFTY26JULFUT,NSE:NIFTY26JULFUT,24240.0,24258.0,24231.0,24249.0,100100.0,16708380.0,2026-07-30,2026-07-28,JUL 2026
2026-07-14 09:15:00+05:30,NIFTY26JULFUT,NSE:NIFTY26JULFUT,24097.5,24134.2,24075.0,24120.0,242775.0,16508050.0,2026-07-30,2026-07-28,JUL 2026
2026-07-14 09:20:00+05:30,NIFTY26JULFUT,NSE:NIFTY26JULFUT,24118.1,24154.0,24115.0,24150.0,115830.0,16521440.0,2026-07-30,2026-07-28,JUL 2026
2026-07-14 09:25:00+05:30,NIFTY26JULFUT,NSE:NIFTY26JULFUT,24149.9,24159.9,24137.0,24140.4,70850.0,16536260.0,2026-07-30,2026-07-28,JUL 2026
2026-07-14 09:30:00+05:30,NIFTY26JULFUT,NSE:NIFTY26JULFUT,24140.0,24147.0,24124.0,24138.9,73060.0,16538925.0,2026-07-30,2026-07-28,JUL 2026
2026-07-14 09:35:00+05:30,NIFTY26JULFUT,NSE:NIFTY26JULFUT,24138.8,24138.8,24097.1,24101.2,85800.0,16546205.0,2026-07-30,2026-07-28,JUL 2026
2026-07-14 09:40:00+05:30,NIFTY26JULFUT,NSE:NIFTY26JULFUT,24105.1,24106.9,24075.2,24106.3,118755.0,16532165.0,2026-07-30,2026-07-28,JUL 2026
2026-07-14 09:45:00+05:30,NIFTY26JULFUT,NSE:NIFTY26JULFUT,24100.0,24104.6,24060.0,24080.8,134225.0,16532750.0,2026-07-30,2026-07-28,JUL 2026
2026-07-14 09:50:00+05:30,NIFTY26JULFUT,NSE:NIFTY26JULFUT,24080.8,24081.7,24065.0,24065.5,40105.0,16526250.0,2026-07-30,2026-07-28,JUL 2026
2026-07-14 09:55:00+05:30,NIFTY26JULFUT,NSE:NIFTY26JULFUT,24066.0,24083.8,24063.0,24081.9,51480.0,16536000.0,2026-07-30,2026-07-28,JUL 2026
2026-07-14 10:00:00+05:30,NIFTY26JULFUT,NSE:NIFTY26JULFUT,24080.0,24094.0,24070.4,24083.9,31590.0,16541785.0,2026-07-30,2026-07-28,JUL 2026
2026-07-14 10:05:00+05:30,NIFTY26JULFUT,NSE:NIFTY26JULFUT,24084.5,24105.3,24076.0,24103.3,28210.0,16545165.0,2026-07-30,2026-07-28,JUL 2026
2026-07-14 10:10:00+05:30,NIFTY26JULFUT,NSE:NIFTY26JULFUT,24104.9,24105.6,24080.0,24080.5,29120.0,16535805.0,2026-07-30,2026-07-28,JUL 2026
2026-07-14 10:15:00+05:30,NIFTY26JULFUT,NSE:NIFTY26JULFUT,24080.0,24091.0,24037.0,24052.0,93600.0,16558295.0,2026-07-30,2026-07-28,JUL 2026
2026-07-14 10:20:00+05:30,NIFTY26JULFUT,NSE:NIFTY26JULFUT,24048.0,24079.0,24046.0,24068.3,57070.0,16559335.0,2026-07-30,2026-07-28,JUL 2026
2026-07-14 10:25:00+05:30,NIFTY26JULFUT,NSE:NIFTY26JULFUT,24068.4,24089.0,24060.0,24084.3,16250.0,16560635.0,2026-07-30,2026-07-28,JUL 2026
2026-07-14 10:30:00+05:30,NIFTY26JULFUT,NSE:NIFTY26JULFUT,24088.5,24111.8,24080.0,24101.0,50375.0,16553940.0,2026-07-30,2026-07-28,JUL 2026
2026-07-14 10:35:00+05:30,NIFTY26JULFUT,NSE:NIFTY26JULFUT,24101.0,24103.4,24080.0,24094.9,21905.0,16546010.0,2026-07-30,2026-07-28,JUL 2026
2026-07-14 10:40:00+05:30,NIFTY26JULFUT,NSE:NIFTY26JULFUT,24092.2,24099.0,24075.0,24099.0,12480.0,16548870.0,2026-07-30,2026-07-28,JUL 2026
2026-07-14 10:45:00+05:30,NIFTY26JULFUT,NSE:NIFTY26JULFUT,24093.6,24117.0,24090.0,24117.0,22620.0,16546790.0,2026-07-30,2026-07-28,JUL 2026
2026-07-14 10:50:00+05:30,NIFTY26JULFUT,NSE:NIFTY26JULFUT,24117.0,24119.0,24107.0,24114.0,21255.0,16546595.0,2026-07-30,2026-07-28,JUL 2026
2026-07-14 10:55:00+05:30,NIFTY26JULFUT,NSE:NIFTY26JULFUT,24113.7,24132.0,24111.0,24121.6,31265.0,16538535.0,2026-07-30,2026-07-28,JUL 2026
2026-07-14 11:00:00+05:30,NIFTY26JULFUT,NSE:NIFTY26JULFUT,24121.6,24131.2,24115.1,24121.0,20865.0,16541135.0,2026-07-30,2026-07-28,JUL 2026
2026-07-14 11:05:00+05:30,NIFTY26JULFUT,NSE:NIFTY26JULFUT,24120.2,24128.9,24112.3,24122.0,14430.0,16541590.0,2026-07-30,2026-07-28,JUL 2026
2026-07-14 11:10:00+05:30,NIFTY26JULFUT,NSE:NIFTY26JULFUT,24117.0,24145.0,24111.8,24138.5,30680.0,16533205.0,2026-07-30,2026-07-28,JUL 2026
2026-07-14 11:15:00+05:30,NIFTY26JULFUT,NSE:NIFTY26JULFUT,24138.5,24141.2,24125.1,24125.1,27950.0,16523845.0,2026-07-30,2026-07-28,JUL 2026
2026-07-14 11:20:00+05:30,NIFTY26JULFUT,NSE:NIFTY26JULFUT,24125.1,24135.0,24111.8,24124.1,14365.0,16527225.0,2026-07-30,2026-07-28,JUL 2026
2026-07-14 11:25:00+05:30,NIFTY26JULFUT,NSE:NIFTY26JULFUT,24134.9,24139.7,24125.0,24137.3,11505.0,16527420.0,2026-07-30,2026-07-28,JUL 2026
2026-07-14 11:30:00+05:30,NIFTY26JULFUT,NSE:NIFTY26JULFUT,24135.0,24139.9,24120.0,24128.7,9230.0,16529630.0,2026-07-30,2026-07-28,JUL 2026
2026-07-14 11:35:00+05:30,NIFTY26JULFUT,NSE:NIFTY26JULFUT,24128.7,24128.7,24100.0,24109.9,17095.0,16533660.0,2026-07-30,2026-07-28,JUL 2026
2026-07-14 11:40:00+05:30,NIFTY26JULFUT,NSE:NIFTY26JULFUT,24109.9,24112.6,24084.0,24095.0,11050.0,16535285.0,2026-07-30,2026-07-28,JUL 2026
2026-07-14 11:45:00+05:30,NIFTY26JULFUT,NSE:NIFTY26JULFUT,24093.0,24105.0,24092.0,24097.1,31265.0,16531710.0,2026-07-30,2026-07-28,JUL 2026
2026-07-14 11:50:00+05:30,NIFTY26JULFUT,NSE:NIFTY26JULFUT,24097.1,24113.0,24096.2,24099.0,31785.0,16524365.0,2026-07-30,2026-07-28,JUL 2026
2026-07-14 11:55:00+05:30,NIFTY26JULFUT,NSE:NIFTY26JULFUT,24095.0,24098.8,24080.0,24098.8,37960.0,16526250.0,2026-07-30,2026-07-28,JUL 2026
2026-07-14 12:00:00+05:30,NIFTY26JULFUT,NSE:NIFTY26JULFUT,24090.0,24109.5,24089.0,24102.1,10595.0,16525665.0,2026-07-30,2026-07-28,JUL 2026
2026-07-14 12:05:00+05:30,NIFTY26JULFUT,NSE:NIFTY26JULFUT,24102.1,24102.1,24075.0,24076.0,20995.0,16531970.0,2026-07-30,2026-07-28,JUL 2026
2026-07-14 12:10:00+05:30,NIFTY26JULFUT,NSE:NIFTY26JULFUT,24076.3,24089.9,24070.0,24081.8,23270.0,16536065.0,2026-07-30,2026-07-28,JUL 2026
2026-07-14 12:15:00+05:30,NIFTY26JULFUT,NSE:NIFTY26JULFUT,24083.3,24083.3,24060.0,24075.9,21320.0,16532230.0,2026-07-30,2026-07-28,JUL 2026
2026-07-14 12:20:00+05:30,NIFTY26JULFUT,NSE:NIFTY26JULFUT,24076.0,24076.1,24056.2,24073.0,37505.0,16536650.0,2026-07-30,2026-07-28,JUL 2026
2026-07-14 12:25:00+05:30,NIFTY26JULFUT,NSE:NIFTY26JULFUT,24066.0,24072.5,24045.0,24052.2,32565.0,16544060.0,2026-07-30,2026-07-28,JUL 2026
2026-07-14 12:30:00+05:30,NIFTY26JULFUT,NSE:NIFTY26JULFUT,24052.2,24065.0,24050.0,24065.0,19695.0,16548350.0,2026-07-30,2026-07-28,JUL 2026
2026-07-14 12:35:00+05:30,NIFTY26JULFUT,NSE:NIFTY26JULFUT,24065.0,24074.6,24056.0,24065.0,27105.0,16551405.0,2026-07-30,2026-07-28,JUL 2026
2026-07-14 12:40:00+05:30,NIFTY26JULFUT,NSE:NIFTY26JULFUT,24064.9,24075.0,24056.0,24061.1,8645.0,16553810.0,2026-07-30,2026-07-28,JUL 2026
2026-07-14 12:45:00+05:30,NIFTY26JULFUT,NSE:NIFTY26JULFUT,24066.7,24073.9,24060.4,24067.0,11505.0,16556150.0,2026-07-30,2026-07-28,JUL 2026
2026-07-14 12:50:00+05:30,NIFTY26JULFUT,NSE:NIFTY26JULFUT,24067.0,24080.0,24063.0,24067.5,27300.0,16558750.0,2026-07-30,2026-07-28,JUL 2026
2026-07-14 12:55:00+05:30,NIFTY26JULFUT,NSE:NIFTY26JULFUT,24067.5,24075.0,24056.0,24056.0,29120.0,16560050.0,2026-07-30,2026-07-28,JUL 2026
2026-07-14 13:00:00+05:30,NIFTY26JULFUT,NSE:NIFTY26JULFUT,24065.0,24069.4,24044.6,24069.4,21645.0,16564080.0,2026-07-30,2026-07-28,JUL 2026
2026-07-14 13:05:00+05:30,NIFTY26JULFUT,NSE:NIFTY26JULFUT,24069.4,24077.5,24063.0,24065.1,28535.0,16565510.0,2026-07-30,2026-07-28,JUL 2026
2026-07-14 13:10:00+05:30,NIFTY26JULFUT,NSE:NIFTY26JULFUT,24070.0,24075.0,24057.0,24060.8,18070.0,16570320.0,2026-07-30,2026-07-28,JUL 2026
2026-07-14 13:15:00+05:30,NIFTY26JULFUT,NSE:NIFTY26JULFUT,24060.8,24073.0,24050.0,24073.0,18655.0,16565705.0,2026-07-30,2026-07-28,JUL 2026
2026-07-14 13:20:00+05:30,NIFTY26JULFUT,NSE:NIFTY26JULFUT,24063.3,24080.3,24063.3,24078.8,22295.0,16560245.0,2026-07-30,2026-07-28,JUL 2026
2026-07-14 13:25:00+05:30,NIFTY26JULFUT,NSE:NIFTY26JULFUT,24078.0,24078.0,24055.0,24075.0,14040.0,16561025.0,2026-07-30,2026-07-28,JUL 2026
2026-07-14 13:30:00+05:30,NIFTY26JULFUT,NSE:NIFTY26JULFUT,24077.8,24079.0,24054.6,24055.0,8905.0,16563690.0,2026-07-30,2026-07-28,JUL 2026
2026-07-14 13:35:00+05:30,NIFTY26JULFUT,NSE:NIFTY26JULFUT,24060.0,24064.3,24018.0,24025.0,98215.0,16576495.0,2026-07-30,2026-07-28,JUL 2026
2026-07-14 13:40:00+05:30,NIFTY26JULFUT,NSE:NIFTY26JULFUT,24025.0,24039.8,24021.4,24039.0,66300.0,16558100.0,2026-07-30,2026-07-28,JUL 2026
2026-07-14 13:45:00+05:30,NIFTY26JULFUT,NSE:NIFTY26JULFUT,24039.0,24050.4,24037.5,24050.0,20865.0,16558815.0,2026-07-30,2026-07-28,JUL 2026
2026-07-14 13:50:00+05:30,NIFTY26JULFUT,NSE:NIFTY26JULFUT,24046.3,24053.5,24032.7,24042.2,44785.0,16571425.0,2026-07-30,2026-07-28,JUL 2026
2026-07-14 13:55:00+05:30,NIFTY26JULFUT,NSE:NIFTY26JULFUT,24042.2,24054.9,24037.9,24044.0,11310.0,16573700.0,2026-07-30,2026-07-28,JUL 2026
2026-07-14 14:00:00+05:30,NIFTY26JULFUT,NSE:NIFTY26JULFUT,24044.0,24055.0,24035.5,24043.7,17485.0,16575390.0,2026-07-30,2026-07-28,JUL 2026
2026-07-14 14:05:00+05:30,NIFTY26JULFUT,NSE:NIFTY26JULFUT,24052.4,24053.8,24030.0,24035.0,18200.0,16575845.0,2026-07-30,2026-07-28,JUL 2026
2026-07-14 14:10:00+05:30,NIFTY26JULFUT,NSE:NIFTY26JULFUT,24030.2,24050.0,24030.2,24047.7,14040.0,16577600.0,2026-07-30,2026-07-28,JUL 2026
2026-07-14 14:15:00+05:30,NIFTY26JULFUT,NSE:NIFTY26JULFUT,24042.2,24050.0,24035.0,24040.8,10400.0,16578120.0,2026-07-30,2026-07-28,JUL 2026
2026-07-14 14:20:00+05:30,NIFTY26JULFUT,NSE:NIFTY26JULFUT,24040.9,24045.4,24024.0,24032.0,36270.0,16554655.0,2026-07-30,2026-07-28,JUL 2026
2026-07-14 14:25:00+05:30,NIFTY26JULFUT,NSE:NIFTY26JULFUT,24034.5,24039.8,24019.9,24031.2,56290.0,16550495.0,2026-07-30,2026-07-28,JUL 2026
2026-07-14 14:30:00+05:30,NIFTY26JULFUT,NSE:NIFTY26JULFUT,24031.2,24040.0,24013.7,24039.0,51545.0,16571295.0,2026-07-30,2026-07-28,JUL 2026
2026-07-14 14:35:00+05:30,NIFTY26JULFUT,NSE:NIFTY26JULFUT,24040.5,24047.4,24025.4,24031.5,17030.0,16559270.0,2026-07-30,2026-07-28,JUL 2026
2026-07-14 14:40:00+05:30,NIFTY26JULFUT,NSE:NIFTY26JULFUT,24032.6,24043.5,24028.5,24028.5,20930.0,16562845.0,2026-07-30,2026-07-28,JUL 2026
2026-07-14 14:45:00+05:30,NIFTY26JULFUT,NSE:NIFTY26JULFUT,24037.5,24038.0,24011.0,24020.0,37245.0,16563170.0,2026-07-30,2026-07-28,JUL 2026
2026-07-14 14:50:00+05:30,NIFTY26JULFUT,NSE:NIFTY26JULFUT,24015.0,24021.9,24010.5,24011.1,47775.0,16549130.0,2026-07-30,2026-07-28,JUL 2026
2026-07-14 14:55:00+05:30,NIFTY26JULFUT,NSE:NIFTY26JULFUT,24011.1,24039.0,24011.0,24025.0,48490.0,16546075.0,2026-07-30,2026-07-28,JUL 2026
2026-07-14 15:00:00+05:30,NIFTY26JULFUT,NSE:NIFTY26JULFUT,24027.1,24046.7,24024.0,24033.1,71305.0,16531905.0,2026-07-30,2026-07-28,JUL 2026
2026-07-14 15:05:00+05:30,NIFTY26JULFUT,NSE:NIFTY26JULFUT,24033.1,24045.0,24031.0,24039.0,37440.0,16528135.0,2026-07-30,2026-07-28,JUL 2026
2026-07-14 15:10:00+05:30,NIFTY26JULFUT,NSE:NIFTY26JULFUT,24035.3,24042.4,24025.0,24031.8,58630.0,16515265.0,2026-07-30,2026-07-28,JUL 2026
2026-07-14 15:15:00+05:30,NIFTY26JULFUT,NSE:NIFTY26JULFUT,24031.8,24031.8,24015.0,24027.0,83395.0,16534180.0,2026-07-30,2026-07-28,JUL 2026
2026-07-14 15:20:00+05:30,NIFTY26JULFUT,NSE:NIFTY26JULFUT,24029.1,24029.1,24015.0,24021.0,104195.0,16545230.0,2026-07-30,2026-07-28,JUL 2026
2026-07-14 15:25:00+05:30,NIFTY26JULFUT,NSE:NIFTY26JULFUT,24021.0,24026.9,24009.0,24022.0,255385.0,16605875.0,2026-07-30,2026-07-28,JUL 2026
2026-07-15 09:15:00+05:30,NIFTY26JULFUT,NSE:NIFTY26JULFUT,24069.0,24155.0,24069.0,24154.1,344240.0,16347695.0,2026-07-30,2026-07-28,JUL 2026
2026-07-15 09:20:00+05:30,NIFTY26JULFUT,NSE:NIFTY26JULFUT,24155.0,24198.6,24155.0,24182.9,175240.0,16321045.0,2026-07-30,2026-07-28,JUL 2026
2026-07-15 09:25:00+05:30,NIFTY26JULFUT,NSE:NIFTY26JULFUT,24187.9,24210.0,24183.5,24188.9,162370.0,16321760.0,2026-07-30,2026-07-28,JUL 2026
2026-07-15 09:30:00+05:30,NIFTY26JULFUT,NSE:NIFTY26JULFUT,24200.0,24223.8,24192.8,24199.0,102830.0,16321890.0,2026-07-30,2026-07-28,JUL 2026
2026-07-15 09:35:00+05:30,NIFTY26JULFUT,NSE:NIFTY26JULFUT,24204.9,24205.9,24191.3,24195.0,38935.0,16299855.0,2026-07-30,2026-07-28,JUL 2026
2026-07-15 09:40:00+05:30,NIFTY26JULFUT,NSE:NIFTY26JULFUT,24195.6,24204.0,24189.3,24197.7,33735.0,16304405.0,2026-07-30,2026-07-28,JUL 2026
2026-07-15 09:45:00+05:30,NIFTY26JULFUT,NSE:NIFTY26JULFUT,24197.7,24210.0,24193.4,24193.4,30940.0,16299595.0,2026-07-30,2026-07-28,JUL 2026
2026-07-15 09:50:00+05:30,NIFTY26JULFUT,NSE:NIFTY26JULFUT,24194.0,24210.0,24192.9,24207.8,18915.0,16287830.0,2026-07-30,2026-07-28,JUL 2026
2026-07-15 09:55:00+05:30,NIFTY26JULFUT,NSE:NIFTY26JULFUT,24207.8,24211.0,24189.0,24193.0,23140.0,16283410.0,2026-07-30,2026-07-28,JUL 2026
2026-07-15 10:00:00+05:30,NIFTY26JULFUT,NSE:NIFTY26JULFUT,24193.0,24198.9,24180.0,24191.4,18395.0,16282305.0,2026-07-30,2026-07-28,JUL 2026
2026-07-15 10:05:00+05:30,NIFTY26JULFUT,NSE:NIFTY26JULFUT,24190.0,24209.0,24186.2,24205.5,13195.0,16278665.0,2026-07-30,2026-07-28,JUL 2026
2026-07-15 10:10:00+05:30,NIFTY26JULFUT,NSE:NIFTY26JULFUT,24194.5,24208.9,24190.0,24208.9,14950.0,16279120.0,2026-07-30,2026-07-28,JUL 2026
2026-07-15 10:15:00+05:30,NIFTY26JULFUT,NSE:NIFTY26JULFUT,24209.0,24228.2,24198.8,24218.0,56485.0,16276260.0,2026-07-30,2026-07-28,JUL 2026
2026-07-15 10:20:00+05:30,NIFTY26JULFUT,NSE:NIFTY26JULFUT,24221.0,24225.2,24212.0,24215.7,22620.0,16284710.0,2026-07-30,2026-07-28,JUL 2026
2026-07-15 10:25:00+05:30,NIFTY26JULFUT,NSE:NIFTY26JULFUT,24218.1,24220.0,24203.0,24210.0,10595.0,16285100.0,2026-07-30,2026-07-28,JUL 2026
2026-07-15 10:30:00+05:30,NIFTY26JULFUT,NSE:NIFTY26JULFUT,24210.0,24215.0,24201.0,24201.5,14495.0,16282305.0,2026-07-30,2026-07-28,JUL 2026
2026-07-15 10:35:00+05:30,NIFTY26JULFUT,NSE:NIFTY26JULFUT,24210.0,24210.0,24193.3,24209.0,13325.0,16280160.0,2026-07-30,2026-07-28,JUL 2026
2026-07-15 10:40:00+05:30,NIFTY26JULFUT,NSE:NIFTY26JULFUT,24209.0,24210.0,24202.9,24209.9,8385.0,16279250.0,2026-07-30,2026-07-28,JUL 2026
2026-07-15 10:45:00+05:30,NIFTY26JULFUT,NSE:NIFTY26JULFUT,24210.0,24211.5,24200.4,24203.4,13975.0,16282760.0,2026-07-30,2026-07-28,JUL 2026
2026-07-15 10:50:00+05:30,NIFTY26JULFUT,NSE:NIFTY26JULFUT,24208.0,24208.4,24195.0,24204.9,10010.0,16283150.0,2026-07-30,2026-07-28,JUL 2026
2026-07-15 10:55:00+05:30,NIFTY26JULFUT,NSE:NIFTY26JULFUT,24204.9,24204.9,24186.2,24186.2,11375.0,16280940.0,2026-07-30,2026-07-28,JUL 2026
2026-07-15 11:00:00+05:30,NIFTY26JULFUT,NSE:NIFTY26JULFUT,24190.0,24200.0,24181.2,24190.0,16120.0,16277430.0,2026-07-30,2026-07-28,JUL 2026
2026-07-15 11:05:00+05:30,NIFTY26JULFUT,NSE:NIFTY26JULFUT,24188.0,24199.8,24188.0,24195.9,6240.0,16279835.0,2026-07-30,2026-07-28,JUL 2026
2026-07-15 11:10:00+05:30,NIFTY26JULFUT,NSE:NIFTY26JULFUT,24195.9,24200.0,24167.6,24170.0,30615.0,16278470.0,2026-07-30,2026-07-28,JUL 2026
2026-07-15 11:15:00+05:30,NIFTY26JULFUT,NSE:NIFTY26JULFUT,24170.0,24190.0,24168.3,24185.5,22490.0,16288155.0,2026-07-30,2026-07-28,JUL 2026
2026-07-15 11:20:00+05:30,NIFTY26JULFUT,NSE:NIFTY26JULFUT,24190.0,24190.0,24173.9,24180.0,9555.0,16289520.0,2026-07-30,2026-07-28,JUL 2026
2026-07-15 11:25:00+05:30,NIFTY26JULFUT,NSE:NIFTY26JULFUT,24180.0,24210.2,24180.0,24208.0,12350.0,16288415.0,2026-07-30,2026-07-28,JUL 2026
2026-07-15 11:30:00+05:30,NIFTY26JULFUT,NSE:NIFTY26JULFUT,24210.0,24219.8,24193.8,24209.9,31135.0,16293030.0,2026-07-30,2026-07-28,JUL 2026
2026-07-15 11:35:00+05:30,NIFTY26JULFUT,NSE:NIFTY26JULFUT,24208.5,24220.0,24195.0,24200.0,23855.0,16294460.0,2026-07-30,2026-07-28,JUL 2026
2026-07-15 11:40:00+05:30,NIFTY26JULFUT,NSE:NIFTY26JULFUT,24195.0,24200.0,24172.0,24172.0,21125.0,16294590.0,2026-07-30,2026-07-28,JUL 2026
2026-07-15 11:45:00+05:30,NIFTY26JULFUT,NSE:NIFTY26JULFUT,24172.0,24186.0,24170.2,24180.0,9035.0,16293680.0,2026-07-30,2026-07-28,JUL 2026
2026-07-15 11:50:00+05:30,NIFTY26JULFUT,NSE:NIFTY26JULFUT,24176.8,24185.0,24166.0,24176.6,19045.0,16294395.0,2026-07-30,2026-07-28,JUL 2026
2026-07-15 11:55:00+05:30,NIFTY26JULFUT,NSE:NIFTY26JULFUT,24185.0,24195.6,24176.6,24182.0,33735.0,16286335.0,2026-07-30,2026-07-28,JUL 2026
2026-07-15 12:00:00+05:30,NIFTY26JULFUT,NSE:NIFTY26JULFUT,24182.0,24189.0,24173.4,24182.1,6500.0,16287570.0,2026-07-30,2026-07-28,JUL 2026
2026-07-15 12:05:00+05:30,NIFTY26JULFUT,NSE:NIFTY26JULFUT,24182.1,24189.9,24182.1,24183.7,5850.0,16285750.0,2026-07-30,2026-07-28,JUL 2026
2026-07-15 12:10:00+05:30,NIFTY26JULFUT,NSE:NIFTY26JULFUT,24183.7,24189.9,24175.3,24189.9,8255.0,16283280.0,2026-07-30,2026-07-28,JUL 2026
2026-07-15 12:15:00+05:30,NIFTY26JULFUT,NSE:NIFTY26JULFUT,24190.0,24193.9,24183.0,24193.9,8060.0,16283605.0,2026-07-30,2026-07-28,JUL 2026
2026-07-15 12:20:00+05:30,NIFTY26JULFUT,NSE:NIFTY26JULFUT,24193.9,24195.0,24175.4,24182.0,9685.0,16284450.0,2026-07-30,2026-07-28,JUL 2026
2026-07-15 12:25:00+05:30,NIFTY26JULFUT,NSE:NIFTY26JULFUT,24185.0,24189.9,24168.1,24178.2,10335.0,16283995.0,2026-07-30,2026-07-28,JUL 2026
2026-07-15 12:30:00+05:30,NIFTY26JULFUT,NSE:NIFTY26JULFUT,24167.0,24180.4,24158.3,24159.7,33215.0,16285360.0,2026-07-30,2026-07-28,JUL 2026
2026-07-15 12:35:00+05:30,NIFTY26JULFUT,NSE:NIFTY26JULFUT,24159.6,24167.0,24135.0,24136.2,63050.0,16288350.0,2026-07-30,2026-07-28,JUL 2026
2026-07-15 12:40:00+05:30,NIFTY26JULFUT,NSE:NIFTY26JULFUT,24136.1,24165.0,24133.0,24164.5,53690.0,16285165.0,2026-07-30,2026-07-28,JUL 2026
2026-07-15 12:45:00+05:30,NIFTY26JULFUT,NSE:NIFTY26JULFUT,24157.0,24164.5,24145.0,24147.0,36335.0,16289715.0,2026-07-30,2026-07-28,JUL 2026
2026-07-15 12:50:00+05:30,NIFTY26JULFUT,NSE:NIFTY26JULFUT,24147.0,24155.9,24121.0,24121.0,44720.0,16302390.0,2026-07-30,2026-07-28,JUL 2026
2026-07-15 12:55:00+05:30,NIFTY26JULFUT,NSE:NIFTY26JULFUT,24123.0,24127.9,23993.1,24036.6,323830.0,16307135.0,2026-07-30,2026-07-28,JUL 2026
2026-07-15 13:00:00+05:30,NIFTY26JULFUT,NSE:NIFTY26JULFUT,24031.1,24072.3,24020.1,24060.0,133510.0,16351725.0,2026-07-30,2026-07-28,JUL 2026
2026-07-15 13:05:00+05:30,NIFTY26JULFUT,NSE:NIFTY26JULFUT,24065.0,24065.0,24032.9,24042.1,49075.0,16382405.0,2026-07-30,2026-07-28,JUL 2026
2026-07-15 13:10:00+05:30,NIFTY26JULFUT,NSE:NIFTY26JULFUT,24042.1,24050.0,24030.0,24040.0,51805.0,16395860.0,2026-07-30,2026-07-28,JUL 2026
2026-07-15 13:15:00+05:30,NIFTY26JULFUT,NSE:NIFTY26JULFUT,24039.0,24085.0,24031.6,24080.0,58370.0,16399695.0,2026-07-30,2026-07-28,JUL 2026
2026-07-15 13:20:00+05:30,NIFTY26JULFUT,NSE:NIFTY26JULFUT,24080.0,24083.0,24060.7,24070.0,25935.0,16411525.0,2026-07-30,2026-07-28,JUL 2026
2026-07-15 13:25:00+05:30,NIFTY26JULFUT,NSE:NIFTY26JULFUT,24070.0,24070.0,24056.5,24065.0,16055.0,16417830.0,2026-07-30,2026-07-28,JUL 2026
2026-07-15 13:30:00+05:30,NIFTY26JULFUT,NSE:NIFTY26JULFUT,24065.0,24070.0,24055.0,24060.0,9295.0,16420365.0,2026-07-30,2026-07-28,JUL 2026
2026-07-15 13:35:00+05:30,NIFTY26JULFUT,NSE:NIFTY26JULFUT,24060.0,24068.8,24045.2,24062.9,23400.0,16428295.0,2026-07-30,2026-07-28,JUL 2026
2026-07-15 13:40:00+05:30,NIFTY26JULFUT,NSE:NIFTY26JULFUT,24062.9,24062.9,24040.6,24054.9,14950.0,16428230.0,2026-07-30,2026-07-28,JUL 2026
2026-07-15 13:45:00+05:30,NIFTY26JULFUT,NSE:NIFTY26JULFUT,24044.9,24070.0,24039.2,24066.4,42770.0,16442335.0,2026-07-30,2026-07-28,JUL 2026
2026-07-15 13:50:00+05:30,NIFTY26JULFUT,NSE:NIFTY26JULFUT,24066.4,24070.3,24030.6,24041.1,52910.0,16448315.0,2026-07-30,2026-07-28,JUL 2026
2026-07-15 13:55:00+05:30,NIFTY26JULFUT,NSE:NIFTY26JULFUT,24051.3,24080.0,24041.1,24080.0,24050.0,16443115.0,2026-07-30,2026-07-28,JUL 2026
2026-07-15 14:00:00+05:30,NIFTY26JULFUT,NSE:NIFTY26JULFUT,24081.0,24085.0,24070.0,24072.0,23920.0,16445845.0,2026-07-30,2026-07-28,JUL 2026
2026-07-15 14:05:00+05:30,NIFTY26JULFUT,NSE:NIFTY26JULFUT,24070.0,24097.0,24066.1,24090.0,31915.0,16450135.0,2026-07-30,2026-07-28,JUL 2026
2026-07-15 14:10:00+05:30,NIFTY26JULFUT,NSE:NIFTY26JULFUT,24085.2,24090.1,24075.0,24082.1,11245.0,16452865.0,2026-07-30,2026-07-28,JUL 2026
2026-07-15 14:15:00+05:30,NIFTY26JULFUT,NSE:NIFTY26JULFUT,24082.1,24098.0,24072.0,24072.5,19435.0,16457090.0,2026-07-30,2026-07-28,JUL 2026
2026-07-15 14:20:00+05:30,NIFTY26JULFUT,NSE:NIFTY26JULFUT,24072.5,24083.9,24070.0,24074.3,11635.0,16461575.0,2026-07-30,2026-07-28,JUL 2026
2026-07-15 14:25:00+05:30,NIFTY26JULFUT,NSE:NIFTY26JULFUT,24075.0,24079.1,24060.2,24079.0,9685.0,16462940.0,2026-07-30,2026-07-28,JUL 2026
2026-07-15 14:30:00+05:30,NIFTY26JULFUT,NSE:NIFTY26JULFUT,24079.0,24079.0,24061.9,24078.9,7150.0,16462680.0,2026-07-30,2026-07-28,JUL 2026
2026-07-15 14:35:00+05:30,NIFTY26JULFUT,NSE:NIFTY26JULFUT,24078.9,24100.0,24070.0,24100.0,23855.0,16427060.0,2026-07-30,2026-07-28,JUL 2026
2026-07-15 14:40:00+05:30,NIFTY26JULFUT,NSE:NIFTY26JULFUT,24100.0,24105.0,24088.0,24096.9,22360.0,16424200.0,2026-07-30,2026-07-28,JUL 2026
2026-07-15 14:45:00+05:30,NIFTY26JULFUT,NSE:NIFTY26JULFUT,24096.9,24099.9,24072.0,24075.1,15795.0,16419780.0,2026-07-30,2026-07-28,JUL 2026
2026-07-15 14:50:00+05:30,NIFTY26JULFUT,NSE:NIFTY26JULFUT,24075.1,24082.9,24065.0,24075.0,11830.0,16412370.0,2026-07-30,2026-07-28,JUL 2026
2026-07-15 14:55:00+05:30,NIFTY26JULFUT,NSE:NIFTY26JULFUT,24068.2,24079.0,24055.3,24058.1,16315.0,16419520.0,2026-07-30,2026-07-28,JUL 2026
2026-07-15 15:00:00+05:30,NIFTY26JULFUT,NSE:NIFTY26JULFUT,24060.0,24083.4,24045.8,24060.7,51545.0,16432130.0,2026-07-30,2026-07-28,JUL 2026
2026-07-15 15:05:00+05:30,NIFTY26JULFUT,NSE:NIFTY26JULFUT,24060.7,24075.0,24060.0,24062.0,19110.0,16426670.0,2026-07-30,2026-07-28,JUL 2026
2026-07-15 15:10:00+05:30,NIFTY26JULFUT,NSE:NIFTY26JULFUT,24070.5,24078.0,24060.3,24078.0,14885.0,16430960.0,2026-07-30,2026-07-28,JUL 2026
2026-07-15 15:15:00+05:30,NIFTY26JULFUT,NSE:NIFTY26JULFUT,24070.0,24078.0,24060.0,24075.0,21645.0,16432390.0,2026-07-30,2026-07-28,JUL 2026
2026-07-15 15:20:00+05:30,NIFTY26JULFUT,NSE:NIFTY26JULFUT,24075.0,24079.9,24061.0,24073.9,48360.0,16429270.0,2026-07-30,2026-07-28,JUL 2026
2026-07-15 15:25:00+05:30,NIFTY26JULFUT,NSE:NIFTY26JULFUT,24073.8,24079.9,24070.0,24072.0,70460.0,16429530.0,2026-07-30,2026-07-28,JUL 2026
2026-07-16 09:15:00+05:30,NIFTY26JULFUT,NSE:NIFTY26JULFUT,24120.0,24180.0,24115.0,24178.0,205140.0,16301025.0,2026-07-30,2026-07-28,JUL 2026
2026-07-16 09:20:00+05:30,NIFTY26JULFUT,NSE:NIFTY26JULFUT,24178.0,24191.3,24149.5,24164.3,94965.0,16291275.0,2026-07-30,2026-07-28,JUL 2026
2026-07-16 09:25:00+05:30,NIFTY26JULFUT,NSE:NIFTY26JULFUT,24164.3,24170.0,24135.1,24150.1,47645.0,16288935.0,2026-07-30,2026-07-28,JUL 2026
2026-07-16 09:30:00+05:30,NIFTY26JULFUT,NSE:NIFTY26JULFUT,24150.1,24167.1,24131.0,24140.0,65260.0,16254095.0,2026-07-30,2026-07-28,JUL 2026
2026-07-16 09:35:00+05:30,NIFTY26JULFUT,NSE:NIFTY26JULFUT,24132.3,24144.9,24121.9,24130.5,51285.0,16238950.0,2026-07-30,2026-07-28,JUL 2026
2026-07-16 09:40:00+05:30,NIFTY26JULFUT,NSE:NIFTY26JULFUT,24131.0,24163.0,24124.3,24155.0,50635.0,16225820.0,2026-07-30,2026-07-28,JUL 2026
2026-07-16 09:45:00+05:30,NIFTY26JULFUT,NSE:NIFTY26JULFUT,24163.9,24164.9,24142.0,24143.0,47320.0,16215095.0,2026-07-30,2026-07-28,JUL 2026
2026-07-16 09:50:00+05:30,NIFTY26JULFUT,NSE:NIFTY26JULFUT,24142.4,24147.6,24133.3,24147.0,30485.0,16193450.0,2026-07-30,2026-07-28,JUL 2026
2026-07-16 09:55:00+05:30,NIFTY26JULFUT,NSE:NIFTY26JULFUT,24141.2,24165.0,24141.0,24155.0,34710.0,16188315.0,2026-07-30,2026-07-28,JUL 2026
2026-07-16 10:00:00+05:30,NIFTY26JULFUT,NSE:NIFTY26JULFUT,24153.7,24160.0,24143.8,24153.0,15080.0,16172260.0,2026-07-30,2026-07-28,JUL 2026
2026-07-16 10:05:00+05:30,NIFTY26JULFUT,NSE:NIFTY26JULFUT,24153.0,24153.0,24138.7,24141.0,13130.0,16157960.0,2026-07-30,2026-07-28,JUL 2026
2026-07-16 10:10:00+05:30,NIFTY26JULFUT,NSE:NIFTY26JULFUT,24141.0,24150.0,24135.6,24148.0,13390.0,16154060.0,2026-07-30,2026-07-28,JUL 2026
2026-07-16 10:15:00+05:30,NIFTY26JULFUT,NSE:NIFTY26JULFUT,24148.0,24156.9,24136.2,24149.0,23465.0,16134495.0,2026-07-30,2026-07-28,JUL 2026
2026-07-16 10:20:00+05:30,NIFTY26JULFUT,NSE:NIFTY26JULFUT,24149.0,24153.8,24138.6,24144.0,10140.0,16130855.0,2026-07-30,2026-07-28,JUL 2026
2026-07-16 10:25:00+05:30,NIFTY26JULFUT,NSE:NIFTY26JULFUT,24144.0,24152.5,24124.6,24148.7,43680.0,16131960.0,2026-07-30,2026-07-28,JUL 2026
2026-07-16 10:30:00+05:30,NIFTY26JULFUT,NSE:NIFTY26JULFUT,24148.7,24149.8,24135.1,24145.0,90480.0,16145090.0,2026-07-30,2026-07-28,JUL 2026
2026-07-16 10:35:00+05:30,NIFTY26JULFUT,NSE:NIFTY26JULFUT,24144.7,24146.0,24133.0,24144.8,264550.0,16168490.0,2026-07-30,2026-07-28,JUL 2026
2026-07-16 10:40:00+05:30,NIFTY26JULFUT,NSE:NIFTY26JULFUT,24140.0,24155.9,24136.6,24153.9,15470.0,16105570.0,2026-07-30,2026-07-28,JUL 2026
2026-07-16 10:45:00+05:30,NIFTY26JULFUT,NSE:NIFTY26JULFUT,24153.9,24178.0,24150.1,24175.5,45890.0,15812745.0,2026-07-30,2026-07-28,JUL 2026
2026-07-16 10:50:00+05:30,NIFTY26JULFUT,NSE:NIFTY26JULFUT,24175.0,24189.0,24173.0,24184.2,59540.0,15796105.0,2026-07-30,2026-07-28,JUL 2026
2026-07-16 10:55:00+05:30,NIFTY26JULFUT,NSE:NIFTY26JULFUT,24183.0,24199.0,24183.0,24197.8,71825.0,15777255.0,2026-07-30,2026-07-28,JUL 2026
2026-07-16 11:00:00+05:30,NIFTY26JULFUT,NSE:NIFTY26JULFUT,24197.8,24220.0,24197.1,24200.0,118105.0,15773290.0,2026-07-30,2026-07-28,JUL 2026
2026-07-16 11:05:00+05:30,NIFTY26JULFUT,NSE:NIFTY26JULFUT,24205.0,24209.0,24185.0,24192.0,47645.0,15782260.0,2026-07-30,2026-07-28,JUL 2026
2026-07-16 11:10:00+05:30,NIFTY26JULFUT,NSE:NIFTY26JULFUT,24192.0,24199.0,24180.0,24183.1,23725.0,15784145.0,2026-07-30,2026-07-28,JUL 2026
2026-07-16 11:15:00+05:30,NIFTY26JULFUT,NSE:NIFTY26JULFUT,24183.1,24193.4,24174.0,24178.1,23595.0,15781935.0,2026-07-30,2026-07-28,JUL 2026
2026-07-16 11:20:00+05:30,NIFTY26JULFUT,NSE:NIFTY26JULFUT,24178.1,24187.7,24176.0,24183.3,16575.0,15784730.0,2026-07-30,2026-07-28,JUL 2026
2026-07-16 11:25:00+05:30,NIFTY26JULFUT,NSE:NIFTY26JULFUT,24183.0,24186.0,24175.1,24177.0,14820.0,15777840.0,2026-07-30,2026-07-28,JUL 2026
2026-07-16 11:30:00+05:30,NIFTY26JULFUT,NSE:NIFTY26JULFUT,24176.8,24188.7,24172.1,24180.4,15275.0,15779595.0,2026-07-30,2026-07-28,JUL 2026
2026-07-16 11:35:00+05:30,NIFTY26JULFUT,NSE:NIFTY26JULFUT,24180.4,24190.8,24172.0,24190.0,30355.0,15777515.0,2026-07-30,2026-07-28,JUL 2026
2026-07-16 11:40:00+05:30,NIFTY26JULFUT,NSE:NIFTY26JULFUT,24190.0,24195.0,24175.0,24177.0,11960.0,15771925.0,2026-07-30,2026-07-28,JUL 2026
2026-07-16 11:45:00+05:30,NIFTY26JULFUT,NSE:NIFTY26JULFUT,24177.0,24185.0,24175.3,24183.7,10140.0,15761005.0,2026-07-30,2026-07-28,JUL 2026
2026-07-16 11:50:00+05:30,NIFTY26JULFUT,NSE:NIFTY26JULFUT,24178.9,24183.9,24163.2,24183.1,12675.0,15757105.0,2026-07-30,2026-07-28,JUL 2026
2026-07-16 11:55:00+05:30,NIFTY26JULFUT,NSE:NIFTY26JULFUT,24183.1,24183.1,24170.4,24179.8,9880.0,15749565.0,2026-07-30,2026-07-28,JUL 2026
2026-07-16 12:00:00+05:30,NIFTY26JULFUT,NSE:NIFTY26JULFUT,24174.2,24184.0,24156.0,24158.9,26325.0,15747355.0,2026-07-30,2026-07-28,JUL 2026
2026-07-16 12:05:00+05:30,NIFTY26JULFUT,NSE:NIFTY26JULFUT,24155.4,24160.0,24150.1,24157.4,13455.0,15734225.0,2026-07-30,2026-07-28,JUL 2026
2026-07-16 12:10:00+05:30,NIFTY26JULFUT,NSE:NIFTY26JULFUT,24157.4,24165.0,24152.0,24152.1,6045.0,15732015.0,2026-07-30,2026-07-28,JUL 2026
2026-07-16 12:15:00+05:30,NIFTY26JULFUT,NSE:NIFTY26JULFUT,24152.1,24160.0,24152.1,24156.3,4810.0,15733315.0,2026-07-30,2026-07-28,JUL 2026
2026-07-16 12:20:00+05:30,NIFTY26JULFUT,NSE:NIFTY26JULFUT,24156.4,24165.0,24150.1,24164.0,10010.0,15734420.0,2026-07-30,2026-07-28,JUL 2026
2026-07-16 12:25:00+05:30,NIFTY26JULFUT,NSE:NIFTY26JULFUT,24154.1,24191.8,24154.1,24190.7,17550.0,15737215.0,2026-07-30,2026-07-28,JUL 2026
2026-07-16 12:30:00+05:30,NIFTY26JULFUT,NSE:NIFTY26JULFUT,24190.4,24190.4,24166.0,24170.0,20020.0,15743910.0,2026-07-30,2026-07-28,JUL 2026
2026-07-16 12:35:00+05:30,NIFTY26JULFUT,NSE:NIFTY26JULFUT,24177.0,24178.4,24160.0,24160.5,13845.0,15751775.0,2026-07-30,2026-07-28,JUL 2026
2026-07-16 12:40:00+05:30,NIFTY26JULFUT,NSE:NIFTY26JULFUT,24160.0,24170.4,24145.0,24155.0,22555.0,15752555.0,2026-07-30,2026-07-28,JUL 2026
2026-07-16 12:45:00+05:30,NIFTY26JULFUT,NSE:NIFTY26JULFUT,24146.5,24158.9,24145.0,24156.8,16250.0,15758340.0,2026-07-30,2026-07-28,JUL 2026
2026-07-16 12:50:00+05:30,NIFTY26JULFUT,NSE:NIFTY26JULFUT,24157.1,24157.2,24140.0,24150.0,20540.0,15765620.0,2026-07-30,2026-07-28,JUL 2026
2026-07-16 12:55:00+05:30,NIFTY26JULFUT,NSE:NIFTY26JULFUT,24141.5,24152.0,24139.0,24140.0,17290.0,15768480.0,2026-07-30,2026-07-28,JUL 2026
2026-07-16 13:00:00+05:30,NIFTY26JULFUT,NSE:NIFTY26JULFUT,24144.8,24149.0,24125.0,24149.0,39260.0,15774330.0,2026-07-30,2026-07-28,JUL 2026
2026-07-16 13:05:00+05:30,NIFTY26JULFUT,NSE:NIFTY26JULFUT,24150.0,24151.2,24135.0,24148.3,17940.0,15784990.0,2026-07-30,2026-07-28,JUL 2026
2026-07-16 13:10:00+05:30,NIFTY26JULFUT,NSE:NIFTY26JULFUT,24138.0,24149.3,24130.1,24136.0,21840.0,15794220.0,2026-07-30,2026-07-28,JUL 2026
2026-07-16 13:15:00+05:30,NIFTY26JULFUT,NSE:NIFTY26JULFUT,24136.0,24142.9,24125.0,24136.6,25415.0,15799550.0,2026-07-30,2026-07-28,JUL 2026
2026-07-16 13:20:00+05:30,NIFTY26JULFUT,NSE:NIFTY26JULFUT,24136.5,24141.9,24126.0,24133.2,23400.0,15809170.0,2026-07-30,2026-07-28,JUL 2026
2026-07-16 13:25:00+05:30,NIFTY26JULFUT,NSE:NIFTY26JULFUT,24130.0,24133.3,24115.1,24123.9,63245.0,15825225.0,2026-07-30,2026-07-28,JUL 2026
2026-07-16 13:30:00+05:30,NIFTY26JULFUT,NSE:NIFTY26JULFUT,24120.0,24120.0,24085.0,24095.0,111150.0,15840695.0,2026-07-30,2026-07-28,JUL 2026
2026-07-16 13:35:00+05:30,NIFTY26JULFUT,NSE:NIFTY26JULFUT,24095.0,24100.8,24066.0,24070.0,69940.0,15852655.0,2026-07-30,2026-07-28,JUL 2026
2026-07-16 13:40:00+05:30,NIFTY26JULFUT,NSE:NIFTY26JULFUT,24070.0,24074.3,24055.2,24059.8,58045.0,15865590.0,2026-07-30,2026-07-28,JUL 2026
2026-07-16 13:45:00+05:30,NIFTY26JULFUT,NSE:NIFTY26JULFUT,24060.0,24072.0,24059.6,24067.6,46540.0,15872805.0,2026-07-30,2026-07-28,JUL 2026
2026-07-16 13:50:00+05:30,NIFTY26JULFUT,NSE:NIFTY26JULFUT,24066.1,24090.0,24065.8,24074.0,44525.0,15881580.0,2026-07-30,2026-07-28,JUL 2026
2026-07-16 13:55:00+05:30,NIFTY26JULFUT,NSE:NIFTY26JULFUT,24087.9,24105.0,24075.2,24099.0,28405.0,15886585.0,2026-07-30,2026-07-28,JUL 2026
2026-07-16 14:00:00+05:30,NIFTY26JULFUT,NSE:NIFTY26JULFUT,24093.6,24109.8,24089.4,24103.3,22360.0,15895035.0,2026-07-30,2026-07-28,JUL 2026
2026-07-16 14:05:00+05:30,NIFTY26JULFUT,NSE:NIFTY26JULFUT,24092.5,24110.0,24092.5,24100.0,23725.0,15903420.0,2026-07-30,2026-07-28,JUL 2026
2026-07-16 14:10:00+05:30,NIFTY26JULFUT,NSE:NIFTY26JULFUT,24100.0,24109.9,24092.0,24100.0,21385.0,15907450.0,2026-07-30,2026-07-28,JUL 2026
2026-07-16 14:15:00+05:30,NIFTY26JULFUT,NSE:NIFTY26JULFUT,24095.0,24120.8,24092.5,24115.8,38090.0,15907710.0,2026-07-30,2026-07-28,JUL 2026
2026-07-16 14:20:00+05:30,NIFTY26JULFUT,NSE:NIFTY26JULFUT,24115.7,24115.7,24090.7,24104.1,19825.0,15671370.0,2026-07-30,2026-07-28,JUL 2026
2026-07-16 14:25:00+05:30,NIFTY26JULFUT,NSE:NIFTY26JULFUT,24104.1,24104.8,24090.0,24103.3,32240.0,15666690.0,2026-07-30,2026-07-28,JUL 2026
2026-07-16 14:30:00+05:30,NIFTY26JULFUT,NSE:NIFTY26JULFUT,24103.8,24114.9,24097.4,24108.0,34060.0,15668380.0,2026-07-30,2026-07-28,JUL 2026
2026-07-16 14:35:00+05:30,NIFTY26JULFUT,NSE:NIFTY26JULFUT,24107.6,24111.4,24100.0,24104.3,20540.0,15654990.0,2026-07-30,2026-07-28,JUL 2026
2026-07-16 14:40:00+05:30,NIFTY26JULFUT,NSE:NIFTY26JULFUT,24106.0,24113.9,24090.0,24113.0,37895.0,15659735.0,2026-07-30,2026-07-28,JUL 2026
2026-07-16 14:45:00+05:30,NIFTY26JULFUT,NSE:NIFTY26JULFUT,24113.0,24113.9,24099.0,24100.0,17550.0,15659150.0,2026-07-30,2026-07-28,JUL 2026
2026-07-16 14:50:00+05:30,NIFTY26JULFUT,NSE:NIFTY26JULFUT,24095.3,24112.2,24095.0,24112.0,17550.0,15655835.0,2026-07-30,2026-07-28,JUL 2026
2026-07-16 14:55:00+05:30,NIFTY26JULFUT,NSE:NIFTY26JULFUT,24112.0,24125.0,24104.1,24121.3,45565.0,15637245.0,2026-07-30,2026-07-28,JUL 2026
2026-07-16 15:00:00+05:30,NIFTY26JULFUT,NSE:NIFTY26JULFUT,24124.8,24134.8,24085.0,24085.0,71760.0,15642965.0,2026-07-30,2026-07-28,JUL 2026
2026-07-16 15:05:00+05:30,NIFTY26JULFUT,NSE:NIFTY26JULFUT,24085.2,24102.9,24085.2,24085.7,40560.0,15655445.0,2026-07-30,2026-07-28,JUL 2026
2026-07-16 15:10:00+05:30,NIFTY26JULFUT,NSE:NIFTY26JULFUT,24098.4,24103.0,24085.7,24094.0,36985.0,15655185.0,2026-07-30,2026-07-28,JUL 2026
2026-07-16 15:15:00+05:30,NIFTY26JULFUT,NSE:NIFTY26JULFUT,24101.0,24105.0,24090.0,24095.1,49400.0,15649400.0,2026-07-30,2026-07-28,JUL 2026
2026-07-16 15:20:00+05:30,NIFTY26JULFUT,NSE:NIFTY26JULFUT,24100.9,24100.9,24087.0,24098.0,94705.0,15659800.0,2026-07-30,2026-07-28,JUL 2026
2026-07-16 15:25:00+05:30,NIFTY26JULFUT,NSE:NIFTY26JULFUT,24095.0,24103.7,24086.7,24100.0,105040.0,15671110.0,2026-07-30,2026-07-28,JUL 2026
2026-07-17 09:15:00+05:30,NIFTY26JULFUT,NSE:NIFTY26JULFUT,24096.1,24185.0,24083.3,24180.0,246350.0,15475980.0,2026-07-30,2026-07-28,JUL 2026
2026-07-17 09:20:00+05:30,NIFTY26JULFUT,NSE:NIFTY26JULFUT,24180.0,24190.0,24169.5,24178.2,135070.0,15498860.0,2026-07-30,2026-07-28,JUL 2026
2026-07-17 09:25:00+05:30,NIFTY26JULFUT,NSE:NIFTY26JULFUT,24182.0,24198.0,24181.5,24198.0,115245.0,15466100.0,2026-07-30,2026-07-28,JUL 2026
2026-07-17 09:30:00+05:30,NIFTY26JULFUT,NSE:NIFTY26JULFUT,24199.0,24212.0,24181.1,24196.5,144170.0,15425865.0,2026-07-30,2026-07-28,JUL 2026
2026-07-17 09:35:00+05:30,NIFTY26JULFUT,NSE:NIFTY26JULFUT,24197.7,24209.0,24186.1,24201.0,81770.0,15418260.0,2026-07-30,2026-07-28,JUL 2026
2026-07-17 09:40:00+05:30,NIFTY26JULFUT,NSE:NIFTY26JULFUT,24201.0,24218.0,24198.0,24213.6,106210.0,15414620.0,2026-07-30,2026-07-28,JUL 2026
2026-07-17 09:45:00+05:30,NIFTY26JULFUT,NSE:NIFTY26JULFUT,24215.0,24230.0,24211.0,24221.2,129415.0,15399020.0,2026-07-30,2026-07-28,JUL 2026
2026-07-17 09:50:00+05:30,NIFTY26JULFUT,NSE:NIFTY26JULFUT,24221.3,24228.2,24209.8,24224.0,78390.0,15390765.0,2026-07-30,2026-07-28,JUL 2026
2026-07-17 09:55:00+05:30,NIFTY26JULFUT,NSE:NIFTY26JULFUT,24224.0,24224.1,24194.0,24214.8,48295.0,15380690.0,2026-07-30,2026-07-28,JUL 2026
2026-07-17 10:00:00+05:30,NIFTY26JULFUT,NSE:NIFTY26JULFUT,24205.0,24215.0,24187.6,24194.0,42640.0,15372370.0,2026-07-30,2026-07-28,JUL 2026
2026-07-17 10:05:00+05:30,NIFTY26JULFUT,NSE:NIFTY26JULFUT,24190.0,24215.0,24186.8,24210.0,34840.0,15362165.0,2026-07-30,2026-07-28,JUL 2026
2026-07-17 10:10:00+05:30,NIFTY26JULFUT,NSE:NIFTY26JULFUT,24210.1,24227.0,24200.6,24218.4,57850.0,15359565.0,2026-07-30,2026-07-28,JUL 2026
2026-07-17 10:15:00+05:30,NIFTY26JULFUT,NSE:NIFTY26JULFUT,24218.4,24272.7,24218.4,24260.6,196755.0,15324855.0,2026-07-30,2026-07-28,JUL 2026
2026-07-17 10:20:00+05:30,NIFTY26JULFUT,NSE:NIFTY26JULFUT,24260.8,24265.0,24235.0,24249.0,61100.0,15307825.0,2026-07-30,2026-07-28,JUL 2026
2026-07-17 10:25:00+05:30,NIFTY26JULFUT,NSE:NIFTY26JULFUT,24240.5,24265.0,24237.0,24264.0,82550.0,15307110.0,2026-07-30,2026-07-28,JUL 2026
2026-07-17 10:30:00+05:30,NIFTY26JULFUT,NSE:NIFTY26JULFUT,24260.2,24275.0,24252.2,24269.5,93860.0,15304315.0,2026-07-30,2026-07-28,JUL 2026
2026-07-17 10:35:00+05:30,NIFTY26JULFUT,NSE:NIFTY26JULFUT,24269.7,24270.0,24245.0,24249.0,39650.0,15292550.0,2026-07-30,2026-07-28,JUL 2026
2026-07-17 10:40:00+05:30,NIFTY26JULFUT,NSE:NIFTY26JULFUT,24249.0,24260.0,24229.1,24236.2,48620.0,15268955.0,2026-07-30,2026-07-28,JUL 2026
2026-07-17 10:45:00+05:30,NIFTY26JULFUT,NSE:NIFTY26JULFUT,24241.0,24242.0,24226.2,24226.2,38155.0,15261740.0,2026-07-30,2026-07-28,JUL 2026
2026-07-17 10:50:00+05:30,NIFTY26JULFUT,NSE:NIFTY26JULFUT,24228.0,24240.4,24221.8,24235.0,33670.0,15254135.0,2026-07-30,2026-07-28,JUL 2026
2026-07-17 10:55:00+05:30,NIFTY26JULFUT,NSE:NIFTY26JULFUT,24235.0,24240.0,24223.6,24231.5,33865.0,15251795.0,2026-07-30,2026-07-28,JUL 2026
2026-07-17 11:00:00+05:30,NIFTY26JULFUT,NSE:NIFTY26JULFUT,24231.3,24239.0,24221.1,24235.0,71045.0,15246725.0,2026-07-30,2026-07-28,JUL 2026
2026-07-17 11:05:00+05:30,NIFTY26JULFUT,NSE:NIFTY26JULFUT,24235.0,24246.8,24206.5,24212.6,152880.0,15283775.0,2026-07-30,2026-07-28,JUL 2026
2026-07-17 11:10:00+05:30,NIFTY26JULFUT,NSE:NIFTY26JULFUT,24218.5,24224.0,24202.9,24209.8,100230.0,15296905.0,2026-07-30,2026-07-28,JUL 2026
2026-07-17 11:15:00+05:30,NIFTY26JULFUT,NSE:NIFTY26JULFUT,24209.0,24222.5,24204.4,24215.4,69420.0,15273440.0,2026-07-30,2026-07-28,JUL 2026
2026-07-17 11:20:00+05:30,NIFTY26JULFUT,NSE:NIFTY26JULFUT,24215.2,24229.0,24208.4,24217.6,74165.0,15269735.0,2026-07-30,2026-07-28,JUL 2026
2026-07-17 11:25:00+05:30,NIFTY26JULFUT,NSE:NIFTY26JULFUT,24220.4,24228.0,24207.3,24214.6,70070.0,15307695.0,2026-07-30,2026-07-28,JUL 2026
2026-07-17 11:30:00+05:30,NIFTY26JULFUT,NSE:NIFTY26JULFUT,24214.2,24230.0,24212.7,24227.7,49400.0,15300545.0,2026-07-30,2026-07-28,JUL 2026
2026-07-17 11:35:00+05:30,NIFTY26JULFUT,NSE:NIFTY26JULFUT,24225.7,24237.5,24219.0,24231.5,34450.0,15300350.0,2026-07-30,2026-07-28,JUL 2026
2026-07-17 11:40:00+05:30,NIFTY26JULFUT,NSE:NIFTY26JULFUT,24231.5,24244.3,24227.2,24244.0,47190.0,15288845.0,2026-07-30,2026-07-28,JUL 2026
2026-07-17 11:45:00+05:30,NIFTY26JULFUT,NSE:NIFTY26JULFUT,24241.2,24249.7,24230.0,24240.0,22490.0,15287415.0,2026-07-30,2026-07-28,JUL 2026
2026-07-17 11:50:00+05:30,NIFTY26JULFUT,NSE:NIFTY26JULFUT,24242.1,24259.0,24241.4,24254.0,33865.0,15278510.0,2026-07-30,2026-07-28,JUL 2026
2026-07-17 11:55:00+05:30,NIFTY26JULFUT,NSE:NIFTY26JULFUT,24258.7,24258.7,24245.0,24253.9,43940.0,15273245.0,2026-07-30,2026-07-28,JUL 2026
2026-07-17 12:00:00+05:30,NIFTY26JULFUT,NSE:NIFTY26JULFUT,24251.2,24255.0,24241.0,24250.0,27560.0,15261220.0,2026-07-30,2026-07-28,JUL 2026
2026-07-17 12:05:00+05:30,NIFTY26JULFUT,NSE:NIFTY26JULFUT,24246.1,24252.3,24233.0,24245.3,30095.0,15267395.0,2026-07-30,2026-07-28,JUL 2026
2026-07-17 12:10:00+05:30,NIFTY26JULFUT,NSE:NIFTY26JULFUT,24245.4,24254.9,24240.0,24249.7,38090.0,15164760.0,2026-07-30,2026-07-28,JUL 2026
2026-07-17 12:15:00+05:30,NIFTY26JULFUT,NSE:NIFTY26JULFUT,24253.7,24255.0,24234.1,24245.7,31525.0,15168530.0,2026-07-30,2026-07-28,JUL 2026
2026-07-17 12:20:00+05:30,NIFTY26JULFUT,NSE:NIFTY26JULFUT,24247.7,24256.3,24241.6,24251.2,40690.0,15168010.0,2026-07-30,2026-07-28,JUL 2026
2026-07-17 12:25:00+05:30,NIFTY26JULFUT,NSE:NIFTY26JULFUT,24256.2,24260.0,24248.5,24248.5,34970.0,15176395.0,2026-07-30,2026-07-28,JUL 2026
2026-07-17 12:30:00+05:30,NIFTY26JULFUT,NSE:NIFTY26JULFUT,24247.0,24255.0,24246.3,24255.0,24310.0,15160015.0,2026-07-30,2026-07-28,JUL 2026
2026-07-17 12:35:00+05:30,NIFTY26JULFUT,NSE:NIFTY26JULFUT,24254.9,24257.5,24245.1,24247.0,33800.0,15149225.0,2026-07-30,2026-07-28,JUL 2026
2026-07-17 12:40:00+05:30,NIFTY26JULFUT,NSE:NIFTY26JULFUT,24247.0,24255.0,24233.4,24248.9,28210.0,15152280.0,2026-07-30,2026-07-28,JUL 2026
2026-07-17 12:45:00+05:30,NIFTY26JULFUT,NSE:NIFTY26JULFUT,24250.0,24275.0,24250.0,24267.4,101270.0,15185560.0,2026-07-30,2026-07-28,JUL 2026
2026-07-17 12:50:00+05:30,NIFTY26JULFUT,NSE:NIFTY26JULFUT,24267.4,24269.7,24231.8,24240.5,41795.0,15189460.0,2026-07-30,2026-07-28,JUL 2026
2026-07-17 12:55:00+05:30,NIFTY26JULFUT,NSE:NIFTY26JULFUT,24240.5,24255.0,24232.5,24248.6,36660.0,15161315.0,2026-07-30,2026-07-28,JUL 2026
2026-07-17 13:00:00+05:30,NIFTY26JULFUT,NSE:NIFTY26JULFUT,24254.0,24260.0,24245.1,24249.0,25545.0,15159105.0,2026-07-30,2026-07-28,JUL 2026
2026-07-17 13:05:00+05:30,NIFTY26JULFUT,NSE:NIFTY26JULFUT,24249.0,24255.0,24245.0,24247.0,21515.0,15156375.0,2026-07-30,2026-07-28,JUL 2026
2026-07-17 13:10:00+05:30,NIFTY26JULFUT,NSE:NIFTY26JULFUT,24245.0,24255.0,24245.0,24255.0,35165.0,15145715.0,2026-07-30,2026-07-28,JUL 2026
2026-07-17 13:15:00+05:30,NIFTY26JULFUT,NSE:NIFTY26JULFUT,24251.4,24253.3,24235.6,24242.9,35100.0,15158585.0,2026-07-30,2026-07-28,JUL 2026
2026-07-17 13:20:00+05:30,NIFTY26JULFUT,NSE:NIFTY26JULFUT,24239.7,24249.4,24231.0,24231.5,27820.0,15151760.0,2026-07-30,2026-07-28,JUL 2026
2026-07-17 13:25:00+05:30,NIFTY26JULFUT,NSE:NIFTY26JULFUT,24231.5,24242.8,24227.0,24234.0,33865.0,15141945.0,2026-07-30,2026-07-28,JUL 2026
2026-07-17 13:30:00+05:30,NIFTY26JULFUT,NSE:NIFTY26JULFUT,24236.9,24240.0,24226.1,24230.0,18720.0,15136355.0,2026-07-30,2026-07-28,JUL 2026
2026-07-17 13:35:00+05:30,NIFTY26JULFUT,NSE:NIFTY26JULFUT,24235.0,24248.6,24226.1,24229.0,23985.0,15086825.0,2026-07-30,2026-07-28,JUL 2026
2026-07-17 13:40:00+05:30,NIFTY26JULFUT,NSE:NIFTY26JULFUT,24237.4,24237.4,24215.0,24226.6,44525.0,15087540.0,2026-07-30,2026-07-28,JUL 2026
2026-07-17 13:45:00+05:30,NIFTY26JULFUT,NSE:NIFTY26JULFUT,24226.0,24227.3,24202.0,24205.0,214890.0,15169440.0,2026-07-30,2026-07-28,JUL 2026
2026-07-17 13:50:00+05:30,NIFTY26JULFUT,NSE:NIFTY26JULFUT,24205.0,24206.0,24180.0,24196.5,65325.0,15171195.0,2026-07-30,2026-07-28,JUL 2026
2026-07-17 13:55:00+05:30,NIFTY26JULFUT,NSE:NIFTY26JULFUT,24198.0,24222.7,24190.0,24218.0,45305.0,15185365.0,2026-07-30,2026-07-28,JUL 2026
2026-07-17 14:00:00+05:30,NIFTY26JULFUT,NSE:NIFTY26JULFUT,24215.5,24227.9,24208.0,24220.0,28665.0,15201225.0,2026-07-30,2026-07-28,JUL 2026
2026-07-17 14:05:00+05:30,NIFTY26JULFUT,NSE:NIFTY26JULFUT,24220.0,24229.0,24212.0,24224.0,36075.0,15202460.0,2026-07-30,2026-07-28,JUL 2026
2026-07-17 14:10:00+05:30,NIFTY26JULFUT,NSE:NIFTY26JULFUT,24225.0,24255.0,24215.0,24255.0,58565.0,15218515.0,2026-07-30,2026-07-28,JUL 2026
2026-07-17 14:15:00+05:30,NIFTY26JULFUT,NSE:NIFTY26JULFUT,24260.0,24364.9,24252.1,24299.1,416260.0,15207400.0,2026-07-30,2026-07-28,JUL 2026
2026-07-17 14:20:00+05:30,NIFTY26JULFUT,NSE:NIFTY26JULFUT,24300.0,24302.9,24261.0,24275.0,110955.0,15203760.0,2026-07-30,2026-07-28,JUL 2026
2026-07-17 14:25:00+05:30,NIFTY26JULFUT,NSE:NIFTY26JULFUT,24273.0,24299.8,24263.4,24266.0,61100.0,15203370.0,2026-07-30,2026-07-28,JUL 2026
2026-07-17 14:30:00+05:30,NIFTY26JULFUT,NSE:NIFTY26JULFUT,24275.6,24294.0,24268.0,24288.0,34515.0,15176785.0,2026-07-30,2026-07-28,JUL 2026
2026-07-17 14:35:00+05:30,NIFTY26JULFUT,NSE:NIFTY26JULFUT,24281.8,24289.0,24275.0,24287.0,29965.0,15166775.0,2026-07-30,2026-07-28,JUL 2026
2026-07-17 14:40:00+05:30,NIFTY26JULFUT,NSE:NIFTY26JULFUT,24287.0,24309.0,24281.9,24305.6,44785.0,15156570.0,2026-07-30,2026-07-28,JUL 2026
2026-07-17 14:45:00+05:30,NIFTY26JULFUT,NSE:NIFTY26JULFUT,24309.3,24310.0,24296.7,24302.0,37180.0,15147535.0,2026-07-30,2026-07-28,JUL 2026
2026-07-17 14:50:00+05:30,NIFTY26JULFUT,NSE:NIFTY26JULFUT,24302.0,24309.0,24297.0,24304.0,41925.0,15141555.0,2026-07-30,2026-07-28,JUL 2026
2026-07-17 14:55:00+05:30,NIFTY26JULFUT,NSE:NIFTY26JULFUT,24304.9,24315.0,24300.0,24300.5,78910.0,15123355.0,2026-07-30,2026-07-28,JUL 2026
2026-07-17 15:00:00+05:30,NIFTY26JULFUT,NSE:NIFTY26JULFUT,24301.0,24323.4,24295.2,24310.7,75010.0,15115360.0,2026-07-30,2026-07-28,JUL 2026
2026-07-17 15:05:00+05:30,NIFTY26JULFUT,NSE:NIFTY26JULFUT,24310.7,24320.7,24307.2,24318.5,53365.0,15100735.0,2026-07-30,2026-07-28,JUL 2026
2026-07-17 15:10:00+05:30,NIFTY26JULFUT,NSE:NIFTY26JULFUT,24317.7,24325.0,24310.4,24312.3,68770.0,15066285.0,2026-07-30,2026-07-28,JUL 2026
2026-07-17 15:15:00+05:30,NIFTY26JULFUT,NSE:NIFTY26JULFUT,24310.2,24311.0,24301.0,24304.5,83980.0,15065570.0,2026-07-30,2026-07-28,JUL 2026
2026-07-17 15:20:00+05:30,NIFTY26JULFUT,NSE:NIFTY26JULFUT,24304.0,24336.0,24304.0,24332.7,206440.0,15103140.0,2026-07-30,2026-07-28,JUL 2026
2026-07-17 15:25:00+05:30,NIFTY26JULFUT,NSE:NIFTY26JULFUT,24331.9,24349.0,24330.0,24344.0,194740.0,15103855.0,2026-07-30,2026-07-28,JUL 2026
2026-07-20 09:15:00+05:30,NIFTY26JULFUT,NSE:NIFTY26JULFUT,24290.0,24290.0,24207.3,24208.0,306800.0,14626300.0,2026-07-30,2026-07-28,JUL 2026
2026-07-20 09:20:00+05:30,NIFTY26JULFUT,NSE:NIFTY26JULFUT,24207.3,24214.6,24171.2,24209.0,191230.0,14613625.0,2026-07-30,2026-07-28,JUL 2026
2026-07-20 09:25:00+05:30,NIFTY26JULFUT,NSE:NIFTY26JULFUT,24210.0,24210.0,24167.9,24179.0,110240.0,14635790.0,2026-07-30,2026-07-28,JUL 2026
2026-07-20 09:30:00+05:30,NIFTY26JULFUT,NSE:NIFTY26JULFUT,24175.0,24179.8,24153.1,24164.0,97890.0,14616160.0,2026-07-30,2026-07-28,JUL 2026
2026-07-20 09:35:00+05:30,NIFTY26JULFUT,NSE:NIFTY26JULFUT,24165.2,24178.0,24151.0,24151.6,65390.0,14628770.0,2026-07-30,2026-07-28,JUL 2026
2026-07-20 09:40:00+05:30,NIFTY26JULFUT,NSE:NIFTY26JULFUT,24151.0,24168.6,24150.0,24156.0,58305.0,14645150.0,2026-07-30,2026-07-28,JUL 2026
2026-07-20 09:45:00+05:30,NIFTY26JULFUT,NSE:NIFTY26JULFUT,24161.6,24164.1,24142.0,24146.9,59215.0,14653340.0,2026-07-30,2026-07-28,JUL 2026
2026-07-20 09:50:00+05:30,NIFTY26JULFUT,NSE:NIFTY26JULFUT,24146.9,24166.9,24145.0,24164.9,42640.0,14651065.0,2026-07-30,2026-07-28,JUL 2026
2026-07-20 09:55:00+05:30,NIFTY26JULFUT,NSE:NIFTY26JULFUT,24164.8,24187.8,24160.0,24177.9,46735.0,14656525.0,2026-07-30,2026-07-28,JUL 2026
2026-07-20 10:00:00+05:30,NIFTY26JULFUT,NSE:NIFTY26JULFUT,24177.7,24191.8,24165.6,24177.0,22945.0,14662895.0,2026-07-30,2026-07-28,JUL 2026
2026-07-20 10:05:00+05:30,NIFTY26JULFUT,NSE:NIFTY26JULFUT,24177.0,24192.9,24175.0,24180.0,17810.0,14668095.0,2026-07-30,2026-07-28,JUL 2026
2026-07-20 10:10:00+05:30,NIFTY26JULFUT,NSE:NIFTY26JULFUT,24180.0,24200.0,24180.0,24190.0,25740.0,14668875.0,2026-07-30,2026-07-28,JUL 2026
2026-07-20 10:15:00+05:30,NIFTY26JULFUT,NSE:NIFTY26JULFUT,24191.1,24216.8,24187.4,24212.7,126035.0,14721720.0,2026-07-30,2026-07-28,JUL 2026
2026-07-20 10:20:00+05:30,NIFTY26JULFUT,NSE:NIFTY26JULFUT,24212.0,24215.0,24192.0,24195.0,23010.0,14724515.0,2026-07-30,2026-07-28,JUL 2026
2026-07-20 10:25:00+05:30,NIFTY26JULFUT,NSE:NIFTY26JULFUT,24195.0,24210.0,24194.0,24205.3,9035.0,14724515.0,2026-07-30,2026-07-28,JUL 2026
2026-07-20 10:30:00+05:30,NIFTY26JULFUT,NSE:NIFTY26JULFUT,24206.1,24220.0,24206.1,24207.0,41340.0,14711255.0,2026-07-30,2026-07-28,JUL 2026
2026-07-20 10:35:00+05:30,NIFTY26JULFUT,NSE:NIFTY26JULFUT,24207.0,24209.5,24190.0,24200.0,25285.0,14713725.0,2026-07-30,2026-07-28,JUL 2026
2026-07-20 10:40:00+05:30,NIFTY26JULFUT,NSE:NIFTY26JULFUT,24200.0,24209.0,24190.0,24202.4,15990.0,14712750.0,2026-07-30,2026-07-28,JUL 2026
2026-07-20 10:45:00+05:30,NIFTY26JULFUT,NSE:NIFTY26JULFUT,24195.0,24210.0,24191.1,24210.0,5980.0,14707290.0,2026-07-30,2026-07-28,JUL 2026
2026-07-20 10:50:00+05:30,NIFTY26JULFUT,NSE:NIFTY26JULFUT,24210.0,24215.0,24194.0,24200.0,18330.0,14709305.0,2026-07-30,2026-07-28,JUL 2026
2026-07-20 10:55:00+05:30,NIFTY26JULFUT,NSE:NIFTY26JULFUT,24200.0,24208.0,24195.0,24202.2,10400.0,14705860.0,2026-07-30,2026-07-28,JUL 2026
2026-07-20 11:00:00+05:30,NIFTY26JULFUT,NSE:NIFTY26JULFUT,24201.9,24210.7,24200.0,24200.0,11765.0,14710020.0,2026-07-30,2026-07-28,JUL 2026
2026-07-20 11:05:00+05:30,NIFTY26JULFUT,NSE:NIFTY26JULFUT,24200.0,24212.6,24187.4,24202.6,17095.0,14711905.0,2026-07-30,2026-07-28,JUL 2026
2026-07-20 11:10:00+05:30,NIFTY26JULFUT,NSE:NIFTY26JULFUT,24202.7,24210.7,24195.0,24195.0,10205.0,14717235.0,2026-07-30,2026-07-28,JUL 2026
2026-07-20 11:15:00+05:30,NIFTY26JULFUT,NSE:NIFTY26JULFUT,24195.0,24200.0,24181.2,24198.5,12480.0,14717235.0,2026-07-30,2026-07-28,JUL 2026
2026-07-20 11:20:00+05:30,NIFTY26JULFUT,NSE:NIFTY26JULFUT,24198.5,24200.0,24185.5,24190.0,4745.0,14711320.0,2026-07-30,2026-07-28,JUL 2026
2026-07-20 11:25:00+05:30,NIFTY26JULFUT,NSE:NIFTY26JULFUT,24190.0,24199.0,24185.2,24186.0,4225.0,14710280.0,2026-07-30,2026-07-28,JUL 2026
2026-07-20 11:30:00+05:30,NIFTY26JULFUT,NSE:NIFTY26JULFUT,24192.0,24192.4,24182.0,24185.3,6500.0,14709175.0,2026-07-30,2026-07-28,JUL 2026
2026-07-20 11:35:00+05:30,NIFTY26JULFUT,NSE:NIFTY26JULFUT,24185.3,24198.7,24170.2,24185.6,11895.0,14710215.0,2026-07-30,2026-07-28,JUL 2026
2026-07-20 11:40:00+05:30,NIFTY26JULFUT,NSE:NIFTY26JULFUT,24185.6,24192.3,24172.0,24172.0,6305.0,14708850.0,2026-07-30,2026-07-28,JUL 2026
2026-07-20 11:45:00+05:30,NIFTY26JULFUT,NSE:NIFTY26JULFUT,24172.0,24178.9,24166.4,24176.2,12155.0,14709695.0,2026-07-30,2026-07-28,JUL 2026
2026-07-20 11:50:00+05:30,NIFTY26JULFUT,NSE:NIFTY26JULFUT,24176.2,24176.2,24157.0,24158.0,25415.0,14710410.0,2026-07-30,2026-07-28,JUL 2026
2026-07-20 11:55:00+05:30,NIFTY26JULFUT,NSE:NIFTY26JULFUT,24156.0,24178.9,24156.0,24174.5,16965.0,14712035.0,2026-07-30,2026-07-28,JUL 2026
2026-07-20 12:00:00+05:30,NIFTY26JULFUT,NSE:NIFTY26JULFUT,24174.5,24174.5,24150.0,24150.2,22880.0,14718730.0,2026-07-30,2026-07-28,JUL 2026
2026-07-20 12:05:00+05:30,NIFTY26JULFUT,NSE:NIFTY26JULFUT,24151.0,24165.1,24151.0,24152.0,7735.0,14721525.0,2026-07-30,2026-07-28,JUL 2026
2026-07-20 12:10:00+05:30,NIFTY26JULFUT,NSE:NIFTY26JULFUT,24152.0,24179.1,24151.8,24165.8,13195.0,14719835.0,2026-07-30,2026-07-28,JUL 2026
2026-07-20 12:15:00+05:30,NIFTY26JULFUT,NSE:NIFTY26JULFUT,24164.3,24187.8,24164.3,24172.6,9685.0,14720225.0,2026-07-30,2026-07-28,JUL 2026
2026-07-20 12:20:00+05:30,NIFTY26JULFUT,NSE:NIFTY26JULFUT,24172.6,24184.6,24155.0,24155.0,15925.0,14724060.0,2026-07-30,2026-07-28,JUL 2026
2026-07-20 12:25:00+05:30,NIFTY26JULFUT,NSE:NIFTY26JULFUT,24160.0,24170.0,24151.0,24155.0,10335.0,14723995.0,2026-07-30,2026-07-28,JUL 2026
2026-07-20 12:30:00+05:30,NIFTY26JULFUT,NSE:NIFTY26JULFUT,24153.0,24167.0,24152.5,24157.0,8060.0,14723215.0,2026-07-30,2026-07-28,JUL 2026
2026-07-20 12:35:00+05:30,NIFTY26JULFUT,NSE:NIFTY26JULFUT,24157.0,24165.0,24151.0,24155.0,17095.0,14726205.0,2026-07-30,2026-07-28,JUL 2026
2026-07-20 12:40:00+05:30,NIFTY26JULFUT,NSE:NIFTY26JULFUT,24155.0,24167.2,24151.0,24151.2,25220.0,14726530.0,2026-07-30,2026-07-28,JUL 2026
2026-07-20 12:45:00+05:30,NIFTY26JULFUT,NSE:NIFTY26JULFUT,24151.2,24159.0,24121.0,24132.8,170690.0,14716195.0,2026-07-30,2026-07-28,JUL 2026
2026-07-20 12:50:00+05:30,NIFTY26JULFUT,NSE:NIFTY26JULFUT,24132.8,24164.0,24130.8,24156.0,34190.0,14707875.0,2026-07-30,2026-07-28,JUL 2026
2026-07-20 12:55:00+05:30,NIFTY26JULFUT,NSE:NIFTY26JULFUT,24156.0,24186.4,24151.0,24183.6,36010.0,14716325.0,2026-07-30,2026-07-28,JUL 2026
2026-07-20 13:00:00+05:30,NIFTY26JULFUT,NSE:NIFTY26JULFUT,24180.0,24189.0,24175.0,24183.6,20930.0,14712685.0,2026-07-30,2026-07-28,JUL 2026
2026-07-20 13:05:00+05:30,NIFTY26JULFUT,NSE:NIFTY26JULFUT,24185.0,24185.0,24171.0,24181.8,12025.0,14713855.0,2026-07-30,2026-07-28,JUL 2026
2026-07-20 13:10:00+05:30,NIFTY26JULFUT,NSE:NIFTY26JULFUT,24176.0,24229.0,24172.0,24229.0,60905.0,14713725.0,2026-07-30,2026-07-28,JUL 2026
2026-07-20 13:15:00+05:30,NIFTY26JULFUT,NSE:NIFTY26JULFUT,24229.0,24243.9,24211.9,24213.0,92560.0,14687530.0,2026-07-30,2026-07-28,JUL 2026
2026-07-20 13:20:00+05:30,NIFTY26JULFUT,NSE:NIFTY26JULFUT,24213.0,24240.1,24213.0,24240.0,29185.0,14670760.0,2026-07-30,2026-07-28,JUL 2026
2026-07-20 13:25:00+05:30,NIFTY26JULFUT,NSE:NIFTY26JULFUT,24240.0,24250.0,24226.1,24248.0,42120.0,14664715.0,2026-07-30,2026-07-28,JUL 2026
2026-07-20 13:30:00+05:30,NIFTY26JULFUT,NSE:NIFTY26JULFUT,24249.9,24250.0,24237.0,24244.4,28730.0,14673945.0,2026-07-30,2026-07-28,JUL 2026
2026-07-20 13:35:00+05:30,NIFTY26JULFUT,NSE:NIFTY26JULFUT,24242.4,24248.8,24239.9,24245.0,16640.0,14670630.0,2026-07-30,2026-07-28,JUL 2026
2026-07-20 13:40:00+05:30,NIFTY26JULFUT,NSE:NIFTY26JULFUT,24245.0,24248.0,24238.2,24240.4,13455.0,14650155.0,2026-07-30,2026-07-28,JUL 2026
2026-07-20 13:45:00+05:30,NIFTY26JULFUT,NSE:NIFTY26JULFUT,24240.4,24269.8,24240.4,24257.8,79300.0,14653925.0,2026-07-30,2026-07-28,JUL 2026
2026-07-20 13:50:00+05:30,NIFTY26JULFUT,NSE:NIFTY26JULFUT,24261.9,24265.0,24241.0,24250.0,34125.0,14675635.0,2026-07-30,2026-07-28,JUL 2026
2026-07-20 13:55:00+05:30,NIFTY26JULFUT,NSE:NIFTY26JULFUT,24250.0,24274.9,24249.9,24270.0,36140.0,14682460.0,2026-07-30,2026-07-28,JUL 2026
2026-07-20 14:00:00+05:30,NIFTY26JULFUT,NSE:NIFTY26JULFUT,24270.0,24282.3,24266.9,24277.0,74230.0,14599780.0,2026-07-30,2026-07-28,JUL 2026
2026-07-20 14:05:00+05:30,NIFTY26JULFUT,NSE:NIFTY26JULFUT,24282.9,24282.9,24265.0,24272.9,34580.0,14611415.0,2026-07-30,2026-07-28,JUL 2026
2026-07-20 14:10:00+05:30,NIFTY26JULFUT,NSE:NIFTY26JULFUT,24265.0,24272.0,24253.9,24256.9,25805.0,14611350.0,2026-07-30,2026-07-28,JUL 2026
2026-07-20 14:15:00+05:30,NIFTY26JULFUT,NSE:NIFTY26JULFUT,24265.0,24265.0,24251.0,24265.0,19760.0,14606020.0,2026-07-30,2026-07-28,JUL 2026
2026-07-20 14:20:00+05:30,NIFTY26JULFUT,NSE:NIFTY26JULFUT,24265.0,24274.9,24260.3,24266.0,15080.0,14600820.0,2026-07-30,2026-07-28,JUL 2026
2026-07-20 14:25:00+05:30,NIFTY26JULFUT,NSE:NIFTY26JULFUT,24266.0,24276.0,24262.0,24269.9,15210.0,14474525.0,2026-07-30,2026-07-28,JUL 2026
2026-07-20 14:30:00+05:30,NIFTY26JULFUT,NSE:NIFTY26JULFUT,24268.8,24271.0,24256.3,24262.0,26260.0,14470625.0,2026-07-30,2026-07-28,JUL 2026
2026-07-20 14:35:00+05:30,NIFTY26JULFUT,NSE:NIFTY26JULFUT,24259.9,24262.0,24242.0,24250.0,30875.0,14435265.0,2026-07-30,2026-07-28,JUL 2026
2026-07-20 14:40:00+05:30,NIFTY26JULFUT,NSE:NIFTY26JULFUT,24250.0,24256.0,24245.1,24248.0,12870.0,14424020.0,2026-07-30,2026-07-28,JUL 2026
2026-07-20 14:45:00+05:30,NIFTY26JULFUT,NSE:NIFTY26JULFUT,24245.9,24258.8,24245.6,24250.0,13260.0,14413750.0,2026-07-30,2026-07-28,JUL 2026
2026-07-20 14:50:00+05:30,NIFTY26JULFUT,NSE:NIFTY26JULFUT,24247.4,24265.0,24247.4,24258.5,18200.0,14406210.0,2026-07-30,2026-07-28,JUL 2026
2026-07-20 14:55:00+05:30,NIFTY26JULFUT,NSE:NIFTY26JULFUT,24258.5,24265.1,24246.0,24249.5,20345.0,14402700.0,2026-07-30,2026-07-28,JUL 2026
2026-07-20 15:00:00+05:30,NIFTY26JULFUT,NSE:NIFTY26JULFUT,24250.0,24260.0,24235.5,24246.0,22555.0,14399840.0,2026-07-30,2026-07-28,JUL 2026
2026-07-20 15:05:00+05:30,NIFTY26JULFUT,NSE:NIFTY26JULFUT,24246.0,24258.0,24245.0,24252.0,26325.0,14398735.0,2026-07-30,2026-07-28,JUL 2026
2026-07-20 15:10:00+05:30,NIFTY26JULFUT,NSE:NIFTY26JULFUT,24251.8,24260.0,24250.0,24257.0,50570.0,14393600.0,2026-07-30,2026-07-28,JUL 2026
2026-07-20 15:15:00+05:30,NIFTY26JULFUT,NSE:NIFTY26JULFUT,24257.0,24260.0,24255.0,24257.7,62725.0,14378975.0,2026-07-30,2026-07-28,JUL 2026
2026-07-20 15:20:00+05:30,NIFTY26JULFUT,NSE:NIFTY26JULFUT,24256.4,24268.8,24254.0,24268.0,131560.0,14342900.0,2026-07-30,2026-07-28,JUL 2026
2026-07-20 15:25:00+05:30,NIFTY26JULFUT,NSE:NIFTY26JULFUT,24268.2,24269.0,24261.7,24269.0,123435.0,14294475.0,2026-07-30,2026-07-28,JUL 2026
2026-07-21 09:15:00+05:30,NIFTY26JULFUT,NSE:NIFTY26JULFUT,24220.0,24279.9,24201.8,24267.1,448305.0,14278810.0,2026-07-30,2026-07-28,JUL 2026
2026-07-21 09:20:00+05:30,NIFTY26JULFUT,NSE:NIFTY26JULFUT,24267.6,24268.9,24225.2,24245.4,120120.0,14308125.0,2026-07-30,2026-07-28,JUL 2026
2026-07-21 09:25:00+05:30,NIFTY26JULFUT,NSE:NIFTY26JULFUT,24245.2,24262.1,24221.1,24257.7,96590.0,14342185.0,2026-07-30,2026-07-28,JUL 2026
2026-07-21 09:30:00+05:30,NIFTY26JULFUT,NSE:NIFTY26JULFUT,24257.7,24260.0,24225.0,24230.3,60710.0,14348555.0,2026-07-30,2026-07-28,JUL 2026
2026-07-21 09:35:00+05:30,NIFTY26JULFUT,NSE:NIFTY26JULFUT,24234.7,24240.0,24218.0,24230.0,44785.0,14352455.0,2026-07-30,2026-07-28,JUL 2026
2026-07-21 09:40:00+05:30,NIFTY26JULFUT,NSE:NIFTY26JULFUT,24225.0,24236.2,24222.0,24235.0,78130.0,14338610.0,2026-07-30,2026-07-28,JUL 2026
2026-07-21 09:45:00+05:30,NIFTY26JULFUT,NSE:NIFTY26JULFUT,24235.0,24235.9,24215.0,24219.9,54665.0,14332435.0,2026-07-30,2026-07-28,JUL 2026
2026-07-21 09:50:00+05:30,NIFTY26JULFUT,NSE:NIFTY26JULFUT,24217.6,24240.0,24217.6,24232.1,46475.0,14319565.0,2026-07-30,2026-07-28,JUL 2026
2026-07-21 09:55:00+05:30,NIFTY26JULFUT,NSE:NIFTY26JULFUT,24232.1,24234.7,24220.0,24233.5,110955.0,14314950.0,2026-07-30,2026-07-28,JUL 2026
2026-07-21 10:00:00+05:30,NIFTY26JULFUT,NSE:NIFTY26JULFUT,24233.5,24233.5,24211.0,24223.9,39520.0,14306695.0,2026-07-30,2026-07-28,JUL 2026
2026-07-21 10:05:00+05:30,NIFTY26JULFUT,NSE:NIFTY26JULFUT,24223.9,24231.3,24215.1,24227.2,19435.0,14297595.0,2026-07-30,2026-07-28,JUL 2026
2026-07-21 10:10:00+05:30,NIFTY26JULFUT,NSE:NIFTY26JULFUT,24225.5,24229.5,24211.0,24214.9,36010.0,14293110.0,2026-07-30,2026-07-28,JUL 2026
2026-07-21 10:15:00+05:30,NIFTY26JULFUT,NSE:NIFTY26JULFUT,24215.3,24217.5,24206.0,24212.1,64675.0,14285375.0,2026-07-30,2026-07-28,JUL 2026
2026-07-21 10:20:00+05:30,NIFTY26JULFUT,NSE:NIFTY26JULFUT,24210.0,24213.9,24181.0,24196.0,99125.0,14291615.0,2026-07-30,2026-07-28,JUL 2026
2026-07-21 10:25:00+05:30,NIFTY26JULFUT,NSE:NIFTY26JULFUT,24195.0,24204.9,24181.1,24203.0,47450.0,14293370.0,2026-07-30,2026-07-28,JUL 2026
2026-07-21 10:30:00+05:30,NIFTY26JULFUT,NSE:NIFTY26JULFUT,24198.2,24203.5,24183.0,24188.5,20475.0,14290445.0,2026-07-30,2026-07-28,JUL 2026
2026-07-21 10:35:00+05:30,NIFTY26JULFUT,NSE:NIFTY26JULFUT,24182.1,24193.0,24171.0,24173.7,50115.0,14296685.0,2026-07-30,2026-07-28,JUL 2026
2026-07-21 10:40:00+05:30,NIFTY26JULFUT,NSE:NIFTY26JULFUT,24174.4,24195.5,24170.0,24185.0,76635.0,14297075.0,2026-07-30,2026-07-28,JUL 2026
2026-07-21 10:45:00+05:30,NIFTY26JULFUT,NSE:NIFTY26JULFUT,24180.0,24189.4,24172.0,24175.5,27105.0,14296945.0,2026-07-30,2026-07-28,JUL 2026
2026-07-21 10:50:00+05:30,NIFTY26JULFUT,NSE:NIFTY26JULFUT,24175.3,24180.0,24162.6,24173.3,41275.0,14297660.0,2026-07-30,2026-07-28,JUL 2026
2026-07-21 10:55:00+05:30,NIFTY26JULFUT,NSE:NIFTY26JULFUT,24173.0,24195.0,24170.1,24194.6,34450.0,14303445.0,2026-07-30,2026-07-28,JUL 2026
2026-07-21 11:00:00+05:30,NIFTY26JULFUT,NSE:NIFTY26JULFUT,24194.6,24200.3,24186.0,24195.9,46670.0,14299155.0,2026-07-30,2026-07-28,JUL 2026
2026-07-21 11:05:00+05:30,NIFTY26JULFUT,NSE:NIFTY26JULFUT,24193.5,24201.0,24185.1,24190.6,26455.0,14300195.0,2026-07-30,2026-07-28,JUL 2026
2026-07-21 11:10:00+05:30,NIFTY26JULFUT,NSE:NIFTY26JULFUT,24190.6,24195.9,24183.0,24190.0,13585.0,14299155.0,2026-07-30,2026-07-28,JUL 2026
2026-07-21 11:15:00+05:30,NIFTY26JULFUT,NSE:NIFTY26JULFUT,24182.0,24195.0,24180.1,24190.0,20865.0,14296035.0,2026-07-30,2026-07-28,JUL 2026
2026-07-21 11:20:00+05:30,NIFTY26JULFUT,NSE:NIFTY26JULFUT,24190.0,24193.8,24170.0,24185.2,29445.0,14296750.0,2026-07-30,2026-07-28,JUL 2026
2026-07-21 11:25:00+05:30,NIFTY26JULFUT,NSE:NIFTY26JULFUT,24185.0,24189.0,24175.0,24179.9,15210.0,14295970.0,2026-07-30,2026-07-28,JUL 2026
2026-07-21 11:30:00+05:30,NIFTY26JULFUT,NSE:NIFTY26JULFUT,24174.1,24195.0,24168.2,24194.2,21710.0,14297660.0,2026-07-30,2026-07-28,JUL 2026
2026-07-21 11:35:00+05:30,NIFTY26JULFUT,NSE:NIFTY26JULFUT,24186.5,24196.2,24174.2,24182.9,28990.0,14298375.0,2026-07-30,2026-07-28,JUL 2026
2026-07-21 11:40:00+05:30,NIFTY26JULFUT,NSE:NIFTY26JULFUT,24178.5,24180.7,24165.0,24171.5,33735.0,14311765.0,2026-07-30,2026-07-28,JUL 2026
2026-07-21 11:45:00+05:30,NIFTY26JULFUT,NSE:NIFTY26JULFUT,24171.0,24179.0,24159.6,24178.2,78845.0,14322165.0,2026-07-30,2026-07-28,JUL 2026
2026-07-21 11:50:00+05:30,NIFTY26JULFUT,NSE:NIFTY26JULFUT,24169.0,24178.8,24165.0,24174.0,30550.0,14335685.0,2026-07-30,2026-07-28,JUL 2026
2026-07-21 11:55:00+05:30,NIFTY26JULFUT,NSE:NIFTY26JULFUT,24171.0,24184.7,24169.0,24180.0,17810.0,14341600.0,2026-07-30,2026-07-28,JUL 2026
2026-07-21 12:00:00+05:30,NIFTY26JULFUT,NSE:NIFTY26JULFUT,24177.9,24191.0,24175.1,24190.6,11050.0,14346735.0,2026-07-30,2026-07-28,JUL 2026
2026-07-21 12:05:00+05:30,NIFTY26JULFUT,NSE:NIFTY26JULFUT,24190.5,24197.0,24181.3,24182.5,20280.0,14349790.0,2026-07-30,2026-07-28,JUL 2026
2026-07-21 12:10:00+05:30,NIFTY26JULFUT,NSE:NIFTY26JULFUT,24181.2,24190.8,24175.0,24178.3,15535.0,14354470.0,2026-07-30,2026-07-28,JUL 2026
2026-07-21 12:15:00+05:30,NIFTY26JULFUT,NSE:NIFTY26JULFUT,24179.5,24181.0,24172.0,24175.0,14495.0,14356095.0,2026-07-30,2026-07-28,JUL 2026
2026-07-21 12:20:00+05:30,NIFTY26JULFUT,NSE:NIFTY26JULFUT,24175.9,24187.8,24174.0,24174.0,7280.0,14355575.0,2026-07-30,2026-07-28,JUL 2026
2026-07-21 12:25:00+05:30,NIFTY26JULFUT,NSE:NIFTY26JULFUT,24174.0,24184.0,24171.0,24179.5,11960.0,14353105.0,2026-07-30,2026-07-28,JUL 2026
2026-07-21 12:30:00+05:30,NIFTY26JULFUT,NSE:NIFTY26JULFUT,24175.0,24194.0,24174.0,24188.9,8645.0,14351740.0,2026-07-30,2026-07-28,JUL 2026
2026-07-21 12:35:00+05:30,NIFTY26JULFUT,NSE:NIFTY26JULFUT,24182.0,24197.0,24182.0,24187.0,11115.0,14347515.0,2026-07-30,2026-07-28,JUL 2026
2026-07-21 12:40:00+05:30,NIFTY26JULFUT,NSE:NIFTY26JULFUT,24186.0,24186.0,24171.0,24171.0,11635.0,14347905.0,2026-07-30,2026-07-28,JUL 2026
2026-07-21 12:45:00+05:30,NIFTY26JULFUT,NSE:NIFTY26JULFUT,24175.5,24178.0,24170.0,24174.0,14950.0,14348945.0,2026-07-30,2026-07-28,JUL 2026
2026-07-21 12:50:00+05:30,NIFTY26JULFUT,NSE:NIFTY26JULFUT,24174.0,24178.0,24162.0,24175.0,40495.0,14313520.0,2026-07-30,2026-07-28,JUL 2026
2026-07-21 12:55:00+05:30,NIFTY26JULFUT,NSE:NIFTY26JULFUT,24175.0,24179.4,24145.0,24150.0,56095.0,14294085.0,2026-07-30,2026-07-28,JUL 2026
2026-07-21 13:00:00+05:30,NIFTY26JULFUT,NSE:NIFTY26JULFUT,24150.0,24150.0,24135.0,24149.9,35880.0,14307410.0,2026-07-30,2026-07-28,JUL 2026
2026-07-21 13:05:00+05:30,NIFTY26JULFUT,NSE:NIFTY26JULFUT,24148.8,24162.4,24148.0,24159.4,15925.0,14309945.0,2026-07-30,2026-07-28,JUL 2026
2026-07-21 13:10:00+05:30,NIFTY26JULFUT,NSE:NIFTY26JULFUT,24158.6,24170.0,24156.8,24159.0,15730.0,14312480.0,2026-07-30,2026-07-28,JUL 2026
2026-07-21 13:15:00+05:30,NIFTY26JULFUT,NSE:NIFTY26JULFUT,24159.0,24165.8,24150.0,24165.8,9100.0,14311635.0,2026-07-30,2026-07-28,JUL 2026
2026-07-21 13:20:00+05:30,NIFTY26JULFUT,NSE:NIFTY26JULFUT,24161.6,24179.0,24156.5,24174.0,12415.0,14312350.0,2026-07-30,2026-07-28,JUL 2026
2026-07-21 13:25:00+05:30,NIFTY26JULFUT,NSE:NIFTY26JULFUT,24173.0,24180.0,24166.0,24177.5,17940.0,14311375.0,2026-07-30,2026-07-28,JUL 2026
2026-07-21 13:30:00+05:30,NIFTY26JULFUT,NSE:NIFTY26JULFUT,24178.0,24184.9,24174.0,24180.0,5265.0,14313260.0,2026-07-30,2026-07-28,JUL 2026
2026-07-21 13:35:00+05:30,NIFTY26JULFUT,NSE:NIFTY26JULFUT,24184.8,24194.5,24180.0,24192.9,15860.0,14309815.0,2026-07-30,2026-07-28,JUL 2026
2026-07-21 13:40:00+05:30,NIFTY26JULFUT,NSE:NIFTY26JULFUT,24192.9,24195.0,24178.3,24185.0,11635.0,14309425.0,2026-07-30,2026-07-28,JUL 2026
2026-07-21 13:45:00+05:30,NIFTY26JULFUT,NSE:NIFTY26JULFUT,24185.0,24190.0,24180.1,24184.1,10465.0,14309490.0,2026-07-30,2026-07-28,JUL 2026
2026-07-21 13:50:00+05:30,NIFTY26JULFUT,NSE:NIFTY26JULFUT,24184.0,24185.4,24174.0,24182.0,7215.0,14308060.0,2026-07-30,2026-07-28,JUL 2026
2026-07-21 13:55:00+05:30,NIFTY26JULFUT,NSE:NIFTY26JULFUT,24181.0,24181.0,24161.4,24161.4,59150.0,14327430.0,2026-07-30,2026-07-28,JUL 2026
2026-07-21 14:00:00+05:30,NIFTY26JULFUT,NSE:NIFTY26JULFUT,24161.1,24181.0,24161.1,24172.1,5785.0,14337375.0,2026-07-30,2026-07-28,JUL 2026
2026-07-21 14:05:00+05:30,NIFTY26JULFUT,NSE:NIFTY26JULFUT,24175.0,24181.0,24165.0,24169.5,17550.0,14348230.0,2026-07-30,2026-07-28,JUL 2026
2026-07-21 14:10:00+05:30,NIFTY26JULFUT,NSE:NIFTY26JULFUT,24165.0,24171.0,24161.1,24161.6,5980.0,14350505.0,2026-07-30,2026-07-28,JUL 2026
2026-07-21 14:15:00+05:30,NIFTY26JULFUT,NSE:NIFTY26JULFUT,24161.8,24174.5,24160.0,24174.5,18785.0,14353495.0,2026-07-30,2026-07-28,JUL 2026
2026-07-21 14:20:00+05:30,NIFTY26JULFUT,NSE:NIFTY26JULFUT,24174.0,24180.0,24165.0,24173.0,4485.0,14354600.0,2026-07-30,2026-07-28,JUL 2026
2026-07-21 14:25:00+05:30,NIFTY26JULFUT,NSE:NIFTY26JULFUT,24175.0,24178.0,24170.0,24170.0,16510.0,14355510.0,2026-07-30,2026-07-28,JUL 2026
2026-07-21 14:30:00+05:30,NIFTY26JULFUT,NSE:NIFTY26JULFUT,24169.1,24173.5,24161.0,24161.0,15405.0,14373840.0,2026-07-30,2026-07-28,JUL 2026
2026-07-21 14:35:00+05:30,NIFTY26JULFUT,NSE:NIFTY26JULFUT,24168.0,24172.0,24152.0,24153.5,22425.0,14362660.0,2026-07-30,2026-07-28,JUL 2026
2026-07-21 14:40:00+05:30,NIFTY26JULFUT,NSE:NIFTY26JULFUT,24153.5,24174.0,24153.5,24174.0,10790.0,14367860.0,2026-07-30,2026-07-28,JUL 2026
2026-07-21 14:45:00+05:30,NIFTY26JULFUT,NSE:NIFTY26JULFUT,24172.5,24180.0,24162.0,24180.0,7735.0,14369355.0,2026-07-30,2026-07-28,JUL 2026
2026-07-21 14:50:00+05:30,NIFTY26JULFUT,NSE:NIFTY26JULFUT,24182.0,24182.0,24165.1,24178.5,9100.0,14370525.0,2026-07-30,2026-07-28,JUL 2026
2026-07-21 14:55:00+05:30,NIFTY26JULFUT,NSE:NIFTY26JULFUT,24177.5,24188.1,24166.4,24174.0,26650.0,14360255.0,2026-07-30,2026-07-28,JUL 2026
2026-07-21 15:00:00+05:30,NIFTY26JULFUT,NSE:NIFTY26JULFUT,24171.2,24193.0,24170.1,24176.0,38415.0,14343550.0,2026-07-30,2026-07-28,JUL 2026
2026-07-21 15:05:00+05:30,NIFTY26JULFUT,NSE:NIFTY26JULFUT,24176.0,24184.9,24176.0,24177.0,16835.0,14340040.0,2026-07-30,2026-07-28,JUL 2026
2026-07-21 15:10:00+05:30,NIFTY26JULFUT,NSE:NIFTY26JULFUT,24180.0,24185.0,24170.0,24173.2,27625.0,14335165.0,2026-07-30,2026-07-28,JUL 2026
2026-07-21 15:15:00+05:30,NIFTY26JULFUT,NSE:NIFTY26JULFUT,24177.9,24186.0,24173.2,24178.0,32045.0,14333800.0,2026-07-30,2026-07-28,JUL 2026
2026-07-21 15:20:00+05:30,NIFTY26JULFUT,NSE:NIFTY26JULFUT,24178.0,24188.0,24178.0,24185.5,73515.0,14353430.0,2026-07-30,2026-07-28,JUL 2026
2026-07-21 15:25:00+05:30,NIFTY26JULFUT,NSE:NIFTY26JULFUT,24180.0,24185.0,24177.4,24185.0,78585.0,14354470.0,2026-07-30,2026-07-28,JUL 2026
2026-07-22 09:15:00+05:30,NIFTY26JULFUT,NSE:NIFTY26JULFUT,24126.3,24137.0,24055.1,24083.3,234910.0,14365715.0,2026-07-30,2026-07-28,JUL 2026
2026-07-22 09:20:00+05:30,NIFTY26JULFUT,NSE:NIFTY26JULFUT,24083.3,24095.0,24066.7,24078.0,74100.0,14385540.0,2026-07-30,2026-07-28,JUL 2026
2026-07-22 09:25:00+05:30,NIFTY26JULFUT,NSE:NIFTY26JULFUT,24085.8,24088.1,24050.1,24051.0,110500.0,14395030.0,2026-07-30,2026-07-28,JUL 2026
2026-07-22 09:30:00+05:30,NIFTY26JULFUT,NSE:NIFTY26JULFUT,24053.9,24062.0,24025.3,24026.0,197340.0,14448330.0,2026-07-30,2026-07-28,JUL 2026
2026-07-22 09:35:00+05:30,NIFTY26JULFUT,NSE:NIFTY26JULFUT,24032.9,24040.0,24017.2,24027.6,143715.0,14473225.0,2026-07-30,2026-07-28,JUL 2026
2026-07-22 09:40:00+05:30,NIFTY26JULFUT,NSE:NIFTY26JULFUT,24026.0,24037.0,24025.0,24027.0,62920.0,14493180.0,2026-07-30,2026-07-28,JUL 2026
2026-07-22 09:45:00+05:30,NIFTY26JULFUT,NSE:NIFTY26JULFUT,24025.6,24032.0,24011.0,24018.0,72215.0,14498835.0,2026-07-30,2026-07-28,JUL 2026
2026-07-22 09:50:00+05:30,NIFTY26JULFUT,NSE:NIFTY26JULFUT,24018.0,24032.0,24011.0,24015.0,42185.0,14506960.0,2026-07-30,2026-07-28,JUL 2026
2026-07-22 09:55:00+05:30,NIFTY26JULFUT,NSE:NIFTY26JULFUT,24022.3,24024.4,24003.0,24024.1,62140.0,14505985.0,2026-07-30,2026-07-28,JUL 2026
2026-07-22 10:00:00+05:30,NIFTY26JULFUT,NSE:NIFTY26JULFUT,24024.9,24032.0,24007.6,24026.5,51870.0,14509105.0,2026-07-30,2026-07-28,JUL 2026
2026-07-22 10:05:00+05:30,NIFTY26JULFUT,NSE:NIFTY26JULFUT,24024.0,24047.8,24020.0,24045.0,59540.0,14512290.0,2026-07-30,2026-07-28,JUL 2026
2026-07-22 10:10:00+05:30,NIFTY26JULFUT,NSE:NIFTY26JULFUT,24045.0,24048.4,24025.0,24025.0,47385.0,14509235.0,2026-07-30,2026-07-28,JUL 2026
2026-07-22 10:15:00+05:30,NIFTY26JULFUT,NSE:NIFTY26JULFUT,24031.4,24031.4,24008.0,24021.0,49855.0,14502085.0,2026-07-30,2026-07-28,JUL 2026
2026-07-22 10:20:00+05:30,NIFTY26JULFUT,NSE:NIFTY26JULFUT,24017.0,24020.0,24000.0,24000.0,76570.0,14497795.0,2026-07-30,2026-07-28,JUL 2026
2026-07-22 10:25:00+05:30,NIFTY26JULFUT,NSE:NIFTY26JULFUT,24000.0,24004.0,23965.0,23998.0,152100.0,14490710.0,2026-07-30,2026-07-28,JUL 2026
2026-07-22 10:30:00+05:30,NIFTY26JULFUT,NSE:NIFTY26JULFUT,23998.0,24005.0,23990.0,23990.0,37310.0,14501435.0,2026-07-30,2026-07-28,JUL 2026
2026-07-22 10:35:00+05:30,NIFTY26JULFUT,NSE:NIFTY26JULFUT,23995.5,24000.0,23979.6,23984.1,59345.0,14476345.0,2026-07-30,2026-07-28,JUL 2026
2026-07-22 10:40:00+05:30,NIFTY26JULFUT,NSE:NIFTY26JULFUT,23984.1,23990.0,23976.0,23976.2,38285.0,14492335.0,2026-07-30,2026-07-28,JUL 2026
2026-07-22 10:45:00+05:30,NIFTY26JULFUT,NSE:NIFTY26JULFUT,23976.2,24004.5,23975.2,24000.0,26065.0,14503255.0,2026-07-30,2026-07-28,JUL 2026
2026-07-22 10:50:00+05:30,NIFTY26JULFUT,NSE:NIFTY26JULFUT,23999.0,24007.0,23990.2,24001.0,21515.0,14501890.0,2026-07-30,2026-07-28,JUL 2026
2026-07-22 10:55:00+05:30,NIFTY26JULFUT,NSE:NIFTY26JULFUT,24004.9,24018.0,24002.1,24017.9,16575.0,14500915.0,2026-07-30,2026-07-28,JUL 2026
2026-07-22 11:00:00+05:30,NIFTY26JULFUT,NSE:NIFTY26JULFUT,24018.0,24018.0,23999.8,24006.5,14365.0,14500850.0,2026-07-30,2026-07-28,JUL 2026
2026-07-22 11:05:00+05:30,NIFTY26JULFUT,NSE:NIFTY26JULFUT,24006.5,24013.5,23998.0,24007.2,16640.0,14496755.0,2026-07-30,2026-07-28,JUL 2026
2026-07-22 11:10:00+05:30,NIFTY26JULFUT,NSE:NIFTY26JULFUT,24009.9,24010.0,23995.1,24000.0,27040.0,14497145.0,2026-07-30,2026-07-28,JUL 2026
2026-07-22 11:15:00+05:30,NIFTY26JULFUT,NSE:NIFTY26JULFUT,24005.0,24020.0,23995.0,24016.5,16835.0,14496560.0,2026-07-30,2026-07-28,JUL 2026
2026-07-22 11:20:00+05:30,NIFTY26JULFUT,NSE:NIFTY26JULFUT,24017.0,24030.0,24010.0,24024.0,21450.0,14492855.0,2026-07-30,2026-07-28,JUL 2026
2026-07-22 11:25:00+05:30,NIFTY26JULFUT,NSE:NIFTY26JULFUT,24024.0,24031.5,24019.0,24029.0,14300.0,14492465.0,2026-07-30,2026-07-28,JUL 2026
2026-07-22 11:30:00+05:30,NIFTY26JULFUT,NSE:NIFTY26JULFUT,24029.5,24038.0,24024.0,24038.0,20345.0,14482065.0,2026-07-30,2026-07-28,JUL 2026
2026-07-22 11:35:00+05:30,NIFTY26JULFUT,NSE:NIFTY26JULFUT,24038.0,24039.0,24018.8,24027.0,17615.0,14479140.0,2026-07-30,2026-07-28,JUL 2026
2026-07-22 11:40:00+05:30,NIFTY26JULFUT,NSE:NIFTY26JULFUT,24027.0,24038.0,24023.3,24030.8,10465.0,14478490.0,2026-07-30,2026-07-28,JUL 2026
2026-07-22 11:45:00+05:30,NIFTY26JULFUT,NSE:NIFTY26JULFUT,24030.9,24037.0,24021.1,24021.1,7540.0,14477905.0,2026-07-30,2026-07-28,JUL 2026
2026-07-22 11:50:00+05:30,NIFTY26JULFUT,NSE:NIFTY26JULFUT,24021.1,24024.8,24010.0,24016.8,14755.0,14478295.0,2026-07-30,2026-07-28,JUL 2026
2026-07-22 11:55:00+05:30,NIFTY26JULFUT,NSE:NIFTY26JULFUT,24016.7,24018.5,24003.0,24003.0,19110.0,14480180.0,2026-07-30,2026-07-28,JUL 2026
2026-07-22 12:00:00+05:30,NIFTY26JULFUT,NSE:NIFTY26JULFUT,24003.0,24010.0,23977.0,23994.0,31460.0,14481025.0,2026-07-30,2026-07-28,JUL 2026
2026-07-22 12:05:00+05:30,NIFTY26JULFUT,NSE:NIFTY26JULFUT,23994.0,24003.0,23981.0,23988.0,15665.0,14480700.0,2026-07-30,2026-07-28,JUL 2026
2026-07-22 12:10:00+05:30,NIFTY26JULFUT,NSE:NIFTY26JULFUT,23980.5,23994.0,23980.0,23988.9,8450.0,14482780.0,2026-07-30,2026-07-28,JUL 2026
2026-07-22 12:15:00+05:30,NIFTY26JULFUT,NSE:NIFTY26JULFUT,23988.9,23991.9,23965.0,23965.0,74815.0,14502540.0,2026-07-30,2026-07-28,JUL 2026
2026-07-22 12:20:00+05:30,NIFTY26JULFUT,NSE:NIFTY26JULFUT,23955.0,23985.0,23945.0,23980.1,87100.0,14532115.0,2026-07-30,2026-07-28,JUL 2026
2026-07-22 12:25:00+05:30,NIFTY26JULFUT,NSE:NIFTY26JULFUT,23980.1,23982.8,23966.0,23967.6,14950.0,14530165.0,2026-07-30,2026-07-28,JUL 2026
2026-07-22 12:30:00+05:30,NIFTY26JULFUT,NSE:NIFTY26JULFUT,23967.6,23970.5,23951.1,23969.7,19500.0,14538355.0,2026-07-30,2026-07-28,JUL 2026
2026-07-22 12:35:00+05:30,NIFTY26JULFUT,NSE:NIFTY26JULFUT,23969.7,23969.7,23945.0,23960.0,43290.0,14541280.0,2026-07-30,2026-07-28,JUL 2026
2026-07-22 12:40:00+05:30,NIFTY26JULFUT,NSE:NIFTY26JULFUT,23960.0,23985.0,23947.5,23985.0,28080.0,14547975.0,2026-07-30,2026-07-28,JUL 2026
2026-07-22 12:45:00+05:30,NIFTY26JULFUT,NSE:NIFTY26JULFUT,23985.0,24003.0,23970.0,24003.0,29185.0,14555840.0,2026-07-30,2026-07-28,JUL 2026
2026-07-22 12:50:00+05:30,NIFTY26JULFUT,NSE:NIFTY26JULFUT,23990.0,24010.0,23990.0,24000.0,17485.0,14550445.0,2026-07-30,2026-07-28,JUL 2026
2026-07-22 12:55:00+05:30,NIFTY26JULFUT,NSE:NIFTY26JULFUT,24002.1,24008.5,23985.0,23985.0,18980.0,14543750.0,2026-07-30,2026-07-28,JUL 2026
2026-07-22 13:00:00+05:30,NIFTY26JULFUT,NSE:NIFTY26JULFUT,23985.0,23994.0,23965.0,23973.5,15795.0,14540435.0,2026-07-30,2026-07-28,JUL 2026
2026-07-22 13:05:00+05:30,NIFTY26JULFUT,NSE:NIFTY26JULFUT,23960.0,23980.0,23960.0,23970.0,9230.0,14545050.0,2026-07-30,2026-07-28,JUL 2026
2026-07-22 13:10:00+05:30,NIFTY26JULFUT,NSE:NIFTY26JULFUT,23970.0,23981.0,23950.0,23962.0,32435.0,14545180.0,2026-07-30,2026-07-28,JUL 2026
2026-07-22 13:15:00+05:30,NIFTY26JULFUT,NSE:NIFTY26JULFUT,23962.0,23978.7,23957.0,23960.0,39130.0,14531920.0,2026-07-30,2026-07-28,JUL 2026
2026-07-22 13:20:00+05:30,NIFTY26JULFUT,NSE:NIFTY26JULFUT,23969.2,23972.0,23959.0,23969.0,22750.0,14521780.0,2026-07-30,2026-07-28,JUL 2026
2026-07-22 13:25:00+05:30,NIFTY26JULFUT,NSE:NIFTY26JULFUT,23969.9,23971.0,23955.0,23965.0,15145.0,14520675.0,2026-07-30,2026-07-28,JUL 2026
2026-07-22 13:30:00+05:30,NIFTY26JULFUT,NSE:NIFTY26JULFUT,23965.0,23985.0,23965.0,23985.0,6760.0,14521585.0,2026-07-30,2026-07-28,JUL 2026
2026-07-22 13:35:00+05:30,NIFTY26JULFUT,NSE:NIFTY26JULFUT,23985.0,24014.0,23981.1,23997.1,32045.0,14519635.0,2026-07-30,2026-07-28,JUL 2026
2026-07-22 13:40:00+05:30,NIFTY26JULFUT,NSE:NIFTY26JULFUT,23986.0,23998.0,23970.0,23983.9,9815.0,14518920.0,2026-07-30,2026-07-28,JUL 2026
2026-07-22 13:45:00+05:30,NIFTY26JULFUT,NSE:NIFTY26JULFUT,23982.0,23983.8,23969.1,23973.9,4550.0,14520220.0,2026-07-30,2026-07-28,JUL 2026
2026-07-22 13:50:00+05:30,NIFTY26JULFUT,NSE:NIFTY26JULFUT,23973.9,23983.0,23970.2,23973.0,8970.0,14520350.0,2026-07-30,2026-07-28,JUL 2026
2026-07-22 13:55:00+05:30,NIFTY26JULFUT,NSE:NIFTY26JULFUT,23970.5,23979.5,23970.3,23970.6,4615.0,14519115.0,2026-07-30,2026-07-28,JUL 2026
2026-07-22 14:00:00+05:30,NIFTY26JULFUT,NSE:NIFTY26JULFUT,23970.6,23978.0,23962.4,23962.9,7280.0,14518530.0,2026-07-30,2026-07-28,JUL 2026
2026-07-22 14:05:00+05:30,NIFTY26JULFUT,NSE:NIFTY26JULFUT,23962.9,23977.9,23962.9,23977.7,9880.0,14518140.0,2026-07-30,2026-07-28,JUL 2026
2026-07-22 14:10:00+05:30,NIFTY26JULFUT,NSE:NIFTY26JULFUT,23965.0,23976.9,23955.0,23966.0,6500.0,14517490.0,2026-07-30,2026-07-28,JUL 2026
2026-07-22 14:15:00+05:30,NIFTY26JULFUT,NSE:NIFTY26JULFUT,23966.0,23984.0,23960.1,23978.0,12285.0,14514045.0,2026-07-30,2026-07-28,JUL 2026
2026-07-22 14:20:00+05:30,NIFTY26JULFUT,NSE:NIFTY26JULFUT,23978.0,23983.2,23965.1,23975.0,6045.0,14514435.0,2026-07-30,2026-07-28,JUL 2026
2026-07-22 14:25:00+05:30,NIFTY26JULFUT,NSE:NIFTY26JULFUT,23976.0,23977.4,23961.0,23961.0,10205.0,14517945.0,2026-07-30,2026-07-28,JUL 2026
2026-07-22 14:30:00+05:30,NIFTY26JULFUT,NSE:NIFTY26JULFUT,23961.0,23965.0,23955.0,23965.0,47775.0,14539915.0,2026-07-30,2026-07-28,JUL 2026
2026-07-22 14:35:00+05:30,NIFTY26JULFUT,NSE:NIFTY26JULFUT,23965.0,23984.0,23965.0,23971.1,24960.0,14543100.0,2026-07-30,2026-07-28,JUL 2026
2026-07-22 14:40:00+05:30,NIFTY26JULFUT,NSE:NIFTY26JULFUT,23972.7,23978.0,23961.0,23969.0,9425.0,14546090.0,2026-07-30,2026-07-28,JUL 2026
2026-07-22 14:45:00+05:30,NIFTY26JULFUT,NSE:NIFTY26JULFUT,23963.0,23969.0,23960.0,23965.0,7215.0,14548300.0,2026-07-30,2026-07-28,JUL 2026
2026-07-22 14:50:00+05:30,NIFTY26JULFUT,NSE:NIFTY26JULFUT,23965.0,23980.0,23965.0,23977.9,13780.0,14544010.0,2026-07-30,2026-07-28,JUL 2026
2026-07-22 14:55:00+05:30,NIFTY26JULFUT,NSE:NIFTY26JULFUT,23979.0,23979.0,23958.0,23965.0,14235.0,14526915.0,2026-07-30,2026-07-28,JUL 2026
2026-07-22 15:00:00+05:30,NIFTY26JULFUT,NSE:NIFTY26JULFUT,23965.1,23982.4,23960.0,23967.0,19760.0,14522755.0,2026-07-30,2026-07-28,JUL 2026
2026-07-22 15:05:00+05:30,NIFTY26JULFUT,NSE:NIFTY26JULFUT,23973.4,23993.0,23969.9,23985.0,27365.0,14519505.0,2026-07-30,2026-07-28,JUL 2026
2026-07-22 15:10:00+05:30,NIFTY26JULFUT,NSE:NIFTY26JULFUT,23984.9,24004.0,23979.0,24000.6,38415.0,14506570.0,2026-07-30,2026-07-28,JUL 2026
2026-07-22 15:15:00+05:30,NIFTY26JULFUT,NSE:NIFTY26JULFUT,24003.0,24005.0,23983.0,24000.0,49595.0,14507740.0,2026-07-30,2026-07-28,JUL 2026
2026-07-22 15:20:00+05:30,NIFTY26JULFUT,NSE:NIFTY26JULFUT,23994.5,24000.0,23983.2,23989.1,67730.0,14518725.0,2026-07-30,2026-07-28,JUL 2026
2026-07-22 15:25:00+05:30,NIFTY26JULFUT,NSE:NIFTY26JULFUT,23987.2,23991.6,23981.8,23983.2,93015.0,14525615.0,2026-07-30,2026-07-28,JUL 2026
2026-07-23 09:15:00+05:30,NIFTY26JULFUT,NSE:NIFTY26JULFUT,23885.0,23928.0,23880.0,23928.0,134095.0,0.0,2026-07-30,2026-07-28,JUL 2026
2026-07-23 09:20:00+05:30,NIFTY26JULFUT,NSE:NIFTY26JULFUT,23921.5,23960.0,23921.5,23951.5,101595.0,0.0,2026-07-30,2026-07-28,JUL 2026
2026-07-23 09:25:00+05:30,NIFTY26JULFUT,NSE:NIFTY26JULFUT,23951.2,23951.2,23922.0,23923.8,58630.0,0.0,2026-07-30,2026-07-28,JUL 2026
2026-07-23 09:30:00+05:30,NIFTY26JULFUT,NSE:NIFTY26JULFUT,23923.8,23936.8,23906.3,23923.8,64935.0,0.0,2026-07-30,2026-07-28,JUL 2026
2026-07-23 09:35:00+05:30,NIFTY26JULFUT,NSE:NIFTY26JULFUT,23919.3,23928.0,23892.3,23923.0,123760.0,0.0,2026-07-30,2026-07-28,JUL 2026
2026-07-23 09:40:00+05:30,NIFTY26JULFUT,NSE:NIFTY26JULFUT,23921.9,23924.6,23909.1,23914.0,57135.0,0.0,2026-07-30,2026-07-28,JUL 2026
2026-07-23 09:45:00+05:30,NIFTY26JULFUT,NSE:NIFTY26JULFUT,23913.8,23934.9,23912.0,23929.0,56810.0,0.0,2026-07-30,2026-07-28,JUL 2026
2026-07-23 09:50:00+05:30,NIFTY26JULFUT,NSE:NIFTY26JULFUT,23929.9,23940.0,23918.3,23932.5,58435.0,0.0,2026-07-30,2026-07-28,JUL 2026
2026-07-23 09:55:00+05:30,NIFTY26JULFUT,NSE:NIFTY26JULFUT,23932.9,23954.9,23932.9,23947.3,96005.0,0.0,2026-07-30,2026-07-28,JUL 2026
2026-07-23 10:00:00+05:30,NIFTY26JULFUT,NSE:NIFTY26JULFUT,23952.0,23972.9,23942.8,23969.2,80405.0,0.0,2026-07-30,2026-07-28,JUL 2026
2026-07-23 10:05:00+05:30,NIFTY26JULFUT,NSE:NIFTY26JULFUT,23967.0,23981.4,23956.0,23976.6,70915.0,0.0,2026-07-30,2026-07-28,JUL 2026
2026-07-23 10:10:00+05:30,NIFTY26JULFUT,NSE:NIFTY26JULFUT,23980.0,23984.9,23965.0,23968.0,62985.0,0.0,2026-07-30,2026-07-28,JUL 2026
2026-07-23 10:15:00+05:30,NIFTY26JULFUT,NSE:NIFTY26JULFUT,23968.0,23979.9,23961.1,23970.0,54535.0,0.0,2026-07-30,2026-07-28,JUL 2026
2026-07-23 10:20:00+05:30,NIFTY26JULFUT,NSE:NIFTY26JULFUT,23970.0,23975.0,23953.4,23960.1,69290.0,0.0,2026-07-30,2026-07-28,JUL 2026
2026-07-23 10:25:00+05:30,NIFTY26JULFUT,NSE:NIFTY26JULFUT,23960.0,23982.0,23956.3,23974.7,42900.0,0.0,2026-07-30,2026-07-28,JUL 2026
2026-07-23 10:30:00+05:30,NIFTY26JULFUT,NSE:NIFTY26JULFUT,23972.7,23979.7,23961.4,23966.6,96200.0,0.0,2026-07-30,2026-07-28,JUL 2026
2026-07-23 10:35:00+05:30,NIFTY26JULFUT,NSE:NIFTY26JULFUT,23967.6,23982.0,23967.6,23976.9,26390.0,0.0,2026-07-30,2026-07-28,JUL 2026
2026-07-23 10:40:00+05:30,NIFTY26JULFUT,NSE:NIFTY26JULFUT,23980.0,23981.0,23973.1,23976.9,33020.0,0.0,2026-07-30,2026-07-28,JUL 2026
2026-07-23 10:45:00+05:30,NIFTY26JULFUT,NSE:NIFTY26JULFUT,23980.0,23988.4,23973.3,23985.7,67990.0,0.0,2026-07-30,2026-07-28,JUL 2026
2026-07-23 10:50:00+05:30,NIFTY26JULFUT,NSE:NIFTY26JULFUT,23984.2,23990.0,23969.7,23971.6,64415.0,0.0,2026-07-30,2026-07-28,JUL 2026
2026-07-23 10:55:00+05:30,NIFTY26JULFUT,NSE:NIFTY26JULFUT,23971.3,23990.0,23971.3,23981.3,72475.0,0.0,2026-07-30,2026-07-28,JUL 2026
2026-07-23 11:00:00+05:30,NIFTY26JULFUT,NSE:NIFTY26JULFUT,23982.2,23996.0,23982.2,23992.0,65260.0,0.0,2026-07-30,2026-07-28,JUL 2026
2026-07-23 11:05:00+05:30,NIFTY26JULFUT,NSE:NIFTY26JULFUT,23991.9,23996.0,23983.4,23986.1,55445.0,0.0,2026-07-30,2026-07-28,JUL 2026
2026-07-23 11:10:00+05:30,NIFTY26JULFUT,NSE:NIFTY26JULFUT,23986.1,23990.0,23975.0,23975.0,44915.0,0.0,2026-07-30,2026-07-28,JUL 2026
2026-07-23 11:15:00+05:30,NIFTY26JULFUT,NSE:NIFTY26JULFUT,23973.8,23975.0,23958.9,23958.9,56225.0,0.0,2026-07-30,2026-07-28,JUL 2026
2026-07-23 11:20:00+05:30,NIFTY26JULFUT,NSE:NIFTY26JULFUT,23958.6,23965.0,23951.1,23951.1,38415.0,0.0,2026-07-30,2026-07-28,JUL 2026
2026-07-23 11:25:00+05:30,NIFTY26JULFUT,NSE:NIFTY26JULFUT,23951.1,23960.0,23940.0,23940.0,66495.0,0.0,2026-07-30,2026-07-28,JUL 2026
2026-07-23 11:30:00+05:30,NIFTY26JULFUT,NSE:NIFTY26JULFUT,23947.9,23950.0,23936.0,23950.0,60970.0,0.0,2026-07-30,2026-07-28,JUL 2026
2026-07-23 11:35:00+05:30,NIFTY26JULFUT,NSE:NIFTY26JULFUT,23944.8,23953.9,23938.0,23941.0,60905.0,0.0,2026-07-30,2026-07-28,JUL 2026
2026-07-23 11:40:00+05:30,NIFTY26JULFUT,NSE:NIFTY26JULFUT,23940.6,23950.0,23938.9,23945.7,55965.0,0.0,2026-07-30,2026-07-28,JUL 2026
2026-07-23 11:45:00+05:30,NIFTY26JULFUT,NSE:NIFTY26JULFUT,23945.9,23954.0,23939.6,23943.2,42900.0,0.0,2026-07-30,2026-07-28,JUL 2026
2026-07-23 11:50:00+05:30,NIFTY26JULFUT,NSE:NIFTY26JULFUT,23943.2,23943.2,23925.6,23934.2,88140.0,0.0,2026-07-30,2026-07-28,JUL 2026
2026-07-23 11:55:00+05:30,NIFTY26JULFUT,NSE:NIFTY26JULFUT,23933.2,23948.7,23928.4,23947.6,84045.0,0.0,2026-07-30,2026-07-28,JUL 2026
2026-07-23 12:00:00+05:30,NIFTY26JULFUT,NSE:NIFTY26JULFUT,23952.2,23965.0,23939.0,23939.4,70005.0,0.0,2026-07-30,2026-07-28,JUL 2026
2026-07-23 12:05:00+05:30,NIFTY26JULFUT,NSE:NIFTY26JULFUT,23939.7,23955.0,23936.2,23955.0,122395.0,0.0,2026-07-30,2026-07-28,JUL 2026
2026-07-23 12:10:00+05:30,NIFTY26JULFUT,NSE:NIFTY26JULFUT,23955.0,23956.0,23930.0,23930.1,49465.0,0.0,2026-07-30,2026-07-28,JUL 2026
2026-07-23 12:15:00+05:30,NIFTY26JULFUT,NSE:NIFTY26JULFUT,23929.3,23940.4,23925.0,23933.0,40690.0,0.0,2026-07-30,2026-07-28,JUL 2026
2026-07-23 12:20:00+05:30,NIFTY26JULFUT,NSE:NIFTY26JULFUT,23933.0,23933.9,23915.7,23917.2,56290.0,0.0,2026-07-30,2026-07-28,JUL 2026
2026-07-23 12:25:00+05:30,NIFTY26JULFUT,NSE:NIFTY26JULFUT,23929.6,23930.0,23906.0,23906.0,65455.0,0.0,2026-07-30,2026-07-28,JUL 2026
2026-07-23 12:30:00+05:30,NIFTY26JULFUT,NSE:NIFTY26JULFUT,23905.0,23908.0,23873.7,23880.0,167635.0,0.0,2026-07-30,2026-07-28,JUL 2026
2026-07-23 12:35:00+05:30,NIFTY26JULFUT,NSE:NIFTY26JULFUT,23880.0,23891.6,23870.0,23876.5,54275.0,0.0,2026-07-30,2026-07-28,JUL 2026
2026-07-23 12:40:00+05:30,NIFTY26JULFUT,NSE:NIFTY26JULFUT,23870.3,23876.7,23836.1,23842.3,104195.0,0.0,2026-07-30,2026-07-28,JUL 2026
2026-07-23 12:45:00+05:30,NIFTY26JULFUT,NSE:NIFTY26JULFUT,23842.0,23860.0,23836.0,23840.0,82420.0,0.0,2026-07-30,2026-07-28,JUL 2026
2026-07-23 12:50:00+05:30,NIFTY26JULFUT,NSE:NIFTY26JULFUT,23841.5,23853.2,23835.0,23845.0,48620.0,0.0,2026-07-30,2026-07-28,JUL 2026
2026-07-23 12:55:00+05:30,NIFTY26JULFUT,NSE:NIFTY26JULFUT,23846.7,23860.0,23845.0,23849.0,63830.0,0.0,2026-07-30,2026-07-28,JUL 2026
2026-07-23 13:00:00+05:30,NIFTY26JULFUT,NSE:NIFTY26JULFUT,23849.0,23855.0,23835.0,23837.2,40365.0,0.0,2026-07-30,2026-07-28,JUL 2026
2026-07-23 13:05:00+05:30,NIFTY26JULFUT,NSE:NIFTY26JULFUT,23836.0,23841.8,23825.0,23825.0,82485.0,0.0,2026-07-30,2026-07-28,JUL 2026
2026-07-23 13:10:00+05:30,NIFTY26JULFUT,NSE:NIFTY26JULFUT,23826.0,23840.0,23820.0,23825.0,109135.0,0.0,2026-07-30,2026-07-28,JUL 2026
2026-07-23 13:15:00+05:30,NIFTY26JULFUT,NSE:NIFTY26JULFUT,23825.0,23843.0,23808.6,23831.0,129740.0,0.0,2026-07-30,2026-07-28,JUL 2026
2026-07-23 13:20:00+05:30,NIFTY26JULFUT,NSE:NIFTY26JULFUT,23833.0,23844.7,23827.8,23838.0,96070.0,0.0,2026-07-30,2026-07-28,JUL 2026
2026-07-23 13:25:00+05:30,NIFTY26JULFUT,NSE:NIFTY26JULFUT,23838.0,23848.0,23835.0,23836.0,81055.0,0.0,2026-07-30,2026-07-28,JUL 2026
2026-07-23 13:30:00+05:30,NIFTY26JULFUT,NSE:NIFTY26JULFUT,23836.1,23839.9,23824.3,23830.0,54145.0,0.0,2026-07-30,2026-07-28,JUL 2026
2026-07-23 13:35:00+05:30,NIFTY26JULFUT,NSE:NIFTY26JULFUT,23827.2,23857.9,23826.9,23844.3,64480.0,0.0,2026-07-30,2026-07-28,JUL 2026
2026-07-23 13:40:00+05:30,NIFTY26JULFUT,NSE:NIFTY26JULFUT,23844.2,23859.7,23843.0,23843.0,42705.0,0.0,2026-07-30,2026-07-28,JUL 2026
2026-07-23 13:45:00+05:30,NIFTY26JULFUT,NSE:NIFTY26JULFUT,23842.9,23861.5,23842.9,23856.5,59670.0,0.0,2026-07-30,2026-07-28,JUL 2026
2026-07-23 13:50:00+05:30,NIFTY26JULFUT,NSE:NIFTY26JULFUT,23859.8,23865.0,23850.1,23850.5,66755.0,0.0,2026-07-30,2026-07-28,JUL 2026
2026-07-23 13:55:00+05:30,NIFTY26JULFUT,NSE:NIFTY26JULFUT,23850.5,23860.9,23847.1,23860.0,65325.0,0.0,2026-07-30,2026-07-28,JUL 2026
2026-07-23 14:00:00+05:30,NIFTY26JULFUT,NSE:NIFTY26JULFUT,23858.4,23862.0,23850.1,23853.8,36855.0,0.0,2026-07-30,2026-07-28,JUL 2026
2026-07-23 14:05:00+05:30,NIFTY26JULFUT,NSE:NIFTY26JULFUT,23853.8,23862.0,23847.6,23847.9,37635.0,0.0,2026-07-30,2026-07-28,JUL 2026
2026-07-23 14:10:00+05:30,NIFTY26JULFUT,NSE:NIFTY26JULFUT,23847.8,23856.9,23842.5,23842.5,56875.0,0.0,2026-07-30,2026-07-28,JUL 2026
2026-07-23 14:15:00+05:30,NIFTY26JULFUT,NSE:NIFTY26JULFUT,23851.9,23859.2,23841.8,23846.8,41860.0,0.0,2026-07-30,2026-07-28,JUL 2026
2026-07-23 14:20:00+05:30,NIFTY26JULFUT,NSE:NIFTY26JULFUT,23846.7,23868.3,23846.6,23863.9,56875.0,0.0,2026-07-30,2026-07-28,JUL 2026
2026-07-23 14:25:00+05:30,NIFTY26JULFUT,NSE:NIFTY26JULFUT,23863.4,23869.6,23859.4,23859.9,74425.0,0.0,2026-07-30,2026-07-28,JUL 2026
2026-07-23 14:30:00+05:30,NIFTY26JULFUT,NSE:NIFTY26JULFUT,23859.9,23893.0,23853.3,23889.9,83785.0,0.0,2026-07-30,2026-07-28,JUL 2026
2026-07-23 14:35:00+05:30,NIFTY26JULFUT,NSE:NIFTY26JULFUT,23895.0,23898.3,23850.5,23852.0,50180.0,0.0,2026-07-30,2026-07-28,JUL 2026
2026-07-23 14:40:00+05:30,NIFTY26JULFUT,NSE:NIFTY26JULFUT,23852.3,23853.0,23827.4,23835.9,36270.0,0.0,2026-07-30,2026-07-28,JUL 2026
2026-07-23 14:45:00+05:30,NIFTY26JULFUT,NSE:NIFTY26JULFUT,23835.9,23839.9,23820.0,23822.0,47450.0,14857895.0,2026-07-30,2026-07-28,JUL 2026
2026-07-23 14:50:00+05:30,NIFTY26JULFUT,NSE:NIFTY26JULFUT,23825.0,23829.9,23811.1,23825.0,83460.0,14910675.0,2026-07-30,2026-07-28,JUL 2026
2026-07-23 14:55:00+05:30,NIFTY26JULFUT,NSE:NIFTY26JULFUT,23828.8,23843.0,23825.0,23838.4,40430.0,14924715.0,2026-07-30,2026-07-28,JUL 2026
2026-07-23 15:00:00+05:30,NIFTY26JULFUT,NSE:NIFTY26JULFUT,23842.0,23869.9,23830.4,23854.9,92170.0,14969760.0,2026-07-30,2026-07-28,JUL 2026
2026-07-23 15:05:00+05:30,NIFTY26JULFUT,NSE:NIFTY26JULFUT,23854.0,23880.0,23854.0,23875.7,82030.0,15003560.0,2026-07-30,2026-07-28,JUL 2026
2026-07-23 15:10:00+05:30,NIFTY26JULFUT,NSE:NIFTY26JULFUT,23877.0,23880.6,23867.2,23880.1,102505.0,15025465.0,2026-07-30,2026-07-28,JUL 2026
2026-07-23 15:15:00+05:30,NIFTY26JULFUT,NSE:NIFTY26JULFUT,23877.4,23884.0,23868.0,23877.4,75205.0,14984580.0,2026-07-30,2026-07-28,JUL 2026
2026-07-23 15:20:00+05:30,NIFTY26JULFUT,NSE:NIFTY26JULFUT,23876.6,23889.5,23875.2,23888.8,104520.0,15008240.0,2026-07-30,2026-07-28,JUL 2026
2026-07-23 15:25:00+05:30,NIFTY26JULFUT,NSE:NIFTY26JULFUT,23889.5,23892.5,23885.0,23886.0,104975.0,15020200.0,2026-07-30,2026-07-28,JUL 2026
2026-07-24 09:15:00+05:30,NIFTY26JULFUT,NSE:NIFTY26JULFUT,23700.0,23760.0,23690.1,23759.0,187070.0,11815830.0,2026-07-30,2026-07-28,JUL 2026
2026-07-24 09:20:00+05:30,NIFTY26JULFUT,NSE:NIFTY26JULFUT,23755.1,23774.3,23736.1,23743.0,111800.0,11860680.0,2026-07-30,2026-07-28,JUL 2026
2026-07-24 09:25:00+05:30,NIFTY26JULFUT,NSE:NIFTY26JULFUT,23736.1,23746.9,23705.3,23717.3,152620.0,11884600.0,2026-07-30,2026-07-28,JUL 2026
2026-07-24 09:30:00+05:30,NIFTY26JULFUT,NSE:NIFTY26JULFUT,23715.9,23736.6,23703.0,23714.0,58630.0,11877515.0,2026-07-30,2026-07-28,JUL 2026
2026-07-24 09:35:00+05:30,NIFTY26JULFUT,NSE:NIFTY26JULFUT,23707.0,23724.2,23685.5,23687.4,101920.0,11899680.0,2026-07-30,2026-07-28,JUL 2026
2026-07-24 09:40:00+05:30,NIFTY26JULFUT,NSE:NIFTY26JULFUT,23687.4,23704.7,23670.0,23689.3,129415.0,11905400.0,2026-07-30,2026-07-28,JUL 2026
2026-07-24 09:45:00+05:30,NIFTY26JULFUT,NSE:NIFTY26JULFUT,23688.2,23697.1,23667.0,23670.1,105040.0,11918010.0,2026-07-30,2026-07-28,JUL 2026
2026-07-24 09:50:00+05:30,NIFTY26JULFUT,NSE:NIFTY26JULFUT,23680.9,23691.0,23656.0,23691.0,104585.0,11901695.0,2026-07-30,2026-07-28,JUL 2026
2026-07-24 09:55:00+05:30,NIFTY26JULFUT,NSE:NIFTY26JULFUT,23688.4,23705.0,23682.0,23682.0,74230.0,11877060.0,2026-07-30,2026-07-28,JUL 2026
2026-07-24 10:00:00+05:30,NIFTY26JULFUT,NSE:NIFTY26JULFUT,23681.6,23685.2,23652.0,23667.9,89830.0,11870235.0,2026-07-30,2026-07-28,JUL 2026
2026-07-24 10:05:00+05:30,NIFTY26JULFUT,NSE:NIFTY26JULFUT,23667.9,23670.0,23650.2,23656.0,51805.0,11869585.0,2026-07-30,2026-07-28,JUL 2026
2026-07-24 10:10:00+05:30,NIFTY26JULFUT,NSE:NIFTY26JULFUT,23652.0,23664.1,23640.0,23643.6,64740.0,11860615.0,2026-07-30,2026-07-28,JUL 2026
2026-07-24 10:15:00+05:30,NIFTY26JULFUT,NSE:NIFTY26JULFUT,23645.0,23668.3,23640.1,23650.0,43485.0,11851775.0,2026-07-30,2026-07-28,JUL 2026
2026-07-24 10:20:00+05:30,NIFTY26JULFUT,NSE:NIFTY26JULFUT,23654.1,23664.9,23647.7,23664.9,31070.0,11835070.0,2026-07-30,2026-07-28,JUL 2026
2026-07-24 10:25:00+05:30,NIFTY26JULFUT,NSE:NIFTY26JULFUT,23660.8,23671.5,23650.3,23664.0,81055.0,11795420.0,2026-07-30,2026-07-28,JUL 2026
2026-07-24 10:30:00+05:30,NIFTY26JULFUT,NSE:NIFTY26JULFUT,23663.8,23668.0,23649.0,23649.0,71370.0,11794965.0,2026-07-30,2026-07-28,JUL 2026
2026-07-24 10:35:00+05:30,NIFTY26JULFUT,NSE:NIFTY26JULFUT,23649.1,23686.8,23647.8,23673.4,51415.0,11788530.0,2026-07-30,2026-07-28,JUL 2026
2026-07-24 10:40:00+05:30,NIFTY26JULFUT,NSE:NIFTY26JULFUT,23685.5,23689.0,23666.6,23673.9,44200.0,11789180.0,2026-07-30,2026-07-28,JUL 2026
2026-07-24 10:45:00+05:30,NIFTY26JULFUT,NSE:NIFTY26JULFUT,23673.9,23692.0,23671.8,23683.1,66560.0,11783720.0,2026-07-30,2026-07-28,JUL 2026
2026-07-24 10:50:00+05:30,NIFTY26JULFUT,NSE:NIFTY26JULFUT,23683.2,23687.9,23664.4,23678.9,40820.0,11784175.0,2026-07-30,2026-07-28,JUL 2026
2026-07-24 10:55:00+05:30,NIFTY26JULFUT,NSE:NIFTY26JULFUT,23666.3,23679.0,23652.0,23655.4,43290.0,11797500.0,2026-07-30,2026-07-28,JUL 2026
2026-07-24 11:00:00+05:30,NIFTY26JULFUT,NSE:NIFTY26JULFUT,23655.6,23661.0,23650.0,23660.2,41470.0,11798605.0,2026-07-30,2026-07-28,JUL 2026
2026-07-24 11:05:00+05:30,NIFTY26JULFUT,NSE:NIFTY26JULFUT,23664.9,23668.5,23654.9,23666.0,25350.0,11800100.0,2026-07-30,2026-07-28,JUL 2026
2026-07-24 11:10:00+05:30,NIFTY26JULFUT,NSE:NIFTY26JULFUT,23663.6,23670.0,23651.0,23656.0,25220.0,11797175.0,2026-07-30,2026-07-28,JUL 2026
2026-07-24 11:15:00+05:30,NIFTY26JULFUT,NSE:NIFTY26JULFUT,23656.0,23685.0,23655.0,23683.1,28275.0,11792690.0,2026-07-30,2026-07-28,JUL 2026
2026-07-24 11:20:00+05:30,NIFTY26JULFUT,NSE:NIFTY26JULFUT,23683.1,23705.0,23681.1,23700.0,40040.0,11790480.0,2026-07-30,2026-07-28,JUL 2026
2026-07-24 11:25:00+05:30,NIFTY26JULFUT,NSE:NIFTY26JULFUT,23699.0,23704.6,23680.0,23680.0,37830.0,11783135.0,2026-07-30,2026-07-28,JUL 2026
2026-07-24 11:30:00+05:30,NIFTY26JULFUT,NSE:NIFTY26JULFUT,23680.0,23684.9,23667.7,23673.3,30810.0,11775725.0,2026-07-30,2026-07-28,JUL 2026
2026-07-24 11:35:00+05:30,NIFTY26JULFUT,NSE:NIFTY26JULFUT,23673.3,23693.0,23672.4,23690.5,25545.0,11767080.0,2026-07-30,2026-07-28,JUL 2026
2026-07-24 11:40:00+05:30,NIFTY26JULFUT,NSE:NIFTY26JULFUT,23690.5,23709.0,23685.1,23707.0,37050.0,11758760.0,2026-07-30,2026-07-28,JUL 2026
2026-07-24 11:45:00+05:30,NIFTY26JULFUT,NSE:NIFTY26JULFUT,23706.6,23724.0,23700.6,23720.0,51155.0,11743485.0,2026-07-30,2026-07-28,JUL 2026
2026-07-24 11:50:00+05:30,NIFTY26JULFUT,NSE:NIFTY26JULFUT,23720.0,23736.9,23715.6,23723.3,54275.0,11741665.0,2026-07-30,2026-07-28,JUL 2026
2026-07-24 11:55:00+05:30,NIFTY26JULFUT,NSE:NIFTY26JULFUT,23720.0,23728.0,23710.0,23716.0,40495.0,11740820.0,2026-07-30,2026-07-28,JUL 2026
2026-07-24 12:00:00+05:30,NIFTY26JULFUT,NSE:NIFTY26JULFUT,23720.0,23740.0,23704.7,23739.7,50440.0,11743095.0,2026-07-30,2026-07-28,JUL 2026
2026-07-24 12:05:00+05:30,NIFTY26JULFUT,NSE:NIFTY26JULFUT,23739.7,23743.3,23723.9,23730.0,49920.0,11752000.0,2026-07-30,2026-07-28,JUL 2026
2026-07-24 12:10:00+05:30,NIFTY26JULFUT,NSE:NIFTY26JULFUT,23730.0,23732.0,23715.4,23717.1,37635.0,11756680.0,2026-07-30,2026-07-28,JUL 2026
2026-07-24 12:15:00+05:30,NIFTY26JULFUT,NSE:NIFTY26JULFUT,23715.0,23740.0,23714.7,23731.0,32240.0,11754860.0,2026-07-30,2026-07-28,JUL 2026
2026-07-24 12:20:00+05:30,NIFTY26JULFUT,NSE:NIFTY26JULFUT,23731.0,23770.0,23729.9,23768.5,72605.0,11755250.0,2026-07-30,2026-07-28,JUL 2026
2026-07-24 12:25:00+05:30,NIFTY26JULFUT,NSE:NIFTY26JULFUT,23765.5,23824.1,23760.0,23806.8,155675.0,11756225.0,2026-07-30,2026-07-28,JUL 2026
2026-07-24 12:30:00+05:30,NIFTY26JULFUT,NSE:NIFTY26JULFUT,23808.0,23833.0,23788.4,23795.8,81250.0,11762075.0,2026-07-30,2026-07-28,JUL 2026
2026-07-24 12:35:00+05:30,NIFTY26JULFUT,NSE:NIFTY26JULFUT,23799.9,23809.2,23780.0,23800.6,50180.0,11744590.0,2026-07-30,2026-07-28,JUL 2026
2026-07-24 12:40:00+05:30,NIFTY26JULFUT,NSE:NIFTY26JULFUT,23800.6,23829.9,23798.1,23820.0,52195.0,11754340.0,2026-07-30,2026-07-28,JUL 2026
2026-07-24 12:45:00+05:30,NIFTY26JULFUT,NSE:NIFTY26JULFUT,23820.0,23842.9,23812.0,23830.0,66235.0,11762205.0,2026-07-30,2026-07-28,JUL 2026
2026-07-24 12:50:00+05:30,NIFTY26JULFUT,NSE:NIFTY26JULFUT,23829.0,23844.0,23820.0,23826.4,60580.0,11752650.0,2026-07-30,2026-07-28,JUL 2026
2026-07-24 12:55:00+05:30,NIFTY26JULFUT,NSE:NIFTY26JULFUT,23826.4,23847.9,23823.8,23832.9,45435.0,11734645.0,2026-07-30,2026-07-28,JUL 2026
2026-07-24 13:00:00+05:30,NIFTY26JULFUT,NSE:NIFTY26JULFUT,23832.9,23834.0,23801.0,23805.1,47970.0,11732630.0,2026-07-30,2026-07-28,JUL 2026
2026-07-24 13:05:00+05:30,NIFTY26JULFUT,NSE:NIFTY26JULFUT,23805.1,23810.0,23792.2,23802.0,52585.0,11722360.0,2026-07-30,2026-07-28,JUL 2026
2026-07-24 13:10:00+05:30,NIFTY26JULFUT,NSE:NIFTY26JULFUT,23795.0,23822.6,23790.9,23822.6,70915.0,11672830.0,2026-07-30,2026-07-28,JUL 2026
2026-07-24 13:15:00+05:30,NIFTY26JULFUT,NSE:NIFTY26JULFUT,23822.3,23824.0,23804.8,23816.2,33475.0,11657555.0,2026-07-30,2026-07-28,JUL 2026
2026-07-24 13:20:00+05:30,NIFTY26JULFUT,NSE:NIFTY26JULFUT,23821.0,23829.9,23811.9,23822.4,46930.0,11672765.0,2026-07-30,2026-07-28,JUL 2026
2026-07-24 13:25:00+05:30,NIFTY26JULFUT,NSE:NIFTY26JULFUT,23822.4,23829.0,23815.9,23816.8,20150.0,11664185.0,2026-07-30,2026-07-28,JUL 2026
2026-07-24 13:30:00+05:30,NIFTY26JULFUT,NSE:NIFTY26JULFUT,23824.0,23824.0,23792.0,23792.0,28600.0,11673025.0,2026-07-30,2026-07-28,JUL 2026
2026-07-24 13:35:00+05:30,NIFTY26JULFUT,NSE:NIFTY26JULFUT,23792.0,23799.0,23775.7,23792.0,37960.0,11689080.0,2026-07-30,2026-07-28,JUL 2026
2026-07-24 13:40:00+05:30,NIFTY26JULFUT,NSE:NIFTY26JULFUT,23792.8,23792.8,23760.9,23770.0,33930.0,11691030.0,2026-07-30,2026-07-28,JUL 2026
2026-07-24 13:45:00+05:30,NIFTY26JULFUT,NSE:NIFTY26JULFUT,23770.0,23791.0,23762.0,23791.0,50375.0,11694735.0,2026-07-30,2026-07-28,JUL 2026
2026-07-24 13:50:00+05:30,NIFTY26JULFUT,NSE:NIFTY26JULFUT,23791.0,23815.0,23785.0,23813.1,50505.0,11688040.0,2026-07-30,2026-07-28,JUL 2026
2026-07-24 13:55:00+05:30,NIFTY26JULFUT,NSE:NIFTY26JULFUT,23809.8,23839.0,23800.0,23839.0,24570.0,11689470.0,2026-07-30,2026-07-28,JUL 2026
2026-07-24 14:00:00+05:30,NIFTY26JULFUT,NSE:NIFTY26JULFUT,23839.0,23854.0,23817.2,23845.0,65975.0,11687715.0,2026-07-30,2026-07-28,JUL 2026
2026-07-24 14:05:00+05:30,NIFTY26JULFUT,NSE:NIFTY26JULFUT,23845.0,23854.0,23829.4,23830.0,52325.0,11704745.0,2026-07-30,2026-07-28,JUL 2026
2026-07-24 14:10:00+05:30,NIFTY26JULFUT,NSE:NIFTY26JULFUT,23829.1,23835.4,23816.0,23830.0,33215.0,11713390.0,2026-07-30,2026-07-28,JUL 2026
2026-07-24 14:15:00+05:30,NIFTY26JULFUT,NSE:NIFTY26JULFUT,23828.0,23835.0,23814.9,23821.0,26195.0,11712090.0,2026-07-30,2026-07-28,JUL 2026
2026-07-24 14:20:00+05:30,NIFTY26JULFUT,NSE:NIFTY26JULFUT,23824.0,23824.0,23801.0,23801.0,30615.0,11714495.0,2026-07-30,2026-07-28,JUL 2026
2026-07-24 14:25:00+05:30,NIFTY26JULFUT,NSE:NIFTY26JULFUT,23801.0,23810.0,23800.0,23805.0,22815.0,11725350.0,2026-07-30,2026-07-28,JUL 2026
2026-07-24 14:30:00+05:30,NIFTY26JULFUT,NSE:NIFTY26JULFUT,23804.4,23818.0,23798.0,23804.0,18980.0,11703640.0,2026-07-30,2026-07-28,JUL 2026
2026-07-24 14:35:00+05:30,NIFTY26JULFUT,NSE:NIFTY26JULFUT,23800.0,23815.0,23795.0,23808.2,32630.0,11697400.0,2026-07-30,2026-07-28,JUL 2026
2026-07-24 14:40:00+05:30,NIFTY26JULFUT,NSE:NIFTY26JULFUT,23808.2,23815.0,23800.0,23807.0,24830.0,11686935.0,2026-07-30,2026-07-28,JUL 2026
2026-07-24 14:45:00+05:30,NIFTY26JULFUT,NSE:NIFTY26JULFUT,23807.0,23807.0,23800.0,23807.0,36790.0,11694865.0,2026-07-30,2026-07-28,JUL 2026
2026-07-24 14:50:00+05:30,NIFTY26JULFUT,NSE:NIFTY26JULFUT,23805.0,23830.0,23801.9,23819.0,24700.0,11696750.0,2026-07-30,2026-07-28,JUL 2026
2026-07-24 14:55:00+05:30,NIFTY26JULFUT,NSE:NIFTY26JULFUT,23819.0,23825.0,23806.4,23811.0,25350.0,11700845.0,2026-07-30,2026-07-28,JUL 2026
2026-07-24 15:00:00+05:30,NIFTY26JULFUT,NSE:NIFTY26JULFUT,23815.0,23819.0,23784.7,23798.8,123825.0,11720735.0,2026-07-30,2026-07-28,JUL 2026
2026-07-24 15:05:00+05:30,NIFTY26JULFUT,NSE:NIFTY26JULFUT,23789.0,23800.0,23782.4,23790.0,46995.0,11720280.0,2026-07-30,2026-07-28,JUL 2026
2026-07-24 15:10:00+05:30,NIFTY26JULFUT,NSE:NIFTY26JULFUT,23787.2,23815.0,23780.0,23814.9,48425.0,11725805.0,2026-07-30,2026-07-28,JUL 2026
2026-07-24 15:15:00+05:30,NIFTY26JULFUT,NSE:NIFTY26JULFUT,23814.9,23842.0,23803.9,23809.1,52585.0,11732760.0,2026-07-30,2026-07-28,JUL 2026
2026-07-24 15:20:00+05:30,NIFTY26JULFUT,NSE:NIFTY26JULFUT,23809.1,23820.0,23809.0,23815.5,74230.0,11748555.0,2026-07-30,2026-07-28,JUL 2026
2026-07-24 15:25:00+05:30,NIFTY26JULFUT,NSE:NIFTY26JULFUT,23816.0,23830.9,23810.5,23830.0,94120.0,11674650.0,2026-07-30,2026-07-28,JUL 2026
2026-07-27 09:15:00+05:30,NIFTY26JULFUT,NSE:NIFTY26JULFUT,23940.0,23975.0,23923.0,23935.0,249730.0,10246795.0,2026-07-30,2026-07-28,JUL 2026
2026-07-27 09:20:00+05:30,NIFTY26JULFUT,NSE:NIFTY26JULFUT,23932.0,23962.1,23932.0,23948.7,89635.0,10216635.0,2026-07-30,2026-07-28,JUL 2026
2026-07-27 09:25:00+05:30,NIFTY26JULFUT,NSE:NIFTY26JULFUT,23948.7,23965.0,23932.2,23953.0,70980.0,10196485.0,2026-07-30,2026-07-28,JUL 2026
2026-07-27 09:30:00+05:30,NIFTY26JULFUT,NSE:NIFTY26JULFUT,23953.0,23965.0,23945.0,23951.5,48360.0,10191090.0,2026-07-30,2026-07-28,JUL 2026
2026-07-27 09:35:00+05:30,NIFTY26JULFUT,NSE:NIFTY26JULFUT,23952.0,23970.0,23950.0,23960.0,43550.0,10185240.0,2026-07-30,2026-07-28,JUL 2026
2026-07-27 09:40:00+05:30,NIFTY26JULFUT,NSE:NIFTY26JULFUT,23960.0,23968.0,23955.0,23965.8,33215.0,10179520.0,2026-07-30,2026-07-28,JUL 2026
2026-07-27 09:45:00+05:30,NIFTY26JULFUT,NSE:NIFTY26JULFUT,23967.9,23974.7,23960.7,23965.8,59215.0,10184200.0,2026-07-30,2026-07-28,JUL 2026
2026-07-27 09:50:00+05:30,NIFTY26JULFUT,NSE:NIFTY26JULFUT,23967.2,23969.0,23945.0,23947.5,34775.0,10183030.0,2026-07-30,2026-07-28,JUL 2026
2026-07-27 09:55:00+05:30,NIFTY26JULFUT,NSE:NIFTY26JULFUT,23948.5,23950.0,23931.0,23945.5,61425.0,10179000.0,2026-07-30,2026-07-28,JUL 2026
2026-07-27 10:00:00+05:30,NIFTY26JULFUT,NSE:NIFTY26JULFUT,23945.5,23950.0,23932.0,23932.0,20085.0,10175490.0,2026-07-30,2026-07-28,JUL 2026
2026-07-27 10:05:00+05:30,NIFTY26JULFUT,NSE:NIFTY26JULFUT,23931.0,23944.0,23925.0,23925.3,21580.0,10171525.0,2026-07-30,2026-07-28,JUL 2026
2026-07-27 10:10:00+05:30,NIFTY26JULFUT,NSE:NIFTY26JULFUT,23925.3,23951.0,23925.0,23949.3,38805.0,10167235.0,2026-07-30,2026-07-28,JUL 2026
2026-07-27 10:15:00+05:30,NIFTY26JULFUT,NSE:NIFTY26JULFUT,23950.8,23955.0,23933.8,23939.6,24895.0,10168405.0,2026-07-30,2026-07-28,JUL 2026
2026-07-27 10:20:00+05:30,NIFTY26JULFUT,NSE:NIFTY26JULFUT,23937.6,23942.7,23925.0,23925.6,40365.0,10168990.0,2026-07-30,2026-07-28,JUL 2026
2026-07-27 10:25:00+05:30,NIFTY26JULFUT,NSE:NIFTY26JULFUT,23925.6,23932.0,23923.0,23930.0,33735.0,10166650.0,2026-07-30,2026-07-28,JUL 2026
2026-07-27 10:30:00+05:30,NIFTY26JULFUT,NSE:NIFTY26JULFUT,23930.0,23940.0,23922.0,23934.0,34385.0,10172955.0,2026-07-30,2026-07-28,JUL 2026
2026-07-27 10:35:00+05:30,NIFTY26JULFUT,NSE:NIFTY26JULFUT,23935.0,23935.0,23902.4,23905.1,50895.0,10169445.0,2026-07-30,2026-07-28,JUL 2026
2026-07-27 10:40:00+05:30,NIFTY26JULFUT,NSE:NIFTY26JULFUT,23907.6,23949.0,23906.3,23949.0,65585.0,10166455.0,2026-07-30,2026-07-28,JUL 2026
2026-07-27 10:45:00+05:30,NIFTY26JULFUT,NSE:NIFTY26JULFUT,23940.7,23947.8,23927.0,23927.0,24765.0,10171005.0,2026-07-30,2026-07-28,JUL 2026
2026-07-27 10:50:00+05:30,NIFTY26JULFUT,NSE:NIFTY26JULFUT,23927.4,23940.0,23924.1,23932.0,26195.0,10174645.0,2026-07-30,2026-07-28,JUL 2026
2026-07-27 10:55:00+05:30,NIFTY26JULFUT,NSE:NIFTY26JULFUT,23932.0,23955.0,23925.4,23955.0,42900.0,10196550.0,2026-07-30,2026-07-28,JUL 2026
2026-07-27 11:00:00+05:30,NIFTY26JULFUT,NSE:NIFTY26JULFUT,23951.1,23959.5,23942.1,23949.0,33995.0,10203570.0,2026-07-30,2026-07-28,JUL 2026
2026-07-27 11:05:00+05:30,NIFTY26JULFUT,NSE:NIFTY26JULFUT,23949.0,23954.0,23936.6,23952.0,52000.0,10195835.0,2026-07-30,2026-07-28,JUL 2026
2026-07-27 11:10:00+05:30,NIFTY26JULFUT,NSE:NIFTY26JULFUT,23954.0,23955.0,23937.3,23940.0,23010.0,10190115.0,2026-07-30,2026-07-28,JUL 2026
2026-07-27 11:15:00+05:30,NIFTY26JULFUT,NSE:NIFTY26JULFUT,23940.0,23959.3,23938.4,23959.3,28470.0,10177440.0,2026-07-30,2026-07-28,JUL 2026
2026-07-27 11:20:00+05:30,NIFTY26JULFUT,NSE:NIFTY26JULFUT,23958.2,23965.0,23952.9,23962.4,47515.0,10179910.0,2026-07-30,2026-07-28,JUL 2026
2026-07-27 11:25:00+05:30,NIFTY26JULFUT,NSE:NIFTY26JULFUT,23962.0,23987.7,23961.5,23980.0,79625.0,10170550.0,2026-07-30,2026-07-28,JUL 2026
2026-07-27 11:30:00+05:30,NIFTY26JULFUT,NSE:NIFTY26JULFUT,23985.0,23991.5,23976.0,23979.1,47710.0,10160605.0,2026-07-30,2026-07-28,JUL 2026
2026-07-27 11:35:00+05:30,NIFTY26JULFUT,NSE:NIFTY26JULFUT,23979.1,23987.0,23975.1,23983.0,32305.0,10163855.0,2026-07-30,2026-07-28,JUL 2026
2026-07-27 11:40:00+05:30,NIFTY26JULFUT,NSE:NIFTY26JULFUT,23983.0,23984.0,23974.3,23983.0,34775.0,10149555.0,2026-07-30,2026-07-28,JUL 2026
2026-07-27 11:45:00+05:30,NIFTY26JULFUT,NSE:NIFTY26JULFUT,23978.1,23985.0,23965.1,23969.9,31330.0,10150985.0,2026-07-30,2026-07-28,JUL 2026
2026-07-27 11:50:00+05:30,NIFTY26JULFUT,NSE:NIFTY26JULFUT,23970.0,23979.8,23963.5,23977.2,32045.0,10135775.0,2026-07-30,2026-07-28,JUL 2026
2026-07-27 11:55:00+05:30,NIFTY26JULFUT,NSE:NIFTY26JULFUT,23980.0,23989.0,23971.5,23973.5,41015.0,10117250.0,2026-07-30,2026-07-28,JUL 2026
2026-07-27 12:00:00+05:30,NIFTY26JULFUT,NSE:NIFTY26JULFUT,23973.5,23978.0,23967.8,23967.8,30485.0,10109645.0,2026-07-30,2026-07-28,JUL 2026
2026-07-27 12:05:00+05:30,NIFTY26JULFUT,NSE:NIFTY26JULFUT,23968.0,23975.0,23961.0,23966.5,26195.0,10103405.0,2026-07-30,2026-07-28,JUL 2026
2026-07-27 12:10:00+05:30,NIFTY26JULFUT,NSE:NIFTY26JULFUT,23966.5,23976.0,23960.0,23975.0,31915.0,10097295.0,2026-07-30,2026-07-28,JUL 2026
2026-07-27 12:15:00+05:30,NIFTY26JULFUT,NSE:NIFTY26JULFUT,23975.0,23978.7,23970.0,23973.3,30355.0,10094500.0,2026-07-30,2026-07-28,JUL 2026
2026-07-27 12:20:00+05:30,NIFTY26JULFUT,NSE:NIFTY26JULFUT,23973.3,23975.0,23964.6,23970.0,28015.0,10095865.0,2026-07-30,2026-07-28,JUL 2026
2026-07-27 12:25:00+05:30,NIFTY26JULFUT,NSE:NIFTY26JULFUT,23970.0,23978.9,23967.6,23967.6,42835.0,10088065.0,2026-07-30,2026-07-28,JUL 2026
2026-07-27 12:30:00+05:30,NIFTY26JULFUT,NSE:NIFTY26JULFUT,23967.6,23978.0,23961.3,23971.3,30030.0,10084035.0,2026-07-30,2026-07-28,JUL 2026
2026-07-27 12:35:00+05:30,NIFTY26JULFUT,NSE:NIFTY26JULFUT,23971.3,23973.9,23962.5,23969.0,20085.0,10084685.0,2026-07-30,2026-07-28,JUL 2026
2026-07-27 12:40:00+05:30,NIFTY26JULFUT,NSE:NIFTY26JULFUT,23969.0,23969.0,23955.0,23965.4,33085.0,10085140.0,2026-07-30,2026-07-28,JUL 2026
2026-07-27 12:45:00+05:30,NIFTY26JULFUT,NSE:NIFTY26JULFUT,23965.4,23973.0,23960.0,23966.6,41275.0,10085530.0,2026-07-30,2026-07-28,JUL 2026
2026-07-27 12:50:00+05:30,NIFTY26JULFUT,NSE:NIFTY26JULFUT,23966.6,23973.4,23962.7,23962.7,14170.0,10089430.0,2026-07-30,2026-07-28,JUL 2026
2026-07-27 12:55:00+05:30,NIFTY26JULFUT,NSE:NIFTY26JULFUT,23962.7,23975.0,23958.4,23967.0,37375.0,10089690.0,2026-07-30,2026-07-28,JUL 2026
2026-07-27 13:00:00+05:30,NIFTY26JULFUT,NSE:NIFTY26JULFUT,23972.8,23985.0,23963.0,23984.0,37310.0,10087480.0,2026-07-30,2026-07-28,JUL 2026
2026-07-27 13:05:00+05:30,NIFTY26JULFUT,NSE:NIFTY26JULFUT,23984.9,23985.6,23970.1,23974.5,23270.0,10090080.0,2026-07-30,2026-07-28,JUL 2026
2026-07-27 13:10:00+05:30,NIFTY26JULFUT,NSE:NIFTY26JULFUT,23974.5,23985.0,23973.4,23985.0,36270.0,10093980.0,2026-07-30,2026-07-28,JUL 2026
2026-07-27 13:15:00+05:30,NIFTY26JULFUT,NSE:NIFTY26JULFUT,23985.0,23998.8,23984.9,23986.0,54015.0,10093980.0,2026-07-30,2026-07-28,JUL 2026
2026-07-27 13:20:00+05:30,NIFTY26JULFUT,NSE:NIFTY26JULFUT,23986.0,23990.0,23982.7,23984.6,17225.0,10094045.0,2026-07-30,2026-07-28,JUL 2026
2026-07-27 13:25:00+05:30,NIFTY26JULFUT,NSE:NIFTY26JULFUT,23987.0,23987.0,23963.3,23963.5,32435.0,10064990.0,2026-07-30,2026-07-28,JUL 2026
2026-07-27 13:30:00+05:30,NIFTY26JULFUT,NSE:NIFTY26JULFUT,23963.9,23970.0,23944.0,23944.0,48750.0,10058165.0,2026-07-30,2026-07-28,JUL 2026
2026-07-27 13:35:00+05:30,NIFTY26JULFUT,NSE:NIFTY26JULFUT,23944.0,23969.0,23940.5,23966.8,32435.0,10055565.0,2026-07-30,2026-07-28,JUL 2026
2026-07-27 13:40:00+05:30,NIFTY26JULFUT,NSE:NIFTY26JULFUT,23964.6,23970.0,23954.6,23965.8,41990.0,10055760.0,2026-07-30,2026-07-28,JUL 2026
2026-07-27 13:45:00+05:30,NIFTY26JULFUT,NSE:NIFTY26JULFUT,23965.8,23974.0,23959.2,23972.0,33215.0,10044385.0,2026-07-30,2026-07-28,JUL 2026
2026-07-27 13:50:00+05:30,NIFTY26JULFUT,NSE:NIFTY26JULFUT,23972.0,23975.0,23966.0,23973.0,52000.0,10043995.0,2026-07-30,2026-07-28,JUL 2026
2026-07-27 13:55:00+05:30,NIFTY26JULFUT,NSE:NIFTY26JULFUT,23973.0,23985.0,23971.5,23985.0,55900.0,10040875.0,2026-07-30,2026-07-28,JUL 2026
2026-07-27 14:00:00+05:30,NIFTY26JULFUT,NSE:NIFTY26JULFUT,23985.0,24010.0,23980.6,23995.1,125645.0,9999210.0,2026-07-30,2026-07-28,JUL 2026
2026-07-27 14:05:00+05:30,NIFTY26JULFUT,NSE:NIFTY26JULFUT,23995.0,24015.0,23992.4,24012.0,69615.0,10002720.0,2026-07-30,2026-07-28,JUL 2026
2026-07-27 14:10:00+05:30,NIFTY26JULFUT,NSE:NIFTY26JULFUT,24012.0,24014.0,23998.8,24012.8,99255.0,9963655.0,2026-07-30,2026-07-28,JUL 2026
2026-07-27 14:15:00+05:30,NIFTY26JULFUT,NSE:NIFTY26JULFUT,24012.8,24015.0,23998.8,24005.0,34905.0,9885265.0,2026-07-30,2026-07-28,JUL 2026
2026-07-27 14:20:00+05:30,NIFTY26JULFUT,NSE:NIFTY26JULFUT,24005.0,24016.0,24001.0,24014.0,56355.0,9886760.0,2026-07-30,2026-07-28,JUL 2026
2026-07-27 14:25:00+05:30,NIFTY26JULFUT,NSE:NIFTY26JULFUT,24014.0,24035.0,24010.7,24025.0,86190.0,9890660.0,2026-07-30,2026-07-28,JUL 2026
2026-07-27 14:30:00+05:30,NIFTY26JULFUT,NSE:NIFTY26JULFUT,24025.0,24031.9,24012.0,24018.0,32045.0,9888775.0,2026-07-30,2026-07-28,JUL 2026
2026-07-27 14:35:00+05:30,NIFTY26JULFUT,NSE:NIFTY26JULFUT,24020.0,24024.0,24005.0,24018.8,81120.0,9874475.0,2026-07-30,2026-07-28,JUL 2026
2026-07-27 14:40:00+05:30,NIFTY26JULFUT,NSE:NIFTY26JULFUT,24022.2,24025.3,24005.4,24015.0,39390.0,9867910.0,2026-07-30,2026-07-28,JUL 2026
2026-07-27 14:45:00+05:30,NIFTY26JULFUT,NSE:NIFTY26JULFUT,24012.5,24024.0,24009.0,24015.0,35555.0,9842690.0,2026-07-30,2026-07-28,JUL 2026
2026-07-27 14:50:00+05:30,NIFTY26JULFUT,NSE:NIFTY26JULFUT,24015.0,24025.0,24008.9,24012.0,52325.0,9837750.0,2026-07-30,2026-07-28,JUL 2026
2026-07-27 14:55:00+05:30,NIFTY26JULFUT,NSE:NIFTY26JULFUT,24009.0,24020.0,24008.0,24009.8,133315.0,9602190.0,2026-07-30,2026-07-28,JUL 2026
2026-07-27 15:00:00+05:30,NIFTY26JULFUT,NSE:NIFTY26JULFUT,24010.6,24029.0,24007.7,24017.0,108745.0,9567935.0,2026-07-30,2026-07-28,JUL 2026
2026-07-27 15:05:00+05:30,NIFTY26JULFUT,NSE:NIFTY26JULFUT,24019.0,24025.0,24014.0,24020.5,64610.0,9533095.0,2026-07-30,2026-07-28,JUL 2026
2026-07-27 15:10:00+05:30,NIFTY26JULFUT,NSE:NIFTY26JULFUT,24020.5,24033.5,24016.4,24025.0,103415.0,9493250.0,2026-07-30,2026-07-28,JUL 2026
2026-07-27 15:15:00+05:30,NIFTY26JULFUT,NSE:NIFTY26JULFUT,24027.0,24031.9,24017.9,24027.0,80665.0,9495200.0,2026-07-30,2026-07-28,JUL 2026
2026-07-27 15:20:00+05:30,NIFTY26JULFUT,NSE:NIFTY26JULFUT,24031.9,24040.0,24025.1,24034.4,127335.0,9501245.0,2026-07-30,2026-07-28,JUL 2026
2026-07-27 15:25:00+05:30,NIFTY26JULFUT,NSE:NIFTY26JULFUT,24039.8,24045.0,24031.9,24040.0,136695.0,9423570.0,2026-07-30,2026-07-28,JUL 2026
2026-07-28 09:15:00+05:30,NIFTY26JULFUT,NSE:NIFTY26JULFUT,23998.0,24038.0,23970.4,24029.8,272025.0,7830290.0,2026-07-30,2026-07-28,JUL 2026
2026-07-28 09:20:00+05:30,NIFTY26JULFUT,NSE:NIFTY26JULFUT,24029.8,24037.2,24009.1,24014.8,88985.0,7828665.0,2026-07-30,2026-07-28,JUL 2026
2026-07-28 09:25:00+05:30,NIFTY26JULFUT,NSE:NIFTY26JULFUT,24014.8,24018.0,23995.0,24015.3,60905.0,7523685.0,2026-07-30,2026-07-28,JUL 2026
2026-07-28 09:30:00+05:30,NIFTY26JULFUT,NSE:NIFTY26JULFUT,24015.3,24019.9,23990.1,23996.0,66235.0,7492420.0,2026-07-30,2026-07-28,JUL 2026
2026-07-28 09:35:00+05:30,NIFTY26JULFUT,NSE:NIFTY26JULFUT,23996.0,24024.9,23996.0,24021.2,35880.0,7472010.0,2026-07-30,2026-07-28,JUL 2026
2026-07-28 09:40:00+05:30,NIFTY26JULFUT,NSE:NIFTY26JULFUT,24016.3,24029.9,24016.1,24019.2,46735.0,7451990.0,2026-07-30,2026-07-28,JUL 2026
2026-07-28 09:45:00+05:30,NIFTY26JULFUT,NSE:NIFTY26JULFUT,24019.0,24025.3,24003.6,24014.9,40300.0,7435610.0,2026-07-30,2026-07-28,JUL 2026
2026-07-28 09:50:00+05:30,NIFTY26JULFUT,NSE:NIFTY26JULFUT,24014.9,24015.0,23990.5,24010.8,63375.0,7401615.0,2026-07-30,2026-07-28,JUL 2026
2026-07-28 09:55:00+05:30,NIFTY26JULFUT,NSE:NIFTY26JULFUT,24015.0,24019.8,24005.0,24009.0,30680.0,7384975.0,2026-07-30,2026-07-28,JUL 2026
2026-07-28 10:00:00+05:30,NIFTY26JULFUT,NSE:NIFTY26JULFUT,24008.9,24010.0,23980.0,23980.0,44395.0,7364760.0,2026-07-30,2026-07-28,JUL 2026
2026-07-28 10:05:00+05:30,NIFTY26JULFUT,NSE:NIFTY26JULFUT,23980.0,23985.4,23968.7,23980.0,45695.0,7344220.0,2026-07-30,2026-07-28,JUL 2026
2026-07-28 10:10:00+05:30,NIFTY26JULFUT,NSE:NIFTY26JULFUT,23980.0,23983.0,23962.3,23982.9,30810.0,7324720.0,2026-07-30,2026-07-28,JUL 2026
2026-07-28 10:15:00+05:30,NIFTY26JULFUT,NSE:NIFTY26JULFUT,23982.9,24008.6,23982.9,23993.9,52520.0,7322770.0,2026-07-30,2026-07-28,JUL 2026
2026-07-28 10:20:00+05:30,NIFTY26JULFUT,NSE:NIFTY26JULFUT,23994.0,23995.0,23980.0,23989.8,61555.0,7329660.0,2026-07-30,2026-07-28,JUL 2026
2026-07-28 10:25:00+05:30,NIFTY26JULFUT,NSE:NIFTY26JULFUT,23989.8,23999.9,23983.7,23984.5,44915.0,7351695.0,2026-07-30,2026-07-28,JUL 2026
2026-07-28 10:30:00+05:30,NIFTY26JULFUT,NSE:NIFTY26JULFUT,23983.8,24004.0,23983.0,23998.3,108550.0,7293455.0,2026-07-30,2026-07-28,JUL 2026
2026-07-28 10:35:00+05:30,NIFTY26JULFUT,NSE:NIFTY26JULFUT,23998.3,24019.6,23996.2,24007.2,76570.0,7369245.0,2026-07-30,2026-07-28,JUL 2026
2026-07-28 10:40:00+05:30,NIFTY26JULFUT,NSE:NIFTY26JULFUT,24007.2,24022.0,24005.4,24016.0,43420.0,7376395.0,2026-07-30,2026-07-28,JUL 2026
2026-07-28 10:45:00+05:30,NIFTY26JULFUT,NSE:NIFTY26JULFUT,24016.0,24028.0,24015.8,24028.0,139685.0,7437170.0,2026-07-30,2026-07-28,JUL 2026
2026-07-28 10:50:00+05:30,NIFTY26JULFUT,NSE:NIFTY26JULFUT,24028.0,24032.0,24020.0,24028.0,116675.0,7385885.0,2026-07-30,2026-07-28,JUL 2026
2026-07-28 10:55:00+05:30,NIFTY26JULFUT,NSE:NIFTY26JULFUT,24028.0,24032.1,24023.2,24026.6,171990.0,7531680.0,2026-07-30,2026-07-28,JUL 2026
2026-07-28 11:00:00+05:30,NIFTY26JULFUT,NSE:NIFTY26JULFUT,24026.0,24030.0,24014.0,24021.3,34190.0,7474870.0,2026-07-30,2026-07-28,JUL 2026
2026-07-28 11:05:00+05:30,NIFTY26JULFUT,NSE:NIFTY26JULFUT,24021.3,24023.9,24013.7,24021.0,27625.0,7464080.0,2026-07-30,2026-07-28,JUL 2026
2026-07-28 11:10:00+05:30,NIFTY26JULFUT,NSE:NIFTY26JULFUT,24021.0,24021.6,24007.8,24012.6,26780.0,7467980.0,2026-07-30,2026-07-28,JUL 2026
2026-07-28 11:15:00+05:30,NIFTY26JULFUT,NSE:NIFTY26JULFUT,24012.6,24032.0,24012.1,24021.2,168935.0,7591220.0,2026-07-30,2026-07-28,JUL 2026
2026-07-28 11:20:00+05:30,NIFTY26JULFUT,NSE:NIFTY26JULFUT,24021.2,24021.5,24009.4,24010.8,74165.0,7636070.0,2026-07-30,2026-07-28,JUL 2026
2026-07-28 11:25:00+05:30,NIFTY26JULFUT,NSE:NIFTY26JULFUT,24012.0,24016.7,24005.5,24010.0,93210.0,7655765.0,2026-07-30,2026-07-28,JUL 2026
2026-07-28 11:30:00+05:30,NIFTY26JULFUT,NSE:NIFTY26JULFUT,24010.0,24015.0,23999.9,24009.0,44265.0,7653035.0,2026-07-30,2026-07-28,JUL 2026
2026-07-28 11:35:00+05:30,NIFTY26JULFUT,NSE:NIFTY26JULFUT,24009.0,24009.7,23998.6,24009.5,139295.0,7736625.0,2026-07-30,2026-07-28,JUL 2026
2026-07-28 11:40:00+05:30,NIFTY26JULFUT,NSE:NIFTY26JULFUT,24009.5,24030.0,24009.0,24029.7,52910.0,7714265.0,2026-07-30,2026-07-28,JUL 2026
2026-07-28 11:45:00+05:30,NIFTY26JULFUT,NSE:NIFTY26JULFUT,24029.7,24040.0,24019.6,24039.9,92300.0,7714850.0,2026-07-30,2026-07-28,JUL 2026
2026-07-28 11:50:00+05:30,NIFTY26JULFUT,NSE:NIFTY26JULFUT,24039.9,24039.9,24011.0,24020.0,17550.0,7713680.0,2026-07-30,2026-07-28,JUL 2026
2026-07-28 11:55:00+05:30,NIFTY26JULFUT,NSE:NIFTY26JULFUT,24020.0,24024.3,24004.9,24017.0,114595.0,7771660.0,2026-07-30,2026-07-28,JUL 2026
2026-07-28 12:00:00+05:30,NIFTY26JULFUT,NSE:NIFTY26JULFUT,24017.0,24017.0,24002.5,24010.0,15730.0,7768670.0,2026-07-30,2026-07-28,JUL 2026
2026-07-28 12:05:00+05:30,NIFTY26JULFUT,NSE:NIFTY26JULFUT,24010.0,24025.0,24009.7,24021.1,228410.0,7962370.0,2026-07-30,2026-07-28,JUL 2026
2026-07-28 12:10:00+05:30,NIFTY26JULFUT,NSE:NIFTY26JULFUT,24021.1,24029.0,24017.7,24025.7,17225.0,7938580.0,2026-07-30,2026-07-28,JUL 2026
2026-07-28 12:15:00+05:30,NIFTY26JULFUT,NSE:NIFTY26JULFUT,24025.1,24028.9,24013.6,24017.7,66690.0,7872215.0,2026-07-30,2026-07-28,JUL 2026
2026-07-28 12:20:00+05:30,NIFTY26JULFUT,NSE:NIFTY26JULFUT,24017.7,24022.0,24010.5,24017.4,18915.0,7865390.0,2026-07-30,2026-07-28,JUL 2026
2026-07-28 12:25:00+05:30,NIFTY26JULFUT,NSE:NIFTY26JULFUT,24020.0,24028.4,24015.6,24021.7,34645.0,7847515.0,2026-07-30,2026-07-28,JUL 2026
2026-07-28 12:30:00+05:30,NIFTY26JULFUT,NSE:NIFTY26JULFUT,24021.7,24027.0,24016.0,24016.0,17485.0,7839000.0,2026-07-30,2026-07-28,JUL 2026
2026-07-28 12:35:00+05:30,NIFTY26JULFUT,NSE:NIFTY26JULFUT,24016.0,24022.0,24016.0,24021.0,17225.0,7827560.0,2026-07-30,2026-07-28,JUL 2026
2026-07-28 12:40:00+05:30,NIFTY26JULFUT,NSE:NIFTY26JULFUT,24017.5,24025.0,24016.0,24016.1,31720.0,7826065.0,2026-07-30,2026-07-28,JUL 2026
2026-07-28 12:45:00+05:30,NIFTY26JULFUT,NSE:NIFTY26JULFUT,24016.0,24026.7,24015.0,24015.0,35750.0,7800715.0,2026-07-30,2026-07-28,JUL 2026
2026-07-28 12:50:00+05:30,NIFTY26JULFUT,NSE:NIFTY26JULFUT,24015.0,24015.0,24009.0,24010.5,23010.0,7780305.0,2026-07-30,2026-07-28,JUL 2026
2026-07-28 12:55:00+05:30,NIFTY26JULFUT,NSE:NIFTY26JULFUT,24010.5,24020.0,24003.0,24009.7,33670.0,7773350.0,2026-07-30,2026-07-28,JUL 2026
2026-07-28 13:00:00+05:30,NIFTY26JULFUT,NSE:NIFTY26JULFUT,24009.7,24013.0,23998.0,24006.0,21190.0,7770035.0,2026-07-30,2026-07-28,JUL 2026
2026-07-28 13:05:00+05:30,NIFTY26JULFUT,NSE:NIFTY26JULFUT,24006.0,24009.0,24000.0,24001.9,12155.0,7765550.0,2026-07-30,2026-07-28,JUL 2026
2026-07-28 13:10:00+05:30,NIFTY26JULFUT,NSE:NIFTY26JULFUT,24001.9,24001.9,23977.8,23978.3,16770.0,7736170.0,2026-07-30,2026-07-28,JUL 2026
2026-07-28 13:15:00+05:30,NIFTY26JULFUT,NSE:NIFTY26JULFUT,23977.4,23980.0,23963.0,23973.5,22360.0,7729865.0,2026-07-30,2026-07-28,JUL 2026
2026-07-28 13:20:00+05:30,NIFTY26JULFUT,NSE:NIFTY26JULFUT,23974.5,23987.0,23972.7,23987.0,20865.0,7713680.0,2026-07-30,2026-07-28,JUL 2026
2026-07-28 13:25:00+05:30,NIFTY26JULFUT,NSE:NIFTY26JULFUT,23985.0,23988.0,23978.8,23980.0,9165.0,7530055.0,2026-07-30,2026-07-28,JUL 2026
2026-07-28 13:30:00+05:30,NIFTY26JULFUT,NSE:NIFTY26JULFUT,23979.2,23990.0,23975.1,23985.0,16120.0,7526545.0,2026-07-30,2026-07-28,JUL 2026
2026-07-28 13:35:00+05:30,NIFTY26JULFUT,NSE:NIFTY26JULFUT,23985.0,23990.0,23978.1,23978.1,12805.0,7481695.0,2026-07-30,2026-07-28,JUL 2026
2026-07-28 13:40:00+05:30,NIFTY26JULFUT,NSE:NIFTY26JULFUT,23978.2,23980.0,23975.0,23978.8,12935.0,7473375.0,2026-07-30,2026-07-28,JUL 2026
2026-07-28 13:45:00+05:30,NIFTY26JULFUT,NSE:NIFTY26JULFUT,23979.5,23983.0,23972.9,23980.3,18590.0,7469410.0,2026-07-30,2026-07-28,JUL 2026
2026-07-28 13:50:00+05:30,NIFTY26JULFUT,NSE:NIFTY26JULFUT,23980.4,23998.7,23980.4,23996.1,21450.0,7466095.0,2026-07-30,2026-07-28,JUL 2026
2026-07-28 13:55:00+05:30,NIFTY26JULFUT,NSE:NIFTY26JULFUT,23995.3,24005.0,23990.0,23996.0,44330.0,7462910.0,2026-07-30,2026-07-28,JUL 2026
2026-07-28 14:00:00+05:30,NIFTY26JULFUT,NSE:NIFTY26JULFUT,23996.0,24002.9,23991.8,24002.9,32760.0,7458945.0,2026-07-30,2026-07-28,JUL 2026
2026-07-28 14:05:00+05:30,NIFTY26JULFUT,NSE:NIFTY26JULFUT,24003.0,24005.0,23991.7,23993.6,32695.0,7455500.0,2026-07-30,2026-07-28,JUL 2026
2026-07-28 14:10:00+05:30,NIFTY26JULFUT,NSE:NIFTY26JULFUT,23993.6,23998.0,23984.5,23990.0,21255.0,7450170.0,2026-07-30,2026-07-28,JUL 2026
2026-07-28 14:15:00+05:30,NIFTY26JULFUT,NSE:NIFTY26JULFUT,23988.1,23999.0,23988.1,23990.0,13130.0,7444840.0,2026-07-30,2026-07-28,JUL 2026
2026-07-28 14:20:00+05:30,NIFTY26JULFUT,NSE:NIFTY26JULFUT,23990.0,23995.0,23981.9,23983.0,11375.0,7434635.0,2026-07-30,2026-07-28,JUL 2026
2026-07-28 14:25:00+05:30,NIFTY26JULFUT,NSE:NIFTY26JULFUT,23985.0,23995.0,23985.0,23987.0,18395.0,7424885.0,2026-07-30,2026-07-28,JUL 2026
2026-07-28 14:30:00+05:30,NIFTY26JULFUT,NSE:NIFTY26JULFUT,23987.0,23990.7,23972.3,23975.0,33540.0,6433310.0,2026-07-30,2026-07-28,JUL 2026
2026-07-28 14:35:00+05:30,NIFTY26JULFUT,NSE:NIFTY26JULFUT,23975.0,23998.7,23974.0,23989.1,57915.0,6384365.0,2026-07-30,2026-07-28,JUL 2026
2026-07-28 14:40:00+05:30,NIFTY26JULFUT,NSE:NIFTY26JULFUT,23988.3,23999.0,23981.9,23988.9,25805.0,6371300.0,2026-07-30,2026-07-28,JUL 2026
2026-07-28 14:45:00+05:30,NIFTY26JULFUT,NSE:NIFTY26JULFUT,23988.9,23998.0,23976.3,23983.1,25610.0,6359860.0,2026-07-30,2026-07-28,JUL 2026
2026-07-28 14:50:00+05:30,NIFTY26JULFUT,NSE:NIFTY26JULFUT,23983.1,23995.0,23975.1,23995.0,51220.0,6345235.0,2026-07-30,2026-07-28,JUL 2026
2026-07-28 14:55:00+05:30,NIFTY26JULFUT,NSE:NIFTY26JULFUT,23995.0,23995.0,23976.0,23980.0,23725.0,6325150.0,2026-07-30,2026-07-28,JUL 2026
2026-07-28 15:00:00+05:30,NIFTY26JULFUT,NSE:NIFTY26JULFUT,23985.2,23985.2,23947.6,23965.0,96395.0,6300125.0,2026-07-30,2026-07-28,JUL 2026
2026-07-28 15:05:00+05:30,NIFTY26JULFUT,NSE:NIFTY26JULFUT,23970.0,23975.1,23961.0,23963.0,44590.0,6270420.0,2026-07-30,2026-07-28,JUL 2026
2026-07-28 15:10:00+05:30,NIFTY26JULFUT,NSE:NIFTY26JULFUT,23965.0,23970.0,23958.3,23967.5,66690.0,6232785.0,2026-07-30,2026-07-28,JUL 2026
2026-07-28 15:15:00+05:30,NIFTY26JULFUT,NSE:NIFTY26JULFUT,23965.0,23987.0,23964.2,23986.8,134485.0,6193980.0,2026-07-30,2026-07-28,JUL 2026
2026-07-28 15:20:00+05:30,NIFTY26JULFUT,NSE:NIFTY26JULFUT,23991.0,23995.0,23985.0,23985.6,70785.0,6155695.0,2026-07-30,2026-07-28,JUL 2026
2026-07-28 15:25:00+05:30,NIFTY26JULFUT,NSE:NIFTY26JULFUT,23985.6,23991.0,23983.2,23983.2,67860.0,6120790.0,2026-07-30,2026-07-28,JUL 2026
