datetime,tradingsymbol,instrument_identifier,open,high,low,close,volume,open_interest,expiry_date_source,verified_expiry_date,contract_month
2026-05-04 09:15:00+05:30,NIFTY26MAYFUT,NSE:NIFTY26MAYFUT,24221.0,24345.0,24221.0,24279.0,401505.0,15243150.0,2026-05-26,2026-05-26,MAY 2026
2026-05-04 09:20:00+05:30,NIFTY26MAYFUT,NSE:NIFTY26MAYFUT,24282.7,24310.0,24263.0,24277.1,165880.0,15275910.0,2026-05-26,2026-05-26,MAY 2026
2026-05-04 09:25:00+05:30,NIFTY26MAYFUT,NSE:NIFTY26MAYFUT,24274.9,24317.0,24274.9,24306.4,118105.0,15275845.0,2026-05-26,2026-05-26,MAY 2026
2026-05-04 09:30:00+05:30,NIFTY26MAYFUT,NSE:NIFTY26MAYFUT,24314.9,24325.0,24263.0,24315.0,165620.0,15292680.0,2026-05-26,2026-05-26,MAY 2026
2026-05-04 09:35:00+05:30,NIFTY26MAYFUT,NSE:NIFTY26MAYFUT,24312.7,24360.0,24312.7,24350.1,226655.0,15285010.0,2026-05-26,2026-05-26,MAY 2026
2026-05-04 09:40:00+05:30,NIFTY26MAYFUT,NSE:NIFTY26MAYFUT,24360.0,24375.0,24350.0,24365.6,122460.0,15294695.0,2026-05-26,2026-05-26,MAY 2026
2026-05-04 09:45:00+05:30,NIFTY26MAYFUT,NSE:NIFTY26MAYFUT,24365.0,24381.3,24350.7,24360.0,95420.0,15290340.0,2026-05-26,2026-05-26,MAY 2026
2026-05-04 09:50:00+05:30,NIFTY26MAYFUT,NSE:NIFTY26MAYFUT,24360.0,24365.0,24310.1,24320.0,70460.0,15286700.0,2026-05-26,2026-05-26,MAY 2026
2026-05-04 09:55:00+05:30,NIFTY26MAYFUT,NSE:NIFTY26MAYFUT,24321.0,24340.0,24313.5,24338.0,39715.0,15291705.0,2026-05-26,2026-05-26,MAY 2026
2026-05-04 10:00:00+05:30,NIFTY26MAYFUT,NSE:NIFTY26MAYFUT,24335.6,24352.0,24301.0,24311.0,56745.0,15303015.0,2026-05-26,2026-05-26,MAY 2026
2026-05-04 10:05:00+05:30,NIFTY26MAYFUT,NSE:NIFTY26MAYFUT,24308.1,24338.4,24308.0,24312.3,29900.0,15310685.0,2026-05-26,2026-05-26,MAY 2026
2026-05-04 10:10:00+05:30,NIFTY26MAYFUT,NSE:NIFTY26MAYFUT,24312.3,24320.1,24255.9,24255.9,112125.0,15317705.0,2026-05-26,2026-05-26,MAY 2026
2026-05-04 10:15:00+05:30,NIFTY26MAYFUT,NSE:NIFTY26MAYFUT,24255.8,24278.9,24252.0,24260.0,75075.0,15337855.0,2026-05-26,2026-05-26,MAY 2026
2026-05-04 10:20:00+05:30,NIFTY26MAYFUT,NSE:NIFTY26MAYFUT,24259.9,24268.4,24223.2,24240.0,91585.0,15342015.0,2026-05-26,2026-05-26,MAY 2026
2026-05-04 10:25:00+05:30,NIFTY26MAYFUT,NSE:NIFTY26MAYFUT,24240.0,24291.4,24229.6,24288.4,48230.0,15360410.0,2026-05-26,2026-05-26,MAY 2026
2026-05-04 10:30:00+05:30,NIFTY26MAYFUT,NSE:NIFTY26MAYFUT,24290.0,24319.0,24252.6,24274.3,60905.0,15361125.0,2026-05-26,2026-05-26,MAY 2026
2026-05-04 10:35:00+05:30,NIFTY26MAYFUT,NSE:NIFTY26MAYFUT,24284.6,24315.0,24276.9,24314.2,46215.0,15365805.0,2026-05-26,2026-05-26,MAY 2026
2026-05-04 10:40:00+05:30,NIFTY26MAYFUT,NSE:NIFTY26MAYFUT,24310.0,24318.0,24297.7,24317.0,28340.0,15367950.0,2026-05-26,2026-05-26,MAY 2026
2026-05-04 10:45:00+05:30,NIFTY26MAYFUT,NSE:NIFTY26MAYFUT,24315.0,24337.7,24300.0,24332.2,43485.0,15361385.0,2026-05-26,2026-05-26,MAY 2026
2026-05-04 10:50:00+05:30,NIFTY26MAYFUT,NSE:NIFTY26MAYFUT,24329.0,24333.0,24305.0,24311.9,25805.0,15366780.0,2026-05-26,2026-05-26,MAY 2026
2026-05-04 10:55:00+05:30,NIFTY26MAYFUT,NSE:NIFTY26MAYFUT,24309.2,24319.2,24274.3,24274.3,27105.0,15378675.0,2026-05-26,2026-05-26,MAY 2026
2026-05-04 11:00:00+05:30,NIFTY26MAYFUT,NSE:NIFTY26MAYFUT,24273.0,24295.0,24263.7,24295.0,21060.0,15386215.0,2026-05-26,2026-05-26,MAY 2026
2026-05-04 11:05:00+05:30,NIFTY26MAYFUT,NSE:NIFTY26MAYFUT,24295.0,24309.0,24285.0,24298.9,11700.0,15388750.0,2026-05-26,2026-05-26,MAY 2026
2026-05-04 11:10:00+05:30,NIFTY26MAYFUT,NSE:NIFTY26MAYFUT,24298.9,24325.0,24295.4,24325.0,19760.0,15391415.0,2026-05-26,2026-05-26,MAY 2026
2026-05-04 11:15:00+05:30,NIFTY26MAYFUT,NSE:NIFTY26MAYFUT,24322.0,24335.0,24317.7,24323.9,28535.0,15395965.0,2026-05-26,2026-05-26,MAY 2026
2026-05-04 11:20:00+05:30,NIFTY26MAYFUT,NSE:NIFTY26MAYFUT,24323.9,24333.0,24317.7,24333.0,19370.0,15396875.0,2026-05-26,2026-05-26,MAY 2026
2026-05-04 11:25:00+05:30,NIFTY26MAYFUT,NSE:NIFTY26MAYFUT,24335.0,24335.4,24314.8,24334.2,23400.0,15402530.0,2026-05-26,2026-05-26,MAY 2026
2026-05-04 11:30:00+05:30,NIFTY26MAYFUT,NSE:NIFTY26MAYFUT,24334.7,24335.5,24315.0,24324.2,16185.0,15407990.0,2026-05-26,2026-05-26,MAY 2026
2026-05-04 11:35:00+05:30,NIFTY26MAYFUT,NSE:NIFTY26MAYFUT,24325.0,24337.0,24301.4,24332.0,19500.0,15409225.0,2026-05-26,2026-05-26,MAY 2026
2026-05-04 11:40:00+05:30,NIFTY26MAYFUT,NSE:NIFTY26MAYFUT,24332.0,24335.0,24315.0,24321.6,16185.0,15417805.0,2026-05-26,2026-05-26,MAY 2026
2026-05-04 11:45:00+05:30,NIFTY26MAYFUT,NSE:NIFTY26MAYFUT,24321.6,24337.7,24315.0,24331.5,13130.0,15422550.0,2026-05-26,2026-05-26,MAY 2026
2026-05-04 11:50:00+05:30,NIFTY26MAYFUT,NSE:NIFTY26MAYFUT,24328.1,24335.0,24310.0,24311.0,14690.0,15426840.0,2026-05-26,2026-05-26,MAY 2026
2026-05-04 11:55:00+05:30,NIFTY26MAYFUT,NSE:NIFTY26MAYFUT,24318.9,24321.9,24300.0,24315.0,15535.0,15431130.0,2026-05-26,2026-05-26,MAY 2026
2026-05-04 12:00:00+05:30,NIFTY26MAYFUT,NSE:NIFTY26MAYFUT,24315.0,24321.4,24290.9,24301.0,20085.0,15439125.0,2026-05-26,2026-05-26,MAY 2026
2026-05-04 12:05:00+05:30,NIFTY26MAYFUT,NSE:NIFTY26MAYFUT,24304.9,24305.1,24273.0,24282.0,44590.0,15444065.0,2026-05-26,2026-05-26,MAY 2026
2026-05-04 12:10:00+05:30,NIFTY26MAYFUT,NSE:NIFTY26MAYFUT,24280.0,24282.9,24197.0,24197.0,174785.0,15477020.0,2026-05-26,2026-05-26,MAY 2026
2026-05-04 12:15:00+05:30,NIFTY26MAYFUT,NSE:NIFTY26MAYFUT,24196.8,24237.0,24182.1,24232.4,172640.0,15553850.0,2026-05-26,2026-05-26,MAY 2026
2026-05-04 12:20:00+05:30,NIFTY26MAYFUT,NSE:NIFTY26MAYFUT,24232.5,24243.0,24201.0,24223.1,84955.0,15572440.0,2026-05-26,2026-05-26,MAY 2026
2026-05-04 12:25:00+05:30,NIFTY26MAYFUT,NSE:NIFTY26MAYFUT,24220.0,24230.0,24211.0,24220.0,29380.0,15576080.0,2026-05-26,2026-05-26,MAY 2026
2026-05-04 12:30:00+05:30,NIFTY26MAYFUT,NSE:NIFTY26MAYFUT,24220.0,24223.2,24194.0,24195.3,40105.0,15592135.0,2026-05-26,2026-05-26,MAY 2026
2026-05-04 12:35:00+05:30,NIFTY26MAYFUT,NSE:NIFTY26MAYFUT,24195.0,24216.4,24190.0,24206.5,37635.0,15598115.0,2026-05-26,2026-05-26,MAY 2026
2026-05-04 12:40:00+05:30,NIFTY26MAYFUT,NSE:NIFTY26MAYFUT,24206.5,24227.5,24185.0,24188.0,46605.0,15604095.0,2026-05-26,2026-05-26,MAY 2026
2026-05-04 12:45:00+05:30,NIFTY26MAYFUT,NSE:NIFTY26MAYFUT,24183.0,24205.0,24160.1,24185.0,76180.0,15609880.0,2026-05-26,2026-05-26,MAY 2026
2026-05-04 12:50:00+05:30,NIFTY26MAYFUT,NSE:NIFTY26MAYFUT,24185.0,24209.0,24167.0,24197.6,60645.0,15607020.0,2026-05-26,2026-05-26,MAY 2026
2026-05-04 12:55:00+05:30,NIFTY26MAYFUT,NSE:NIFTY26MAYFUT,24191.0,24205.0,24181.0,24185.0,26780.0,15609555.0,2026-05-26,2026-05-26,MAY 2026
2026-05-04 13:00:00+05:30,NIFTY26MAYFUT,NSE:NIFTY26MAYFUT,24185.9,24192.4,24170.6,24189.2,35620.0,15613130.0,2026-05-26,2026-05-26,MAY 2026
2026-05-04 13:05:00+05:30,NIFTY26MAYFUT,NSE:NIFTY26MAYFUT,24192.0,24200.0,24175.1,24200.0,23660.0,15621970.0,2026-05-26,2026-05-26,MAY 2026
2026-05-04 13:10:00+05:30,NIFTY26MAYFUT,NSE:NIFTY26MAYFUT,24200.0,24209.9,24190.0,24190.9,24505.0,15630355.0,2026-05-26,2026-05-26,MAY 2026
2026-05-04 13:15:00+05:30,NIFTY26MAYFUT,NSE:NIFTY26MAYFUT,24190.9,24196.7,24154.1,24185.5,46735.0,15638025.0,2026-05-26,2026-05-26,MAY 2026
2026-05-04 13:20:00+05:30,NIFTY26MAYFUT,NSE:NIFTY26MAYFUT,24185.5,24189.0,24140.0,24155.0,60645.0,15659475.0,2026-05-26,2026-05-26,MAY 2026
2026-05-04 13:25:00+05:30,NIFTY26MAYFUT,NSE:NIFTY26MAYFUT,24153.8,24178.0,24101.0,24105.0,103415.0,15672280.0,2026-05-26,2026-05-26,MAY 2026
2026-05-04 13:30:00+05:30,NIFTY26MAYFUT,NSE:NIFTY26MAYFUT,24100.0,24125.0,24072.0,24095.0,198770.0,15688140.0,2026-05-26,2026-05-26,MAY 2026
2026-05-04 13:35:00+05:30,NIFTY26MAYFUT,NSE:NIFTY26MAYFUT,24095.2,24120.0,24080.0,24112.7,54990.0,15707705.0,2026-05-26,2026-05-26,MAY 2026
2026-05-04 13:40:00+05:30,NIFTY26MAYFUT,NSE:NIFTY26MAYFUT,24113.1,24179.7,24113.1,24174.9,111605.0,15715895.0,2026-05-26,2026-05-26,MAY 2026
2026-05-04 13:45:00+05:30,NIFTY26MAYFUT,NSE:NIFTY26MAYFUT,24174.9,24185.5,24160.0,24185.0,42380.0,15719665.0,2026-05-26,2026-05-26,MAY 2026
2026-05-04 13:50:00+05:30,NIFTY26MAYFUT,NSE:NIFTY26MAYFUT,24185.1,24195.0,24160.0,24170.0,33475.0,15719990.0,2026-05-26,2026-05-26,MAY 2026
2026-05-04 13:55:00+05:30,NIFTY26MAYFUT,NSE:NIFTY26MAYFUT,24168.0,24171.0,24129.0,24160.0,28535.0,15728310.0,2026-05-26,2026-05-26,MAY 2026
2026-05-04 14:00:00+05:30,NIFTY26MAYFUT,NSE:NIFTY26MAYFUT,24160.0,24169.9,24131.0,24145.0,27950.0,15730065.0,2026-05-26,2026-05-26,MAY 2026
2026-05-04 14:05:00+05:30,NIFTY26MAYFUT,NSE:NIFTY26MAYFUT,24145.0,24160.0,24140.0,24155.0,24700.0,15731495.0,2026-05-26,2026-05-26,MAY 2026
2026-05-04 14:10:00+05:30,NIFTY26MAYFUT,NSE:NIFTY26MAYFUT,24151.0,24200.0,24151.0,24197.0,69485.0,15742155.0,2026-05-26,2026-05-26,MAY 2026
2026-05-04 14:15:00+05:30,NIFTY26MAYFUT,NSE:NIFTY26MAYFUT,24200.0,24231.0,24188.0,24217.1,120055.0,15737475.0,2026-05-26,2026-05-26,MAY 2026
2026-05-04 14:20:00+05:30,NIFTY26MAYFUT,NSE:NIFTY26MAYFUT,24217.1,24231.0,24200.0,24203.4,64090.0,15734355.0,2026-05-26,2026-05-26,MAY 2026
2026-05-04 14:25:00+05:30,NIFTY26MAYFUT,NSE:NIFTY26MAYFUT,24203.4,24218.0,24189.0,24201.0,28665.0,15751775.0,2026-05-26,2026-05-26,MAY 2026
2026-05-04 14:30:00+05:30,NIFTY26MAYFUT,NSE:NIFTY26MAYFUT,24207.0,24222.6,24186.5,24196.6,22035.0,15758795.0,2026-05-26,2026-05-26,MAY 2026
2026-05-04 14:35:00+05:30,NIFTY26MAYFUT,NSE:NIFTY26MAYFUT,24196.6,24210.0,24175.8,24193.0,21255.0,15761200.0,2026-05-26,2026-05-26,MAY 2026
2026-05-04 14:40:00+05:30,NIFTY26MAYFUT,NSE:NIFTY26MAYFUT,24193.0,24195.0,24154.0,24188.6,27820.0,15759640.0,2026-05-26,2026-05-26,MAY 2026
2026-05-04 14:45:00+05:30,NIFTY26MAYFUT,NSE:NIFTY26MAYFUT,24179.0,24182.3,24156.4,24161.3,21775.0,15760745.0,2026-05-26,2026-05-26,MAY 2026
2026-05-04 14:50:00+05:30,NIFTY26MAYFUT,NSE:NIFTY26MAYFUT,24161.5,24193.0,24157.4,24189.9,15080.0,15760550.0,2026-05-26,2026-05-26,MAY 2026
2026-05-04 14:55:00+05:30,NIFTY26MAYFUT,NSE:NIFTY26MAYFUT,24193.0,24216.0,24160.0,24188.7,28275.0,15755610.0,2026-05-26,2026-05-26,MAY 2026
2026-05-04 15:00:00+05:30,NIFTY26MAYFUT,NSE:NIFTY26MAYFUT,24189.0,24199.0,24161.0,24190.0,41665.0,15754115.0,2026-05-26,2026-05-26,MAY 2026
2026-05-04 15:05:00+05:30,NIFTY26MAYFUT,NSE:NIFTY26MAYFUT,24187.0,24209.0,24185.0,24204.8,38285.0,15740595.0,2026-05-26,2026-05-26,MAY 2026
2026-05-04 15:10:00+05:30,NIFTY26MAYFUT,NSE:NIFTY26MAYFUT,24207.0,24224.0,24195.9,24210.6,74230.0,15728830.0,2026-05-26,2026-05-26,MAY 2026
2026-05-04 15:15:00+05:30,NIFTY26MAYFUT,NSE:NIFTY26MAYFUT,24216.0,24225.0,24185.1,24217.8,93210.0,15732405.0,2026-05-26,2026-05-26,MAY 2026
2026-05-04 15:20:00+05:30,NIFTY26MAYFUT,NSE:NIFTY26MAYFUT,24217.8,24220.0,24202.0,24202.0,75530.0,15750150.0,2026-05-26,2026-05-26,MAY 2026
2026-05-04 15:25:00+05:30,NIFTY26MAYFUT,NSE:NIFTY26MAYFUT,24205.0,24210.0,24188.0,24190.0,121420.0,15774785.0,2026-05-26,2026-05-26,MAY 2026
2026-05-05 09:15:00+05:30,NIFTY26MAYFUT,NSE:NIFTY26MAYFUT,24062.0,24117.9,24005.0,24107.5,394485.0,15717780.0,2026-05-26,2026-05-26,MAY 2026
2026-05-05 09:20:00+05:30,NIFTY26MAYFUT,NSE:NIFTY26MAYFUT,24104.1,24111.9,24072.0,24073.3,151255.0,15715505.0,2026-05-26,2026-05-26,MAY 2026
2026-05-05 09:25:00+05:30,NIFTY26MAYFUT,NSE:NIFTY26MAYFUT,24084.3,24084.3,24025.6,24039.0,162370.0,15791555.0,2026-05-26,2026-05-26,MAY 2026
2026-05-05 09:30:00+05:30,NIFTY26MAYFUT,NSE:NIFTY26MAYFUT,24040.0,24096.0,24032.0,24095.0,69680.0,15798120.0,2026-05-26,2026-05-26,MAY 2026
2026-05-05 09:35:00+05:30,NIFTY26MAYFUT,NSE:NIFTY26MAYFUT,24095.0,24115.0,24070.0,24075.0,81120.0,15805855.0,2026-05-26,2026-05-26,MAY 2026
2026-05-05 09:40:00+05:30,NIFTY26MAYFUT,NSE:NIFTY26MAYFUT,24070.0,24080.0,24051.2,24070.9,52715.0,15824835.0,2026-05-26,2026-05-26,MAY 2026
2026-05-05 09:45:00+05:30,NIFTY26MAYFUT,NSE:NIFTY26MAYFUT,24060.0,24093.0,24054.2,24085.0,45695.0,15832115.0,2026-05-26,2026-05-26,MAY 2026
2026-05-05 09:50:00+05:30,NIFTY26MAYFUT,NSE:NIFTY26MAYFUT,24087.5,24112.3,24071.9,24100.0,37895.0,15834650.0,2026-05-26,2026-05-26,MAY 2026
2026-05-05 09:55:00+05:30,NIFTY26MAYFUT,NSE:NIFTY26MAYFUT,24109.7,24109.9,24085.1,24106.9,31460.0,15840175.0,2026-05-26,2026-05-26,MAY 2026
2026-05-05 10:00:00+05:30,NIFTY26MAYFUT,NSE:NIFTY26MAYFUT,24107.4,24109.7,24053.5,24062.0,43680.0,15852330.0,2026-05-26,2026-05-26,MAY 2026
2026-05-05 10:05:00+05:30,NIFTY26MAYFUT,NSE:NIFTY26MAYFUT,24065.0,24068.0,24040.0,24055.4,62400.0,15858115.0,2026-05-26,2026-05-26,MAY 2026
2026-05-05 10:10:00+05:30,NIFTY26MAYFUT,NSE:NIFTY26MAYFUT,24055.4,24062.4,24030.0,24036.2,43030.0,15883595.0,2026-05-26,2026-05-26,MAY 2026
2026-05-05 10:15:00+05:30,NIFTY26MAYFUT,NSE:NIFTY26MAYFUT,24037.0,24044.9,24020.0,24043.0,59020.0,15892435.0,2026-05-26,2026-05-26,MAY 2026
2026-05-05 10:20:00+05:30,NIFTY26MAYFUT,NSE:NIFTY26MAYFUT,24045.0,24055.0,24025.0,24040.0,37115.0,15890810.0,2026-05-26,2026-05-26,MAY 2026
2026-05-05 10:25:00+05:30,NIFTY26MAYFUT,NSE:NIFTY26MAYFUT,24040.0,24040.0,23998.0,24011.9,130845.0,15910245.0,2026-05-26,2026-05-26,MAY 2026
2026-05-05 10:30:00+05:30,NIFTY26MAYFUT,NSE:NIFTY26MAYFUT,24004.0,24024.0,24000.0,24000.0,38090.0,15927080.0,2026-05-26,2026-05-26,MAY 2026
2026-05-05 10:35:00+05:30,NIFTY26MAYFUT,NSE:NIFTY26MAYFUT,24000.0,24010.0,23975.0,23993.0,183560.0,15917200.0,2026-05-26,2026-05-26,MAY 2026
2026-05-05 10:40:00+05:30,NIFTY26MAYFUT,NSE:NIFTY26MAYFUT,23993.0,24001.0,23980.0,23986.8,68055.0,15902055.0,2026-05-26,2026-05-26,MAY 2026
2026-05-05 10:45:00+05:30,NIFTY26MAYFUT,NSE:NIFTY26MAYFUT,23992.0,24007.1,23986.1,24003.4,38480.0,15898350.0,2026-05-26,2026-05-26,MAY 2026
2026-05-05 10:50:00+05:30,NIFTY26MAYFUT,NSE:NIFTY26MAYFUT,24000.5,24009.1,23976.0,23987.0,30485.0,15903420.0,2026-05-26,2026-05-26,MAY 2026
2026-05-05 10:55:00+05:30,NIFTY26MAYFUT,NSE:NIFTY26MAYFUT,23985.0,23994.9,23975.0,23982.0,30485.0,15915575.0,2026-05-26,2026-05-26,MAY 2026
2026-05-05 11:00:00+05:30,NIFTY26MAYFUT,NSE:NIFTY26MAYFUT,23977.4,24015.0,23975.2,24014.0,47905.0,15915770.0,2026-05-26,2026-05-26,MAY 2026
2026-05-05 11:05:00+05:30,NIFTY26MAYFUT,NSE:NIFTY26MAYFUT,24010.0,24013.3,23985.0,23992.8,39910.0,15914340.0,2026-05-26,2026-05-26,MAY 2026
2026-05-05 11:10:00+05:30,NIFTY26MAYFUT,NSE:NIFTY26MAYFUT,23990.0,24006.4,23990.0,23994.2,21840.0,15913430.0,2026-05-26,2026-05-26,MAY 2026
2026-05-05 11:15:00+05:30,NIFTY26MAYFUT,NSE:NIFTY26MAYFUT,23993.7,24019.9,23980.3,23983.0,117520.0,15974790.0,2026-05-26,2026-05-26,MAY 2026
2026-05-05 11:20:00+05:30,NIFTY26MAYFUT,NSE:NIFTY26MAYFUT,23980.0,23994.6,23970.3,23979.0,74230.0,16009370.0,2026-05-26,2026-05-26,MAY 2026
2026-05-05 11:25:00+05:30,NIFTY26MAYFUT,NSE:NIFTY26MAYFUT,23978.8,23990.0,23975.2,23980.5,53625.0,16057015.0,2026-05-26,2026-05-26,MAY 2026
2026-05-05 11:30:00+05:30,NIFTY26MAYFUT,NSE:NIFTY26MAYFUT,23979.9,24015.0,23979.0,24010.0,29250.0,16075735.0,2026-05-26,2026-05-26,MAY 2026
2026-05-05 11:35:00+05:30,NIFTY26MAYFUT,NSE:NIFTY26MAYFUT,24010.0,24015.0,23993.4,24000.4,29900.0,16084705.0,2026-05-26,2026-05-26,MAY 2026
2026-05-05 11:40:00+05:30,NIFTY26MAYFUT,NSE:NIFTY26MAYFUT,24000.4,24000.4,23971.0,23972.9,40430.0,16095235.0,2026-05-26,2026-05-26,MAY 2026
2026-05-05 11:45:00+05:30,NIFTY26MAYFUT,NSE:NIFTY26MAYFUT,23970.5,23977.4,23950.0,23951.8,72085.0,16113370.0,2026-05-26,2026-05-26,MAY 2026
2026-05-05 11:50:00+05:30,NIFTY26MAYFUT,NSE:NIFTY26MAYFUT,23959.0,23972.4,23950.5,23950.5,41080.0,16115710.0,2026-05-26,2026-05-26,MAY 2026
2026-05-05 11:55:00+05:30,NIFTY26MAYFUT,NSE:NIFTY26MAYFUT,23951.0,23959.0,23937.0,23947.5,91455.0,16140540.0,2026-05-26,2026-05-26,MAY 2026
2026-05-05 12:00:00+05:30,NIFTY26MAYFUT,NSE:NIFTY26MAYFUT,23947.6,23967.8,23941.3,23965.4,27040.0,16144115.0,2026-05-26,2026-05-26,MAY 2026
2026-05-05 12:05:00+05:30,NIFTY26MAYFUT,NSE:NIFTY26MAYFUT,23962.9,23983.9,23955.0,23980.0,34580.0,16141840.0,2026-05-26,2026-05-26,MAY 2026
2026-05-05 12:10:00+05:30,NIFTY26MAYFUT,NSE:NIFTY26MAYFUT,23975.0,24010.1,23972.0,24006.9,35945.0,16141125.0,2026-05-26,2026-05-26,MAY 2026
2026-05-05 12:15:00+05:30,NIFTY26MAYFUT,NSE:NIFTY26MAYFUT,24006.9,24014.7,23991.1,24009.7,35165.0,16134690.0,2026-05-26,2026-05-26,MAY 2026
2026-05-05 12:20:00+05:30,NIFTY26MAYFUT,NSE:NIFTY26MAYFUT,24013.8,24043.1,24006.0,24022.5,89440.0,16120195.0,2026-05-26,2026-05-26,MAY 2026
2026-05-05 12:25:00+05:30,NIFTY26MAYFUT,NSE:NIFTY26MAYFUT,24030.0,24031.4,23992.1,24000.0,34970.0,16121235.0,2026-05-26,2026-05-26,MAY 2026
2026-05-05 12:30:00+05:30,NIFTY26MAYFUT,NSE:NIFTY26MAYFUT,24000.0,24013.6,23986.2,24010.5,58955.0,16119025.0,2026-05-26,2026-05-26,MAY 2026
2026-05-05 12:35:00+05:30,NIFTY26MAYFUT,NSE:NIFTY26MAYFUT,24010.0,24027.0,24005.0,24024.9,20085.0,16118635.0,2026-05-26,2026-05-26,MAY 2026
2026-05-05 12:40:00+05:30,NIFTY26MAYFUT,NSE:NIFTY26MAYFUT,24024.9,24035.0,24012.1,24018.0,12675.0,16117140.0,2026-05-26,2026-05-26,MAY 2026
2026-05-05 12:45:00+05:30,NIFTY26MAYFUT,NSE:NIFTY26MAYFUT,24022.0,24039.8,24013.2,24038.0,28275.0,16115515.0,2026-05-26,2026-05-26,MAY 2026
2026-05-05 12:50:00+05:30,NIFTY26MAYFUT,NSE:NIFTY26MAYFUT,24039.0,24050.6,24031.5,24036.0,56940.0,16113305.0,2026-05-26,2026-05-26,MAY 2026
2026-05-05 12:55:00+05:30,NIFTY26MAYFUT,NSE:NIFTY26MAYFUT,24031.5,24070.1,24030.4,24065.0,40560.0,16114670.0,2026-05-26,2026-05-26,MAY 2026
2026-05-05 13:00:00+05:30,NIFTY26MAYFUT,NSE:NIFTY26MAYFUT,24070.0,24090.0,24065.2,24078.0,71760.0,16103230.0,2026-05-26,2026-05-26,MAY 2026
2026-05-05 13:05:00+05:30,NIFTY26MAYFUT,NSE:NIFTY26MAYFUT,24082.0,24145.5,24075.0,24130.0,157430.0,16079895.0,2026-05-26,2026-05-26,MAY 2026
2026-05-05 13:10:00+05:30,NIFTY26MAYFUT,NSE:NIFTY26MAYFUT,24136.7,24148.0,24110.1,24127.2,108485.0,16056170.0,2026-05-26,2026-05-26,MAY 2026
2026-05-05 13:15:00+05:30,NIFTY26MAYFUT,NSE:NIFTY26MAYFUT,24130.5,24145.0,24095.0,24100.0,61295.0,16051555.0,2026-05-26,2026-05-26,MAY 2026
2026-05-05 13:20:00+05:30,NIFTY26MAYFUT,NSE:NIFTY26MAYFUT,24100.0,24120.0,24093.3,24108.0,39455.0,16043170.0,2026-05-26,2026-05-26,MAY 2026
2026-05-05 13:25:00+05:30,NIFTY26MAYFUT,NSE:NIFTY26MAYFUT,24108.0,24114.0,24090.0,24100.0,14365.0,16043885.0,2026-05-26,2026-05-26,MAY 2026
2026-05-05 13:30:00+05:30,NIFTY26MAYFUT,NSE:NIFTY26MAYFUT,24100.0,24106.0,24084.5,24088.0,24895.0,16044275.0,2026-05-26,2026-05-26,MAY 2026
2026-05-05 13:35:00+05:30,NIFTY26MAYFUT,NSE:NIFTY26MAYFUT,24089.8,24110.0,24086.1,24098.0,18265.0,16044860.0,2026-05-26,2026-05-26,MAY 2026
2026-05-05 13:40:00+05:30,NIFTY26MAYFUT,NSE:NIFTY26MAYFUT,24097.9,24119.0,24097.9,24117.1,15535.0,16044470.0,2026-05-26,2026-05-26,MAY 2026
2026-05-05 13:45:00+05:30,NIFTY26MAYFUT,NSE:NIFTY26MAYFUT,24117.1,24125.0,24105.0,24110.0,14430.0,16043885.0,2026-05-26,2026-05-26,MAY 2026
2026-05-05 13:50:00+05:30,NIFTY26MAYFUT,NSE:NIFTY26MAYFUT,24110.0,24115.0,24084.0,24090.0,18395.0,16045705.0,2026-05-26,2026-05-26,MAY 2026
2026-05-05 13:55:00+05:30,NIFTY26MAYFUT,NSE:NIFTY26MAYFUT,24090.0,24114.5,24090.0,24099.7,15665.0,16042975.0,2026-05-26,2026-05-26,MAY 2026
2026-05-05 14:00:00+05:30,NIFTY26MAYFUT,NSE:NIFTY26MAYFUT,24099.7,24113.5,24090.0,24094.1,12090.0,16043820.0,2026-05-26,2026-05-26,MAY 2026
2026-05-05 14:05:00+05:30,NIFTY26MAYFUT,NSE:NIFTY26MAYFUT,24094.1,24105.0,24069.9,24072.9,25025.0,16043690.0,2026-05-26,2026-05-26,MAY 2026
2026-05-05 14:10:00+05:30,NIFTY26MAYFUT,NSE:NIFTY26MAYFUT,24072.1,24089.0,24065.1,24077.4,27170.0,16043170.0,2026-05-26,2026-05-26,MAY 2026
2026-05-05 14:15:00+05:30,NIFTY26MAYFUT,NSE:NIFTY26MAYFUT,24079.8,24105.0,24074.0,24102.0,19370.0,16040245.0,2026-05-26,2026-05-26,MAY 2026
2026-05-05 14:20:00+05:30,NIFTY26MAYFUT,NSE:NIFTY26MAYFUT,24102.0,24115.0,24091.7,24098.0,16835.0,16037905.0,2026-05-26,2026-05-26,MAY 2026
2026-05-05 14:25:00+05:30,NIFTY26MAYFUT,NSE:NIFTY26MAYFUT,24097.9,24118.0,24093.7,24118.0,14170.0,16037905.0,2026-05-26,2026-05-26,MAY 2026
2026-05-05 14:30:00+05:30,NIFTY26MAYFUT,NSE:NIFTY26MAYFUT,24118.0,24119.8,24086.0,24090.0,35295.0,16039855.0,2026-05-26,2026-05-26,MAY 2026
2026-05-05 14:35:00+05:30,NIFTY26MAYFUT,NSE:NIFTY26MAYFUT,24090.0,24101.9,24085.0,24099.0,12415.0,16036280.0,2026-05-26,2026-05-26,MAY 2026
2026-05-05 14:40:00+05:30,NIFTY26MAYFUT,NSE:NIFTY26MAYFUT,24099.0,24109.9,24088.0,24105.0,28795.0,16032380.0,2026-05-26,2026-05-26,MAY 2026
2026-05-05 14:45:00+05:30,NIFTY26MAYFUT,NSE:NIFTY26MAYFUT,24105.0,24114.5,24084.6,24092.4,34840.0,16020875.0,2026-05-26,2026-05-26,MAY 2026
2026-05-05 14:50:00+05:30,NIFTY26MAYFUT,NSE:NIFTY26MAYFUT,24092.9,24096.4,24064.1,24076.9,52260.0,16026335.0,2026-05-26,2026-05-26,MAY 2026
2026-05-05 14:55:00+05:30,NIFTY26MAYFUT,NSE:NIFTY26MAYFUT,24087.0,24091.1,24071.4,24075.0,26260.0,16049475.0,2026-05-26,2026-05-26,MAY 2026
2026-05-05 15:00:00+05:30,NIFTY26MAYFUT,NSE:NIFTY26MAYFUT,24079.0,24086.0,24065.0,24079.0,41600.0,16052270.0,2026-05-26,2026-05-26,MAY 2026
2026-05-05 15:05:00+05:30,NIFTY26MAYFUT,NSE:NIFTY26MAYFUT,24080.0,24095.0,24070.0,24088.5,32370.0,16058445.0,2026-05-26,2026-05-26,MAY 2026
2026-05-05 15:10:00+05:30,NIFTY26MAYFUT,NSE:NIFTY26MAYFUT,24085.2,24109.0,24083.3,24108.2,51610.0,16060525.0,2026-05-26,2026-05-26,MAY 2026
2026-05-05 15:15:00+05:30,NIFTY26MAYFUT,NSE:NIFTY26MAYFUT,24109.0,24118.0,24107.9,24118.0,63310.0,16057470.0,2026-05-26,2026-05-26,MAY 2026
2026-05-05 15:20:00+05:30,NIFTY26MAYFUT,NSE:NIFTY26MAYFUT,24117.9,24117.9,24109.6,24114.9,62075.0,16077295.0,2026-05-26,2026-05-26,MAY 2026
2026-05-05 15:25:00+05:30,NIFTY26MAYFUT,NSE:NIFTY26MAYFUT,24110.9,24134.0,24110.1,24128.0,108550.0,16070730.0,2026-05-26,2026-05-26,MAY 2026
2026-05-06 09:15:00+05:30,NIFTY26MAYFUT,NSE:NIFTY26MAYFUT,24266.5,24313.0,24252.6,24259.9,318240.0,16038815.0,2026-05-26,2026-05-26,MAY 2026
2026-05-06 09:20:00+05:30,NIFTY26MAYFUT,NSE:NIFTY26MAYFUT,24254.2,24275.5,24238.0,24260.0,124085.0,16050840.0,2026-05-26,2026-05-26,MAY 2026
2026-05-06 09:25:00+05:30,NIFTY26MAYFUT,NSE:NIFTY26MAYFUT,24260.0,24270.0,24238.0,24245.0,62075.0,16059810.0,2026-05-26,2026-05-26,MAY 2026
2026-05-06 09:30:00+05:30,NIFTY26MAYFUT,NSE:NIFTY26MAYFUT,24245.0,24268.3,24231.0,24233.0,58500.0,16085355.0,2026-05-26,2026-05-26,MAY 2026
2026-05-06 09:35:00+05:30,NIFTY26MAYFUT,NSE:NIFTY26MAYFUT,24240.8,24244.0,24221.0,24225.6,53690.0,16098225.0,2026-05-26,2026-05-26,MAY 2026
2026-05-06 09:40:00+05:30,NIFTY26MAYFUT,NSE:NIFTY26MAYFUT,24225.6,24231.0,24205.0,24215.0,72605.0,16112915.0,2026-05-26,2026-05-26,MAY 2026
2026-05-06 09:45:00+05:30,NIFTY26MAYFUT,NSE:NIFTY26MAYFUT,24218.5,24225.0,24206.0,24212.0,34255.0,16130140.0,2026-05-26,2026-05-26,MAY 2026
2026-05-06 09:50:00+05:30,NIFTY26MAYFUT,NSE:NIFTY26MAYFUT,24211.0,24230.0,24195.1,24225.1,126815.0,16129230.0,2026-05-26,2026-05-26,MAY 2026
2026-05-06 09:55:00+05:30,NIFTY26MAYFUT,NSE:NIFTY26MAYFUT,24225.0,24248.0,24215.0,24215.0,42120.0,16132480.0,2026-05-26,2026-05-26,MAY 2026
2026-05-06 10:00:00+05:30,NIFTY26MAYFUT,NSE:NIFTY26MAYFUT,24215.0,24222.9,24185.0,24192.3,71565.0,16142815.0,2026-05-26,2026-05-26,MAY 2026
2026-05-06 10:05:00+05:30,NIFTY26MAYFUT,NSE:NIFTY26MAYFUT,24190.1,24191.0,24172.0,24173.3,66495.0,16141255.0,2026-05-26,2026-05-26,MAY 2026
2026-05-06 10:10:00+05:30,NIFTY26MAYFUT,NSE:NIFTY26MAYFUT,24175.0,24222.0,24174.0,24221.0,43810.0,16142815.0,2026-05-26,2026-05-26,MAY 2026
2026-05-06 10:15:00+05:30,NIFTY26MAYFUT,NSE:NIFTY26MAYFUT,24221.0,24222.0,24200.0,24219.0,30680.0,16139435.0,2026-05-26,2026-05-26,MAY 2026
2026-05-06 10:20:00+05:30,NIFTY26MAYFUT,NSE:NIFTY26MAYFUT,24218.9,24235.0,24212.0,24216.0,43290.0,16140280.0,2026-05-26,2026-05-26,MAY 2026
2026-05-06 10:25:00+05:30,NIFTY26MAYFUT,NSE:NIFTY26MAYFUT,24213.7,24230.0,24201.0,24201.0,17875.0,16144960.0,2026-05-26,2026-05-26,MAY 2026
2026-05-06 10:30:00+05:30,NIFTY26MAYFUT,NSE:NIFTY26MAYFUT,24201.0,24224.9,24195.0,24201.1,23140.0,16145805.0,2026-05-26,2026-05-26,MAY 2026
2026-05-06 10:35:00+05:30,NIFTY26MAYFUT,NSE:NIFTY26MAYFUT,24201.0,24203.2,24184.9,24194.0,19565.0,16146975.0,2026-05-26,2026-05-26,MAY 2026
2026-05-06 10:40:00+05:30,NIFTY26MAYFUT,NSE:NIFTY26MAYFUT,24202.0,24225.0,24194.0,24215.0,16445.0,16147690.0,2026-05-26,2026-05-26,MAY 2026
2026-05-06 10:45:00+05:30,NIFTY26MAYFUT,NSE:NIFTY26MAYFUT,24215.0,24223.0,24200.0,24200.0,12805.0,16152825.0,2026-05-26,2026-05-26,MAY 2026
2026-05-06 10:50:00+05:30,NIFTY26MAYFUT,NSE:NIFTY26MAYFUT,24200.0,24205.1,24166.0,24166.1,46930.0,16156075.0,2026-05-26,2026-05-26,MAY 2026
2026-05-06 10:55:00+05:30,NIFTY26MAYFUT,NSE:NIFTY26MAYFUT,24166.2,24185.7,24165.0,24171.2,34320.0,16176160.0,2026-05-26,2026-05-26,MAY 2026
2026-05-06 11:00:00+05:30,NIFTY26MAYFUT,NSE:NIFTY26MAYFUT,24171.0,24184.7,24146.0,24146.0,66625.0,16183960.0,2026-05-26,2026-05-26,MAY 2026
2026-05-06 11:05:00+05:30,NIFTY26MAYFUT,NSE:NIFTY26MAYFUT,24145.0,24178.2,24141.0,24175.0,35815.0,16195205.0,2026-05-26,2026-05-26,MAY 2026
2026-05-06 11:10:00+05:30,NIFTY26MAYFUT,NSE:NIFTY26MAYFUT,24178.0,24178.0,24153.3,24162.0,23075.0,16198260.0,2026-05-26,2026-05-26,MAY 2026
2026-05-06 11:15:00+05:30,NIFTY26MAYFUT,NSE:NIFTY26MAYFUT,24163.0,24180.0,24155.0,24163.3,18200.0,16202875.0,2026-05-26,2026-05-26,MAY 2026
2026-05-06 11:20:00+05:30,NIFTY26MAYFUT,NSE:NIFTY26MAYFUT,24163.0,24180.0,24160.0,24169.9,11310.0,16206255.0,2026-05-26,2026-05-26,MAY 2026
2026-05-06 11:25:00+05:30,NIFTY26MAYFUT,NSE:NIFTY26MAYFUT,24169.5,24192.0,24160.0,24192.0,71500.0,16185585.0,2026-05-26,2026-05-26,MAY 2026
2026-05-06 11:30:00+05:30,NIFTY26MAYFUT,NSE:NIFTY26MAYFUT,24192.0,24199.1,24184.5,24192.0,23140.0,16183440.0,2026-05-26,2026-05-26,MAY 2026
2026-05-06 11:35:00+05:30,NIFTY26MAYFUT,NSE:NIFTY26MAYFUT,24190.0,24192.3,24138.0,24153.0,51675.0,16189290.0,2026-05-26,2026-05-26,MAY 2026
2026-05-06 11:40:00+05:30,NIFTY26MAYFUT,NSE:NIFTY26MAYFUT,24142.6,24182.0,24142.6,24173.8,19305.0,16187600.0,2026-05-26,2026-05-26,MAY 2026
2026-05-06 11:45:00+05:30,NIFTY26MAYFUT,NSE:NIFTY26MAYFUT,24182.0,24191.8,24170.0,24189.0,32110.0,16173950.0,2026-05-26,2026-05-26,MAY 2026
2026-05-06 11:50:00+05:30,NIFTY26MAYFUT,NSE:NIFTY26MAYFUT,24188.5,24193.9,24170.0,24193.0,17030.0,16172910.0,2026-05-26,2026-05-26,MAY 2026
2026-05-06 11:55:00+05:30,NIFTY26MAYFUT,NSE:NIFTY26MAYFUT,24193.0,24195.0,24180.0,24180.0,8190.0,16172650.0,2026-05-26,2026-05-26,MAY 2026
2026-05-06 12:00:00+05:30,NIFTY26MAYFUT,NSE:NIFTY26MAYFUT,24180.0,24185.5,24160.0,24170.0,14560.0,16175055.0,2026-05-26,2026-05-26,MAY 2026
2026-05-06 12:05:00+05:30,NIFTY26MAYFUT,NSE:NIFTY26MAYFUT,24170.0,24170.0,24145.0,24160.0,23790.0,16182205.0,2026-05-26,2026-05-26,MAY 2026
2026-05-06 12:10:00+05:30,NIFTY26MAYFUT,NSE:NIFTY26MAYFUT,24160.0,24165.0,24142.6,24148.0,18200.0,16185260.0,2026-05-26,2026-05-26,MAY 2026
2026-05-06 12:15:00+05:30,NIFTY26MAYFUT,NSE:NIFTY26MAYFUT,24148.0,24148.0,24126.0,24143.1,51610.0,16198520.0,2026-05-26,2026-05-26,MAY 2026
2026-05-06 12:20:00+05:30,NIFTY26MAYFUT,NSE:NIFTY26MAYFUT,24135.0,24142.5,24081.6,24105.9,130715.0,16218800.0,2026-05-26,2026-05-26,MAY 2026
2026-05-06 12:25:00+05:30,NIFTY26MAYFUT,NSE:NIFTY26MAYFUT,24103.3,24125.0,24092.0,24119.0,107835.0,16236740.0,2026-05-26,2026-05-26,MAY 2026
2026-05-06 12:30:00+05:30,NIFTY26MAYFUT,NSE:NIFTY26MAYFUT,24117.0,24122.6,24108.0,24120.4,32500.0,16229070.0,2026-05-26,2026-05-26,MAY 2026
2026-05-06 12:35:00+05:30,NIFTY26MAYFUT,NSE:NIFTY26MAYFUT,24120.4,24121.9,24094.3,24095.0,31070.0,16238950.0,2026-05-26,2026-05-26,MAY 2026
2026-05-06 12:40:00+05:30,NIFTY26MAYFUT,NSE:NIFTY26MAYFUT,24100.0,24104.0,24071.4,24078.5,62660.0,16247725.0,2026-05-26,2026-05-26,MAY 2026
2026-05-06 12:45:00+05:30,NIFTY26MAYFUT,NSE:NIFTY26MAYFUT,24078.5,24085.0,24068.0,24076.8,97760.0,16260270.0,2026-05-26,2026-05-26,MAY 2026
2026-05-06 12:50:00+05:30,NIFTY26MAYFUT,NSE:NIFTY26MAYFUT,24076.9,24084.0,24060.0,24080.0,46540.0,16285555.0,2026-05-26,2026-05-26,MAY 2026
2026-05-06 12:55:00+05:30,NIFTY26MAYFUT,NSE:NIFTY26MAYFUT,24080.0,24086.9,24066.0,24086.4,26195.0,16309410.0,2026-05-26,2026-05-26,MAY 2026
2026-05-06 13:00:00+05:30,NIFTY26MAYFUT,NSE:NIFTY26MAYFUT,24085.2,24088.0,24060.0,24061.0,29185.0,16319225.0,2026-05-26,2026-05-26,MAY 2026
2026-05-06 13:05:00+05:30,NIFTY26MAYFUT,NSE:NIFTY26MAYFUT,24060.0,24106.3,24056.0,24105.4,49530.0,16333460.0,2026-05-26,2026-05-26,MAY 2026
2026-05-06 13:10:00+05:30,NIFTY26MAYFUT,NSE:NIFTY26MAYFUT,24105.4,24109.3,24100.0,24109.3,22165.0,16341455.0,2026-05-26,2026-05-26,MAY 2026
2026-05-06 13:15:00+05:30,NIFTY26MAYFUT,NSE:NIFTY26MAYFUT,24109.5,24145.0,24105.0,24138.0,94510.0,16353545.0,2026-05-26,2026-05-26,MAY 2026
2026-05-06 13:20:00+05:30,NIFTY26MAYFUT,NSE:NIFTY26MAYFUT,24134.5,24161.5,24133.7,24150.0,64090.0,16370055.0,2026-05-26,2026-05-26,MAY 2026
2026-05-06 13:25:00+05:30,NIFTY26MAYFUT,NSE:NIFTY26MAYFUT,24155.0,24170.8,24146.5,24161.0,57915.0,16376685.0,2026-05-26,2026-05-26,MAY 2026
2026-05-06 13:30:00+05:30,NIFTY26MAYFUT,NSE:NIFTY26MAYFUT,24161.0,24179.8,24155.0,24170.2,51610.0,16380000.0,2026-05-26,2026-05-26,MAY 2026
2026-05-06 13:35:00+05:30,NIFTY26MAYFUT,NSE:NIFTY26MAYFUT,24170.2,24196.0,24170.0,24185.2,81575.0,16366610.0,2026-05-26,2026-05-26,MAY 2026
2026-05-06 13:40:00+05:30,NIFTY26MAYFUT,NSE:NIFTY26MAYFUT,24185.0,24200.0,24173.1,24184.5,65000.0,16384810.0,2026-05-26,2026-05-26,MAY 2026
2026-05-06 13:45:00+05:30,NIFTY26MAYFUT,NSE:NIFTY26MAYFUT,24185.0,24198.3,24173.8,24181.0,29575.0,16390920.0,2026-05-26,2026-05-26,MAY 2026
2026-05-06 13:50:00+05:30,NIFTY26MAYFUT,NSE:NIFTY26MAYFUT,24180.1,24200.0,24180.1,24198.0,19630.0,16392610.0,2026-05-26,2026-05-26,MAY 2026
2026-05-06 13:55:00+05:30,NIFTY26MAYFUT,NSE:NIFTY26MAYFUT,24193.8,24207.9,24183.0,24190.0,109720.0,16362255.0,2026-05-26,2026-05-26,MAY 2026
2026-05-06 14:00:00+05:30,NIFTY26MAYFUT,NSE:NIFTY26MAYFUT,24195.0,24204.7,24185.6,24204.6,23595.0,16368430.0,2026-05-26,2026-05-26,MAY 2026
2026-05-06 14:05:00+05:30,NIFTY26MAYFUT,NSE:NIFTY26MAYFUT,24204.6,24210.1,24189.0,24195.0,29380.0,16367520.0,2026-05-26,2026-05-26,MAY 2026
2026-05-06 14:10:00+05:30,NIFTY26MAYFUT,NSE:NIFTY26MAYFUT,24195.0,24229.0,24195.0,24226.0,61555.0,16354975.0,2026-05-26,2026-05-26,MAY 2026
2026-05-06 14:15:00+05:30,NIFTY26MAYFUT,NSE:NIFTY26MAYFUT,24228.0,24245.0,24228.0,24239.0,91000.0,16344445.0,2026-05-26,2026-05-26,MAY 2026
2026-05-06 14:20:00+05:30,NIFTY26MAYFUT,NSE:NIFTY26MAYFUT,24239.0,24378.9,24230.0,24371.9,836875.0,16336970.0,2026-05-26,2026-05-26,MAY 2026
2026-05-06 14:25:00+05:30,NIFTY26MAYFUT,NSE:NIFTY26MAYFUT,24374.3,24450.0,24374.2,24426.7,480480.0,16314675.0,2026-05-26,2026-05-26,MAY 2026
2026-05-06 14:30:00+05:30,NIFTY26MAYFUT,NSE:NIFTY26MAYFUT,24430.0,24460.0,24382.0,24419.9,324675.0,16363230.0,2026-05-26,2026-05-26,MAY 2026
2026-05-06 14:35:00+05:30,NIFTY26MAYFUT,NSE:NIFTY26MAYFUT,24420.0,24421.9,24385.0,24401.3,156975.0,16422835.0,2026-05-26,2026-05-26,MAY 2026
2026-05-06 14:40:00+05:30,NIFTY26MAYFUT,NSE:NIFTY26MAYFUT,24401.3,24437.0,24401.3,24435.0,188240.0,16481660.0,2026-05-26,2026-05-26,MAY 2026
2026-05-06 14:45:00+05:30,NIFTY26MAYFUT,NSE:NIFTY26MAYFUT,24435.0,24468.4,24420.2,24450.0,190450.0,16487900.0,2026-05-26,2026-05-26,MAY 2026
2026-05-06 14:50:00+05:30,NIFTY26MAYFUT,NSE:NIFTY26MAYFUT,24449.9,24462.0,24435.0,24443.4,108810.0,16507270.0,2026-05-26,2026-05-26,MAY 2026
2026-05-06 14:55:00+05:30,NIFTY26MAYFUT,NSE:NIFTY26MAYFUT,24445.0,24468.0,24434.0,24466.2,97240.0,16509285.0,2026-05-26,2026-05-26,MAY 2026
2026-05-06 15:00:00+05:30,NIFTY26MAYFUT,NSE:NIFTY26MAYFUT,24463.4,24470.0,24425.0,24462.0,141310.0,16480880.0,2026-05-26,2026-05-26,MAY 2026
2026-05-06 15:05:00+05:30,NIFTY26MAYFUT,NSE:NIFTY26MAYFUT,24462.0,24465.0,24430.0,24433.4,80340.0,16483675.0,2026-05-26,2026-05-26,MAY 2026
2026-05-06 15:10:00+05:30,NIFTY26MAYFUT,NSE:NIFTY26MAYFUT,24445.0,24450.0,24430.0,24444.4,93080.0,16455530.0,2026-05-26,2026-05-26,MAY 2026
2026-05-06 15:15:00+05:30,NIFTY26MAYFUT,NSE:NIFTY26MAYFUT,24448.8,24453.4,24434.4,24449.1,108225.0,16464175.0,2026-05-26,2026-05-26,MAY 2026
2026-05-06 15:20:00+05:30,NIFTY26MAYFUT,NSE:NIFTY26MAYFUT,24448.8,24448.8,24430.0,24445.0,130000.0,16445715.0,2026-05-26,2026-05-26,MAY 2026
2026-05-06 15:25:00+05:30,NIFTY26MAYFUT,NSE:NIFTY26MAYFUT,24445.0,24468.3,24440.0,24466.5,220350.0,16463395.0,2026-05-26,2026-05-26,MAY 2026
2026-05-07 09:15:00+05:30,NIFTY26MAYFUT,NSE:NIFTY26MAYFUT,24450.0,24470.0,24361.5,24369.9,204620.0,16367390.0,2026-05-26,2026-05-26,MAY 2026
2026-05-07 09:20:00+05:30,NIFTY26MAYFUT,NSE:NIFTY26MAYFUT,24367.3,24388.0,24347.0,24388.0,189605.0,16380455.0,2026-05-26,2026-05-26,MAY 2026
2026-05-07 09:25:00+05:30,NIFTY26MAYFUT,NSE:NIFTY26MAYFUT,24382.0,24395.0,24355.0,24381.5,84045.0,16428815.0,2026-05-26,2026-05-26,MAY 2026
2026-05-07 09:30:00+05:30,NIFTY26MAYFUT,NSE:NIFTY26MAYFUT,24381.5,24415.0,24365.0,24396.0,87490.0,16464565.0,2026-05-26,2026-05-26,MAY 2026
2026-05-07 09:35:00+05:30,NIFTY26MAYFUT,NSE:NIFTY26MAYFUT,24400.0,24415.0,24396.1,24407.0,81120.0,16473405.0,2026-05-26,2026-05-26,MAY 2026
2026-05-07 09:40:00+05:30,NIFTY26MAYFUT,NSE:NIFTY26MAYFUT,24401.1,24448.0,24400.8,24445.0,75140.0,16478410.0,2026-05-26,2026-05-26,MAY 2026
2026-05-07 09:45:00+05:30,NIFTY26MAYFUT,NSE:NIFTY26MAYFUT,24445.0,24448.0,24392.4,24392.4,45630.0,16483350.0,2026-05-26,2026-05-26,MAY 2026
2026-05-07 09:50:00+05:30,NIFTY26MAYFUT,NSE:NIFTY26MAYFUT,24392.4,24409.4,24370.0,24375.0,59995.0,16489525.0,2026-05-26,2026-05-26,MAY 2026
2026-05-07 09:55:00+05:30,NIFTY26MAYFUT,NSE:NIFTY26MAYFUT,24375.0,24399.0,24370.1,24393.2,39455.0,16495115.0,2026-05-26,2026-05-26,MAY 2026
2026-05-07 10:00:00+05:30,NIFTY26MAYFUT,NSE:NIFTY26MAYFUT,24386.5,24419.8,24376.1,24410.0,40560.0,16494270.0,2026-05-26,2026-05-26,MAY 2026
2026-05-07 10:05:00+05:30,NIFTY26MAYFUT,NSE:NIFTY26MAYFUT,24417.8,24419.8,24360.0,24370.0,69160.0,16486925.0,2026-05-26,2026-05-26,MAY 2026
2026-05-07 10:10:00+05:30,NIFTY26MAYFUT,NSE:NIFTY26MAYFUT,24370.0,24383.9,24355.0,24369.8,72735.0,16458065.0,2026-05-26,2026-05-26,MAY 2026
2026-05-07 10:15:00+05:30,NIFTY26MAYFUT,NSE:NIFTY26MAYFUT,24369.8,24395.7,24366.0,24388.0,76505.0,16480880.0,2026-05-26,2026-05-26,MAY 2026
2026-05-07 10:20:00+05:30,NIFTY26MAYFUT,NSE:NIFTY26MAYFUT,24396.0,24397.0,24386.0,24389.5,12220.0,16485885.0,2026-05-26,2026-05-26,MAY 2026
2026-05-07 10:25:00+05:30,NIFTY26MAYFUT,NSE:NIFTY26MAYFUT,24389.5,24410.3,24389.5,24400.0,18265.0,16486860.0,2026-05-26,2026-05-26,MAY 2026
2026-05-07 10:30:00+05:30,NIFTY26MAYFUT,NSE:NIFTY26MAYFUT,24404.9,24424.0,24397.6,24412.0,27300.0,16489005.0,2026-05-26,2026-05-26,MAY 2026
2026-05-07 10:35:00+05:30,NIFTY26MAYFUT,NSE:NIFTY26MAYFUT,24414.5,24414.5,24390.9,24404.3,24245.0,16489330.0,2026-05-26,2026-05-26,MAY 2026
2026-05-07 10:40:00+05:30,NIFTY26MAYFUT,NSE:NIFTY26MAYFUT,24404.3,24419.0,24392.1,24418.0,12870.0,16490370.0,2026-05-26,2026-05-26,MAY 2026
2026-05-07 10:45:00+05:30,NIFTY26MAYFUT,NSE:NIFTY26MAYFUT,24418.0,24425.0,24400.0,24405.1,37375.0,16491215.0,2026-05-26,2026-05-26,MAY 2026
2026-05-07 10:50:00+05:30,NIFTY26MAYFUT,NSE:NIFTY26MAYFUT,24405.0,24405.0,24370.0,24393.0,21190.0,16487900.0,2026-05-26,2026-05-26,MAY 2026
2026-05-07 10:55:00+05:30,NIFTY26MAYFUT,NSE:NIFTY26MAYFUT,24383.1,24394.9,24370.0,24378.1,15470.0,16490500.0,2026-05-26,2026-05-26,MAY 2026
2026-05-07 11:00:00+05:30,NIFTY26MAYFUT,NSE:NIFTY26MAYFUT,24375.8,24392.6,24370.2,24376.0,17615.0,16487835.0,2026-05-26,2026-05-26,MAY 2026
2026-05-07 11:05:00+05:30,NIFTY26MAYFUT,NSE:NIFTY26MAYFUT,24376.0,24381.0,24356.0,24360.0,20605.0,16489200.0,2026-05-26,2026-05-26,MAY 2026
2026-05-07 11:10:00+05:30,NIFTY26MAYFUT,NSE:NIFTY26MAYFUT,24356.2,24369.1,24353.0,24358.9,50960.0,16492125.0,2026-05-26,2026-05-26,MAY 2026
2026-05-07 11:15:00+05:30,NIFTY26MAYFUT,NSE:NIFTY26MAYFUT,24360.0,24378.7,24352.1,24358.3,28145.0,16498755.0,2026-05-26,2026-05-26,MAY 2026
2026-05-07 11:20:00+05:30,NIFTY26MAYFUT,NSE:NIFTY26MAYFUT,24356.0,24359.0,24335.0,24346.3,133835.0,16503630.0,2026-05-26,2026-05-26,MAY 2026
2026-05-07 11:25:00+05:30,NIFTY26MAYFUT,NSE:NIFTY26MAYFUT,24352.2,24352.2,24330.0,24350.0,42380.0,16501095.0,2026-05-26,2026-05-26,MAY 2026
2026-05-07 11:30:00+05:30,NIFTY26MAYFUT,NSE:NIFTY26MAYFUT,24350.0,24394.0,24343.5,24365.0,36660.0,16509350.0,2026-05-26,2026-05-26,MAY 2026
2026-05-07 11:35:00+05:30,NIFTY26MAYFUT,NSE:NIFTY26MAYFUT,24361.0,24367.3,24346.0,24347.5,18850.0,16508895.0,2026-05-26,2026-05-26,MAY 2026
2026-05-07 11:40:00+05:30,NIFTY26MAYFUT,NSE:NIFTY26MAYFUT,24347.5,24352.5,24325.0,24325.0,30875.0,16515655.0,2026-05-26,2026-05-26,MAY 2026
2026-05-07 11:45:00+05:30,NIFTY26MAYFUT,NSE:NIFTY26MAYFUT,24325.1,24349.0,24318.0,24348.0,38480.0,16521245.0,2026-05-26,2026-05-26,MAY 2026
2026-05-07 11:50:00+05:30,NIFTY26MAYFUT,NSE:NIFTY26MAYFUT,24344.0,24369.3,24337.4,24353.6,29835.0,16516695.0,2026-05-26,2026-05-26,MAY 2026
2026-05-07 11:55:00+05:30,NIFTY26MAYFUT,NSE:NIFTY26MAYFUT,24360.0,24385.0,24353.5,24378.0,25870.0,16522480.0,2026-05-26,2026-05-26,MAY 2026
2026-05-07 12:00:00+05:30,NIFTY26MAYFUT,NSE:NIFTY26MAYFUT,24384.5,24410.0,24380.0,24395.0,42965.0,16520270.0,2026-05-26,2026-05-26,MAY 2026
2026-05-07 12:05:00+05:30,NIFTY26MAYFUT,NSE:NIFTY26MAYFUT,24395.0,24400.0,24391.4,24394.1,16250.0,16522480.0,2026-05-26,2026-05-26,MAY 2026
2026-05-07 12:10:00+05:30,NIFTY26MAYFUT,NSE:NIFTY26MAYFUT,24391.0,24410.0,24386.0,24410.0,16250.0,16526445.0,2026-05-26,2026-05-26,MAY 2026
2026-05-07 12:15:00+05:30,NIFTY26MAYFUT,NSE:NIFTY26MAYFUT,24410.0,24429.8,24408.0,24414.0,58565.0,16527940.0,2026-05-26,2026-05-26,MAY 2026
2026-05-07 12:20:00+05:30,NIFTY26MAYFUT,NSE:NIFTY26MAYFUT,24411.0,24425.0,24411.0,24423.0,17095.0,16531450.0,2026-05-26,2026-05-26,MAY 2026
2026-05-07 12:25:00+05:30,NIFTY26MAYFUT,NSE:NIFTY26MAYFUT,24425.0,24428.9,24387.3,24387.3,26650.0,16532815.0,2026-05-26,2026-05-26,MAY 2026
2026-05-07 12:30:00+05:30,NIFTY26MAYFUT,NSE:NIFTY26MAYFUT,24386.0,24404.4,24357.8,24374.8,287040.0,16777865.0,2026-05-26,2026-05-26,MAY 2026
2026-05-07 12:35:00+05:30,NIFTY26MAYFUT,NSE:NIFTY26MAYFUT,24385.0,24495.0,24376.1,24491.9,274365.0,16781635.0,2026-05-26,2026-05-26,MAY 2026
2026-05-07 12:40:00+05:30,NIFTY26MAYFUT,NSE:NIFTY26MAYFUT,24491.0,24535.0,24491.0,24507.2,326430.0,16753230.0,2026-05-26,2026-05-26,MAY 2026
2026-05-07 12:45:00+05:30,NIFTY26MAYFUT,NSE:NIFTY26MAYFUT,24515.0,24520.0,24481.1,24483.0,105105.0,16746795.0,2026-05-26,2026-05-26,MAY 2026
2026-05-07 12:50:00+05:30,NIFTY26MAYFUT,NSE:NIFTY26MAYFUT,24483.0,24493.6,24430.0,24450.0,86905.0,16741270.0,2026-05-26,2026-05-26,MAY 2026
2026-05-07 12:55:00+05:30,NIFTY26MAYFUT,NSE:NIFTY26MAYFUT,24450.0,24460.0,24421.0,24438.0,61750.0,16733860.0,2026-05-26,2026-05-26,MAY 2026
2026-05-07 13:00:00+05:30,NIFTY26MAYFUT,NSE:NIFTY26MAYFUT,24438.0,24459.0,24430.0,24451.5,47450.0,16732495.0,2026-05-26,2026-05-26,MAY 2026
2026-05-07 13:05:00+05:30,NIFTY26MAYFUT,NSE:NIFTY26MAYFUT,24454.6,24469.0,24432.3,24432.8,29185.0,16735745.0,2026-05-26,2026-05-26,MAY 2026
2026-05-07 13:10:00+05:30,NIFTY26MAYFUT,NSE:NIFTY26MAYFUT,24441.0,24443.0,24423.0,24426.2,24180.0,16738930.0,2026-05-26,2026-05-26,MAY 2026
2026-05-07 13:15:00+05:30,NIFTY26MAYFUT,NSE:NIFTY26MAYFUT,24426.2,24444.0,24365.0,24399.8,108615.0,16737565.0,2026-05-26,2026-05-26,MAY 2026
2026-05-07 13:20:00+05:30,NIFTY26MAYFUT,NSE:NIFTY26MAYFUT,24395.0,24412.4,24385.0,24386.0,45825.0,16719300.0,2026-05-26,2026-05-26,MAY 2026
2026-05-07 13:25:00+05:30,NIFTY26MAYFUT,NSE:NIFTY26MAYFUT,24391.0,24404.0,24389.9,24399.2,19240.0,16723525.0,2026-05-26,2026-05-26,MAY 2026
2026-05-07 13:30:00+05:30,NIFTY26MAYFUT,NSE:NIFTY26MAYFUT,24392.1,24412.2,24391.0,24405.0,20345.0,16726840.0,2026-05-26,2026-05-26,MAY 2026
2026-05-07 13:35:00+05:30,NIFTY26MAYFUT,NSE:NIFTY26MAYFUT,24405.0,24411.4,24381.0,24386.8,25350.0,16731325.0,2026-05-26,2026-05-26,MAY 2026
2026-05-07 13:40:00+05:30,NIFTY26MAYFUT,NSE:NIFTY26MAYFUT,24383.4,24410.0,24380.0,24393.9,31785.0,16731325.0,2026-05-26,2026-05-26,MAY 2026
2026-05-07 13:45:00+05:30,NIFTY26MAYFUT,NSE:NIFTY26MAYFUT,24392.0,24402.0,24382.0,24392.0,18330.0,16734315.0,2026-05-26,2026-05-26,MAY 2026
2026-05-07 13:50:00+05:30,NIFTY26MAYFUT,NSE:NIFTY26MAYFUT,24394.0,24409.2,24385.7,24400.2,10920.0,16740945.0,2026-05-26,2026-05-26,MAY 2026
2026-05-07 13:55:00+05:30,NIFTY26MAYFUT,NSE:NIFTY26MAYFUT,24407.0,24412.9,24390.0,24412.9,25220.0,16741400.0,2026-05-26,2026-05-26,MAY 2026
2026-05-07 14:00:00+05:30,NIFTY26MAYFUT,NSE:NIFTY26MAYFUT,24415.9,24422.2,24394.7,24402.0,49920.0,16744520.0,2026-05-26,2026-05-26,MAY 2026
2026-05-07 14:05:00+05:30,NIFTY26MAYFUT,NSE:NIFTY26MAYFUT,24400.0,24416.9,24386.8,24416.9,17810.0,16748810.0,2026-05-26,2026-05-26,MAY 2026
2026-05-07 14:10:00+05:30,NIFTY26MAYFUT,NSE:NIFTY26MAYFUT,24416.9,24421.0,24403.3,24409.0,26260.0,16759665.0,2026-05-26,2026-05-26,MAY 2026
2026-05-07 14:15:00+05:30,NIFTY26MAYFUT,NSE:NIFTY26MAYFUT,24407.0,24407.4,24380.0,24389.0,22295.0,16761355.0,2026-05-26,2026-05-26,MAY 2026
2026-05-07 14:20:00+05:30,NIFTY26MAYFUT,NSE:NIFTY26MAYFUT,24389.0,24412.9,24380.0,24405.5,15600.0,16763045.0,2026-05-26,2026-05-26,MAY 2026
2026-05-07 14:25:00+05:30,NIFTY26MAYFUT,NSE:NIFTY26MAYFUT,24405.8,24425.0,24405.2,24420.0,22490.0,16757455.0,2026-05-26,2026-05-26,MAY 2026
2026-05-07 14:30:00+05:30,NIFTY26MAYFUT,NSE:NIFTY26MAYFUT,24420.3,24424.8,24404.4,24413.5,16770.0,16760055.0,2026-05-26,2026-05-26,MAY 2026
2026-05-07 14:35:00+05:30,NIFTY26MAYFUT,NSE:NIFTY26MAYFUT,24404.2,24420.0,24394.4,24394.9,13325.0,16765125.0,2026-05-26,2026-05-26,MAY 2026
2026-05-07 14:40:00+05:30,NIFTY26MAYFUT,NSE:NIFTY26MAYFUT,24391.2,24406.2,24380.0,24380.5,18590.0,16768310.0,2026-05-26,2026-05-26,MAY 2026
2026-05-07 14:45:00+05:30,NIFTY26MAYFUT,NSE:NIFTY26MAYFUT,24382.9,24390.0,24370.0,24372.8,38610.0,16768830.0,2026-05-26,2026-05-26,MAY 2026
2026-05-07 14:50:00+05:30,NIFTY26MAYFUT,NSE:NIFTY26MAYFUT,24372.0,24390.9,24372.0,24386.8,14820.0,16766685.0,2026-05-26,2026-05-26,MAY 2026
2026-05-07 14:55:00+05:30,NIFTY26MAYFUT,NSE:NIFTY26MAYFUT,24381.3,24400.0,24381.0,24390.0,16835.0,16776110.0,2026-05-26,2026-05-26,MAY 2026
2026-05-07 15:00:00+05:30,NIFTY26MAYFUT,NSE:NIFTY26MAYFUT,24393.8,24400.0,24378.0,24378.0,26130.0,16779750.0,2026-05-26,2026-05-26,MAY 2026
2026-05-07 15:05:00+05:30,NIFTY26MAYFUT,NSE:NIFTY26MAYFUT,24378.0,24395.0,24354.0,24362.0,57070.0,16785405.0,2026-05-26,2026-05-26,MAY 2026
2026-05-07 15:10:00+05:30,NIFTY26MAYFUT,NSE:NIFTY26MAYFUT,24362.0,24379.0,24341.1,24376.8,151255.0,16835130.0,2026-05-26,2026-05-26,MAY 2026
2026-05-07 15:15:00+05:30,NIFTY26MAYFUT,NSE:NIFTY26MAYFUT,24377.4,24410.0,24375.0,24410.0,128050.0,16885440.0,2026-05-26,2026-05-26,MAY 2026
2026-05-07 15:20:00+05:30,NIFTY26MAYFUT,NSE:NIFTY26MAYFUT,24408.4,24412.0,24392.0,24396.9,118495.0,16923920.0,2026-05-26,2026-05-26,MAY 2026
2026-05-07 15:25:00+05:30,NIFTY26MAYFUT,NSE:NIFTY26MAYFUT,24395.0,24405.0,24395.0,24405.0,87750.0,16951220.0,2026-05-26,2026-05-26,MAY 2026
2026-05-08 09:15:00+05:30,NIFTY26MAYFUT,NSE:NIFTY26MAYFUT,24290.0,24290.0,24201.9,24248.0,496340.0,16894150.0,2026-05-26,2026-05-26,MAY 2026
2026-05-08 09:20:00+05:30,NIFTY26MAYFUT,NSE:NIFTY26MAYFUT,24246.0,24285.0,24240.0,24250.0,145340.0,16894670.0,2026-05-26,2026-05-26,MAY 2026
2026-05-08 09:25:00+05:30,NIFTY26MAYFUT,NSE:NIFTY26MAYFUT,24244.2,24280.0,24241.0,24278.0,83135.0,16944785.0,2026-05-26,2026-05-26,MAY 2026
2026-05-08 09:30:00+05:30,NIFTY26MAYFUT,NSE:NIFTY26MAYFUT,24271.4,24278.1,24230.0,24250.0,89700.0,16982420.0,2026-05-26,2026-05-26,MAY 2026
2026-05-08 09:35:00+05:30,NIFTY26MAYFUT,NSE:NIFTY26MAYFUT,24250.0,24250.0,24228.1,24240.0,110305.0,16990545.0,2026-05-26,2026-05-26,MAY 2026
2026-05-08 09:40:00+05:30,NIFTY26MAYFUT,NSE:NIFTY26MAYFUT,24240.0,24240.0,24212.6,24212.6,181350.0,17047160.0,2026-05-26,2026-05-26,MAY 2026
2026-05-08 09:45:00+05:30,NIFTY26MAYFUT,NSE:NIFTY26MAYFUT,24212.0,24222.9,24181.0,24220.4,292825.0,17069000.0,2026-05-26,2026-05-26,MAY 2026
2026-05-08 09:50:00+05:30,NIFTY26MAYFUT,NSE:NIFTY26MAYFUT,24222.5,24237.9,24207.0,24237.4,56030.0,17055545.0,2026-05-26,2026-05-26,MAY 2026
2026-05-08 09:55:00+05:30,NIFTY26MAYFUT,NSE:NIFTY26MAYFUT,24234.0,24250.0,24230.0,24249.5,41730.0,17059900.0,2026-05-26,2026-05-26,MAY 2026
2026-05-08 10:00:00+05:30,NIFTY26MAYFUT,NSE:NIFTY26MAYFUT,24250.0,24250.0,24230.0,24240.0,24180.0,17062630.0,2026-05-26,2026-05-26,MAY 2026
2026-05-08 10:05:00+05:30,NIFTY26MAYFUT,NSE:NIFTY26MAYFUT,24242.0,24248.5,24230.0,24231.5,23075.0,17062500.0,2026-05-26,2026-05-26,MAY 2026
2026-05-08 10:10:00+05:30,NIFTY26MAYFUT,NSE:NIFTY26MAYFUT,24237.0,24259.0,24211.0,24259.0,55250.0,17077385.0,2026-05-26,2026-05-26,MAY 2026
2026-05-08 10:15:00+05:30,NIFTY26MAYFUT,NSE:NIFTY26MAYFUT,24259.0,24259.0,24214.1,24255.9,33605.0,17080245.0,2026-05-26,2026-05-26,MAY 2026
2026-05-08 10:20:00+05:30,NIFTY26MAYFUT,NSE:NIFTY26MAYFUT,24255.0,24280.0,24245.0,24280.0,50895.0,17081870.0,2026-05-26,2026-05-26,MAY 2026
2026-05-08 10:25:00+05:30,NIFTY26MAYFUT,NSE:NIFTY26MAYFUT,24280.0,24294.8,24261.3,24285.3,70460.0,17061005.0,2026-05-26,2026-05-26,MAY 2026
2026-05-08 10:30:00+05:30,NIFTY26MAYFUT,NSE:NIFTY26MAYFUT,24285.4,24289.0,24273.7,24276.0,22230.0,17060290.0,2026-05-26,2026-05-26,MAY 2026
2026-05-08 10:35:00+05:30,NIFTY26MAYFUT,NSE:NIFTY26MAYFUT,24276.0,24285.0,24265.0,24280.6,20995.0,17059055.0,2026-05-26,2026-05-26,MAY 2026
2026-05-08 10:40:00+05:30,NIFTY26MAYFUT,NSE:NIFTY26MAYFUT,24280.1,24289.0,24262.8,24281.2,14040.0,17060810.0,2026-05-26,2026-05-26,MAY 2026
2026-05-08 10:45:00+05:30,NIFTY26MAYFUT,NSE:NIFTY26MAYFUT,24276.0,24293.0,24262.3,24270.8,18785.0,17059250.0,2026-05-26,2026-05-26,MAY 2026
2026-05-08 10:50:00+05:30,NIFTY26MAYFUT,NSE:NIFTY26MAYFUT,24263.8,24270.7,24249.9,24252.0,28925.0,17054960.0,2026-05-26,2026-05-26,MAY 2026
2026-05-08 10:55:00+05:30,NIFTY26MAYFUT,NSE:NIFTY26MAYFUT,24251.9,24260.6,24245.0,24245.0,39130.0,17065620.0,2026-05-26,2026-05-26,MAY 2026
2026-05-08 11:00:00+05:30,NIFTY26MAYFUT,NSE:NIFTY26MAYFUT,24243.5,24278.0,24241.0,24276.7,24635.0,17075500.0,2026-05-26,2026-05-26,MAY 2026
2026-05-08 11:05:00+05:30,NIFTY26MAYFUT,NSE:NIFTY26MAYFUT,24272.0,24285.0,24261.8,24261.8,15210.0,17077450.0,2026-05-26,2026-05-26,MAY 2026
2026-05-08 11:10:00+05:30,NIFTY26MAYFUT,NSE:NIFTY26MAYFUT,24268.9,24278.0,24259.9,24278.0,13975.0,17079400.0,2026-05-26,2026-05-26,MAY 2026
2026-05-08 11:15:00+05:30,NIFTY26MAYFUT,NSE:NIFTY26MAYFUT,24272.4,24289.9,24251.0,24257.1,15665.0,17080375.0,2026-05-26,2026-05-26,MAY 2026
2026-05-08 11:20:00+05:30,NIFTY26MAYFUT,NSE:NIFTY26MAYFUT,24257.1,24268.0,24233.3,24238.0,26715.0,17082130.0,2026-05-26,2026-05-26,MAY 2026
2026-05-08 11:25:00+05:30,NIFTY26MAYFUT,NSE:NIFTY26MAYFUT,24238.0,24252.2,24234.0,24236.0,11635.0,17086355.0,2026-05-26,2026-05-26,MAY 2026
2026-05-08 11:30:00+05:30,NIFTY26MAYFUT,NSE:NIFTY26MAYFUT,24239.5,24258.0,24220.1,24250.0,39910.0,17099160.0,2026-05-26,2026-05-26,MAY 2026
2026-05-08 11:35:00+05:30,NIFTY26MAYFUT,NSE:NIFTY26MAYFUT,24249.9,24258.8,24234.0,24240.2,10205.0,17100720.0,2026-05-26,2026-05-26,MAY 2026
2026-05-08 11:40:00+05:30,NIFTY26MAYFUT,NSE:NIFTY26MAYFUT,24240.2,24260.9,24240.2,24242.0,8580.0,17088955.0,2026-05-26,2026-05-26,MAY 2026
2026-05-08 11:45:00+05:30,NIFTY26MAYFUT,NSE:NIFTY26MAYFUT,24247.5,24250.0,24237.6,24239.9,13325.0,17100395.0,2026-05-26,2026-05-26,MAY 2026
2026-05-08 11:50:00+05:30,NIFTY26MAYFUT,NSE:NIFTY26MAYFUT,24239.9,24252.7,24237.0,24246.0,5590.0,17101955.0,2026-05-26,2026-05-26,MAY 2026
2026-05-08 11:55:00+05:30,NIFTY26MAYFUT,NSE:NIFTY26MAYFUT,24244.0,24252.7,24230.0,24245.1,13000.0,17104490.0,2026-05-26,2026-05-26,MAY 2026
2026-05-08 12:00:00+05:30,NIFTY26MAYFUT,NSE:NIFTY26MAYFUT,24246.2,24252.7,24221.0,24245.6,22555.0,17116385.0,2026-05-26,2026-05-26,MAY 2026
2026-05-08 12:05:00+05:30,NIFTY26MAYFUT,NSE:NIFTY26MAYFUT,24252.6,24252.6,24221.0,24221.1,9620.0,17117035.0,2026-05-26,2026-05-26,MAY 2026
2026-05-08 12:10:00+05:30,NIFTY26MAYFUT,NSE:NIFTY26MAYFUT,24220.2,24242.9,24216.0,24225.0,20865.0,17123730.0,2026-05-26,2026-05-26,MAY 2026
2026-05-08 12:15:00+05:30,NIFTY26MAYFUT,NSE:NIFTY26MAYFUT,24225.0,24234.9,24209.6,24225.0,48490.0,17129970.0,2026-05-26,2026-05-26,MAY 2026
2026-05-08 12:20:00+05:30,NIFTY26MAYFUT,NSE:NIFTY26MAYFUT,24229.0,24240.1,24220.0,24225.0,12545.0,17133025.0,2026-05-26,2026-05-26,MAY 2026
2026-05-08 12:25:00+05:30,NIFTY26MAYFUT,NSE:NIFTY26MAYFUT,24228.4,24245.1,24225.0,24239.0,21385.0,17140890.0,2026-05-26,2026-05-26,MAY 2026
2026-05-08 12:30:00+05:30,NIFTY26MAYFUT,NSE:NIFTY26MAYFUT,24238.1,24240.3,24205.4,24211.9,33475.0,17150185.0,2026-05-26,2026-05-26,MAY 2026
2026-05-08 12:35:00+05:30,NIFTY26MAYFUT,NSE:NIFTY26MAYFUT,24214.1,24222.4,24204.0,24206.1,36595.0,17155190.0,2026-05-26,2026-05-26,MAY 2026
2026-05-08 12:40:00+05:30,NIFTY26MAYFUT,NSE:NIFTY26MAYFUT,24206.1,24211.7,24200.0,24200.0,51155.0,17127760.0,2026-05-26,2026-05-26,MAY 2026
2026-05-08 12:45:00+05:30,NIFTY26MAYFUT,NSE:NIFTY26MAYFUT,24199.0,24203.1,24185.0,24202.0,63245.0,17151615.0,2026-05-26,2026-05-26,MAY 2026
2026-05-08 12:50:00+05:30,NIFTY26MAYFUT,NSE:NIFTY26MAYFUT,24201.1,24210.0,24190.0,24203.3,28405.0,17167995.0,2026-05-26,2026-05-26,MAY 2026
2026-05-08 12:55:00+05:30,NIFTY26MAYFUT,NSE:NIFTY26MAYFUT,24203.3,24210.0,24191.4,24202.6,24635.0,17185545.0,2026-05-26,2026-05-26,MAY 2026
2026-05-08 13:00:00+05:30,NIFTY26MAYFUT,NSE:NIFTY26MAYFUT,24200.0,24207.6,24191.0,24192.0,20345.0,17188470.0,2026-05-26,2026-05-26,MAY 2026
2026-05-08 13:05:00+05:30,NIFTY26MAYFUT,NSE:NIFTY26MAYFUT,24192.0,24210.0,24191.0,24208.9,23660.0,17205045.0,2026-05-26,2026-05-26,MAY 2026
2026-05-08 13:10:00+05:30,NIFTY26MAYFUT,NSE:NIFTY26MAYFUT,24210.0,24211.7,24201.0,24203.0,23790.0,17210050.0,2026-05-26,2026-05-26,MAY 2026
2026-05-08 13:15:00+05:30,NIFTY26MAYFUT,NSE:NIFTY26MAYFUT,24208.6,24210.0,24191.0,24200.0,16965.0,17212845.0,2026-05-26,2026-05-26,MAY 2026
2026-05-08 13:20:00+05:30,NIFTY26MAYFUT,NSE:NIFTY26MAYFUT,24205.0,24213.4,24195.0,24205.0,12350.0,17220645.0,2026-05-26,2026-05-26,MAY 2026
2026-05-08 13:25:00+05:30,NIFTY26MAYFUT,NSE:NIFTY26MAYFUT,24205.0,24249.9,24205.0,24249.0,42315.0,17205890.0,2026-05-26,2026-05-26,MAY 2026
2026-05-08 13:30:00+05:30,NIFTY26MAYFUT,NSE:NIFTY26MAYFUT,24250.0,24255.0,24220.0,24235.0,33735.0,17200170.0,2026-05-26,2026-05-26,MAY 2026
2026-05-08 13:35:00+05:30,NIFTY26MAYFUT,NSE:NIFTY26MAYFUT,24235.0,24235.2,24205.0,24215.0,20150.0,17214275.0,2026-05-26,2026-05-26,MAY 2026
2026-05-08 13:40:00+05:30,NIFTY26MAYFUT,NSE:NIFTY26MAYFUT,24213.0,24231.7,24211.4,24217.6,10530.0,17216745.0,2026-05-26,2026-05-26,MAY 2026
2026-05-08 13:45:00+05:30,NIFTY26MAYFUT,NSE:NIFTY26MAYFUT,24217.6,24220.0,24210.0,24216.5,16510.0,17222855.0,2026-05-26,2026-05-26,MAY 2026
2026-05-08 13:50:00+05:30,NIFTY26MAYFUT,NSE:NIFTY26MAYFUT,24216.6,24220.0,24192.0,24215.0,31525.0,17238520.0,2026-05-26,2026-05-26,MAY 2026
2026-05-08 13:55:00+05:30,NIFTY26MAYFUT,NSE:NIFTY26MAYFUT,24215.0,24220.0,24162.0,24172.4,102310.0,17251325.0,2026-05-26,2026-05-26,MAY 2026
2026-05-08 14:00:00+05:30,NIFTY26MAYFUT,NSE:NIFTY26MAYFUT,24179.9,24191.0,24160.0,24190.2,99905.0,17261725.0,2026-05-26,2026-05-26,MAY 2026
2026-05-08 14:05:00+05:30,NIFTY26MAYFUT,NSE:NIFTY26MAYFUT,24190.2,24214.4,24185.1,24212.0,26390.0,17269135.0,2026-05-26,2026-05-26,MAY 2026
2026-05-08 14:10:00+05:30,NIFTY26MAYFUT,NSE:NIFTY26MAYFUT,24212.0,24215.0,24190.0,24190.0,55575.0,17271605.0,2026-05-26,2026-05-26,MAY 2026
2026-05-08 14:15:00+05:30,NIFTY26MAYFUT,NSE:NIFTY26MAYFUT,24191.4,24211.3,24185.0,24191.0,23985.0,17278820.0,2026-05-26,2026-05-26,MAY 2026
2026-05-08 14:20:00+05:30,NIFTY26MAYFUT,NSE:NIFTY26MAYFUT,24190.0,24203.1,24185.0,24190.0,14105.0,17286035.0,2026-05-26,2026-05-26,MAY 2026
2026-05-08 14:25:00+05:30,NIFTY26MAYFUT,NSE:NIFTY26MAYFUT,24190.0,24210.0,24190.0,24208.0,13065.0,17287595.0,2026-05-26,2026-05-26,MAY 2026
2026-05-08 14:30:00+05:30,NIFTY26MAYFUT,NSE:NIFTY26MAYFUT,24208.0,24245.4,24204.2,24235.0,47060.0,17284280.0,2026-05-26,2026-05-26,MAY 2026
2026-05-08 14:35:00+05:30,NIFTY26MAYFUT,NSE:NIFTY26MAYFUT,24240.0,24270.0,24235.0,24267.0,83200.0,17270110.0,2026-05-26,2026-05-26,MAY 2026
2026-05-08 14:40:00+05:30,NIFTY26MAYFUT,NSE:NIFTY26MAYFUT,24270.0,24286.8,24264.0,24278.0,79040.0,17258930.0,2026-05-26,2026-05-26,MAY 2026
2026-05-08 14:45:00+05:30,NIFTY26MAYFUT,NSE:NIFTY26MAYFUT,24278.0,24284.9,24263.5,24272.1,45240.0,17268940.0,2026-05-26,2026-05-26,MAY 2026
2026-05-08 14:50:00+05:30,NIFTY26MAYFUT,NSE:NIFTY26MAYFUT,24272.7,24289.0,24271.0,24274.0,48685.0,17267250.0,2026-05-26,2026-05-26,MAY 2026
2026-05-08 14:55:00+05:30,NIFTY26MAYFUT,NSE:NIFTY26MAYFUT,24274.0,24283.0,24248.8,24250.7,34385.0,17268095.0,2026-05-26,2026-05-26,MAY 2026
2026-05-08 15:00:00+05:30,NIFTY26MAYFUT,NSE:NIFTY26MAYFUT,24260.0,24260.0,24220.0,24225.2,54210.0,17266665.0,2026-05-26,2026-05-26,MAY 2026
2026-05-08 15:05:00+05:30,NIFTY26MAYFUT,NSE:NIFTY26MAYFUT,24226.0,24250.0,24226.0,24240.9,37700.0,17275115.0,2026-05-26,2026-05-26,MAY 2026
2026-05-08 15:10:00+05:30,NIFTY26MAYFUT,NSE:NIFTY26MAYFUT,24246.9,24250.9,24230.1,24239.9,48295.0,17287075.0,2026-05-26,2026-05-26,MAY 2026
2026-05-08 15:15:00+05:30,NIFTY26MAYFUT,NSE:NIFTY26MAYFUT,24239.9,24265.0,24235.0,24241.7,78260.0,17287530.0,2026-05-26,2026-05-26,MAY 2026
2026-05-08 15:20:00+05:30,NIFTY26MAYFUT,NSE:NIFTY26MAYFUT,24241.8,24242.0,24225.2,24229.6,111020.0,17282460.0,2026-05-26,2026-05-26,MAY 2026
2026-05-08 15:25:00+05:30,NIFTY26MAYFUT,NSE:NIFTY26MAYFUT,24229.5,24238.0,24220.9,24228.7,160485.0,17340700.0,2026-05-26,2026-05-26,MAY 2026
2026-05-11 09:15:00+05:30,NIFTY26MAYFUT,NSE:NIFTY26MAYFUT,24006.0,24029.6,23943.1,23953.9,518245.0,17207320.0,2026-05-26,2026-05-26,MAY 2026
2026-05-11 09:20:00+05:30,NIFTY26MAYFUT,NSE:NIFTY26MAYFUT,23950.7,23969.1,23931.0,23968.0,196885.0,17309565.0,2026-05-26,2026-05-26,MAY 2026
2026-05-11 09:25:00+05:30,NIFTY26MAYFUT,NSE:NIFTY26MAYFUT,23965.0,23980.0,23945.0,23975.0,122005.0,17348500.0,2026-05-26,2026-05-26,MAY 2026
2026-05-11 09:30:00+05:30,NIFTY26MAYFUT,NSE:NIFTY26MAYFUT,23975.0,23981.7,23935.8,23944.7,141700.0,17416945.0,2026-05-26,2026-05-26,MAY 2026
2026-05-11 09:35:00+05:30,NIFTY26MAYFUT,NSE:NIFTY26MAYFUT,23944.1,23946.6,23901.0,23905.0,410800.0,17550780.0,2026-05-26,2026-05-26,MAY 2026
2026-05-11 09:40:00+05:30,NIFTY26MAYFUT,NSE:NIFTY26MAYFUT,23902.9,23922.0,23892.5,23893.3,159770.0,17658875.0,2026-05-26,2026-05-26,MAY 2026
2026-05-11 09:45:00+05:30,NIFTY26MAYFUT,NSE:NIFTY26MAYFUT,23895.0,23924.1,23893.0,23910.0,109330.0,17686045.0,2026-05-26,2026-05-26,MAY 2026
2026-05-11 09:50:00+05:30,NIFTY26MAYFUT,NSE:NIFTY26MAYFUT,23910.1,23918.0,23891.0,23915.4,96655.0,17728945.0,2026-05-26,2026-05-26,MAY 2026
2026-05-11 09:55:00+05:30,NIFTY26MAYFUT,NSE:NIFTY26MAYFUT,23915.4,23922.0,23895.0,23900.0,46670.0,17742660.0,2026-05-26,2026-05-26,MAY 2026
2026-05-11 10:00:00+05:30,NIFTY26MAYFUT,NSE:NIFTY26MAYFUT,23898.0,23929.9,23898.0,23925.0,36855.0,17755920.0,2026-05-26,2026-05-26,MAY 2026
2026-05-11 10:05:00+05:30,NIFTY26MAYFUT,NSE:NIFTY26MAYFUT,23925.0,23934.8,23914.9,23925.0,58110.0,17772495.0,2026-05-26,2026-05-26,MAY 2026
2026-05-11 10:10:00+05:30,NIFTY26MAYFUT,NSE:NIFTY26MAYFUT,23925.0,23930.0,23910.0,23923.6,36985.0,17792970.0,2026-05-26,2026-05-26,MAY 2026
2026-05-11 10:15:00+05:30,NIFTY26MAYFUT,NSE:NIFTY26MAYFUT,23918.8,23919.9,23871.9,23880.0,119990.0,17843605.0,2026-05-26,2026-05-26,MAY 2026
2026-05-11 10:20:00+05:30,NIFTY26MAYFUT,NSE:NIFTY26MAYFUT,23872.0,23913.6,23871.0,23908.9,70785.0,17855435.0,2026-05-26,2026-05-26,MAY 2026
2026-05-11 10:25:00+05:30,NIFTY26MAYFUT,NSE:NIFTY26MAYFUT,23897.3,23915.0,23890.7,23896.6,51415.0,17873830.0,2026-05-26,2026-05-26,MAY 2026
2026-05-11 10:30:00+05:30,NIFTY26MAYFUT,NSE:NIFTY26MAYFUT,23896.6,23909.9,23891.0,23900.0,28730.0,17880655.0,2026-05-26,2026-05-26,MAY 2026
2026-05-11 10:35:00+05:30,NIFTY26MAYFUT,NSE:NIFTY26MAYFUT,23900.0,23909.8,23881.9,23900.0,52325.0,17902560.0,2026-05-26,2026-05-26,MAY 2026
2026-05-11 10:40:00+05:30,NIFTY26MAYFUT,NSE:NIFTY26MAYFUT,23900.0,23900.0,23885.0,23890.0,39390.0,17915755.0,2026-05-26,2026-05-26,MAY 2026
2026-05-11 10:45:00+05:30,NIFTY26MAYFUT,NSE:NIFTY26MAYFUT,23888.0,23895.0,23883.0,23887.1,44915.0,17926090.0,2026-05-26,2026-05-26,MAY 2026
2026-05-11 10:50:00+05:30,NIFTY26MAYFUT,NSE:NIFTY26MAYFUT,23888.5,23917.0,23885.8,23915.0,40040.0,17942470.0,2026-05-26,2026-05-26,MAY 2026
2026-05-11 10:55:00+05:30,NIFTY26MAYFUT,NSE:NIFTY26MAYFUT,23915.0,23928.0,23908.3,23926.0,32760.0,17946630.0,2026-05-26,2026-05-26,MAY 2026
2026-05-11 11:00:00+05:30,NIFTY26MAYFUT,NSE:NIFTY26MAYFUT,23920.0,23925.8,23905.3,23925.0,27495.0,17959370.0,2026-05-26,2026-05-26,MAY 2026
2026-05-11 11:05:00+05:30,NIFTY26MAYFUT,NSE:NIFTY26MAYFUT,23925.0,23943.9,23920.0,23937.0,49400.0,17970095.0,2026-05-26,2026-05-26,MAY 2026
2026-05-11 11:10:00+05:30,NIFTY26MAYFUT,NSE:NIFTY26MAYFUT,23939.9,23966.0,23929.9,23949.9,71240.0,17952740.0,2026-05-26,2026-05-26,MAY 2026
2026-05-11 11:15:00+05:30,NIFTY26MAYFUT,NSE:NIFTY26MAYFUT,23949.9,23955.0,23940.0,23948.0,27235.0,17956445.0,2026-05-26,2026-05-26,MAY 2026
2026-05-11 11:20:00+05:30,NIFTY26MAYFUT,NSE:NIFTY26MAYFUT,23952.8,23975.0,23950.0,23965.2,69290.0,17936035.0,2026-05-26,2026-05-26,MAY 2026
2026-05-11 11:25:00+05:30,NIFTY26MAYFUT,NSE:NIFTY26MAYFUT,23960.0,23970.0,23944.4,23968.0,20410.0,17937400.0,2026-05-26,2026-05-26,MAY 2026
2026-05-11 11:30:00+05:30,NIFTY26MAYFUT,NSE:NIFTY26MAYFUT,23968.0,23969.0,23941.0,23966.0,26845.0,17946110.0,2026-05-26,2026-05-26,MAY 2026
2026-05-11 11:35:00+05:30,NIFTY26MAYFUT,NSE:NIFTY26MAYFUT,23966.0,23971.2,23954.9,23969.1,25415.0,17959175.0,2026-05-26,2026-05-26,MAY 2026
2026-05-11 11:40:00+05:30,NIFTY26MAYFUT,NSE:NIFTY26MAYFUT,23970.0,23990.0,23966.2,23985.0,44330.0,17953130.0,2026-05-26,2026-05-26,MAY 2026
2026-05-11 11:45:00+05:30,NIFTY26MAYFUT,NSE:NIFTY26MAYFUT,23985.0,23988.0,23951.0,23955.0,27235.0,17956315.0,2026-05-26,2026-05-26,MAY 2026
2026-05-11 11:50:00+05:30,NIFTY26MAYFUT,NSE:NIFTY26MAYFUT,23958.0,23977.0,23951.2,23974.0,14690.0,17954755.0,2026-05-26,2026-05-26,MAY 2026
2026-05-11 11:55:00+05:30,NIFTY26MAYFUT,NSE:NIFTY26MAYFUT,23974.0,23974.9,23953.9,23964.0,8515.0,17957745.0,2026-05-26,2026-05-26,MAY 2026
2026-05-11 12:00:00+05:30,NIFTY26MAYFUT,NSE:NIFTY26MAYFUT,23963.0,23970.0,23950.0,23960.0,15145.0,17962295.0,2026-05-26,2026-05-26,MAY 2026
2026-05-11 12:05:00+05:30,NIFTY26MAYFUT,NSE:NIFTY26MAYFUT,23950.1,23979.9,23948.1,23978.5,10660.0,17964115.0,2026-05-26,2026-05-26,MAY 2026
2026-05-11 12:10:00+05:30,NIFTY26MAYFUT,NSE:NIFTY26MAYFUT,23978.5,23980.0,23963.0,23976.9,7605.0,17963075.0,2026-05-26,2026-05-26,MAY 2026
2026-05-11 12:15:00+05:30,NIFTY26MAYFUT,NSE:NIFTY26MAYFUT,23977.0,23982.0,23955.1,23971.0,11960.0,17966260.0,2026-05-26,2026-05-26,MAY 2026
2026-05-11 12:20:00+05:30,NIFTY26MAYFUT,NSE:NIFTY26MAYFUT,23971.0,23979.0,23959.0,23978.8,7800.0,17967560.0,2026-05-26,2026-05-26,MAY 2026
2026-05-11 12:25:00+05:30,NIFTY26MAYFUT,NSE:NIFTY26MAYFUT,23978.8,23980.0,23961.0,23961.0,9555.0,17969445.0,2026-05-26,2026-05-26,MAY 2026
2026-05-11 12:30:00+05:30,NIFTY26MAYFUT,NSE:NIFTY26MAYFUT,23960.0,23967.7,23940.0,23964.8,27690.0,17975815.0,2026-05-26,2026-05-26,MAY 2026
2026-05-11 12:35:00+05:30,NIFTY26MAYFUT,NSE:NIFTY26MAYFUT,23964.8,23971.9,23931.0,23938.0,19825.0,17973995.0,2026-05-26,2026-05-26,MAY 2026
2026-05-11 12:40:00+05:30,NIFTY26MAYFUT,NSE:NIFTY26MAYFUT,23949.9,23996.0,23941.0,23985.0,39065.0,17970355.0,2026-05-26,2026-05-26,MAY 2026
2026-05-11 12:45:00+05:30,NIFTY26MAYFUT,NSE:NIFTY26MAYFUT,23985.0,23996.0,23970.0,23976.8,24310.0,17962620.0,2026-05-26,2026-05-26,MAY 2026
2026-05-11 12:50:00+05:30,NIFTY26MAYFUT,NSE:NIFTY26MAYFUT,23976.8,23988.0,23965.0,23968.0,13910.0,17961580.0,2026-05-26,2026-05-26,MAY 2026
2026-05-11 12:55:00+05:30,NIFTY26MAYFUT,NSE:NIFTY26MAYFUT,23979.0,23990.0,23971.0,23975.0,8840.0,17961255.0,2026-05-26,2026-05-26,MAY 2026
2026-05-11 13:00:00+05:30,NIFTY26MAYFUT,NSE:NIFTY26MAYFUT,23979.0,23979.9,23942.3,23956.2,29835.0,17956315.0,2026-05-26,2026-05-26,MAY 2026
2026-05-11 13:05:00+05:30,NIFTY26MAYFUT,NSE:NIFTY26MAYFUT,23942.1,23970.0,23925.1,23965.0,35880.0,17966390.0,2026-05-26,2026-05-26,MAY 2026
2026-05-11 13:10:00+05:30,NIFTY26MAYFUT,NSE:NIFTY26MAYFUT,23963.0,23984.6,23963.0,23984.6,22880.0,17965155.0,2026-05-26,2026-05-26,MAY 2026
2026-05-11 13:15:00+05:30,NIFTY26MAYFUT,NSE:NIFTY26MAYFUT,23984.6,23984.6,23970.1,23970.1,13000.0,17956835.0,2026-05-26,2026-05-26,MAY 2026
2026-05-11 13:20:00+05:30,NIFTY26MAYFUT,NSE:NIFTY26MAYFUT,23970.1,23986.2,23970.1,23986.2,26390.0,17954105.0,2026-05-26,2026-05-26,MAY 2026
2026-05-11 13:25:00+05:30,NIFTY26MAYFUT,NSE:NIFTY26MAYFUT,23987.3,23989.0,23972.0,23982.0,9945.0,17947540.0,2026-05-26,2026-05-26,MAY 2026
2026-05-11 13:30:00+05:30,NIFTY26MAYFUT,NSE:NIFTY26MAYFUT,23984.1,23986.1,23976.9,23980.0,12350.0,17949035.0,2026-05-26,2026-05-26,MAY 2026
2026-05-11 13:35:00+05:30,NIFTY26MAYFUT,NSE:NIFTY26MAYFUT,23983.0,24021.5,23976.7,23981.4,176735.0,17894435.0,2026-05-26,2026-05-26,MAY 2026
2026-05-11 13:40:00+05:30,NIFTY26MAYFUT,NSE:NIFTY26MAYFUT,23983.8,24012.5,23972.0,24001.0,28600.0,17895800.0,2026-05-26,2026-05-26,MAY 2026
2026-05-11 13:45:00+05:30,NIFTY26MAYFUT,NSE:NIFTY26MAYFUT,23999.0,24029.5,23998.0,24015.2,42120.0,17877990.0,2026-05-26,2026-05-26,MAY 2026
2026-05-11 13:50:00+05:30,NIFTY26MAYFUT,NSE:NIFTY26MAYFUT,24015.2,24040.0,24005.0,24035.0,41015.0,17874415.0,2026-05-26,2026-05-26,MAY 2026
2026-05-11 13:55:00+05:30,NIFTY26MAYFUT,NSE:NIFTY26MAYFUT,24039.0,24043.0,23998.0,24002.1,38480.0,17869930.0,2026-05-26,2026-05-26,MAY 2026
2026-05-11 14:00:00+05:30,NIFTY26MAYFUT,NSE:NIFTY26MAYFUT,24002.1,24012.0,23986.9,24002.2,34840.0,17866030.0,2026-05-26,2026-05-26,MAY 2026
2026-05-11 14:05:00+05:30,NIFTY26MAYFUT,NSE:NIFTY26MAYFUT,24000.0,24010.0,23980.6,23990.0,13000.0,17868565.0,2026-05-26,2026-05-26,MAY 2026
2026-05-11 14:10:00+05:30,NIFTY26MAYFUT,NSE:NIFTY26MAYFUT,23980.9,24004.3,23972.0,23975.2,33930.0,17876755.0,2026-05-26,2026-05-26,MAY 2026
2026-05-11 14:15:00+05:30,NIFTY26MAYFUT,NSE:NIFTY26MAYFUT,23975.0,23985.0,23955.4,23962.0,32240.0,17885010.0,2026-05-26,2026-05-26,MAY 2026
2026-05-11 14:20:00+05:30,NIFTY26MAYFUT,NSE:NIFTY26MAYFUT,23962.0,23979.4,23961.9,23969.6,23920.0,17893980.0,2026-05-26,2026-05-26,MAY 2026
2026-05-11 14:25:00+05:30,NIFTY26MAYFUT,NSE:NIFTY26MAYFUT,23969.4,23974.8,23948.0,23955.0,42965.0,17905420.0,2026-05-26,2026-05-26,MAY 2026
2026-05-11 14:30:00+05:30,NIFTY26MAYFUT,NSE:NIFTY26MAYFUT,23951.1,23974.9,23948.0,23970.0,38545.0,17918745.0,2026-05-26,2026-05-26,MAY 2026
2026-05-11 14:35:00+05:30,NIFTY26MAYFUT,NSE:NIFTY26MAYFUT,23974.0,23975.0,23943.6,23944.1,29770.0,17925895.0,2026-05-26,2026-05-26,MAY 2026
2026-05-11 14:40:00+05:30,NIFTY26MAYFUT,NSE:NIFTY26MAYFUT,23945.9,23955.0,23931.0,23936.6,43095.0,17938505.0,2026-05-26,2026-05-26,MAY 2026
2026-05-11 14:45:00+05:30,NIFTY26MAYFUT,NSE:NIFTY26MAYFUT,23936.7,23948.8,23905.2,23917.0,64870.0,17934215.0,2026-05-26,2026-05-26,MAY 2026
2026-05-11 14:50:00+05:30,NIFTY26MAYFUT,NSE:NIFTY26MAYFUT,23913.0,23935.0,23910.0,23930.0,34905.0,17938570.0,2026-05-26,2026-05-26,MAY 2026
2026-05-11 14:55:00+05:30,NIFTY26MAYFUT,NSE:NIFTY26MAYFUT,23925.0,23932.2,23906.0,23912.5,28990.0,17950530.0,2026-05-26,2026-05-26,MAY 2026
2026-05-11 15:00:00+05:30,NIFTY26MAYFUT,NSE:NIFTY26MAYFUT,23912.5,23912.5,23861.0,23872.0,170430.0,18003895.0,2026-05-26,2026-05-26,MAY 2026
2026-05-11 15:05:00+05:30,NIFTY26MAYFUT,NSE:NIFTY26MAYFUT,23881.0,23885.0,23855.5,23869.9,102375.0,17999930.0,2026-05-26,2026-05-26,MAY 2026
2026-05-11 15:10:00+05:30,NIFTY26MAYFUT,NSE:NIFTY26MAYFUT,23869.9,23876.0,23850.7,23857.3,132275.0,18009940.0,2026-05-26,2026-05-26,MAY 2026
2026-05-11 15:15:00+05:30,NIFTY26MAYFUT,NSE:NIFTY26MAYFUT,23859.5,23875.0,23857.3,23861.7,119730.0,18043350.0,2026-05-26,2026-05-26,MAY 2026
2026-05-11 15:20:00+05:30,NIFTY26MAYFUT,NSE:NIFTY26MAYFUT,23862.5,23868.9,23859.6,23860.1,106340.0,18067530.0,2026-05-26,2026-05-26,MAY 2026
2026-05-11 15:25:00+05:30,NIFTY26MAYFUT,NSE:NIFTY26MAYFUT,23860.1,23865.5,23850.0,23852.0,159120.0,18105945.0,2026-05-26,2026-05-26,MAY 2026
2026-05-12 09:15:00+05:30,NIFTY26MAYFUT,NSE:NIFTY26MAYFUT,23766.0,23778.5,23712.6,23751.0,298935.0,17834700.0,2026-05-26,2026-05-26,MAY 2026
2026-05-12 09:20:00+05:30,NIFTY26MAYFUT,NSE:NIFTY26MAYFUT,23756.5,23756.5,23700.0,23700.0,145080.0,17871945.0,2026-05-26,2026-05-26,MAY 2026
2026-05-12 09:25:00+05:30,NIFTY26MAYFUT,NSE:NIFTY26MAYFUT,23700.0,23701.1,23659.7,23664.0,178555.0,17939350.0,2026-05-26,2026-05-26,MAY 2026
2026-05-12 09:30:00+05:30,NIFTY26MAYFUT,NSE:NIFTY26MAYFUT,23665.0,23673.4,23650.0,23664.0,131170.0,17973085.0,2026-05-26,2026-05-26,MAY 2026
2026-05-12 09:35:00+05:30,NIFTY26MAYFUT,NSE:NIFTY26MAYFUT,23664.9,23687.7,23652.9,23664.9,102310.0,17992520.0,2026-05-26,2026-05-26,MAY 2026
2026-05-12 09:40:00+05:30,NIFTY26MAYFUT,NSE:NIFTY26MAYFUT,23665.0,23691.0,23655.0,23675.0,85605.0,18006235.0,2026-05-26,2026-05-26,MAY 2026
2026-05-12 09:45:00+05:30,NIFTY26MAYFUT,NSE:NIFTY26MAYFUT,23673.9,23686.0,23660.6,23665.0,46085.0,18023330.0,2026-05-26,2026-05-26,MAY 2026
2026-05-12 09:50:00+05:30,NIFTY26MAYFUT,NSE:NIFTY26MAYFUT,23669.0,23679.0,23665.0,23665.2,36270.0,18031455.0,2026-05-26,2026-05-26,MAY 2026
2026-05-12 09:55:00+05:30,NIFTY26MAYFUT,NSE:NIFTY26MAYFUT,23665.2,23681.0,23655.0,23660.0,51415.0,18049850.0,2026-05-26,2026-05-26,MAY 2026
2026-05-12 10:00:00+05:30,NIFTY26MAYFUT,NSE:NIFTY26MAYFUT,23655.1,23666.0,23649.0,23663.9,46085.0,18071625.0,2026-05-26,2026-05-26,MAY 2026
2026-05-12 10:05:00+05:30,NIFTY26MAYFUT,NSE:NIFTY26MAYFUT,23662.0,23674.0,23644.0,23661.1,75790.0,18108220.0,2026-05-26,2026-05-26,MAY 2026
2026-05-12 10:10:00+05:30,NIFTY26MAYFUT,NSE:NIFTY26MAYFUT,23666.0,23682.5,23654.0,23675.0,31395.0,18116215.0,2026-05-26,2026-05-26,MAY 2026
2026-05-12 10:15:00+05:30,NIFTY26MAYFUT,NSE:NIFTY26MAYFUT,23676.2,23699.0,23673.4,23693.0,41600.0,18118815.0,2026-05-26,2026-05-26,MAY 2026
2026-05-12 10:20:00+05:30,NIFTY26MAYFUT,NSE:NIFTY26MAYFUT,23693.0,23703.2,23650.0,23651.9,55445.0,18134090.0,2026-05-26,2026-05-26,MAY 2026
2026-05-12 10:25:00+05:30,NIFTY26MAYFUT,NSE:NIFTY26MAYFUT,23651.9,23660.0,23640.0,23650.0,92365.0,18191810.0,2026-05-26,2026-05-26,MAY 2026
2026-05-12 10:30:00+05:30,NIFTY26MAYFUT,NSE:NIFTY26MAYFUT,23650.0,23656.6,23635.7,23642.0,46085.0,18215145.0,2026-05-26,2026-05-26,MAY 2026
2026-05-12 10:35:00+05:30,NIFTY26MAYFUT,NSE:NIFTY26MAYFUT,23636.5,23660.2,23621.6,23637.9,78390.0,18242185.0,2026-05-26,2026-05-26,MAY 2026
2026-05-12 10:40:00+05:30,NIFTY26MAYFUT,NSE:NIFTY26MAYFUT,23638.1,23669.4,23634.1,23654.7,27755.0,18253300.0,2026-05-26,2026-05-26,MAY 2026
2026-05-12 10:45:00+05:30,NIFTY26MAYFUT,NSE:NIFTY26MAYFUT,23658.9,23660.1,23632.4,23643.3,28665.0,18270785.0,2026-05-26,2026-05-26,MAY 2026
2026-05-12 10:50:00+05:30,NIFTY26MAYFUT,NSE:NIFTY26MAYFUT,23636.4,23644.0,23630.0,23635.0,30615.0,18284890.0,2026-05-26,2026-05-26,MAY 2026
2026-05-12 10:55:00+05:30,NIFTY26MAYFUT,NSE:NIFTY26MAYFUT,23635.0,23658.1,23632.0,23642.4,21970.0,18297695.0,2026-05-26,2026-05-26,MAY 2026
2026-05-12 11:00:00+05:30,NIFTY26MAYFUT,NSE:NIFTY26MAYFUT,23642.0,23655.0,23616.1,23620.0,38025.0,18309590.0,2026-05-26,2026-05-26,MAY 2026
2026-05-12 11:05:00+05:30,NIFTY26MAYFUT,NSE:NIFTY26MAYFUT,23618.7,23632.9,23610.0,23625.2,40495.0,18330715.0,2026-05-26,2026-05-26,MAY 2026
2026-05-12 11:10:00+05:30,NIFTY26MAYFUT,NSE:NIFTY26MAYFUT,23622.2,23632.9,23620.0,23620.0,31200.0,18341245.0,2026-05-26,2026-05-26,MAY 2026
2026-05-12 11:15:00+05:30,NIFTY26MAYFUT,NSE:NIFTY26MAYFUT,23619.3,23645.7,23618.1,23645.0,23400.0,18348330.0,2026-05-26,2026-05-26,MAY 2026
2026-05-12 11:20:00+05:30,NIFTY26MAYFUT,NSE:NIFTY26MAYFUT,23645.6,23646.2,23625.4,23636.0,28405.0,18359965.0,2026-05-26,2026-05-26,MAY 2026
2026-05-12 11:25:00+05:30,NIFTY26MAYFUT,NSE:NIFTY26MAYFUT,23625.1,23639.0,23624.1,23625.0,15535.0,18366465.0,2026-05-26,2026-05-26,MAY 2026
2026-05-12 11:30:00+05:30,NIFTY26MAYFUT,NSE:NIFTY26MAYFUT,23628.0,23639.9,23615.1,23639.8,41080.0,18380180.0,2026-05-26,2026-05-26,MAY 2026
2026-05-12 11:35:00+05:30,NIFTY26MAYFUT,NSE:NIFTY26MAYFUT,23639.8,23639.8,23615.1,23638.0,28795.0,18392855.0,2026-05-26,2026-05-26,MAY 2026
2026-05-12 11:40:00+05:30,NIFTY26MAYFUT,NSE:NIFTY26MAYFUT,23638.0,23651.1,23626.0,23635.2,28535.0,18400070.0,2026-05-26,2026-05-26,MAY 2026
2026-05-12 11:45:00+05:30,NIFTY26MAYFUT,NSE:NIFTY26MAYFUT,23635.1,23645.0,23617.2,23637.1,25805.0,18415540.0,2026-05-26,2026-05-26,MAY 2026
2026-05-12 11:50:00+05:30,NIFTY26MAYFUT,NSE:NIFTY26MAYFUT,23627.2,23648.0,23620.1,23636.2,38220.0,18415735.0,2026-05-26,2026-05-26,MAY 2026
2026-05-12 11:55:00+05:30,NIFTY26MAYFUT,NSE:NIFTY26MAYFUT,23636.3,23653.0,23625.8,23625.8,32110.0,18408910.0,2026-05-26,2026-05-26,MAY 2026
2026-05-12 12:00:00+05:30,NIFTY26MAYFUT,NSE:NIFTY26MAYFUT,23625.0,23638.0,23615.1,23616.0,38350.0,18421390.0,2026-05-26,2026-05-26,MAY 2026
2026-05-12 12:05:00+05:30,NIFTY26MAYFUT,NSE:NIFTY26MAYFUT,23615.7,23625.0,23580.0,23581.5,115570.0,18473455.0,2026-05-26,2026-05-26,MAY 2026
2026-05-12 12:10:00+05:30,NIFTY26MAYFUT,NSE:NIFTY26MAYFUT,23581.5,23600.0,23578.1,23586.0,55770.0,18487430.0,2026-05-26,2026-05-26,MAY 2026
2026-05-12 12:15:00+05:30,NIFTY26MAYFUT,NSE:NIFTY26MAYFUT,23586.0,23614.9,23583.3,23600.0,50700.0,18487885.0,2026-05-26,2026-05-26,MAY 2026
2026-05-12 12:20:00+05:30,NIFTY26MAYFUT,NSE:NIFTY26MAYFUT,23610.0,23610.0,23589.1,23596.0,43225.0,18505240.0,2026-05-26,2026-05-26,MAY 2026
2026-05-12 12:25:00+05:30,NIFTY26MAYFUT,NSE:NIFTY26MAYFUT,23597.0,23601.7,23590.0,23590.0,17615.0,18516745.0,2026-05-26,2026-05-26,MAY 2026
2026-05-12 12:30:00+05:30,NIFTY26MAYFUT,NSE:NIFTY26MAYFUT,23588.0,23597.7,23550.0,23553.2,101140.0,18539820.0,2026-05-26,2026-05-26,MAY 2026
2026-05-12 12:35:00+05:30,NIFTY26MAYFUT,NSE:NIFTY26MAYFUT,23557.4,23565.0,23541.0,23550.0,135525.0,18559385.0,2026-05-26,2026-05-26,MAY 2026
2026-05-12 12:40:00+05:30,NIFTY26MAYFUT,NSE:NIFTY26MAYFUT,23555.0,23570.0,23548.2,23564.8,75660.0,18564065.0,2026-05-26,2026-05-26,MAY 2026
2026-05-12 12:45:00+05:30,NIFTY26MAYFUT,NSE:NIFTY26MAYFUT,23565.7,23575.5,23551.9,23556.9,69355.0,18580770.0,2026-05-26,2026-05-26,MAY 2026
2026-05-12 12:50:00+05:30,NIFTY26MAYFUT,NSE:NIFTY26MAYFUT,23558.0,23577.8,23554.0,23559.9,48295.0,18589480.0,2026-05-26,2026-05-26,MAY 2026
2026-05-12 12:55:00+05:30,NIFTY26MAYFUT,NSE:NIFTY26MAYFUT,23559.9,23574.9,23554.0,23560.0,38220.0,18592405.0,2026-05-26,2026-05-26,MAY 2026
2026-05-12 13:00:00+05:30,NIFTY26MAYFUT,NSE:NIFTY26MAYFUT,23556.0,23574.9,23555.0,23568.4,21775.0,18601830.0,2026-05-26,2026-05-26,MAY 2026
2026-05-12 13:05:00+05:30,NIFTY26MAYFUT,NSE:NIFTY26MAYFUT,23569.8,23570.0,23550.0,23551.0,51675.0,18618925.0,2026-05-26,2026-05-26,MAY 2026
2026-05-12 13:10:00+05:30,NIFTY26MAYFUT,NSE:NIFTY26MAYFUT,23555.8,23580.0,23545.0,23580.0,49270.0,18625555.0,2026-05-26,2026-05-26,MAY 2026
2026-05-12 13:15:00+05:30,NIFTY26MAYFUT,NSE:NIFTY26MAYFUT,23582.0,23607.0,23575.0,23581.2,72345.0,18625035.0,2026-05-26,2026-05-26,MAY 2026
2026-05-12 13:20:00+05:30,NIFTY26MAYFUT,NSE:NIFTY26MAYFUT,23580.0,23588.7,23567.0,23567.1,43485.0,18639855.0,2026-05-26,2026-05-26,MAY 2026
2026-05-12 13:25:00+05:30,NIFTY26MAYFUT,NSE:NIFTY26MAYFUT,23567.2,23580.0,23562.9,23575.0,85735.0,18690620.0,2026-05-26,2026-05-26,MAY 2026
2026-05-12 13:30:00+05:30,NIFTY26MAYFUT,NSE:NIFTY26MAYFUT,23575.0,23591.1,23570.0,23570.0,24245.0,18692635.0,2026-05-26,2026-05-26,MAY 2026
2026-05-12 13:35:00+05:30,NIFTY26MAYFUT,NSE:NIFTY26MAYFUT,23573.6,23573.9,23550.2,23557.4,30095.0,18701475.0,2026-05-26,2026-05-26,MAY 2026
2026-05-12 13:40:00+05:30,NIFTY26MAYFUT,NSE:NIFTY26MAYFUT,23555.9,23557.4,23535.1,23549.8,160550.0,18778500.0,2026-05-26,2026-05-26,MAY 2026
2026-05-12 13:45:00+05:30,NIFTY26MAYFUT,NSE:NIFTY26MAYFUT,23545.0,23559.8,23537.0,23555.1,40300.0,18780710.0,2026-05-26,2026-05-26,MAY 2026
2026-05-12 13:50:00+05:30,NIFTY26MAYFUT,NSE:NIFTY26MAYFUT,23555.0,23569.0,23543.0,23543.0,33150.0,18781815.0,2026-05-26,2026-05-26,MAY 2026
2026-05-12 13:55:00+05:30,NIFTY26MAYFUT,NSE:NIFTY26MAYFUT,23543.0,23544.9,23534.0,23534.0,50375.0,18781815.0,2026-05-26,2026-05-26,MAY 2026
2026-05-12 14:00:00+05:30,NIFTY26MAYFUT,NSE:NIFTY26MAYFUT,23534.0,23538.0,23512.0,23520.1,121745.0,18835895.0,2026-05-26,2026-05-26,MAY 2026
2026-05-12 14:05:00+05:30,NIFTY26MAYFUT,NSE:NIFTY26MAYFUT,23520.0,23524.9,23493.2,23500.0,81965.0,18851625.0,2026-05-26,2026-05-26,MAY 2026
2026-05-12 14:10:00+05:30,NIFTY26MAYFUT,NSE:NIFTY26MAYFUT,23498.7,23500.0,23483.9,23492.0,92560.0,18888415.0,2026-05-26,2026-05-26,MAY 2026
2026-05-12 14:15:00+05:30,NIFTY26MAYFUT,NSE:NIFTY26MAYFUT,23498.8,23510.0,23488.0,23495.0,64220.0,18913180.0,2026-05-26,2026-05-26,MAY 2026
2026-05-12 14:20:00+05:30,NIFTY26MAYFUT,NSE:NIFTY26MAYFUT,23495.0,23537.6,23493.2,23528.0,95875.0,18879510.0,2026-05-26,2026-05-26,MAY 2026
2026-05-12 14:25:00+05:30,NIFTY26MAYFUT,NSE:NIFTY26MAYFUT,23528.0,23528.0,23500.0,23508.0,49530.0,18889130.0,2026-05-26,2026-05-26,MAY 2026
2026-05-12 14:30:00+05:30,NIFTY26MAYFUT,NSE:NIFTY26MAYFUT,23504.1,23509.9,23480.0,23480.0,77740.0,18905445.0,2026-05-26,2026-05-26,MAY 2026
2026-05-12 14:35:00+05:30,NIFTY26MAYFUT,NSE:NIFTY26MAYFUT,23487.7,23514.5,23471.5,23510.0,55705.0,18913765.0,2026-05-26,2026-05-26,MAY 2026
2026-05-12 14:40:00+05:30,NIFTY26MAYFUT,NSE:NIFTY26MAYFUT,23509.6,23510.0,23490.0,23505.5,32370.0,18917145.0,2026-05-26,2026-05-26,MAY 2026
2026-05-12 14:45:00+05:30,NIFTY26MAYFUT,NSE:NIFTY26MAYFUT,23495.0,23513.2,23490.5,23503.9,24895.0,18926700.0,2026-05-26,2026-05-26,MAY 2026
2026-05-12 14:50:00+05:30,NIFTY26MAYFUT,NSE:NIFTY26MAYFUT,23503.9,23504.0,23458.0,23469.7,61490.0,18931510.0,2026-05-26,2026-05-26,MAY 2026
2026-05-12 14:55:00+05:30,NIFTY26MAYFUT,NSE:NIFTY26MAYFUT,23465.0,23469.9,23436.0,23443.6,322530.0,19190535.0,2026-05-26,2026-05-26,MAY 2026
2026-05-12 15:00:00+05:30,NIFTY26MAYFUT,NSE:NIFTY26MAYFUT,23450.0,23454.8,23400.6,23419.9,177905.0,19017310.0,2026-05-26,2026-05-26,MAY 2026
2026-05-12 15:05:00+05:30,NIFTY26MAYFUT,NSE:NIFTY26MAYFUT,23419.9,23425.0,23393.4,23410.0,157885.0,19040905.0,2026-05-26,2026-05-26,MAY 2026
2026-05-12 15:10:00+05:30,NIFTY26MAYFUT,NSE:NIFTY26MAYFUT,23412.0,23418.0,23398.3,23408.0,205335.0,19157710.0,2026-05-26,2026-05-26,MAY 2026
2026-05-12 15:15:00+05:30,NIFTY26MAYFUT,NSE:NIFTY26MAYFUT,23405.0,23429.7,23405.0,23424.0,131170.0,19193785.0,2026-05-26,2026-05-26,MAY 2026
2026-05-12 15:20:00+05:30,NIFTY26MAYFUT,NSE:NIFTY26MAYFUT,23424.6,23427.0,23413.8,23422.0,184730.0,19275490.0,2026-05-26,2026-05-26,MAY 2026
2026-05-12 15:25:00+05:30,NIFTY26MAYFUT,NSE:NIFTY26MAYFUT,23423.4,23473.8,23417.0,23470.0,334750.0,19300580.0,2026-05-26,2026-05-26,MAY 2026
2026-05-13 09:15:00+05:30,NIFTY26MAYFUT,NSE:NIFTY26MAYFUT,23455.0,23525.0,23450.0,23450.1,221845.0,19049485.0,2026-05-26,2026-05-26,MAY 2026
2026-05-13 09:20:00+05:30,NIFTY26MAYFUT,NSE:NIFTY26MAYFUT,23450.1,23490.0,23425.0,23489.0,166075.0,19073275.0,2026-05-26,2026-05-26,MAY 2026
2026-05-13 09:25:00+05:30,NIFTY26MAYFUT,NSE:NIFTY26MAYFUT,23488.0,23489.0,23421.0,23421.0,86515.0,19076785.0,2026-05-26,2026-05-26,MAY 2026
2026-05-13 09:30:00+05:30,NIFTY26MAYFUT,NSE:NIFTY26MAYFUT,23422.3,23442.7,23386.0,23390.1,120510.0,19075420.0,2026-05-26,2026-05-26,MAY 2026
2026-05-13 09:35:00+05:30,NIFTY26MAYFUT,NSE:NIFTY26MAYFUT,23390.1,23396.0,23320.0,23322.8,224965.0,19119620.0,2026-05-26,2026-05-26,MAY 2026
2026-05-13 09:40:00+05:30,NIFTY26MAYFUT,NSE:NIFTY26MAYFUT,23326.6,23373.9,23322.0,23365.0,120055.0,19120075.0,2026-05-26,2026-05-26,MAY 2026
2026-05-13 09:45:00+05:30,NIFTY26MAYFUT,NSE:NIFTY26MAYFUT,23365.0,23378.0,23330.1,23356.5,51480.0,19101745.0,2026-05-26,2026-05-26,MAY 2026
2026-05-13 09:50:00+05:30,NIFTY26MAYFUT,NSE:NIFTY26MAYFUT,23350.0,23426.0,23348.2,23415.0,81965.0,19090695.0,2026-05-26,2026-05-26,MAY 2026
2026-05-13 09:55:00+05:30,NIFTY26MAYFUT,NSE:NIFTY26MAYFUT,23417.3,23440.0,23380.2,23415.0,107900.0,19050590.0,2026-05-26,2026-05-26,MAY 2026
2026-05-13 10:00:00+05:30,NIFTY26MAYFUT,NSE:NIFTY26MAYFUT,23412.0,23436.0,23395.0,23430.0,67730.0,19048705.0,2026-05-26,2026-05-26,MAY 2026
2026-05-13 10:05:00+05:30,NIFTY26MAYFUT,NSE:NIFTY26MAYFUT,23422.9,23470.0,23422.9,23445.0,101140.0,19043765.0,2026-05-26,2026-05-26,MAY 2026
2026-05-13 10:10:00+05:30,NIFTY26MAYFUT,NSE:NIFTY26MAYFUT,23452.7,23453.0,23418.3,23448.0,30225.0,19050005.0,2026-05-26,2026-05-26,MAY 2026
2026-05-13 10:15:00+05:30,NIFTY26MAYFUT,NSE:NIFTY26MAYFUT,23445.9,23485.1,23440.0,23475.8,86775.0,19019910.0,2026-05-26,2026-05-26,MAY 2026
2026-05-13 10:20:00+05:30,NIFTY26MAYFUT,NSE:NIFTY26MAYFUT,23470.0,23509.1,23470.0,23508.6,88010.0,19013215.0,2026-05-26,2026-05-26,MAY 2026
2026-05-13 10:25:00+05:30,NIFTY26MAYFUT,NSE:NIFTY26MAYFUT,23508.7,23515.1,23496.3,23500.0,53300.0,19019845.0,2026-05-26,2026-05-26,MAY 2026
2026-05-13 10:30:00+05:30,NIFTY26MAYFUT,NSE:NIFTY26MAYFUT,23500.0,23530.0,23481.0,23525.0,75725.0,19018610.0,2026-05-26,2026-05-26,MAY 2026
2026-05-13 10:35:00+05:30,NIFTY26MAYFUT,NSE:NIFTY26MAYFUT,23529.0,23530.1,23475.0,23485.6,34320.0,19002685.0,2026-05-26,2026-05-26,MAY 2026
2026-05-13 10:40:00+05:30,NIFTY26MAYFUT,NSE:NIFTY26MAYFUT,23480.0,23518.7,23475.0,23512.5,23140.0,19003335.0,2026-05-26,2026-05-26,MAY 2026
2026-05-13 10:45:00+05:30,NIFTY26MAYFUT,NSE:NIFTY26MAYFUT,23512.2,23519.9,23486.0,23486.0,20865.0,19006260.0,2026-05-26,2026-05-26,MAY 2026
2026-05-13 10:50:00+05:30,NIFTY26MAYFUT,NSE:NIFTY26MAYFUT,23487.5,23506.0,23475.1,23480.0,26650.0,19010355.0,2026-05-26,2026-05-26,MAY 2026
2026-05-13 10:55:00+05:30,NIFTY26MAYFUT,NSE:NIFTY26MAYFUT,23480.0,23485.1,23415.0,23415.0,74425.0,19026735.0,2026-05-26,2026-05-26,MAY 2026
2026-05-13 11:00:00+05:30,NIFTY26MAYFUT,NSE:NIFTY26MAYFUT,23415.0,23459.0,23410.0,23442.0,49205.0,19028100.0,2026-05-26,2026-05-26,MAY 2026
2026-05-13 11:05:00+05:30,NIFTY26MAYFUT,NSE:NIFTY26MAYFUT,23442.0,23455.0,23427.1,23440.0,14950.0,19029985.0,2026-05-26,2026-05-26,MAY 2026
2026-05-13 11:10:00+05:30,NIFTY26MAYFUT,NSE:NIFTY26MAYFUT,23451.6,23454.3,23429.7,23450.0,34580.0,19032260.0,2026-05-26,2026-05-26,MAY 2026
2026-05-13 11:15:00+05:30,NIFTY26MAYFUT,NSE:NIFTY26MAYFUT,23450.0,23464.5,23440.0,23457.0,17290.0,19022185.0,2026-05-26,2026-05-26,MAY 2026
2026-05-13 11:20:00+05:30,NIFTY26MAYFUT,NSE:NIFTY26MAYFUT,23457.0,23465.0,23440.0,23447.8,14170.0,19020105.0,2026-05-26,2026-05-26,MAY 2026
2026-05-13 11:25:00+05:30,NIFTY26MAYFUT,NSE:NIFTY26MAYFUT,23463.9,23463.9,23440.0,23447.1,7995.0,19020560.0,2026-05-26,2026-05-26,MAY 2026
2026-05-13 11:30:00+05:30,NIFTY26MAYFUT,NSE:NIFTY26MAYFUT,23447.1,23460.0,23440.0,23454.0,7215.0,19022120.0,2026-05-26,2026-05-26,MAY 2026
2026-05-13 11:35:00+05:30,NIFTY26MAYFUT,NSE:NIFTY26MAYFUT,23451.0,23520.0,23451.0,23520.0,56875.0,19008795.0,2026-05-26,2026-05-26,MAY 2026
2026-05-13 11:40:00+05:30,NIFTY26MAYFUT,NSE:NIFTY26MAYFUT,23520.2,23549.0,23507.1,23538.5,157430.0,18954260.0,2026-05-26,2026-05-26,MAY 2026
2026-05-13 11:45:00+05:30,NIFTY26MAYFUT,NSE:NIFTY26MAYFUT,23539.2,23555.0,23521.7,23526.0,86840.0,18970510.0,2026-05-26,2026-05-26,MAY 2026
2026-05-13 11:50:00+05:30,NIFTY26MAYFUT,NSE:NIFTY26MAYFUT,23526.0,23540.0,23502.1,23508.0,26455.0,18971745.0,2026-05-26,2026-05-26,MAY 2026
2026-05-13 11:55:00+05:30,NIFTY26MAYFUT,NSE:NIFTY26MAYFUT,23506.3,23534.0,23505.0,23505.2,23920.0,18973565.0,2026-05-26,2026-05-26,MAY 2026
2026-05-13 12:00:00+05:30,NIFTY26MAYFUT,NSE:NIFTY26MAYFUT,23505.2,23529.6,23505.2,23525.0,38610.0,18969340.0,2026-05-26,2026-05-26,MAY 2026
2026-05-13 12:05:00+05:30,NIFTY26MAYFUT,NSE:NIFTY26MAYFUT,23527.7,23530.0,23515.0,23529.1,13780.0,18969340.0,2026-05-26,2026-05-26,MAY 2026
2026-05-13 12:10:00+05:30,NIFTY26MAYFUT,NSE:NIFTY26MAYFUT,23530.0,23544.0,23518.1,23543.9,46345.0,18964075.0,2026-05-26,2026-05-26,MAY 2026
2026-05-13 12:15:00+05:30,NIFTY26MAYFUT,NSE:NIFTY26MAYFUT,23543.9,23560.0,23508.0,23535.0,81965.0,18969405.0,2026-05-26,2026-05-26,MAY 2026
2026-05-13 12:20:00+05:30,NIFTY26MAYFUT,NSE:NIFTY26MAYFUT,23528.0,23534.8,23511.1,23521.1,11830.0,18971030.0,2026-05-26,2026-05-26,MAY 2026
2026-05-13 12:25:00+05:30,NIFTY26MAYFUT,NSE:NIFTY26MAYFUT,23521.1,23530.0,23520.0,23529.5,22035.0,18961670.0,2026-05-26,2026-05-26,MAY 2026
2026-05-13 12:30:00+05:30,NIFTY26MAYFUT,NSE:NIFTY26MAYFUT,23527.5,23530.0,23507.6,23508.2,27495.0,18963425.0,2026-05-26,2026-05-26,MAY 2026
2026-05-13 12:35:00+05:30,NIFTY26MAYFUT,NSE:NIFTY26MAYFUT,23508.2,23518.9,23481.2,23499.9,45760.0,18958160.0,2026-05-26,2026-05-26,MAY 2026
2026-05-13 12:40:00+05:30,NIFTY26MAYFUT,NSE:NIFTY26MAYFUT,23500.0,23500.0,23448.2,23481.9,76895.0,18957575.0,2026-05-26,2026-05-26,MAY 2026
2026-05-13 12:45:00+05:30,NIFTY26MAYFUT,NSE:NIFTY26MAYFUT,23475.7,23500.0,23472.0,23495.0,17225.0,18959525.0,2026-05-26,2026-05-26,MAY 2026
2026-05-13 12:50:00+05:30,NIFTY26MAYFUT,NSE:NIFTY26MAYFUT,23499.0,23575.0,23499.0,23566.0,96590.0,18938270.0,2026-05-26,2026-05-26,MAY 2026
2026-05-13 12:55:00+05:30,NIFTY26MAYFUT,NSE:NIFTY26MAYFUT,23574.2,23624.0,23561.5,23622.0,284960.0,18879185.0,2026-05-26,2026-05-26,MAY 2026
2026-05-13 13:00:00+05:30,NIFTY26MAYFUT,NSE:NIFTY26MAYFUT,23624.0,23629.6,23586.6,23600.0,101270.0,18876130.0,2026-05-26,2026-05-26,MAY 2026
2026-05-13 13:05:00+05:30,NIFTY26MAYFUT,NSE:NIFTY26MAYFUT,23588.7,23599.0,23562.6,23566.0,56225.0,18874635.0,2026-05-26,2026-05-26,MAY 2026
2026-05-13 13:10:00+05:30,NIFTY26MAYFUT,NSE:NIFTY26MAYFUT,23565.0,23590.0,23564.0,23565.0,31330.0,18877950.0,2026-05-26,2026-05-26,MAY 2026
2026-05-13 13:15:00+05:30,NIFTY26MAYFUT,NSE:NIFTY26MAYFUT,23565.0,23574.5,23525.0,23537.4,62400.0,18872035.0,2026-05-26,2026-05-26,MAY 2026
2026-05-13 13:20:00+05:30,NIFTY26MAYFUT,NSE:NIFTY26MAYFUT,23540.0,23548.0,23527.9,23540.1,29315.0,18872620.0,2026-05-26,2026-05-26,MAY 2026
2026-05-13 13:25:00+05:30,NIFTY26MAYFUT,NSE:NIFTY26MAYFUT,23540.1,23549.9,23521.1,23523.0,20280.0,18869500.0,2026-05-26,2026-05-26,MAY 2026
2026-05-13 13:30:00+05:30,NIFTY26MAYFUT,NSE:NIFTY26MAYFUT,23523.0,23575.0,23520.0,23568.6,43940.0,18861375.0,2026-05-26,2026-05-26,MAY 2026
2026-05-13 13:35:00+05:30,NIFTY26MAYFUT,NSE:NIFTY26MAYFUT,23568.6,23573.8,23543.2,23570.0,19760.0,18861570.0,2026-05-26,2026-05-26,MAY 2026
2026-05-13 13:40:00+05:30,NIFTY26MAYFUT,NSE:NIFTY26MAYFUT,23570.0,23575.0,23544.0,23546.4,47385.0,18846295.0,2026-05-26,2026-05-26,MAY 2026
2026-05-13 13:45:00+05:30,NIFTY26MAYFUT,NSE:NIFTY26MAYFUT,23546.4,23569.3,23534.6,23540.0,17875.0,18842850.0,2026-05-26,2026-05-26,MAY 2026
2026-05-13 13:50:00+05:30,NIFTY26MAYFUT,NSE:NIFTY26MAYFUT,23540.0,23549.9,23535.0,23535.0,24895.0,18839340.0,2026-05-26,2026-05-26,MAY 2026
2026-05-13 13:55:00+05:30,NIFTY26MAYFUT,NSE:NIFTY26MAYFUT,23533.0,23538.0,23500.3,23526.6,104910.0,18840055.0,2026-05-26,2026-05-26,MAY 2026
2026-05-13 14:00:00+05:30,NIFTY26MAYFUT,NSE:NIFTY26MAYFUT,23520.0,23544.1,23506.0,23509.0,50115.0,18821790.0,2026-05-26,2026-05-26,MAY 2026
2026-05-13 14:05:00+05:30,NIFTY26MAYFUT,NSE:NIFTY26MAYFUT,23506.8,23545.0,23506.8,23544.2,22165.0,18816265.0,2026-05-26,2026-05-26,MAY 2026
2026-05-13 14:10:00+05:30,NIFTY26MAYFUT,NSE:NIFTY26MAYFUT,23547.9,23559.9,23541.0,23548.0,43030.0,18814575.0,2026-05-26,2026-05-26,MAY 2026
2026-05-13 14:15:00+05:30,NIFTY26MAYFUT,NSE:NIFTY26MAYFUT,23556.0,23559.9,23508.7,23509.0,21125.0,18818735.0,2026-05-26,2026-05-26,MAY 2026
2026-05-13 14:20:00+05:30,NIFTY26MAYFUT,NSE:NIFTY26MAYFUT,23509.3,23534.1,23487.0,23530.0,62660.0,18818605.0,2026-05-26,2026-05-26,MAY 2026
2026-05-13 14:25:00+05:30,NIFTY26MAYFUT,NSE:NIFTY26MAYFUT,23530.0,23534.0,23501.0,23520.0,22815.0,18818280.0,2026-05-26,2026-05-26,MAY 2026
2026-05-13 14:30:00+05:30,NIFTY26MAYFUT,NSE:NIFTY26MAYFUT,23520.0,23530.0,23514.4,23514.4,19500.0,18819515.0,2026-05-26,2026-05-26,MAY 2026
2026-05-13 14:35:00+05:30,NIFTY26MAYFUT,NSE:NIFTY26MAYFUT,23517.1,23530.0,23509.2,23520.8,17095.0,18819645.0,2026-05-26,2026-05-26,MAY 2026
2026-05-13 14:40:00+05:30,NIFTY26MAYFUT,NSE:NIFTY26MAYFUT,23520.9,23523.6,23495.0,23495.0,20865.0,18818475.0,2026-05-26,2026-05-26,MAY 2026
2026-05-13 14:45:00+05:30,NIFTY26MAYFUT,NSE:NIFTY26MAYFUT,23495.0,23509.9,23475.0,23503.2,48165.0,18816070.0,2026-05-26,2026-05-26,MAY 2026
2026-05-13 14:50:00+05:30,NIFTY26MAYFUT,NSE:NIFTY26MAYFUT,23503.2,23515.0,23496.2,23508.0,13195.0,18817240.0,2026-05-26,2026-05-26,MAY 2026
2026-05-13 14:55:00+05:30,NIFTY26MAYFUT,NSE:NIFTY26MAYFUT,23508.9,23512.0,23496.2,23505.1,16315.0,18816915.0,2026-05-26,2026-05-26,MAY 2026
2026-05-13 15:00:00+05:30,NIFTY26MAYFUT,NSE:NIFTY26MAYFUT,23504.2,23504.2,23445.6,23455.0,91975.0,18829655.0,2026-05-26,2026-05-26,MAY 2026
2026-05-13 15:05:00+05:30,NIFTY26MAYFUT,NSE:NIFTY26MAYFUT,23454.1,23482.8,23431.3,23480.0,141570.0,18809700.0,2026-05-26,2026-05-26,MAY 2026
2026-05-13 15:10:00+05:30,NIFTY26MAYFUT,NSE:NIFTY26MAYFUT,23480.0,23482.3,23450.1,23482.3,96005.0,18814445.0,2026-05-26,2026-05-26,MAY 2026
2026-05-13 15:15:00+05:30,NIFTY26MAYFUT,NSE:NIFTY26MAYFUT,23471.3,23481.9,23462.7,23463.9,41665.0,18818670.0,2026-05-26,2026-05-26,MAY 2026
2026-05-13 15:20:00+05:30,NIFTY26MAYFUT,NSE:NIFTY26MAYFUT,23462.8,23462.8,23445.0,23457.3,154960.0,18837650.0,2026-05-26,2026-05-26,MAY 2026
2026-05-13 15:25:00+05:30,NIFTY26MAYFUT,NSE:NIFTY26MAYFUT,23457.3,23482.7,23447.5,23481.0,213525.0,18785650.0,2026-05-26,2026-05-26,MAY 2026
2026-05-14 09:15:00+05:30,NIFTY26MAYFUT,NSE:NIFTY26MAYFUT,23524.9,23585.0,23520.0,23569.9,255450.0,18459675.0,2026-05-26,2026-05-26,MAY 2026
2026-05-14 09:20:00+05:30,NIFTY26MAYFUT,NSE:NIFTY26MAYFUT,23562.4,23595.0,23562.4,23579.6,162565.0,18473585.0,2026-05-26,2026-05-26,MAY 2026
2026-05-14 09:25:00+05:30,NIFTY26MAYFUT,NSE:NIFTY26MAYFUT,23584.0,23615.5,23575.0,23607.0,99710.0,18462665.0,2026-05-26,2026-05-26,MAY 2026
2026-05-14 09:30:00+05:30,NIFTY26MAYFUT,NSE:NIFTY26MAYFUT,23609.0,23610.0,23578.4,23578.6,97760.0,18438940.0,2026-05-26,2026-05-26,MAY 2026
2026-05-14 09:35:00+05:30,NIFTY26MAYFUT,NSE:NIFTY26MAYFUT,23578.6,23585.0,23541.0,23541.7,70395.0,18455450.0,2026-05-26,2026-05-26,MAY 2026
2026-05-14 09:40:00+05:30,NIFTY26MAYFUT,NSE:NIFTY26MAYFUT,23541.7,23544.2,23510.5,23525.9,90415.0,18459220.0,2026-05-26,2026-05-26,MAY 2026
2026-05-14 09:45:00+05:30,NIFTY26MAYFUT,NSE:NIFTY26MAYFUT,23526.8,23557.0,23510.0,23518.0,76505.0,18464485.0,2026-05-26,2026-05-26,MAY 2026
2026-05-14 09:50:00+05:30,NIFTY26MAYFUT,NSE:NIFTY26MAYFUT,23518.0,23527.8,23490.2,23497.0,58045.0,18457595.0,2026-05-26,2026-05-26,MAY 2026
2026-05-14 09:55:00+05:30,NIFTY26MAYFUT,NSE:NIFTY26MAYFUT,23492.0,23507.9,23469.0,23488.4,81120.0,18450055.0,2026-05-26,2026-05-26,MAY 2026
2026-05-14 10:00:00+05:30,NIFTY26MAYFUT,NSE:NIFTY26MAYFUT,23488.5,23514.0,23475.6,23508.3,42250.0,18444855.0,2026-05-26,2026-05-26,MAY 2026
2026-05-14 10:05:00+05:30,NIFTY26MAYFUT,NSE:NIFTY26MAYFUT,23508.3,23514.8,23486.6,23511.8,39195.0,18447065.0,2026-05-26,2026-05-26,MAY 2026
2026-05-14 10:10:00+05:30,NIFTY26MAYFUT,NSE:NIFTY26MAYFUT,23511.8,23521.4,23497.6,23520.0,25545.0,18443425.0,2026-05-26,2026-05-26,MAY 2026
2026-05-14 10:15:00+05:30,NIFTY26MAYFUT,NSE:NIFTY26MAYFUT,23520.0,23535.4,23504.1,23534.0,22230.0,18441995.0,2026-05-26,2026-05-26,MAY 2026
2026-05-14 10:20:00+05:30,NIFTY26MAYFUT,NSE:NIFTY26MAYFUT,23535.0,23535.9,23491.0,23512.5,17485.0,18443945.0,2026-05-26,2026-05-26,MAY 2026
2026-05-14 10:25:00+05:30,NIFTY26MAYFUT,NSE:NIFTY26MAYFUT,23510.0,23539.9,23505.1,23521.0,19370.0,18439590.0,2026-05-26,2026-05-26,MAY 2026
2026-05-14 10:30:00+05:30,NIFTY26MAYFUT,NSE:NIFTY26MAYFUT,23529.8,23547.9,23521.1,23547.9,28210.0,18428345.0,2026-05-26,2026-05-26,MAY 2026
2026-05-14 10:35:00+05:30,NIFTY26MAYFUT,NSE:NIFTY26MAYFUT,23547.9,23560.0,23538.6,23541.2,45110.0,18414890.0,2026-05-26,2026-05-26,MAY 2026
2026-05-14 10:40:00+05:30,NIFTY26MAYFUT,NSE:NIFTY26MAYFUT,23550.0,23550.0,23510.0,23510.0,10660.0,18412485.0,2026-05-26,2026-05-26,MAY 2026
2026-05-14 10:45:00+05:30,NIFTY26MAYFUT,NSE:NIFTY26MAYFUT,23510.1,23510.1,23456.0,23456.9,83720.0,18423925.0,2026-05-26,2026-05-26,MAY 2026
2026-05-14 10:50:00+05:30,NIFTY26MAYFUT,NSE:NIFTY26MAYFUT,23455.0,23490.0,23437.0,23482.0,86905.0,18426720.0,2026-05-26,2026-05-26,MAY 2026
2026-05-14 10:55:00+05:30,NIFTY26MAYFUT,NSE:NIFTY26MAYFUT,23485.0,23485.0,23437.5,23437.5,24635.0,18418790.0,2026-05-26,2026-05-26,MAY 2026
2026-05-14 11:00:00+05:30,NIFTY26MAYFUT,NSE:NIFTY26MAYFUT,23437.5,23462.8,23437.5,23441.0,43355.0,18429645.0,2026-05-26,2026-05-26,MAY 2026
2026-05-14 11:05:00+05:30,NIFTY26MAYFUT,NSE:NIFTY26MAYFUT,23441.0,23459.5,23431.3,23449.0,31395.0,18433480.0,2026-05-26,2026-05-26,MAY 2026
2026-05-14 11:10:00+05:30,NIFTY26MAYFUT,NSE:NIFTY26MAYFUT,23437.5,23480.0,23435.0,23475.0,81380.0,18425745.0,2026-05-26,2026-05-26,MAY 2026
2026-05-14 11:15:00+05:30,NIFTY26MAYFUT,NSE:NIFTY26MAYFUT,23477.1,23523.0,23471.3,23522.0,118690.0,18355805.0,2026-05-26,2026-05-26,MAY 2026
2026-05-14 11:20:00+05:30,NIFTY26MAYFUT,NSE:NIFTY26MAYFUT,23523.6,23573.4,23521.0,23572.1,130910.0,18282745.0,2026-05-26,2026-05-26,MAY 2026
2026-05-14 11:25:00+05:30,NIFTY26MAYFUT,NSE:NIFTY26MAYFUT,23572.1,23609.0,23540.6,23594.0,146510.0,18219305.0,2026-05-26,2026-05-26,MAY 2026
2026-05-14 11:30:00+05:30,NIFTY26MAYFUT,NSE:NIFTY26MAYFUT,23594.0,23639.8,23594.0,23632.8,158600.0,18162755.0,2026-05-26,2026-05-26,MAY 2026
2026-05-14 11:35:00+05:30,NIFTY26MAYFUT,NSE:NIFTY26MAYFUT,23632.0,23656.0,23623.0,23655.0,111150.0,18137080.0,2026-05-26,2026-05-26,MAY 2026
2026-05-14 11:40:00+05:30,NIFTY26MAYFUT,NSE:NIFTY26MAYFUT,23655.0,23690.0,23632.0,23690.0,231140.0,18063760.0,2026-05-26,2026-05-26,MAY 2026
2026-05-14 11:45:00+05:30,NIFTY26MAYFUT,NSE:NIFTY26MAYFUT,23692.4,23709.0,23670.0,23709.0,197015.0,17957745.0,2026-05-26,2026-05-26,MAY 2026
2026-05-14 11:50:00+05:30,NIFTY26MAYFUT,NSE:NIFTY26MAYFUT,23709.0,23720.0,23685.1,23695.0,130260.0,17904055.0,2026-05-26,2026-05-26,MAY 2026
2026-05-14 11:55:00+05:30,NIFTY26MAYFUT,NSE:NIFTY26MAYFUT,23691.5,23707.5,23680.0,23700.0,224640.0,17983160.0,2026-05-26,2026-05-26,MAY 2026
2026-05-14 12:00:00+05:30,NIFTY26MAYFUT,NSE:NIFTY26MAYFUT,23699.9,23700.0,23660.0,23666.1,116415.0,18001685.0,2026-05-26,2026-05-26,MAY 2026
2026-05-14 12:05:00+05:30,NIFTY26MAYFUT,NSE:NIFTY26MAYFUT,23664.6,23687.5,23659.5,23670.0,65195.0,17950725.0,2026-05-26,2026-05-26,MAY 2026
2026-05-14 12:10:00+05:30,NIFTY26MAYFUT,NSE:NIFTY26MAYFUT,23670.0,23683.0,23651.0,23683.0,78130.0,17933630.0,2026-05-26,2026-05-26,MAY 2026
2026-05-14 12:15:00+05:30,NIFTY26MAYFUT,NSE:NIFTY26MAYFUT,23683.0,23726.0,23682.6,23695.0,117780.0,17926090.0,2026-05-26,2026-05-26,MAY 2026
2026-05-14 12:20:00+05:30,NIFTY26MAYFUT,NSE:NIFTY26MAYFUT,23695.0,23725.0,23693.0,23724.7,54730.0,17910815.0,2026-05-26,2026-05-26,MAY 2026
2026-05-14 12:25:00+05:30,NIFTY26MAYFUT,NSE:NIFTY26MAYFUT,23724.7,23737.7,23709.9,23717.5,58240.0,17882215.0,2026-05-26,2026-05-26,MAY 2026
2026-05-14 12:30:00+05:30,NIFTY26MAYFUT,NSE:NIFTY26MAYFUT,23715.0,23728.7,23700.0,23700.8,27235.0,17878120.0,2026-05-26,2026-05-26,MAY 2026
2026-05-14 12:35:00+05:30,NIFTY26MAYFUT,NSE:NIFTY26MAYFUT,23700.8,23713.9,23682.0,23695.1,57395.0,17863690.0,2026-05-26,2026-05-26,MAY 2026
2026-05-14 12:40:00+05:30,NIFTY26MAYFUT,NSE:NIFTY26MAYFUT,23688.9,23728.0,23688.9,23728.0,34320.0,17866875.0,2026-05-26,2026-05-26,MAY 2026
2026-05-14 12:45:00+05:30,NIFTY26MAYFUT,NSE:NIFTY26MAYFUT,23723.1,23743.8,23701.4,23730.7,71435.0,17858620.0,2026-05-26,2026-05-26,MAY 2026
2026-05-14 12:50:00+05:30,NIFTY26MAYFUT,NSE:NIFTY26MAYFUT,23737.9,23738.8,23688.0,23709.7,35685.0,17863755.0,2026-05-26,2026-05-26,MAY 2026
2026-05-14 12:55:00+05:30,NIFTY26MAYFUT,NSE:NIFTY26MAYFUT,23702.5,23721.3,23691.0,23716.6,30485.0,17861415.0,2026-05-26,2026-05-26,MAY 2026
2026-05-14 13:00:00+05:30,NIFTY26MAYFUT,NSE:NIFTY26MAYFUT,23719.5,23773.0,23712.2,23765.5,133575.0,17853875.0,2026-05-26,2026-05-26,MAY 2026
2026-05-14 13:05:00+05:30,NIFTY26MAYFUT,NSE:NIFTY26MAYFUT,23770.0,23774.8,23750.0,23750.0,81445.0,17853680.0,2026-05-26,2026-05-26,MAY 2026
2026-05-14 13:10:00+05:30,NIFTY26MAYFUT,NSE:NIFTY26MAYFUT,23750.6,23760.0,23720.0,23740.0,44395.0,17854070.0,2026-05-26,2026-05-26,MAY 2026
2026-05-14 13:15:00+05:30,NIFTY26MAYFUT,NSE:NIFTY26MAYFUT,23731.0,23755.0,23726.2,23735.1,58435.0,17862845.0,2026-05-26,2026-05-26,MAY 2026
2026-05-14 13:20:00+05:30,NIFTY26MAYFUT,NSE:NIFTY26MAYFUT,23746.6,23750.0,23726.1,23728.0,50440.0,17876755.0,2026-05-26,2026-05-26,MAY 2026
2026-05-14 13:25:00+05:30,NIFTY26MAYFUT,NSE:NIFTY26MAYFUT,23726.1,23746.9,23725.0,23725.0,22685.0,17878965.0,2026-05-26,2026-05-26,MAY 2026
2026-05-14 13:30:00+05:30,NIFTY26MAYFUT,NSE:NIFTY26MAYFUT,23725.0,23755.0,23725.0,23748.4,27170.0,17883320.0,2026-05-26,2026-05-26,MAY 2026
2026-05-14 13:35:00+05:30,NIFTY26MAYFUT,NSE:NIFTY26MAYFUT,23753.0,23781.7,23746.2,23750.0,117780.0,17865510.0,2026-05-26,2026-05-26,MAY 2026
2026-05-14 13:40:00+05:30,NIFTY26MAYFUT,NSE:NIFTY26MAYFUT,23750.0,23777.7,23750.0,23770.0,50700.0,17871490.0,2026-05-26,2026-05-26,MAY 2026
2026-05-14 13:45:00+05:30,NIFTY26MAYFUT,NSE:NIFTY26MAYFUT,23770.0,23785.0,23750.1,23750.2,59995.0,17868825.0,2026-05-26,2026-05-26,MAY 2026
2026-05-14 13:50:00+05:30,NIFTY26MAYFUT,NSE:NIFTY26MAYFUT,23750.2,23765.0,23743.6,23760.0,44850.0,17880460.0,2026-05-26,2026-05-26,MAY 2026
2026-05-14 13:55:00+05:30,NIFTY26MAYFUT,NSE:NIFTY26MAYFUT,23760.0,23775.0,23755.2,23769.0,17160.0,17875845.0,2026-05-26,2026-05-26,MAY 2026
2026-05-14 14:00:00+05:30,NIFTY26MAYFUT,NSE:NIFTY26MAYFUT,23766.7,23779.0,23755.1,23773.0,17745.0,17869930.0,2026-05-26,2026-05-26,MAY 2026
2026-05-14 14:05:00+05:30,NIFTY26MAYFUT,NSE:NIFTY26MAYFUT,23773.0,23796.9,23768.1,23775.0,73515.0,17859010.0,2026-05-26,2026-05-26,MAY 2026
2026-05-14 14:10:00+05:30,NIFTY26MAYFUT,NSE:NIFTY26MAYFUT,23784.0,23790.0,23758.6,23765.9,35035.0,17858425.0,2026-05-26,2026-05-26,MAY 2026
2026-05-14 14:15:00+05:30,NIFTY26MAYFUT,NSE:NIFTY26MAYFUT,23765.0,23782.4,23740.0,23740.2,58760.0,17850300.0,2026-05-26,2026-05-26,MAY 2026
2026-05-14 14:20:00+05:30,NIFTY26MAYFUT,NSE:NIFTY26MAYFUT,23740.0,23761.0,23739.6,23755.6,56810.0,17873960.0,2026-05-26,2026-05-26,MAY 2026
2026-05-14 14:25:00+05:30,NIFTY26MAYFUT,NSE:NIFTY26MAYFUT,23753.1,23778.0,23753.1,23772.0,31655.0,17873245.0,2026-05-26,2026-05-26,MAY 2026
2026-05-14 14:30:00+05:30,NIFTY26MAYFUT,NSE:NIFTY26MAYFUT,23774.0,23797.3,23769.4,23779.0,51220.0,17864860.0,2026-05-26,2026-05-26,MAY 2026
2026-05-14 14:35:00+05:30,NIFTY26MAYFUT,NSE:NIFTY26MAYFUT,23779.0,23780.6,23750.0,23757.6,25480.0,17860765.0,2026-05-26,2026-05-26,MAY 2026
2026-05-14 14:40:00+05:30,NIFTY26MAYFUT,NSE:NIFTY26MAYFUT,23757.6,23757.6,23727.0,23733.3,67470.0,17879030.0,2026-05-26,2026-05-26,MAY 2026
2026-05-14 14:45:00+05:30,NIFTY26MAYFUT,NSE:NIFTY26MAYFUT,23731.9,23740.0,23702.0,23709.2,65390.0,17896125.0,2026-05-26,2026-05-26,MAY 2026
2026-05-14 14:50:00+05:30,NIFTY26MAYFUT,NSE:NIFTY26MAYFUT,23706.9,23722.7,23701.0,23701.2,46735.0,17867525.0,2026-05-26,2026-05-26,MAY 2026
2026-05-14 14:55:00+05:30,NIFTY26MAYFUT,NSE:NIFTY26MAYFUT,23702.9,23720.0,23690.0,23708.7,64545.0,17871165.0,2026-05-26,2026-05-26,MAY 2026
2026-05-14 15:00:00+05:30,NIFTY26MAYFUT,NSE:NIFTY26MAYFUT,23708.2,23719.8,23701.1,23706.2,25740.0,17875260.0,2026-05-26,2026-05-26,MAY 2026
2026-05-14 15:05:00+05:30,NIFTY26MAYFUT,NSE:NIFTY26MAYFUT,23706.2,23708.5,23672.0,23682.0,90220.0,17874870.0,2026-05-26,2026-05-26,MAY 2026
2026-05-14 15:10:00+05:30,NIFTY26MAYFUT,NSE:NIFTY26MAYFUT,23677.3,23697.0,23677.3,23697.0,65065.0,17876560.0,2026-05-26,2026-05-26,MAY 2026
2026-05-14 15:15:00+05:30,NIFTY26MAYFUT,NSE:NIFTY26MAYFUT,23697.0,23713.5,23685.0,23695.0,44200.0,17874675.0,2026-05-26,2026-05-26,MAY 2026
2026-05-14 15:20:00+05:30,NIFTY26MAYFUT,NSE:NIFTY26MAYFUT,23695.0,23709.7,23690.0,23709.7,110305.0,17908540.0,2026-05-26,2026-05-26,MAY 2026
2026-05-14 15:25:00+05:30,NIFTY26MAYFUT,NSE:NIFTY26MAYFUT,23709.8,23739.9,23699.1,23739.9,109005.0,17910490.0,2026-05-26,2026-05-26,MAY 2026
2026-05-15 09:15:00+05:30,NIFTY26MAYFUT,NSE:NIFTY26MAYFUT,23743.0,23780.0,23680.5,23730.0,286455.0,17678765.0,2026-05-26,2026-05-26,MAY 2026
2026-05-15 09:20:00+05:30,NIFTY26MAYFUT,NSE:NIFTY26MAYFUT,23730.0,23782.0,23721.5,23780.0,151320.0,17690465.0,2026-05-26,2026-05-26,MAY 2026
2026-05-15 09:25:00+05:30,NIFTY26MAYFUT,NSE:NIFTY26MAYFUT,23777.0,23801.0,23753.0,23797.0,154115.0,17684160.0,2026-05-26,2026-05-26,MAY 2026
2026-05-15 09:30:00+05:30,NIFTY26MAYFUT,NSE:NIFTY26MAYFUT,23788.1,23799.0,23752.9,23758.3,132990.0,17674540.0,2026-05-26,2026-05-26,MAY 2026
2026-05-15 09:35:00+05:30,NIFTY26MAYFUT,NSE:NIFTY26MAYFUT,23755.0,23779.0,23737.0,23778.0,74165.0,17679610.0,2026-05-26,2026-05-26,MAY 2026
2026-05-15 09:40:00+05:30,NIFTY26MAYFUT,NSE:NIFTY26MAYFUT,23778.0,23818.0,23772.1,23818.0,175630.0,17707105.0,2026-05-26,2026-05-26,MAY 2026
2026-05-15 09:45:00+05:30,NIFTY26MAYFUT,NSE:NIFTY26MAYFUT,23818.0,23834.9,23800.0,23810.0,113490.0,17723095.0,2026-05-26,2026-05-26,MAY 2026
2026-05-15 09:50:00+05:30,NIFTY26MAYFUT,NSE:NIFTY26MAYFUT,23810.0,23830.0,23795.0,23830.0,47450.0,17719325.0,2026-05-26,2026-05-26,MAY 2026
2026-05-15 09:55:00+05:30,NIFTY26MAYFUT,NSE:NIFTY26MAYFUT,23830.0,23854.5,23830.0,23834.5,140920.0,17707820.0,2026-05-26,2026-05-26,MAY 2026
2026-05-15 10:00:00+05:30,NIFTY26MAYFUT,NSE:NIFTY26MAYFUT,23834.9,23835.0,23791.4,23827.8,79235.0,17698460.0,2026-05-26,2026-05-26,MAY 2026
2026-05-15 10:05:00+05:30,NIFTY26MAYFUT,NSE:NIFTY26MAYFUT,23824.0,23831.2,23783.0,23792.0,58240.0,17687930.0,2026-05-26,2026-05-26,MAY 2026
2026-05-15 10:10:00+05:30,NIFTY26MAYFUT,NSE:NIFTY26MAYFUT,23791.0,23809.8,23790.0,23800.0,50830.0,17686955.0,2026-05-26,2026-05-26,MAY 2026
2026-05-15 10:15:00+05:30,NIFTY26MAYFUT,NSE:NIFTY26MAYFUT,23800.0,23819.0,23782.1,23790.0,30940.0,17698460.0,2026-05-26,2026-05-26,MAY 2026
2026-05-15 10:20:00+05:30,NIFTY26MAYFUT,NSE:NIFTY26MAYFUT,23790.0,23819.0,23785.0,23819.0,39780.0,17719260.0,2026-05-26,2026-05-26,MAY 2026
2026-05-15 10:25:00+05:30,NIFTY26MAYFUT,NSE:NIFTY26MAYFUT,23820.0,23830.0,23813.1,23820.5,39715.0,17723485.0,2026-05-26,2026-05-26,MAY 2026
2026-05-15 10:30:00+05:30,NIFTY26MAYFUT,NSE:NIFTY26MAYFUT,23820.5,23825.0,23800.0,23815.0,29965.0,17728360.0,2026-05-26,2026-05-26,MAY 2026
2026-05-15 10:35:00+05:30,NIFTY26MAYFUT,NSE:NIFTY26MAYFUT,23824.6,23825.9,23792.0,23809.1,55445.0,17734275.0,2026-05-26,2026-05-26,MAY 2026
2026-05-15 10:40:00+05:30,NIFTY26MAYFUT,NSE:NIFTY26MAYFUT,23799.7,23825.0,23796.5,23818.0,31005.0,17739605.0,2026-05-26,2026-05-26,MAY 2026
2026-05-15 10:45:00+05:30,NIFTY26MAYFUT,NSE:NIFTY26MAYFUT,23811.4,23842.6,23810.8,23824.8,61230.0,17743180.0,2026-05-26,2026-05-26,MAY 2026
2026-05-15 10:50:00+05:30,NIFTY26MAYFUT,NSE:NIFTY26MAYFUT,23826.0,23849.0,23817.6,23830.4,33670.0,17742270.0,2026-05-26,2026-05-26,MAY 2026
2026-05-15 10:55:00+05:30,NIFTY26MAYFUT,NSE:NIFTY26MAYFUT,23829.4,23839.0,23820.0,23828.6,33930.0,17741165.0,2026-05-26,2026-05-26,MAY 2026
2026-05-15 11:00:00+05:30,NIFTY26MAYFUT,NSE:NIFTY26MAYFUT,23825.0,23835.0,23780.0,23780.0,29380.0,17740515.0,2026-05-26,2026-05-26,MAY 2026
2026-05-15 11:05:00+05:30,NIFTY26MAYFUT,NSE:NIFTY26MAYFUT,23780.0,23790.0,23735.0,23740.0,164190.0,17724915.0,2026-05-26,2026-05-26,MAY 2026
2026-05-15 11:10:00+05:30,NIFTY26MAYFUT,NSE:NIFTY26MAYFUT,23737.5,23759.9,23723.0,23730.1,161980.0,17718805.0,2026-05-26,2026-05-26,MAY 2026
2026-05-15 11:15:00+05:30,NIFTY26MAYFUT,NSE:NIFTY26MAYFUT,23730.0,23748.7,23700.0,23730.0,177385.0,17713020.0,2026-05-26,2026-05-26,MAY 2026
2026-05-15 11:20:00+05:30,NIFTY26MAYFUT,NSE:NIFTY26MAYFUT,23738.4,23739.0,23710.0,23724.0,47970.0,17726475.0,2026-05-26,2026-05-26,MAY 2026
2026-05-15 11:25:00+05:30,NIFTY26MAYFUT,NSE:NIFTY26MAYFUT,23724.0,23725.0,23700.3,23702.0,36530.0,17734925.0,2026-05-26,2026-05-26,MAY 2026
2026-05-15 11:30:00+05:30,NIFTY26MAYFUT,NSE:NIFTY26MAYFUT,23700.0,23720.0,23655.9,23706.4,236665.0,17760795.0,2026-05-26,2026-05-26,MAY 2026
2026-05-15 11:35:00+05:30,NIFTY26MAYFUT,NSE:NIFTY26MAYFUT,23706.4,23733.0,23693.1,23726.1,87100.0,17747470.0,2026-05-26,2026-05-26,MAY 2026
2026-05-15 11:40:00+05:30,NIFTY26MAYFUT,NSE:NIFTY26MAYFUT,23731.0,23736.2,23706.0,23720.0,27365.0,17711395.0,2026-05-26,2026-05-26,MAY 2026
2026-05-15 11:45:00+05:30,NIFTY26MAYFUT,NSE:NIFTY26MAYFUT,23724.0,23739.0,23711.6,23730.0,14235.0,17710940.0,2026-05-26,2026-05-26,MAY 2026
2026-05-15 11:50:00+05:30,NIFTY26MAYFUT,NSE:NIFTY26MAYFUT,23731.5,23738.8,23710.0,23718.0,11115.0,17712825.0,2026-05-26,2026-05-26,MAY 2026
2026-05-15 11:55:00+05:30,NIFTY26MAYFUT,NSE:NIFTY26MAYFUT,23711.0,23723.8,23705.0,23715.0,12610.0,17713020.0,2026-05-26,2026-05-26,MAY 2026
2026-05-15 12:00:00+05:30,NIFTY26MAYFUT,NSE:NIFTY26MAYFUT,23715.0,23759.0,23705.1,23752.2,63115.0,17693065.0,2026-05-26,2026-05-26,MAY 2026
2026-05-15 12:05:00+05:30,NIFTY26MAYFUT,NSE:NIFTY26MAYFUT,23750.0,23774.8,23750.0,23751.0,35295.0,17693390.0,2026-05-26,2026-05-26,MAY 2026
2026-05-15 12:10:00+05:30,NIFTY26MAYFUT,NSE:NIFTY26MAYFUT,23757.6,23770.0,23745.0,23745.0,13845.0,17682340.0,2026-05-26,2026-05-26,MAY 2026
2026-05-15 12:15:00+05:30,NIFTY26MAYFUT,NSE:NIFTY26MAYFUT,23745.1,23759.3,23731.0,23738.2,26325.0,17682925.0,2026-05-26,2026-05-26,MAY 2026
2026-05-15 12:20:00+05:30,NIFTY26MAYFUT,NSE:NIFTY26MAYFUT,23738.0,23749.5,23715.0,23718.0,14885.0,17678375.0,2026-05-26,2026-05-26,MAY 2026
2026-05-15 12:25:00+05:30,NIFTY26MAYFUT,NSE:NIFTY26MAYFUT,23718.0,23742.9,23712.0,23712.2,17615.0,17674865.0,2026-05-26,2026-05-26,MAY 2026
2026-05-15 12:30:00+05:30,NIFTY26MAYFUT,NSE:NIFTY26MAYFUT,23715.0,23735.4,23712.0,23735.0,16965.0,17677985.0,2026-05-26,2026-05-26,MAY 2026
2026-05-15 12:35:00+05:30,NIFTY26MAYFUT,NSE:NIFTY26MAYFUT,23735.0,23750.0,23728.6,23735.8,17875.0,17678180.0,2026-05-26,2026-05-26,MAY 2026
2026-05-15 12:40:00+05:30,NIFTY26MAYFUT,NSE:NIFTY26MAYFUT,23745.0,23770.0,23744.0,23770.0,14300.0,17671225.0,2026-05-26,2026-05-26,MAY 2026
2026-05-15 12:45:00+05:30,NIFTY26MAYFUT,NSE:NIFTY26MAYFUT,23770.0,23794.0,23770.0,23789.8,64545.0,17670120.0,2026-05-26,2026-05-26,MAY 2026
2026-05-15 12:50:00+05:30,NIFTY26MAYFUT,NSE:NIFTY26MAYFUT,23789.4,23801.4,23778.8,23786.6,99190.0,17662450.0,2026-05-26,2026-05-26,MAY 2026
2026-05-15 12:55:00+05:30,NIFTY26MAYFUT,NSE:NIFTY26MAYFUT,23797.6,23798.4,23782.4,23794.6,28015.0,17654325.0,2026-05-26,2026-05-26,MAY 2026
2026-05-15 13:00:00+05:30,NIFTY26MAYFUT,NSE:NIFTY26MAYFUT,23790.0,23797.6,23774.0,23784.1,38350.0,17649255.0,2026-05-26,2026-05-26,MAY 2026
2026-05-15 13:05:00+05:30,NIFTY26MAYFUT,NSE:NIFTY26MAYFUT,23782.6,23791.0,23770.5,23781.0,19955.0,17639700.0,2026-05-26,2026-05-26,MAY 2026
2026-05-15 13:10:00+05:30,NIFTY26MAYFUT,NSE:NIFTY26MAYFUT,23781.0,23798.0,23777.5,23798.0,42185.0,17628715.0,2026-05-26,2026-05-26,MAY 2026
2026-05-15 13:15:00+05:30,NIFTY26MAYFUT,NSE:NIFTY26MAYFUT,23796.2,23796.2,23775.0,23796.1,22035.0,17628780.0,2026-05-26,2026-05-26,MAY 2026
2026-05-15 13:20:00+05:30,NIFTY26MAYFUT,NSE:NIFTY26MAYFUT,23795.0,23798.0,23782.7,23791.9,15470.0,17614155.0,2026-05-26,2026-05-26,MAY 2026
2026-05-15 13:25:00+05:30,NIFTY26MAYFUT,NSE:NIFTY26MAYFUT,23793.1,23795.0,23770.5,23789.0,29380.0,17614935.0,2026-05-26,2026-05-26,MAY 2026
2026-05-15 13:30:00+05:30,NIFTY26MAYFUT,NSE:NIFTY26MAYFUT,23789.0,23789.0,23763.0,23770.0,23855.0,17605965.0,2026-05-26,2026-05-26,MAY 2026
2026-05-15 13:35:00+05:30,NIFTY26MAYFUT,NSE:NIFTY26MAYFUT,23770.0,23783.2,23740.0,23750.0,49660.0,17589000.0,2026-05-26,2026-05-26,MAY 2026
2026-05-15 13:40:00+05:30,NIFTY26MAYFUT,NSE:NIFTY26MAYFUT,23741.9,23750.0,23734.9,23745.0,40365.0,17589325.0,2026-05-26,2026-05-26,MAY 2026
2026-05-15 13:45:00+05:30,NIFTY26MAYFUT,NSE:NIFTY26MAYFUT,23750.0,23758.0,23695.0,23703.6,82290.0,17609800.0,2026-05-26,2026-05-26,MAY 2026
2026-05-15 13:50:00+05:30,NIFTY26MAYFUT,NSE:NIFTY26MAYFUT,23703.6,23726.0,23693.1,23724.5,37635.0,17611100.0,2026-05-26,2026-05-26,MAY 2026
2026-05-15 13:55:00+05:30,NIFTY26MAYFUT,NSE:NIFTY26MAYFUT,23724.5,23730.0,23701.0,23705.6,41795.0,17597385.0,2026-05-26,2026-05-26,MAY 2026
2026-05-15 14:00:00+05:30,NIFTY26MAYFUT,NSE:NIFTY26MAYFUT,23705.6,23712.0,23695.0,23699.1,32240.0,17589910.0,2026-05-26,2026-05-26,MAY 2026
2026-05-15 14:05:00+05:30,NIFTY26MAYFUT,NSE:NIFTY26MAYFUT,23695.0,23715.0,23690.0,23714.9,31070.0,17594915.0,2026-05-26,2026-05-26,MAY 2026
2026-05-15 14:10:00+05:30,NIFTY26MAYFUT,NSE:NIFTY26MAYFUT,23715.0,23721.1,23698.7,23717.1,34320.0,17593290.0,2026-05-26,2026-05-26,MAY 2026
2026-05-15 14:15:00+05:30,NIFTY26MAYFUT,NSE:NIFTY26MAYFUT,23717.1,23726.9,23695.0,23714.0,28925.0,17594915.0,2026-05-26,2026-05-26,MAY 2026
2026-05-15 14:20:00+05:30,NIFTY26MAYFUT,NSE:NIFTY26MAYFUT,23714.0,23723.9,23700.4,23704.6,20865.0,17589520.0,2026-05-26,2026-05-26,MAY 2026
2026-05-15 14:25:00+05:30,NIFTY26MAYFUT,NSE:NIFTY26MAYFUT,23704.6,23707.3,23682.3,23696.6,42965.0,17593160.0,2026-05-26,2026-05-26,MAY 2026
2026-05-15 14:30:00+05:30,NIFTY26MAYFUT,NSE:NIFTY26MAYFUT,23697.0,23701.7,23676.1,23691.0,50050.0,17595110.0,2026-05-26,2026-05-26,MAY 2026
2026-05-15 14:35:00+05:30,NIFTY26MAYFUT,NSE:NIFTY26MAYFUT,23690.0,23699.0,23682.0,23693.7,31265.0,17594980.0,2026-05-26,2026-05-26,MAY 2026
2026-05-15 14:40:00+05:30,NIFTY26MAYFUT,NSE:NIFTY26MAYFUT,23696.5,23704.5,23682.0,23683.2,52390.0,17599660.0,2026-05-26,2026-05-26,MAY 2026
2026-05-15 14:45:00+05:30,NIFTY26MAYFUT,NSE:NIFTY26MAYFUT,23683.2,23685.0,23610.8,23613.4,188045.0,17602520.0,2026-05-26,2026-05-26,MAY 2026
2026-05-15 14:50:00+05:30,NIFTY26MAYFUT,NSE:NIFTY26MAYFUT,23612.9,23626.6,23592.0,23609.0,138320.0,17618575.0,2026-05-26,2026-05-26,MAY 2026
2026-05-15 14:55:00+05:30,NIFTY26MAYFUT,NSE:NIFTY26MAYFUT,23601.1,23645.0,23585.3,23637.0,184340.0,17685720.0,2026-05-26,2026-05-26,MAY 2026
2026-05-15 15:00:00+05:30,NIFTY26MAYFUT,NSE:NIFTY26MAYFUT,23625.0,23669.0,23617.1,23666.8,122525.0,17727125.0,2026-05-26,2026-05-26,MAY 2026
2026-05-15 15:05:00+05:30,NIFTY26MAYFUT,NSE:NIFTY26MAYFUT,23670.0,23680.0,23630.3,23640.0,64285.0,17717830.0,2026-05-26,2026-05-26,MAY 2026
2026-05-15 15:10:00+05:30,NIFTY26MAYFUT,NSE:NIFTY26MAYFUT,23633.2,23646.0,23630.0,23637.5,75140.0,17714450.0,2026-05-26,2026-05-26,MAY 2026
2026-05-15 15:15:00+05:30,NIFTY26MAYFUT,NSE:NIFTY26MAYFUT,23636.5,23638.0,23604.2,23635.0,84435.0,17721015.0,2026-05-26,2026-05-26,MAY 2026
2026-05-15 15:20:00+05:30,NIFTY26MAYFUT,NSE:NIFTY26MAYFUT,23625.0,23643.3,23621.3,23634.1,98150.0,17716660.0,2026-05-26,2026-05-26,MAY 2026
2026-05-15 15:25:00+05:30,NIFTY26MAYFUT,NSE:NIFTY26MAYFUT,23630.0,23675.0,23630.0,23658.0,181285.0,17699695.0,2026-05-26,2026-05-26,MAY 2026
2026-05-18 09:15:00+05:30,NIFTY26MAYFUT,NSE:NIFTY26MAYFUT,23519.0,23525.7,23415.0,23426.0,436735.0,17182035.0,2026-05-26,2026-05-26,MAY 2026
2026-05-18 09:20:00+05:30,NIFTY26MAYFUT,NSE:NIFTY26MAYFUT,23434.0,23440.0,23411.0,23427.0,100945.0,17226950.0,2026-05-26,2026-05-26,MAY 2026
2026-05-18 09:25:00+05:30,NIFTY26MAYFUT,NSE:NIFTY26MAYFUT,23425.0,23433.2,23385.6,23399.0,121355.0,17219735.0,2026-05-26,2026-05-26,MAY 2026
2026-05-18 09:30:00+05:30,NIFTY26MAYFUT,NSE:NIFTY26MAYFUT,23393.7,23429.0,23390.0,23420.0,105625.0,17207645.0,2026-05-26,2026-05-26,MAY 2026
2026-05-18 09:35:00+05:30,NIFTY26MAYFUT,NSE:NIFTY26MAYFUT,23420.0,23428.1,23380.0,23396.1,145990.0,17173975.0,2026-05-26,2026-05-26,MAY 2026
2026-05-18 09:40:00+05:30,NIFTY26MAYFUT,NSE:NIFTY26MAYFUT,23392.7,23415.0,23380.0,23402.0,59995.0,17148495.0,2026-05-26,2026-05-26,MAY 2026
2026-05-18 09:45:00+05:30,NIFTY26MAYFUT,NSE:NIFTY26MAYFUT,23401.5,23406.6,23371.0,23372.9,75335.0,17133870.0,2026-05-26,2026-05-26,MAY 2026
2026-05-18 09:50:00+05:30,NIFTY26MAYFUT,NSE:NIFTY26MAYFUT,23372.6,23383.9,23353.6,23355.2,109590.0,17148625.0,2026-05-26,2026-05-26,MAY 2026
2026-05-18 09:55:00+05:30,NIFTY26MAYFUT,NSE:NIFTY26MAYFUT,23355.2,23375.7,23342.1,23375.4,122720.0,17136990.0,2026-05-26,2026-05-26,MAY 2026
2026-05-18 10:00:00+05:30,NIFTY26MAYFUT,NSE:NIFTY26MAYFUT,23366.1,23394.8,23365.9,23390.9,52195.0,17113200.0,2026-05-26,2026-05-26,MAY 2026
2026-05-18 10:05:00+05:30,NIFTY26MAYFUT,NSE:NIFTY26MAYFUT,23390.9,23394.0,23362.1,23375.0,36400.0,17090970.0,2026-05-26,2026-05-26,MAY 2026
2026-05-18 10:10:00+05:30,NIFTY26MAYFUT,NSE:NIFTY26MAYFUT,23377.4,23392.6,23370.6,23387.0,21450.0,17087135.0,2026-05-26,2026-05-26,MAY 2026
2026-05-18 10:15:00+05:30,NIFTY26MAYFUT,NSE:NIFTY26MAYFUT,23390.0,23412.4,23375.1,23400.1,54275.0,17073550.0,2026-05-26,2026-05-26,MAY 2026
2026-05-18 10:20:00+05:30,NIFTY26MAYFUT,NSE:NIFTY26MAYFUT,23407.9,23413.2,23389.6,23399.0,25805.0,17054570.0,2026-05-26,2026-05-26,MAY 2026
2026-05-18 10:25:00+05:30,NIFTY26MAYFUT,NSE:NIFTY26MAYFUT,23400.7,23405.0,23386.0,23395.0,20800.0,17050345.0,2026-05-26,2026-05-26,MAY 2026
2026-05-18 10:30:00+05:30,NIFTY26MAYFUT,NSE:NIFTY26MAYFUT,23395.0,23435.0,23364.6,23435.0,113100.0,17051515.0,2026-05-26,2026-05-26,MAY 2026
2026-05-18 10:35:00+05:30,NIFTY26MAYFUT,NSE:NIFTY26MAYFUT,23435.0,23454.0,23420.3,23433.6,111670.0,17041700.0,2026-05-26,2026-05-26,MAY 2026
2026-05-18 10:40:00+05:30,NIFTY26MAYFUT,NSE:NIFTY26MAYFUT,23440.1,23448.4,23405.6,23426.5,41210.0,17022590.0,2026-05-26,2026-05-26,MAY 2026
2026-05-18 10:45:00+05:30,NIFTY26MAYFUT,NSE:NIFTY26MAYFUT,23427.0,23431.7,23389.3,23415.0,26455.0,17021160.0,2026-05-26,2026-05-26,MAY 2026
2026-05-18 10:50:00+05:30,NIFTY26MAYFUT,NSE:NIFTY26MAYFUT,23411.0,23453.0,23411.0,23444.1,55380.0,17000945.0,2026-05-26,2026-05-26,MAY 2026
2026-05-18 10:55:00+05:30,NIFTY26MAYFUT,NSE:NIFTY26MAYFUT,23443.7,23471.4,23443.7,23469.0,67730.0,16989115.0,2026-05-26,2026-05-26,MAY 2026
2026-05-18 11:00:00+05:30,NIFTY26MAYFUT,NSE:NIFTY26MAYFUT,23470.9,23473.2,23450.0,23456.0,47255.0,16977805.0,2026-05-26,2026-05-26,MAY 2026
2026-05-18 11:05:00+05:30,NIFTY26MAYFUT,NSE:NIFTY26MAYFUT,23456.0,23480.0,23456.0,23478.0,97045.0,16944850.0,2026-05-26,2026-05-26,MAY 2026
2026-05-18 11:10:00+05:30,NIFTY26MAYFUT,NSE:NIFTY26MAYFUT,23472.5,23479.8,23450.0,23469.9,42835.0,16938610.0,2026-05-26,2026-05-26,MAY 2026
2026-05-18 11:15:00+05:30,NIFTY26MAYFUT,NSE:NIFTY26MAYFUT,23469.9,23495.0,23462.8,23493.6,53820.0,16876080.0,2026-05-26,2026-05-26,MAY 2026
2026-05-18 11:20:00+05:30,NIFTY26MAYFUT,NSE:NIFTY26MAYFUT,23490.0,23537.1,23468.7,23525.0,159250.0,16847675.0,2026-05-26,2026-05-26,MAY 2026
2026-05-18 11:25:00+05:30,NIFTY26MAYFUT,NSE:NIFTY26MAYFUT,23525.0,23529.8,23490.0,23492.1,56550.0,16850860.0,2026-05-26,2026-05-26,MAY 2026
2026-05-18 11:30:00+05:30,NIFTY26MAYFUT,NSE:NIFTY26MAYFUT,23490.0,23535.0,23490.0,23530.0,55835.0,16829020.0,2026-05-26,2026-05-26,MAY 2026
2026-05-18 11:35:00+05:30,NIFTY26MAYFUT,NSE:NIFTY26MAYFUT,23530.0,23570.0,23522.9,23566.0,116220.0,16833505.0,2026-05-26,2026-05-26,MAY 2026
2026-05-18 11:40:00+05:30,NIFTY26MAYFUT,NSE:NIFTY26MAYFUT,23563.0,23570.0,23518.4,23536.0,75140.0,16838185.0,2026-05-26,2026-05-26,MAY 2026
2026-05-18 11:45:00+05:30,NIFTY26MAYFUT,NSE:NIFTY26MAYFUT,23536.0,23542.0,23492.6,23504.2,53690.0,16842735.0,2026-05-26,2026-05-26,MAY 2026
2026-05-18 11:50:00+05:30,NIFTY26MAYFUT,NSE:NIFTY26MAYFUT,23503.1,23506.6,23490.0,23490.0,33410.0,16822520.0,2026-05-26,2026-05-26,MAY 2026
2026-05-18 11:55:00+05:30,NIFTY26MAYFUT,NSE:NIFTY26MAYFUT,23490.0,23509.0,23466.0,23466.1,45305.0,16826485.0,2026-05-26,2026-05-26,MAY 2026
2026-05-18 12:00:00+05:30,NIFTY26MAYFUT,NSE:NIFTY26MAYFUT,23465.6,23480.0,23458.0,23472.0,39650.0,16827395.0,2026-05-26,2026-05-26,MAY 2026
2026-05-18 12:05:00+05:30,NIFTY26MAYFUT,NSE:NIFTY26MAYFUT,23473.0,23500.5,23472.0,23491.0,30550.0,16809065.0,2026-05-26,2026-05-26,MAY 2026
2026-05-18 12:10:00+05:30,NIFTY26MAYFUT,NSE:NIFTY26MAYFUT,23491.1,23525.0,23490.0,23525.0,50375.0,16770195.0,2026-05-26,2026-05-26,MAY 2026
2026-05-18 12:15:00+05:30,NIFTY26MAYFUT,NSE:NIFTY26MAYFUT,23525.0,23541.0,23511.6,23517.8,42900.0,16740100.0,2026-05-26,2026-05-26,MAY 2026
2026-05-18 12:20:00+05:30,NIFTY26MAYFUT,NSE:NIFTY26MAYFUT,23519.1,23535.0,23513.3,23534.9,16315.0,16723525.0,2026-05-26,2026-05-26,MAY 2026
2026-05-18 12:25:00+05:30,NIFTY26MAYFUT,NSE:NIFTY26MAYFUT,23535.7,23560.0,23531.2,23555.0,50830.0,16714165.0,2026-05-26,2026-05-26,MAY 2026
2026-05-18 12:30:00+05:30,NIFTY26MAYFUT,NSE:NIFTY26MAYFUT,23559.0,23592.5,23554.8,23587.6,239005.0,16692195.0,2026-05-26,2026-05-26,MAY 2026
2026-05-18 12:35:00+05:30,NIFTY26MAYFUT,NSE:NIFTY26MAYFUT,23586.5,23608.0,23586.4,23601.5,96330.0,16705650.0,2026-05-26,2026-05-26,MAY 2026
2026-05-18 12:40:00+05:30,NIFTY26MAYFUT,NSE:NIFTY26MAYFUT,23595.0,23603.6,23566.1,23576.7,59475.0,16718520.0,2026-05-26,2026-05-26,MAY 2026
2026-05-18 12:45:00+05:30,NIFTY26MAYFUT,NSE:NIFTY26MAYFUT,23573.5,23578.0,23563.3,23570.0,40105.0,16727880.0,2026-05-26,2026-05-26,MAY 2026
2026-05-18 12:50:00+05:30,NIFTY26MAYFUT,NSE:NIFTY26MAYFUT,23566.0,23597.8,23566.0,23585.0,40365.0,16693365.0,2026-05-26,2026-05-26,MAY 2026
2026-05-18 12:55:00+05:30,NIFTY26MAYFUT,NSE:NIFTY26MAYFUT,23585.0,23644.0,23585.0,23640.0,150410.0,16686280.0,2026-05-26,2026-05-26,MAY 2026
2026-05-18 13:00:00+05:30,NIFTY26MAYFUT,NSE:NIFTY26MAYFUT,23639.7,23668.0,23635.0,23644.5,191555.0,16664570.0,2026-05-26,2026-05-26,MAY 2026
2026-05-18 13:05:00+05:30,NIFTY26MAYFUT,NSE:NIFTY26MAYFUT,23645.6,23650.0,23602.0,23606.3,118430.0,16657745.0,2026-05-26,2026-05-26,MAY 2026
2026-05-18 13:10:00+05:30,NIFTY26MAYFUT,NSE:NIFTY26MAYFUT,23607.1,23617.5,23590.1,23616.5,36335.0,16646435.0,2026-05-26,2026-05-26,MAY 2026
2026-05-18 13:15:00+05:30,NIFTY26MAYFUT,NSE:NIFTY26MAYFUT,23616.5,23639.1,23608.3,23615.0,30420.0,16647020.0,2026-05-26,2026-05-26,MAY 2026
2026-05-18 13:20:00+05:30,NIFTY26MAYFUT,NSE:NIFTY26MAYFUT,23615.0,23629.5,23585.6,23629.5,32630.0,16629015.0,2026-05-26,2026-05-26,MAY 2026
2026-05-18 13:25:00+05:30,NIFTY26MAYFUT,NSE:NIFTY26MAYFUT,23629.5,23638.5,23601.0,23616.0,17290.0,16631290.0,2026-05-26,2026-05-26,MAY 2026
2026-05-18 13:30:00+05:30,NIFTY26MAYFUT,NSE:NIFTY26MAYFUT,23620.0,23635.0,23610.0,23625.0,22360.0,16633110.0,2026-05-26,2026-05-26,MAY 2026
2026-05-18 13:35:00+05:30,NIFTY26MAYFUT,NSE:NIFTY26MAYFUT,23626.1,23636.5,23607.8,23607.8,45240.0,16642210.0,2026-05-26,2026-05-26,MAY 2026
2026-05-18 13:40:00+05:30,NIFTY26MAYFUT,NSE:NIFTY26MAYFUT,23610.4,23636.6,23590.9,23616.6,27755.0,16654040.0,2026-05-26,2026-05-26,MAY 2026
2026-05-18 13:45:00+05:30,NIFTY26MAYFUT,NSE:NIFTY26MAYFUT,23616.6,23625.0,23600.1,23625.0,26260.0,16658590.0,2026-05-26,2026-05-26,MAY 2026
2026-05-18 13:50:00+05:30,NIFTY26MAYFUT,NSE:NIFTY26MAYFUT,23617.3,23648.9,23617.3,23640.0,53170.0,16662230.0,2026-05-26,2026-05-26,MAY 2026
2026-05-18 13:55:00+05:30,NIFTY26MAYFUT,NSE:NIFTY26MAYFUT,23644.5,23664.9,23630.7,23648.9,45045.0,16659890.0,2026-05-26,2026-05-26,MAY 2026
2026-05-18 14:00:00+05:30,NIFTY26MAYFUT,NSE:NIFTY26MAYFUT,23649.0,23659.0,23625.0,23644.0,29445.0,16658785.0,2026-05-26,2026-05-26,MAY 2026
2026-05-18 14:05:00+05:30,NIFTY26MAYFUT,NSE:NIFTY26MAYFUT,23644.0,23648.0,23608.0,23609.0,30745.0,16659890.0,2026-05-26,2026-05-26,MAY 2026
2026-05-18 14:10:00+05:30,NIFTY26MAYFUT,NSE:NIFTY26MAYFUT,23609.0,23634.6,23605.0,23612.1,27235.0,16651310.0,2026-05-26,2026-05-26,MAY 2026
2026-05-18 14:15:00+05:30,NIFTY26MAYFUT,NSE:NIFTY26MAYFUT,23614.1,23615.0,23590.0,23609.0,26585.0,16651635.0,2026-05-26,2026-05-26,MAY 2026
2026-05-18 14:20:00+05:30,NIFTY26MAYFUT,NSE:NIFTY26MAYFUT,23604.1,23614.0,23591.0,23591.0,17355.0,16648775.0,2026-05-26,2026-05-26,MAY 2026
2026-05-18 14:25:00+05:30,NIFTY26MAYFUT,NSE:NIFTY26MAYFUT,23591.0,23624.4,23580.0,23613.0,33670.0,16655795.0,2026-05-26,2026-05-26,MAY 2026
2026-05-18 14:30:00+05:30,NIFTY26MAYFUT,NSE:NIFTY26MAYFUT,23613.0,23620.0,23584.5,23585.4,19110.0,16646955.0,2026-05-26,2026-05-26,MAY 2026
2026-05-18 14:35:00+05:30,NIFTY26MAYFUT,NSE:NIFTY26MAYFUT,23595.0,23608.5,23581.0,23583.0,29120.0,16648385.0,2026-05-26,2026-05-26,MAY 2026
2026-05-18 14:40:00+05:30,NIFTY26MAYFUT,NSE:NIFTY26MAYFUT,23584.0,23619.0,23580.1,23605.0,60580.0,16666910.0,2026-05-26,2026-05-26,MAY 2026
2026-05-18 14:45:00+05:30,NIFTY26MAYFUT,NSE:NIFTY26MAYFUT,23612.9,23618.0,23586.3,23588.0,33540.0,16660280.0,2026-05-26,2026-05-26,MAY 2026
2026-05-18 14:50:00+05:30,NIFTY26MAYFUT,NSE:NIFTY26MAYFUT,23585.1,23599.0,23581.9,23594.9,29575.0,16664765.0,2026-05-26,2026-05-26,MAY 2026
2026-05-18 14:55:00+05:30,NIFTY26MAYFUT,NSE:NIFTY26MAYFUT,23591.0,23598.4,23576.4,23584.1,39455.0,16659565.0,2026-05-26,2026-05-26,MAY 2026
2026-05-18 15:00:00+05:30,NIFTY26MAYFUT,NSE:NIFTY26MAYFUT,23584.1,23712.7,23581.0,23662.1,401375.0,16594435.0,2026-05-26,2026-05-26,MAY 2026
2026-05-18 15:05:00+05:30,NIFTY26MAYFUT,NSE:NIFTY26MAYFUT,23667.0,23687.6,23616.0,23630.0,88530.0,16600610.0,2026-05-26,2026-05-26,MAY 2026
2026-05-18 15:10:00+05:30,NIFTY26MAYFUT,NSE:NIFTY26MAYFUT,23628.5,23649.0,23623.1,23635.0,64610.0,16594955.0,2026-05-26,2026-05-26,MAY 2026
2026-05-18 15:15:00+05:30,NIFTY26MAYFUT,NSE:NIFTY26MAYFUT,23631.0,23638.9,23615.0,23631.2,46150.0,16569280.0,2026-05-26,2026-05-26,MAY 2026
2026-05-18 15:20:00+05:30,NIFTY26MAYFUT,NSE:NIFTY26MAYFUT,23624.0,23666.8,23622.1,23660.0,104910.0,16574480.0,2026-05-26,2026-05-26,MAY 2026
2026-05-18 15:25:00+05:30,NIFTY26MAYFUT,NSE:NIFTY26MAYFUT,23662.0,23662.0,23630.2,23659.0,134420.0,16578120.0,2026-05-26,2026-05-26,MAY 2026
2026-05-19 09:15:00+05:30,NIFTY26MAYFUT,NSE:NIFTY26MAYFUT,23665.0,23720.0,23658.0,23719.0,245245.0,16110835.0,2026-05-26,2026-05-26,MAY 2026
2026-05-19 09:20:00+05:30,NIFTY26MAYFUT,NSE:NIFTY26MAYFUT,23719.9,23740.4,23706.5,23740.4,152100.0,16118505.0,2026-05-26,2026-05-26,MAY 2026
2026-05-19 09:25:00+05:30,NIFTY26MAYFUT,NSE:NIFTY26MAYFUT,23740.4,23746.4,23728.8,23743.2,80210.0,16112590.0,2026-05-26,2026-05-26,MAY 2026
2026-05-19 09:30:00+05:30,NIFTY26MAYFUT,NSE:NIFTY26MAYFUT,23746.5,23750.0,23678.0,23680.4,131950.0,16123055.0,2026-05-26,2026-05-26,MAY 2026
2026-05-19 09:35:00+05:30,NIFTY26MAYFUT,NSE:NIFTY26MAYFUT,23676.0,23696.5,23635.1,23696.0,127205.0,16147495.0,2026-05-26,2026-05-26,MAY 2026
2026-05-19 09:40:00+05:30,NIFTY26MAYFUT,NSE:NIFTY26MAYFUT,23696.0,23750.0,23690.1,23740.0,109005.0,16153540.0,2026-05-26,2026-05-26,MAY 2026
2026-05-19 09:45:00+05:30,NIFTY26MAYFUT,NSE:NIFTY26MAYFUT,23745.0,23746.0,23683.2,23697.0,70070.0,16161275.0,2026-05-26,2026-05-26,MAY 2026
2026-05-19 09:50:00+05:30,NIFTY26MAYFUT,NSE:NIFTY26MAYFUT,23693.8,23712.9,23679.0,23690.0,30940.0,16161080.0,2026-05-26,2026-05-26,MAY 2026
2026-05-19 09:55:00+05:30,NIFTY26MAYFUT,NSE:NIFTY26MAYFUT,23690.0,23701.5,23669.0,23669.0,80210.0,16188835.0,2026-05-26,2026-05-26,MAY 2026
2026-05-19 10:00:00+05:30,NIFTY26MAYFUT,NSE:NIFTY26MAYFUT,23670.0,23721.4,23662.2,23695.0,43030.0,16184870.0,2026-05-26,2026-05-26,MAY 2026
2026-05-19 10:05:00+05:30,NIFTY26MAYFUT,NSE:NIFTY26MAYFUT,23688.8,23723.5,23686.9,23718.0,36725.0,16170570.0,2026-05-26,2026-05-26,MAY 2026
2026-05-19 10:10:00+05:30,NIFTY26MAYFUT,NSE:NIFTY26MAYFUT,23715.0,23761.0,23707.8,23745.7,83720.0,16169270.0,2026-05-26,2026-05-26,MAY 2026
2026-05-19 10:15:00+05:30,NIFTY26MAYFUT,NSE:NIFTY26MAYFUT,23745.0,23755.0,23716.0,23716.0,31200.0,16157960.0,2026-05-26,2026-05-26,MAY 2026
2026-05-19 10:20:00+05:30,NIFTY26MAYFUT,NSE:NIFTY26MAYFUT,23715.3,23738.9,23711.3,23730.0,23010.0,16157310.0,2026-05-26,2026-05-26,MAY 2026
2026-05-19 10:25:00+05:30,NIFTY26MAYFUT,NSE:NIFTY26MAYFUT,23730.0,23753.1,23729.2,23737.0,18070.0,16152240.0,2026-05-26,2026-05-26,MAY 2026
2026-05-19 10:30:00+05:30,NIFTY26MAYFUT,NSE:NIFTY26MAYFUT,23747.0,23749.0,23720.0,23725.0,14820.0,16152500.0,2026-05-26,2026-05-26,MAY 2026
2026-05-19 10:35:00+05:30,NIFTY26MAYFUT,NSE:NIFTY26MAYFUT,23725.0,23745.0,23724.3,23738.9,10075.0,16155620.0,2026-05-26,2026-05-26,MAY 2026
2026-05-19 10:40:00+05:30,NIFTY26MAYFUT,NSE:NIFTY26MAYFUT,23738.9,23760.0,23732.8,23755.0,46865.0,16126045.0,2026-05-26,2026-05-26,MAY 2026
2026-05-19 10:45:00+05:30,NIFTY26MAYFUT,NSE:NIFTY26MAYFUT,23758.4,23777.0,23735.6,23754.2,88790.0,16119155.0,2026-05-26,2026-05-26,MAY 2026
2026-05-19 10:50:00+05:30,NIFTY26MAYFUT,NSE:NIFTY26MAYFUT,23750.1,23761.0,23710.0,23720.1,45370.0,16111225.0,2026-05-26,2026-05-26,MAY 2026
2026-05-19 10:55:00+05:30,NIFTY26MAYFUT,NSE:NIFTY26MAYFUT,23727.0,23775.0,23722.1,23765.0,36010.0,16112005.0,2026-05-26,2026-05-26,MAY 2026
2026-05-19 11:00:00+05:30,NIFTY26MAYFUT,NSE:NIFTY26MAYFUT,23763.0,23770.3,23728.0,23744.6,83200.0,16143465.0,2026-05-26,2026-05-26,MAY 2026
2026-05-19 11:05:00+05:30,NIFTY26MAYFUT,NSE:NIFTY26MAYFUT,23744.4,23747.0,23728.0,23735.0,34385.0,16159975.0,2026-05-26,2026-05-26,MAY 2026
2026-05-19 11:10:00+05:30,NIFTY26MAYFUT,NSE:NIFTY26MAYFUT,23735.4,23741.4,23701.6,23701.6,36205.0,16170115.0,2026-05-26,2026-05-26,MAY 2026
2026-05-19 11:15:00+05:30,NIFTY26MAYFUT,NSE:NIFTY26MAYFUT,23701.6,23710.0,23682.5,23690.5,45435.0,16170635.0,2026-05-26,2026-05-26,MAY 2026
2026-05-19 11:20:00+05:30,NIFTY26MAYFUT,NSE:NIFTY26MAYFUT,23700.7,23711.9,23683.8,23706.7,18590.0,16173495.0,2026-05-26,2026-05-26,MAY 2026
2026-05-19 11:25:00+05:30,NIFTY26MAYFUT,NSE:NIFTY26MAYFUT,23700.0,23720.9,23695.0,23720.0,12025.0,16176290.0,2026-05-26,2026-05-26,MAY 2026
2026-05-19 11:30:00+05:30,NIFTY26MAYFUT,NSE:NIFTY26MAYFUT,23720.9,23721.9,23691.3,23706.8,14755.0,16181555.0,2026-05-26,2026-05-26,MAY 2026
2026-05-19 11:35:00+05:30,NIFTY26MAYFUT,NSE:NIFTY26MAYFUT,23708.4,23720.0,23693.0,23709.5,26390.0,16184935.0,2026-05-26,2026-05-26,MAY 2026
2026-05-19 11:40:00+05:30,NIFTY26MAYFUT,NSE:NIFTY26MAYFUT,23719.9,23749.9,23713.9,23740.0,20995.0,16183115.0,2026-05-26,2026-05-26,MAY 2026
2026-05-19 11:45:00+05:30,NIFTY26MAYFUT,NSE:NIFTY26MAYFUT,23740.0,23755.0,23730.1,23743.8,20020.0,16179085.0,2026-05-26,2026-05-26,MAY 2026
2026-05-19 11:50:00+05:30,NIFTY26MAYFUT,NSE:NIFTY26MAYFUT,23749.0,23754.9,23740.8,23753.0,13845.0,16177330.0,2026-05-26,2026-05-26,MAY 2026
2026-05-19 11:55:00+05:30,NIFTY26MAYFUT,NSE:NIFTY26MAYFUT,23750.0,23765.0,23740.5,23743.1,19890.0,16176940.0,2026-05-26,2026-05-26,MAY 2026
2026-05-19 12:00:00+05:30,NIFTY26MAYFUT,NSE:NIFTY26MAYFUT,23743.1,23755.0,23728.5,23739.4,29510.0,16183115.0,2026-05-26,2026-05-26,MAY 2026
2026-05-19 12:05:00+05:30,NIFTY26MAYFUT,NSE:NIFTY26MAYFUT,23739.4,23745.8,23730.0,23743.0,8190.0,16184415.0,2026-05-26,2026-05-26,MAY 2026
2026-05-19 12:10:00+05:30,NIFTY26MAYFUT,NSE:NIFTY26MAYFUT,23743.0,23749.7,23733.5,23740.0,18330.0,16185390.0,2026-05-26,2026-05-26,MAY 2026
2026-05-19 12:15:00+05:30,NIFTY26MAYFUT,NSE:NIFTY26MAYFUT,23740.0,23749.1,23720.1,23732.8,12935.0,16185715.0,2026-05-26,2026-05-26,MAY 2026
2026-05-19 12:20:00+05:30,NIFTY26MAYFUT,NSE:NIFTY26MAYFUT,23732.8,23749.0,23720.5,23729.0,5980.0,16188380.0,2026-05-26,2026-05-26,MAY 2026
2026-05-19 12:25:00+05:30,NIFTY26MAYFUT,NSE:NIFTY26MAYFUT,23729.0,23745.0,23720.0,23740.0,14625.0,16193710.0,2026-05-26,2026-05-26,MAY 2026
2026-05-19 12:30:00+05:30,NIFTY26MAYFUT,NSE:NIFTY26MAYFUT,23740.0,23742.5,23721.3,23732.0,7540.0,16178435.0,2026-05-26,2026-05-26,MAY 2026
2026-05-19 12:35:00+05:30,NIFTY26MAYFUT,NSE:NIFTY26MAYFUT,23732.0,23738.9,23721.6,23734.0,8710.0,16178240.0,2026-05-26,2026-05-26,MAY 2026
2026-05-19 12:40:00+05:30,NIFTY26MAYFUT,NSE:NIFTY26MAYFUT,23734.0,23740.0,23723.9,23731.0,6955.0,16180840.0,2026-05-26,2026-05-26,MAY 2026
2026-05-19 12:45:00+05:30,NIFTY26MAYFUT,NSE:NIFTY26MAYFUT,23737.0,23740.0,23711.3,23721.6,17290.0,16182920.0,2026-05-26,2026-05-26,MAY 2026
2026-05-19 12:50:00+05:30,NIFTY26MAYFUT,NSE:NIFTY26MAYFUT,23722.0,23726.4,23712.4,23718.4,21580.0,16183570.0,2026-05-26,2026-05-26,MAY 2026
2026-05-19 12:55:00+05:30,NIFTY26MAYFUT,NSE:NIFTY26MAYFUT,23716.0,23726.5,23715.0,23715.0,8840.0,16183505.0,2026-05-26,2026-05-26,MAY 2026
2026-05-19 13:00:00+05:30,NIFTY26MAYFUT,NSE:NIFTY26MAYFUT,23715.0,23730.0,23706.3,23710.0,12480.0,16181230.0,2026-05-26,2026-05-26,MAY 2026
2026-05-19 13:05:00+05:30,NIFTY26MAYFUT,NSE:NIFTY26MAYFUT,23710.0,23733.0,23705.0,23723.0,15015.0,16180515.0,2026-05-26,2026-05-26,MAY 2026
2026-05-19 13:10:00+05:30,NIFTY26MAYFUT,NSE:NIFTY26MAYFUT,23730.3,23730.8,23708.0,23710.0,8645.0,16182075.0,2026-05-26,2026-05-26,MAY 2026
2026-05-19 13:15:00+05:30,NIFTY26MAYFUT,NSE:NIFTY26MAYFUT,23710.0,23748.6,23707.2,23726.0,27755.0,16184480.0,2026-05-26,2026-05-26,MAY 2026
2026-05-19 13:20:00+05:30,NIFTY26MAYFUT,NSE:NIFTY26MAYFUT,23737.0,23740.0,23721.2,23727.7,38870.0,16207685.0,2026-05-26,2026-05-26,MAY 2026
2026-05-19 13:25:00+05:30,NIFTY26MAYFUT,NSE:NIFTY26MAYFUT,23732.5,23742.7,23724.0,23732.0,10465.0,16208725.0,2026-05-26,2026-05-26,MAY 2026
2026-05-19 13:30:00+05:30,NIFTY26MAYFUT,NSE:NIFTY26MAYFUT,23735.0,23741.9,23725.4,23728.0,8710.0,16209570.0,2026-05-26,2026-05-26,MAY 2026
2026-05-19 13:35:00+05:30,NIFTY26MAYFUT,NSE:NIFTY26MAYFUT,23728.0,23736.0,23681.0,23701.6,45565.0,16208660.0,2026-05-26,2026-05-26,MAY 2026
2026-05-19 13:40:00+05:30,NIFTY26MAYFUT,NSE:NIFTY26MAYFUT,23697.0,23708.0,23690.0,23692.0,20930.0,16210870.0,2026-05-26,2026-05-26,MAY 2026
2026-05-19 13:45:00+05:30,NIFTY26MAYFUT,NSE:NIFTY26MAYFUT,23698.4,23726.9,23691.0,23712.7,46345.0,16195400.0,2026-05-26,2026-05-26,MAY 2026
2026-05-19 13:50:00+05:30,NIFTY26MAYFUT,NSE:NIFTY26MAYFUT,23701.1,23715.0,23695.5,23698.2,40885.0,16179475.0,2026-05-26,2026-05-26,MAY 2026
2026-05-19 13:55:00+05:30,NIFTY26MAYFUT,NSE:NIFTY26MAYFUT,23698.1,23698.1,23670.9,23687.9,41080.0,16176355.0,2026-05-26,2026-05-26,MAY 2026
2026-05-19 14:00:00+05:30,NIFTY26MAYFUT,NSE:NIFTY26MAYFUT,23682.7,23726.2,23675.3,23719.9,77545.0,16158155.0,2026-05-26,2026-05-26,MAY 2026
2026-05-19 14:05:00+05:30,NIFTY26MAYFUT,NSE:NIFTY26MAYFUT,23715.0,23725.0,23707.1,23707.1,20800.0,16158675.0,2026-05-26,2026-05-26,MAY 2026
2026-05-19 14:10:00+05:30,NIFTY26MAYFUT,NSE:NIFTY26MAYFUT,23712.0,23725.0,23704.2,23718.0,15470.0,16159065.0,2026-05-26,2026-05-26,MAY 2026
2026-05-19 14:15:00+05:30,NIFTY26MAYFUT,NSE:NIFTY26MAYFUT,23718.0,23736.6,23715.0,23728.9,14690.0,16159195.0,2026-05-26,2026-05-26,MAY 2026
2026-05-19 14:20:00+05:30,NIFTY26MAYFUT,NSE:NIFTY26MAYFUT,23730.0,23730.0,23705.0,23706.0,15665.0,16159130.0,2026-05-26,2026-05-26,MAY 2026
2026-05-19 14:25:00+05:30,NIFTY26MAYFUT,NSE:NIFTY26MAYFUT,23705.5,23722.8,23702.1,23709.0,12350.0,16156790.0,2026-05-26,2026-05-26,MAY 2026
2026-05-19 14:30:00+05:30,NIFTY26MAYFUT,NSE:NIFTY26MAYFUT,23712.6,23712.6,23691.0,23695.0,12675.0,16154775.0,2026-05-26,2026-05-26,MAY 2026
2026-05-19 14:35:00+05:30,NIFTY26MAYFUT,NSE:NIFTY26MAYFUT,23693.2,23698.4,23677.0,23685.0,19175.0,16159715.0,2026-05-26,2026-05-26,MAY 2026
2026-05-19 14:40:00+05:30,NIFTY26MAYFUT,NSE:NIFTY26MAYFUT,23688.0,23693.0,23650.0,23655.8,68705.0,16165760.0,2026-05-26,2026-05-26,MAY 2026
2026-05-19 14:45:00+05:30,NIFTY26MAYFUT,NSE:NIFTY26MAYFUT,23651.4,23655.8,23627.0,23647.9,93860.0,16167515.0,2026-05-26,2026-05-26,MAY 2026
2026-05-19 14:50:00+05:30,NIFTY26MAYFUT,NSE:NIFTY26MAYFUT,23648.0,23659.9,23640.9,23656.0,32305.0,16169270.0,2026-05-26,2026-05-26,MAY 2026
2026-05-19 14:55:00+05:30,NIFTY26MAYFUT,NSE:NIFTY26MAYFUT,23658.9,23664.2,23647.9,23655.0,33930.0,16174340.0,2026-05-26,2026-05-26,MAY 2026
2026-05-19 15:00:00+05:30,NIFTY26MAYFUT,NSE:NIFTY26MAYFUT,23657.7,23664.0,23621.2,23627.7,69485.0,16180710.0,2026-05-26,2026-05-26,MAY 2026
2026-05-19 15:05:00+05:30,NIFTY26MAYFUT,NSE:NIFTY26MAYFUT,23630.0,23645.6,23622.0,23625.0,51025.0,16188250.0,2026-05-26,2026-05-26,MAY 2026
2026-05-19 15:10:00+05:30,NIFTY26MAYFUT,NSE:NIFTY26MAYFUT,23629.6,23629.6,23605.6,23618.0,64935.0,16190200.0,2026-05-26,2026-05-26,MAY 2026
2026-05-19 15:15:00+05:30,NIFTY26MAYFUT,NSE:NIFTY26MAYFUT,23618.0,23620.1,23576.5,23604.0,193310.0,16231930.0,2026-05-26,2026-05-26,MAY 2026
2026-05-19 15:20:00+05:30,NIFTY26MAYFUT,NSE:NIFTY26MAYFUT,23596.1,23604.9,23583.4,23593.2,79690.0,16254030.0,2026-05-26,2026-05-26,MAY 2026
2026-05-19 15:25:00+05:30,NIFTY26MAYFUT,NSE:NIFTY26MAYFUT,23593.1,23612.2,23592.0,23605.0,119860.0,16250520.0,2026-05-26,2026-05-26,MAY 2026
2026-05-20 09:15:00+05:30,NIFTY26MAYFUT,NSE:NIFTY26MAYFUT,23420.0,23456.0,23386.6,23447.0,287040.0,15928510.0,2026-05-26,2026-05-26,MAY 2026
2026-05-20 09:20:00+05:30,NIFTY26MAYFUT,NSE:NIFTY26MAYFUT,23445.0,23452.5,23430.0,23441.0,94315.0,15937675.0,2026-05-26,2026-05-26,MAY 2026
2026-05-20 09:25:00+05:30,NIFTY26MAYFUT,NSE:NIFTY26MAYFUT,23443.3,23468.0,23436.2,23460.0,83460.0,15954705.0,2026-05-26,2026-05-26,MAY 2026
2026-05-20 09:30:00+05:30,NIFTY26MAYFUT,NSE:NIFTY26MAYFUT,23460.0,23510.0,23454.0,23501.0,107770.0,15938715.0,2026-05-26,2026-05-26,MAY 2026
2026-05-20 09:35:00+05:30,NIFTY26MAYFUT,NSE:NIFTY26MAYFUT,23508.0,23523.0,23495.0,23523.0,112710.0,15908685.0,2026-05-26,2026-05-26,MAY 2026
2026-05-20 09:40:00+05:30,NIFTY26MAYFUT,NSE:NIFTY26MAYFUT,23524.0,23525.0,23482.0,23514.4,74425.0,15897180.0,2026-05-26,2026-05-26,MAY 2026
2026-05-20 09:45:00+05:30,NIFTY26MAYFUT,NSE:NIFTY26MAYFUT,23514.5,23530.2,23495.0,23508.0,50505.0,15893540.0,2026-05-26,2026-05-26,MAY 2026
2026-05-20 09:50:00+05:30,NIFTY26MAYFUT,NSE:NIFTY26MAYFUT,23504.0,23525.0,23501.0,23515.0,21060.0,15894190.0,2026-05-26,2026-05-26,MAY 2026
2026-05-20 09:55:00+05:30,NIFTY26MAYFUT,NSE:NIFTY26MAYFUT,23504.4,23536.0,23500.0,23532.0,55770.0,15881775.0,2026-05-26,2026-05-26,MAY 2026
2026-05-20 10:00:00+05:30,NIFTY26MAYFUT,NSE:NIFTY26MAYFUT,23529.6,23533.0,23476.0,23485.3,35490.0,15882685.0,2026-05-26,2026-05-26,MAY 2026
2026-05-20 10:05:00+05:30,NIFTY26MAYFUT,NSE:NIFTY26MAYFUT,23489.0,23495.0,23468.6,23493.0,30485.0,15888405.0,2026-05-26,2026-05-26,MAY 2026
2026-05-20 10:10:00+05:30,NIFTY26MAYFUT,NSE:NIFTY26MAYFUT,23484.1,23500.0,23472.9,23485.0,15210.0,15893345.0,2026-05-26,2026-05-26,MAY 2026
2026-05-20 10:15:00+05:30,NIFTY26MAYFUT,NSE:NIFTY26MAYFUT,23490.5,23500.0,23476.1,23483.6,14495.0,15896140.0,2026-05-26,2026-05-26,MAY 2026
2026-05-20 10:20:00+05:30,NIFTY26MAYFUT,NSE:NIFTY26MAYFUT,23494.4,23499.1,23460.3,23461.4,22035.0,15897310.0,2026-05-26,2026-05-26,MAY 2026
2026-05-20 10:25:00+05:30,NIFTY26MAYFUT,NSE:NIFTY26MAYFUT,23460.3,23516.9,23455.1,23515.0,30745.0,15891590.0,2026-05-26,2026-05-26,MAY 2026
2026-05-20 10:30:00+05:30,NIFTY26MAYFUT,NSE:NIFTY26MAYFUT,23515.0,23567.8,23515.0,23560.0,107380.0,15885220.0,2026-05-26,2026-05-26,MAY 2026
2026-05-20 10:35:00+05:30,NIFTY26MAYFUT,NSE:NIFTY26MAYFUT,23566.3,23575.0,23555.0,23564.9,45175.0,15897050.0,2026-05-26,2026-05-26,MAY 2026
2026-05-20 10:40:00+05:30,NIFTY26MAYFUT,NSE:NIFTY26MAYFUT,23559.8,23562.0,23531.0,23538.2,60775.0,15897505.0,2026-05-26,2026-05-26,MAY 2026
2026-05-20 10:45:00+05:30,NIFTY26MAYFUT,NSE:NIFTY26MAYFUT,23538.2,23538.2,23490.2,23495.0,58240.0,15890095.0,2026-05-26,2026-05-26,MAY 2026
2026-05-20 10:50:00+05:30,NIFTY26MAYFUT,NSE:NIFTY26MAYFUT,23497.9,23535.0,23494.6,23535.0,47320.0,15902055.0,2026-05-26,2026-05-26,MAY 2026
2026-05-20 10:55:00+05:30,NIFTY26MAYFUT,NSE:NIFTY26MAYFUT,23540.0,23546.0,23525.8,23536.5,24895.0,15914470.0,2026-05-26,2026-05-26,MAY 2026
2026-05-20 11:00:00+05:30,NIFTY26MAYFUT,NSE:NIFTY26MAYFUT,23539.0,23571.0,23539.0,23556.0,51935.0,15929810.0,2026-05-26,2026-05-26,MAY 2026
2026-05-20 11:05:00+05:30,NIFTY26MAYFUT,NSE:NIFTY26MAYFUT,23556.0,23575.0,23555.6,23565.2,30810.0,15940730.0,2026-05-26,2026-05-26,MAY 2026
2026-05-20 11:10:00+05:30,NIFTY26MAYFUT,NSE:NIFTY26MAYFUT,23569.0,23574.0,23550.0,23552.3,11570.0,15941315.0,2026-05-26,2026-05-26,MAY 2026
2026-05-20 11:15:00+05:30,NIFTY26MAYFUT,NSE:NIFTY26MAYFUT,23559.8,23560.0,23545.9,23555.7,15665.0,15948270.0,2026-05-26,2026-05-26,MAY 2026
2026-05-20 11:20:00+05:30,NIFTY26MAYFUT,NSE:NIFTY26MAYFUT,23555.1,23602.5,23550.1,23576.0,89505.0,15965690.0,2026-05-26,2026-05-26,MAY 2026
2026-05-20 11:25:00+05:30,NIFTY26MAYFUT,NSE:NIFTY26MAYFUT,23578.7,23596.7,23571.8,23583.2,28275.0,15968745.0,2026-05-26,2026-05-26,MAY 2026
2026-05-20 11:30:00+05:30,NIFTY26MAYFUT,NSE:NIFTY26MAYFUT,23592.0,23604.7,23575.1,23585.0,98995.0,15984995.0,2026-05-26,2026-05-26,MAY 2026
2026-05-20 11:35:00+05:30,NIFTY26MAYFUT,NSE:NIFTY26MAYFUT,23585.0,23600.0,23578.0,23590.0,20280.0,15984540.0,2026-05-26,2026-05-26,MAY 2026
2026-05-20 11:40:00+05:30,NIFTY26MAYFUT,NSE:NIFTY26MAYFUT,23590.0,23600.0,23580.0,23590.0,21710.0,15990325.0,2026-05-26,2026-05-26,MAY 2026
2026-05-20 11:45:00+05:30,NIFTY26MAYFUT,NSE:NIFTY26MAYFUT,23590.0,23647.6,23590.0,23635.0,149500.0,15962895.0,2026-05-26,2026-05-26,MAY 2026
2026-05-20 11:50:00+05:30,NIFTY26MAYFUT,NSE:NIFTY26MAYFUT,23635.0,23642.9,23604.0,23614.0,69290.0,15976805.0,2026-05-26,2026-05-26,MAY 2026
2026-05-20 11:55:00+05:30,NIFTY26MAYFUT,NSE:NIFTY26MAYFUT,23609.7,23620.0,23600.0,23605.0,41535.0,15994680.0,2026-05-26,2026-05-26,MAY 2026
2026-05-20 12:00:00+05:30,NIFTY26MAYFUT,NSE:NIFTY26MAYFUT,23605.0,23610.0,23580.0,23580.0,33085.0,15999425.0,2026-05-26,2026-05-26,MAY 2026
2026-05-20 12:05:00+05:30,NIFTY26MAYFUT,NSE:NIFTY26MAYFUT,23580.0,23589.0,23565.2,23571.0,31720.0,15993055.0,2026-05-26,2026-05-26,MAY 2026
2026-05-20 12:10:00+05:30,NIFTY26MAYFUT,NSE:NIFTY26MAYFUT,23574.7,23580.0,23560.0,23568.5,20020.0,15992535.0,2026-05-26,2026-05-26,MAY 2026
2026-05-20 12:15:00+05:30,NIFTY26MAYFUT,NSE:NIFTY26MAYFUT,23563.1,23595.0,23563.1,23570.2,23205.0,15990195.0,2026-05-26,2026-05-26,MAY 2026
2026-05-20 12:20:00+05:30,NIFTY26MAYFUT,NSE:NIFTY26MAYFUT,23575.0,23609.9,23573.0,23601.5,35230.0,15978625.0,2026-05-26,2026-05-26,MAY 2026
2026-05-20 12:25:00+05:30,NIFTY26MAYFUT,NSE:NIFTY26MAYFUT,23605.8,23606.0,23570.0,23579.8,46735.0,15980120.0,2026-05-26,2026-05-26,MAY 2026
2026-05-20 12:30:00+05:30,NIFTY26MAYFUT,NSE:NIFTY26MAYFUT,23590.0,23598.5,23572.2,23580.0,14690.0,15982070.0,2026-05-26,2026-05-26,MAY 2026
2026-05-20 12:35:00+05:30,NIFTY26MAYFUT,NSE:NIFTY26MAYFUT,23579.0,23594.8,23575.0,23592.9,12025.0,15988180.0,2026-05-26,2026-05-26,MAY 2026
2026-05-20 12:40:00+05:30,NIFTY26MAYFUT,NSE:NIFTY26MAYFUT,23591.1,23609.1,23580.0,23593.0,7995.0,15989415.0,2026-05-26,2026-05-26,MAY 2026
2026-05-20 12:45:00+05:30,NIFTY26MAYFUT,NSE:NIFTY26MAYFUT,23593.4,23612.0,23590.0,23592.7,17420.0,15988050.0,2026-05-26,2026-05-26,MAY 2026
2026-05-20 12:50:00+05:30,NIFTY26MAYFUT,NSE:NIFTY26MAYFUT,23599.5,23606.0,23591.0,23599.0,8125.0,15987075.0,2026-05-26,2026-05-26,MAY 2026
2026-05-20 12:55:00+05:30,NIFTY26MAYFUT,NSE:NIFTY26MAYFUT,23600.0,23615.0,23597.1,23604.1,11830.0,15987465.0,2026-05-26,2026-05-26,MAY 2026
2026-05-20 13:00:00+05:30,NIFTY26MAYFUT,NSE:NIFTY26MAYFUT,23602.8,23614.9,23586.8,23592.0,5590.0,15986945.0,2026-05-26,2026-05-26,MAY 2026
2026-05-20 13:05:00+05:30,NIFTY26MAYFUT,NSE:NIFTY26MAYFUT,23592.0,23592.6,23570.4,23584.3,33930.0,15984930.0,2026-05-26,2026-05-26,MAY 2026
2026-05-20 13:10:00+05:30,NIFTY26MAYFUT,NSE:NIFTY26MAYFUT,23584.3,23600.0,23580.1,23591.9,20670.0,15984605.0,2026-05-26,2026-05-26,MAY 2026
2026-05-20 13:15:00+05:30,NIFTY26MAYFUT,NSE:NIFTY26MAYFUT,23586.0,23595.0,23558.2,23565.9,33280.0,15978690.0,2026-05-26,2026-05-26,MAY 2026
2026-05-20 13:20:00+05:30,NIFTY26MAYFUT,NSE:NIFTY26MAYFUT,23562.2,23580.0,23555.0,23564.8,25610.0,15983760.0,2026-05-26,2026-05-26,MAY 2026
2026-05-20 13:25:00+05:30,NIFTY26MAYFUT,NSE:NIFTY26MAYFUT,23564.7,23589.9,23542.0,23545.0,48555.0,15997410.0,2026-05-26,2026-05-26,MAY 2026
2026-05-20 13:30:00+05:30,NIFTY26MAYFUT,NSE:NIFTY26MAYFUT,23545.0,23590.0,23543.4,23581.0,24895.0,15995460.0,2026-05-26,2026-05-26,MAY 2026
2026-05-20 13:35:00+05:30,NIFTY26MAYFUT,NSE:NIFTY26MAYFUT,23585.0,23618.0,23575.0,23587.8,36660.0,15989675.0,2026-05-26,2026-05-26,MAY 2026
2026-05-20 13:40:00+05:30,NIFTY26MAYFUT,NSE:NIFTY26MAYFUT,23591.6,23605.0,23578.9,23583.5,33605.0,15983500.0,2026-05-26,2026-05-26,MAY 2026
2026-05-20 13:45:00+05:30,NIFTY26MAYFUT,NSE:NIFTY26MAYFUT,23581.3,23595.0,23571.0,23584.5,6110.0,15982070.0,2026-05-26,2026-05-26,MAY 2026
2026-05-20 13:50:00+05:30,NIFTY26MAYFUT,NSE:NIFTY26MAYFUT,23585.0,23589.0,23570.2,23589.0,11115.0,15984930.0,2026-05-26,2026-05-26,MAY 2026
2026-05-20 13:55:00+05:30,NIFTY26MAYFUT,NSE:NIFTY26MAYFUT,23586.9,23615.0,23581.2,23615.0,23335.0,15995460.0,2026-05-26,2026-05-26,MAY 2026
2026-05-20 14:00:00+05:30,NIFTY26MAYFUT,NSE:NIFTY26MAYFUT,23625.0,23639.9,23610.1,23619.2,60385.0,15992795.0,2026-05-26,2026-05-26,MAY 2026
2026-05-20 14:05:00+05:30,NIFTY26MAYFUT,NSE:NIFTY26MAYFUT,23623.4,23664.9,23615.9,23659.0,98345.0,15992015.0,2026-05-26,2026-05-26,MAY 2026
2026-05-20 14:10:00+05:30,NIFTY26MAYFUT,NSE:NIFTY26MAYFUT,23655.0,23664.0,23641.0,23653.3,53105.0,15984540.0,2026-05-26,2026-05-26,MAY 2026
2026-05-20 14:15:00+05:30,NIFTY26MAYFUT,NSE:NIFTY26MAYFUT,23653.1,23660.0,23641.0,23641.9,22945.0,15988570.0,2026-05-26,2026-05-26,MAY 2026
2026-05-20 14:20:00+05:30,NIFTY26MAYFUT,NSE:NIFTY26MAYFUT,23641.7,23694.6,23639.3,23684.0,67990.0,15978690.0,2026-05-26,2026-05-26,MAY 2026
2026-05-20 14:25:00+05:30,NIFTY26MAYFUT,NSE:NIFTY26MAYFUT,23680.0,23683.0,23658.9,23671.6,53495.0,15982915.0,2026-05-26,2026-05-26,MAY 2026
2026-05-20 14:30:00+05:30,NIFTY26MAYFUT,NSE:NIFTY26MAYFUT,23669.7,23680.0,23646.4,23653.0,40495.0,16001895.0,2026-05-26,2026-05-26,MAY 2026
2026-05-20 14:35:00+05:30,NIFTY26MAYFUT,NSE:NIFTY26MAYFUT,23651.3,23664.0,23646.0,23664.0,31460.0,16004820.0,2026-05-26,2026-05-26,MAY 2026
2026-05-20 14:40:00+05:30,NIFTY26MAYFUT,NSE:NIFTY26MAYFUT,23664.7,23680.0,23658.9,23670.0,22230.0,16004820.0,2026-05-26,2026-05-26,MAY 2026
2026-05-20 14:45:00+05:30,NIFTY26MAYFUT,NSE:NIFTY26MAYFUT,23670.0,23680.0,23668.2,23678.0,25545.0,16008525.0,2026-05-26,2026-05-26,MAY 2026
2026-05-20 14:50:00+05:30,NIFTY26MAYFUT,NSE:NIFTY26MAYFUT,23678.0,23692.0,23665.0,23675.7,39845.0,16017365.0,2026-05-26,2026-05-26,MAY 2026
2026-05-20 14:55:00+05:30,NIFTY26MAYFUT,NSE:NIFTY26MAYFUT,23677.4,23689.4,23669.0,23680.0,51025.0,16013985.0,2026-05-26,2026-05-26,MAY 2026
2026-05-20 15:00:00+05:30,NIFTY26MAYFUT,NSE:NIFTY26MAYFUT,23670.0,23670.5,23642.0,23643.0,49660.0,16027310.0,2026-05-26,2026-05-26,MAY 2026
2026-05-20 15:05:00+05:30,NIFTY26MAYFUT,NSE:NIFTY26MAYFUT,23643.0,23677.0,23642.0,23675.1,31850.0,16024775.0,2026-05-26,2026-05-26,MAY 2026
2026-05-20 15:10:00+05:30,NIFTY26MAYFUT,NSE:NIFTY26MAYFUT,23666.4,23680.0,23665.0,23679.0,32435.0,16027115.0,2026-05-26,2026-05-26,MAY 2026
2026-05-20 15:15:00+05:30,NIFTY26MAYFUT,NSE:NIFTY26MAYFUT,23678.0,23679.0,23660.0,23660.5,59800.0,16040570.0,2026-05-26,2026-05-26,MAY 2026
2026-05-20 15:20:00+05:30,NIFTY26MAYFUT,NSE:NIFTY26MAYFUT,23664.5,23670.4,23650.3,23670.0,87360.0,16034850.0,2026-05-26,2026-05-26,MAY 2026
2026-05-20 15:25:00+05:30,NIFTY26MAYFUT,NSE:NIFTY26MAYFUT,23670.0,23700.0,23662.1,23695.0,127075.0,16002350.0,2026-05-26,2026-05-26,MAY 2026
2026-05-21 09:15:00+05:30,NIFTY26MAYFUT,NSE:NIFTY26MAYFUT,23815.0,23837.3,23765.0,23768.0,556985.0,15543255.0,2026-05-26,2026-05-26,MAY 2026
2026-05-21 09:20:00+05:30,NIFTY26MAYFUT,NSE:NIFTY26MAYFUT,23766.0,23775.0,23750.0,23760.0,117390.0,15526160.0,2026-05-26,2026-05-26,MAY 2026
2026-05-21 09:25:00+05:30,NIFTY26MAYFUT,NSE:NIFTY26MAYFUT,23770.0,23775.0,23740.0,23742.6,80925.0,15563145.0,2026-05-26,2026-05-26,MAY 2026
2026-05-21 09:30:00+05:30,NIFTY26MAYFUT,NSE:NIFTY26MAYFUT,23742.1,23772.5,23715.0,23734.0,84760.0,15558270.0,2026-05-26,2026-05-26,MAY 2026
2026-05-21 09:35:00+05:30,NIFTY26MAYFUT,NSE:NIFTY26MAYFUT,23726.8,23765.0,23725.0,23764.9,74620.0,15549105.0,2026-05-26,2026-05-26,MAY 2026
2026-05-21 09:40:00+05:30,NIFTY26MAYFUT,NSE:NIFTY26MAYFUT,23760.0,23780.0,23748.5,23779.9,73775.0,15568800.0,2026-05-26,2026-05-26,MAY 2026
2026-05-21 09:45:00+05:30,NIFTY26MAYFUT,NSE:NIFTY26MAYFUT,23780.0,23789.0,23765.0,23775.0,65065.0,15569775.0,2026-05-26,2026-05-26,MAY 2026
2026-05-21 09:50:00+05:30,NIFTY26MAYFUT,NSE:NIFTY26MAYFUT,23775.0,23807.9,23770.0,23797.0,73775.0,15571855.0,2026-05-26,2026-05-26,MAY 2026
2026-05-21 09:55:00+05:30,NIFTY26MAYFUT,NSE:NIFTY26MAYFUT,23797.0,23803.0,23754.0,23757.4,48880.0,15578875.0,2026-05-26,2026-05-26,MAY 2026
2026-05-21 10:00:00+05:30,NIFTY26MAYFUT,NSE:NIFTY26MAYFUT,23751.0,23785.9,23751.0,23775.0,32110.0,15591290.0,2026-05-26,2026-05-26,MAY 2026
2026-05-21 10:05:00+05:30,NIFTY26MAYFUT,NSE:NIFTY26MAYFUT,23775.0,23775.0,23736.7,23759.0,95095.0,15595970.0,2026-05-26,2026-05-26,MAY 2026
2026-05-21 10:10:00+05:30,NIFTY26MAYFUT,NSE:NIFTY26MAYFUT,23759.0,23765.0,23746.0,23760.0,52715.0,15602795.0,2026-05-26,2026-05-26,MAY 2026
2026-05-21 10:15:00+05:30,NIFTY26MAYFUT,NSE:NIFTY26MAYFUT,23763.0,23778.5,23760.0,23762.8,31200.0,15605005.0,2026-05-26,2026-05-26,MAY 2026
2026-05-21 10:20:00+05:30,NIFTY26MAYFUT,NSE:NIFTY26MAYFUT,23773.0,23774.0,23752.0,23752.0,33150.0,15591940.0,2026-05-26,2026-05-26,MAY 2026
2026-05-21 10:25:00+05:30,NIFTY26MAYFUT,NSE:NIFTY26MAYFUT,23754.0,23780.0,23750.0,23774.9,41145.0,15616705.0,2026-05-26,2026-05-26,MAY 2026
2026-05-21 10:30:00+05:30,NIFTY26MAYFUT,NSE:NIFTY26MAYFUT,23775.0,23775.0,23745.0,23749.9,20540.0,15625350.0,2026-05-26,2026-05-26,MAY 2026
2026-05-21 10:35:00+05:30,NIFTY26MAYFUT,NSE:NIFTY26MAYFUT,23745.0,23750.0,23708.0,23723.6,63375.0,15645435.0,2026-05-26,2026-05-26,MAY 2026
2026-05-21 10:40:00+05:30,NIFTY26MAYFUT,NSE:NIFTY26MAYFUT,23723.9,23757.9,23711.7,23756.8,48230.0,15666235.0,2026-05-26,2026-05-26,MAY 2026
2026-05-21 10:45:00+05:30,NIFTY26MAYFUT,NSE:NIFTY26MAYFUT,23753.0,23763.9,23731.0,23731.0,31525.0,15689375.0,2026-05-26,2026-05-26,MAY 2026
2026-05-21 10:50:00+05:30,NIFTY26MAYFUT,NSE:NIFTY26MAYFUT,23731.0,23744.9,23712.5,23739.9,28925.0,15706990.0,2026-05-26,2026-05-26,MAY 2026
2026-05-21 10:55:00+05:30,NIFTY26MAYFUT,NSE:NIFTY26MAYFUT,23728.2,23739.0,23700.0,23705.0,40820.0,15721420.0,2026-05-26,2026-05-26,MAY 2026
2026-05-21 11:00:00+05:30,NIFTY26MAYFUT,NSE:NIFTY26MAYFUT,23705.0,23709.8,23687.2,23701.6,52780.0,15744950.0,2026-05-26,2026-05-26,MAY 2026
2026-05-21 11:05:00+05:30,NIFTY26MAYFUT,NSE:NIFTY26MAYFUT,23701.6,23708.0,23685.0,23704.7,34385.0,15760160.0,2026-05-26,2026-05-26,MAY 2026
2026-05-21 11:10:00+05:30,NIFTY26MAYFUT,NSE:NIFTY26MAYFUT,23704.7,23704.7,23677.0,23677.0,46735.0,15777190.0,2026-05-26,2026-05-26,MAY 2026
2026-05-21 11:15:00+05:30,NIFTY26MAYFUT,NSE:NIFTY26MAYFUT,23677.0,23677.0,23610.6,23661.3,149630.0,15802735.0,2026-05-26,2026-05-26,MAY 2026
2026-05-21 11:20:00+05:30,NIFTY26MAYFUT,NSE:NIFTY26MAYFUT,23649.7,23690.0,23649.7,23687.8,87295.0,15840890.0,2026-05-26,2026-05-26,MAY 2026
2026-05-21 11:25:00+05:30,NIFTY26MAYFUT,NSE:NIFTY26MAYFUT,23687.8,23735.3,23683.1,23720.0,73645.0,15852655.0,2026-05-26,2026-05-26,MAY 2026
2026-05-21 11:30:00+05:30,NIFTY26MAYFUT,NSE:NIFTY26MAYFUT,23727.9,23728.0,23705.0,23711.3,34320.0,15868840.0,2026-05-26,2026-05-26,MAY 2026
2026-05-21 11:35:00+05:30,NIFTY26MAYFUT,NSE:NIFTY26MAYFUT,23711.3,23723.0,23704.8,23710.2,24570.0,15886390.0,2026-05-26,2026-05-26,MAY 2026
2026-05-21 11:40:00+05:30,NIFTY26MAYFUT,NSE:NIFTY26MAYFUT,23710.2,23717.4,23698.3,23709.8,49530.0,15912520.0,2026-05-26,2026-05-26,MAY 2026
2026-05-21 11:45:00+05:30,NIFTY26MAYFUT,NSE:NIFTY26MAYFUT,23709.8,23720.0,23690.0,23698.2,26325.0,15926950.0,2026-05-26,2026-05-26,MAY 2026
2026-05-21 11:50:00+05:30,NIFTY26MAYFUT,NSE:NIFTY26MAYFUT,23698.2,23734.0,23693.1,23707.9,30810.0,15944955.0,2026-05-26,2026-05-26,MAY 2026
2026-05-21 11:55:00+05:30,NIFTY26MAYFUT,NSE:NIFTY26MAYFUT,23707.9,23710.0,23685.5,23691.3,30030.0,15957045.0,2026-05-26,2026-05-26,MAY 2026
2026-05-21 12:00:00+05:30,NIFTY26MAYFUT,NSE:NIFTY26MAYFUT,23691.3,23728.8,23691.3,23718.0,25740.0,15964455.0,2026-05-26,2026-05-26,MAY 2026
2026-05-21 12:05:00+05:30,NIFTY26MAYFUT,NSE:NIFTY26MAYFUT,23718.0,23724.0,23701.8,23719.9,17810.0,15976805.0,2026-05-26,2026-05-26,MAY 2026
2026-05-21 12:10:00+05:30,NIFTY26MAYFUT,NSE:NIFTY26MAYFUT,23711.1,23720.0,23672.6,23672.6,31720.0,15999490.0,2026-05-26,2026-05-26,MAY 2026
2026-05-21 12:15:00+05:30,NIFTY26MAYFUT,NSE:NIFTY26MAYFUT,23672.6,23700.0,23662.1,23680.0,39975.0,16026400.0,2026-05-26,2026-05-26,MAY 2026
2026-05-21 12:20:00+05:30,NIFTY26MAYFUT,NSE:NIFTY26MAYFUT,23680.0,23690.0,23665.0,23665.8,36205.0,16047330.0,2026-05-26,2026-05-26,MAY 2026
2026-05-21 12:25:00+05:30,NIFTY26MAYFUT,NSE:NIFTY26MAYFUT,23665.8,23680.0,23601.0,23633.1,202670.0,16073655.0,2026-05-26,2026-05-26,MAY 2026
2026-05-21 12:30:00+05:30,NIFTY26MAYFUT,NSE:NIFTY26MAYFUT,23624.0,23640.0,23610.0,23634.0,73190.0,16087110.0,2026-05-26,2026-05-26,MAY 2026
2026-05-21 12:35:00+05:30,NIFTY26MAYFUT,NSE:NIFTY26MAYFUT,23625.0,23633.8,23575.0,23582.5,156845.0,16149445.0,2026-05-26,2026-05-26,MAY 2026
2026-05-21 12:40:00+05:30,NIFTY26MAYFUT,NSE:NIFTY26MAYFUT,23583.1,23605.0,23560.2,23590.0,122070.0,16200470.0,2026-05-26,2026-05-26,MAY 2026
2026-05-21 12:45:00+05:30,NIFTY26MAYFUT,NSE:NIFTY26MAYFUT,23590.0,23594.0,23560.2,23582.7,93080.0,16232255.0,2026-05-26,2026-05-26,MAY 2026
2026-05-21 12:50:00+05:30,NIFTY26MAYFUT,NSE:NIFTY26MAYFUT,23582.7,23606.5,23576.5,23600.0,48295.0,16253705.0,2026-05-26,2026-05-26,MAY 2026
2026-05-21 12:55:00+05:30,NIFTY26MAYFUT,NSE:NIFTY26MAYFUT,23590.6,23599.9,23577.5,23585.2,48425.0,16278730.0,2026-05-26,2026-05-26,MAY 2026
2026-05-21 13:00:00+05:30,NIFTY26MAYFUT,NSE:NIFTY26MAYFUT,23580.0,23592.3,23550.0,23579.7,97175.0,16306095.0,2026-05-26,2026-05-26,MAY 2026
2026-05-21 13:05:00+05:30,NIFTY26MAYFUT,NSE:NIFTY26MAYFUT,23579.8,23600.0,23570.2,23599.0,40690.0,16321565.0,2026-05-26,2026-05-26,MAY 2026
2026-05-21 13:10:00+05:30,NIFTY26MAYFUT,NSE:NIFTY26MAYFUT,23599.0,23620.0,23593.0,23603.0,41925.0,16340870.0,2026-05-26,2026-05-26,MAY 2026
2026-05-21 13:15:00+05:30,NIFTY26MAYFUT,NSE:NIFTY26MAYFUT,23603.0,23615.0,23591.4,23605.5,38350.0,16361475.0,2026-05-26,2026-05-26,MAY 2026
2026-05-21 13:20:00+05:30,NIFTY26MAYFUT,NSE:NIFTY26MAYFUT,23605.5,23617.7,23595.2,23601.5,32500.0,16385915.0,2026-05-26,2026-05-26,MAY 2026
2026-05-21 13:25:00+05:30,NIFTY26MAYFUT,NSE:NIFTY26MAYFUT,23598.8,23614.4,23592.2,23592.2,27560.0,16404570.0,2026-05-26,2026-05-26,MAY 2026
2026-05-21 13:30:00+05:30,NIFTY26MAYFUT,NSE:NIFTY26MAYFUT,23592.2,23624.0,23581.8,23617.2,39910.0,16428815.0,2026-05-26,2026-05-26,MAY 2026
2026-05-21 13:35:00+05:30,NIFTY26MAYFUT,NSE:NIFTY26MAYFUT,23620.0,23649.9,23617.4,23627.1,67730.0,16446170.0,2026-05-26,2026-05-26,MAY 2026
2026-05-21 13:40:00+05:30,NIFTY26MAYFUT,NSE:NIFTY26MAYFUT,23635.9,23669.8,23627.7,23664.2,67795.0,16481855.0,2026-05-26,2026-05-26,MAY 2026
2026-05-21 13:45:00+05:30,NIFTY26MAYFUT,NSE:NIFTY26MAYFUT,23664.2,23668.0,23633.8,23644.2,44460.0,16499275.0,2026-05-26,2026-05-26,MAY 2026
2026-05-21 13:50:00+05:30,NIFTY26MAYFUT,NSE:NIFTY26MAYFUT,23632.0,23642.8,23616.0,23629.8,37830.0,16522350.0,2026-05-26,2026-05-26,MAY 2026
2026-05-21 13:55:00+05:30,NIFTY26MAYFUT,NSE:NIFTY26MAYFUT,23629.8,23654.2,23605.0,23650.0,36010.0,16538860.0,2026-05-26,2026-05-26,MAY 2026
2026-05-21 14:00:00+05:30,NIFTY26MAYFUT,NSE:NIFTY26MAYFUT,23654.0,23654.0,23615.9,23633.1,43810.0,16565315.0,2026-05-26,2026-05-26,MAY 2026
2026-05-21 14:05:00+05:30,NIFTY26MAYFUT,NSE:NIFTY26MAYFUT,23633.1,23635.8,23610.5,23620.0,82940.0,16624985.0,2026-05-26,2026-05-26,MAY 2026
2026-05-21 14:10:00+05:30,NIFTY26MAYFUT,NSE:NIFTY26MAYFUT,23620.0,23636.0,23610.0,23618.0,57525.0,16655145.0,2026-05-26,2026-05-26,MAY 2026
2026-05-21 14:15:00+05:30,NIFTY26MAYFUT,NSE:NIFTY26MAYFUT,23614.7,23629.7,23604.8,23625.0,34255.0,16675815.0,2026-05-26,2026-05-26,MAY 2026
2026-05-21 14:20:00+05:30,NIFTY26MAYFUT,NSE:NIFTY26MAYFUT,23625.0,23640.0,23617.0,23634.7,59085.0,16719430.0,2026-05-26,2026-05-26,MAY 2026
2026-05-21 14:25:00+05:30,NIFTY26MAYFUT,NSE:NIFTY26MAYFUT,23634.7,23649.0,23613.9,23630.0,46345.0,16750890.0,2026-05-26,2026-05-26,MAY 2026
2026-05-21 14:30:00+05:30,NIFTY26MAYFUT,NSE:NIFTY26MAYFUT,23630.0,23649.3,23613.1,23629.3,42510.0,16785145.0,2026-05-26,2026-05-26,MAY 2026
2026-05-21 14:35:00+05:30,NIFTY26MAYFUT,NSE:NIFTY26MAYFUT,23629.3,23649.0,23626.7,23635.0,23790.0,16799315.0,2026-05-26,2026-05-26,MAY 2026
2026-05-21 14:40:00+05:30,NIFTY26MAYFUT,NSE:NIFTY26MAYFUT,23635.0,23676.0,23635.0,23642.0,55185.0,16822130.0,2026-05-26,2026-05-26,MAY 2026
2026-05-21 14:45:00+05:30,NIFTY26MAYFUT,NSE:NIFTY26MAYFUT,23640.7,23664.9,23640.7,23652.3,48620.0,16846635.0,2026-05-26,2026-05-26,MAY 2026
2026-05-21 14:50:00+05:30,NIFTY26MAYFUT,NSE:NIFTY26MAYFUT,23650.0,23666.0,23646.3,23653.8,39650.0,16870620.0,2026-05-26,2026-05-26,MAY 2026
2026-05-21 14:55:00+05:30,NIFTY26MAYFUT,NSE:NIFTY26MAYFUT,23651.9,23664.0,23645.5,23655.0,39195.0,16898115.0,2026-05-26,2026-05-26,MAY 2026
2026-05-21 15:00:00+05:30,NIFTY26MAYFUT,NSE:NIFTY26MAYFUT,23650.0,23664.0,23623.9,23640.0,89440.0,16935490.0,2026-05-26,2026-05-26,MAY 2026
2026-05-21 15:05:00+05:30,NIFTY26MAYFUT,NSE:NIFTY26MAYFUT,23640.0,23650.0,23616.0,23621.1,64025.0,16958760.0,2026-05-26,2026-05-26,MAY 2026
2026-05-21 15:10:00+05:30,NIFTY26MAYFUT,NSE:NIFTY26MAYFUT,23629.9,23636.0,23616.5,23625.0,71825.0,16972995.0,2026-05-26,2026-05-26,MAY 2026
2026-05-21 15:15:00+05:30,NIFTY26MAYFUT,NSE:NIFTY26MAYFUT,23625.0,23635.0,23615.0,23627.1,125710.0,17009980.0,2026-05-26,2026-05-26,MAY 2026
2026-05-21 15:20:00+05:30,NIFTY26MAYFUT,NSE:NIFTY26MAYFUT,23627.1,23636.0,23625.0,23630.0,171340.0,17100980.0,2026-05-26,2026-05-26,MAY 2026
2026-05-21 15:25:00+05:30,NIFTY26MAYFUT,NSE:NIFTY26MAYFUT,23635.0,23637.9,23621.0,23636.3,109980.0,17118205.0,2026-05-26,2026-05-26,MAY 2026
2026-05-22 09:15:00+05:30,NIFTY26MAYFUT,NSE:NIFTY26MAYFUT,23689.0,23725.0,23675.1,23705.0,181740.0,14496430.0,2026-05-26,2026-05-26,MAY 2026
2026-05-22 09:20:00+05:30,NIFTY26MAYFUT,NSE:NIFTY26MAYFUT,23705.0,23764.9,23705.0,23752.3,258245.0,14512485.0,2026-05-26,2026-05-26,MAY 2026
2026-05-22 09:25:00+05:30,NIFTY26MAYFUT,NSE:NIFTY26MAYFUT,23758.2,23764.9,23732.0,23745.0,244920.0,14590355.0,2026-05-26,2026-05-26,MAY 2026
2026-05-22 09:30:00+05:30,NIFTY26MAYFUT,NSE:NIFTY26MAYFUT,23745.0,23777.0,23740.0,23777.0,146120.0,14577225.0,2026-05-26,2026-05-26,MAY 2026
2026-05-22 09:35:00+05:30,NIFTY26MAYFUT,NSE:NIFTY26MAYFUT,23775.1,23790.0,23755.0,23766.3,163150.0,14574365.0,2026-05-26,2026-05-26,MAY 2026
2026-05-22 09:40:00+05:30,NIFTY26MAYFUT,NSE:NIFTY26MAYFUT,23766.3,23769.0,23736.2,23762.9,86125.0,14595100.0,2026-05-26,2026-05-26,MAY 2026
2026-05-22 09:45:00+05:30,NIFTY26MAYFUT,NSE:NIFTY26MAYFUT,23762.9,23774.4,23747.0,23747.0,117910.0,14568710.0,2026-05-26,2026-05-26,MAY 2026
2026-05-22 09:50:00+05:30,NIFTY26MAYFUT,NSE:NIFTY26MAYFUT,23745.0,23794.7,23744.5,23782.1,163540.0,14568840.0,2026-05-26,2026-05-26,MAY 2026
2026-05-22 09:55:00+05:30,NIFTY26MAYFUT,NSE:NIFTY26MAYFUT,23783.0,23797.0,23774.0,23786.3,115440.0,14557725.0,2026-05-26,2026-05-26,MAY 2026
2026-05-22 10:00:00+05:30,NIFTY26MAYFUT,NSE:NIFTY26MAYFUT,23793.4,23795.8,23776.7,23780.0,75920.0,14539850.0,2026-05-26,2026-05-26,MAY 2026
2026-05-22 10:05:00+05:30,NIFTY26MAYFUT,NSE:NIFTY26MAYFUT,23780.0,23796.4,23762.1,23795.0,91650.0,14525745.0,2026-05-26,2026-05-26,MAY 2026
2026-05-22 10:10:00+05:30,NIFTY26MAYFUT,NSE:NIFTY26MAYFUT,23791.4,23810.0,23791.4,23799.5,107380.0,14499160.0,2026-05-26,2026-05-26,MAY 2026
2026-05-22 10:15:00+05:30,NIFTY26MAYFUT,NSE:NIFTY26MAYFUT,23805.0,23808.0,23768.2,23768.2,59475.0,14491230.0,2026-05-26,2026-05-26,MAY 2026
2026-05-22 10:20:00+05:30,NIFTY26MAYFUT,NSE:NIFTY26MAYFUT,23772.3,23794.0,23770.5,23781.1,45955.0,14502995.0,2026-05-26,2026-05-26,MAY 2026
2026-05-22 10:25:00+05:30,NIFTY26MAYFUT,NSE:NIFTY26MAYFUT,23775.0,23788.0,23770.0,23773.0,46345.0,14522105.0,2026-05-26,2026-05-26,MAY 2026
2026-05-22 10:30:00+05:30,NIFTY26MAYFUT,NSE:NIFTY26MAYFUT,23773.0,23797.0,23771.5,23796.9,38155.0,14533025.0,2026-05-26,2026-05-26,MAY 2026
2026-05-22 10:35:00+05:30,NIFTY26MAYFUT,NSE:NIFTY26MAYFUT,23796.9,23799.1,23776.8,23785.0,44460.0,14241435.0,2026-05-26,2026-05-26,MAY 2026
2026-05-22 10:40:00+05:30,NIFTY26MAYFUT,NSE:NIFTY26MAYFUT,23785.0,23818.8,23784.0,23813.0,70850.0,14241305.0,2026-05-26,2026-05-26,MAY 2026
2026-05-22 10:45:00+05:30,NIFTY26MAYFUT,NSE:NIFTY26MAYFUT,23813.0,23815.1,23787.0,23792.4,60775.0,14268345.0,2026-05-26,2026-05-26,MAY 2026
2026-05-22 10:50:00+05:30,NIFTY26MAYFUT,NSE:NIFTY26MAYFUT,23792.4,23803.0,23784.8,23795.3,48815.0,14281540.0,2026-05-26,2026-05-26,MAY 2026
2026-05-22 10:55:00+05:30,NIFTY26MAYFUT,NSE:NIFTY26MAYFUT,23792.7,23797.9,23783.6,23788.5,45240.0,14300130.0,2026-05-26,2026-05-26,MAY 2026
2026-05-22 11:00:00+05:30,NIFTY26MAYFUT,NSE:NIFTY26MAYFUT,23795.0,23798.9,23776.6,23788.2,29770.0,14303640.0,2026-05-26,2026-05-26,MAY 2026
2026-05-22 11:05:00+05:30,NIFTY26MAYFUT,NSE:NIFTY26MAYFUT,23790.0,23795.0,23775.0,23782.0,44200.0,14314365.0,2026-05-26,2026-05-26,MAY 2026
2026-05-22 11:10:00+05:30,NIFTY26MAYFUT,NSE:NIFTY26MAYFUT,23782.0,23790.0,23774.3,23780.0,40755.0,14323985.0,2026-05-26,2026-05-26,MAY 2026
2026-05-22 11:15:00+05:30,NIFTY26MAYFUT,NSE:NIFTY26MAYFUT,23780.0,23789.0,23771.0,23771.0,41665.0,14339260.0,2026-05-26,2026-05-26,MAY 2026
2026-05-22 11:20:00+05:30,NIFTY26MAYFUT,NSE:NIFTY26MAYFUT,23771.0,23800.0,23764.7,23796.0,72735.0,14354730.0,2026-05-26,2026-05-26,MAY 2026
2026-05-22 11:25:00+05:30,NIFTY26MAYFUT,NSE:NIFTY26MAYFUT,23796.0,23796.0,23751.0,23765.1,87360.0,14338675.0,2026-05-26,2026-05-26,MAY 2026
2026-05-22 11:30:00+05:30,NIFTY26MAYFUT,NSE:NIFTY26MAYFUT,23765.1,23779.9,23750.8,23761.8,45565.0,14353170.0,2026-05-26,2026-05-26,MAY 2026
2026-05-22 11:35:00+05:30,NIFTY26MAYFUT,NSE:NIFTY26MAYFUT,23761.5,23784.7,23761.0,23779.5,38870.0,14337115.0,2026-05-26,2026-05-26,MAY 2026
2026-05-22 11:40:00+05:30,NIFTY26MAYFUT,NSE:NIFTY26MAYFUT,23779.5,23825.0,23775.7,23820.0,102245.0,14354600.0,2026-05-26,2026-05-26,MAY 2026
2026-05-22 11:45:00+05:30,NIFTY26MAYFUT,NSE:NIFTY26MAYFUT,23820.0,23844.3,23815.6,23823.8,167635.0,14404715.0,2026-05-26,2026-05-26,MAY 2026
2026-05-22 11:50:00+05:30,NIFTY26MAYFUT,NSE:NIFTY26MAYFUT,23821.4,23825.0,23810.0,23818.0,74425.0,14458340.0,2026-05-26,2026-05-26,MAY 2026
2026-05-22 11:55:00+05:30,NIFTY26MAYFUT,NSE:NIFTY26MAYFUT,23810.1,23821.7,23810.0,23817.0,48685.0,14462175.0,2026-05-26,2026-05-26,MAY 2026
2026-05-22 12:00:00+05:30,NIFTY26MAYFUT,NSE:NIFTY26MAYFUT,23817.0,23817.9,23800.0,23803.9,79300.0,14484860.0,2026-05-26,2026-05-26,MAY 2026
2026-05-22 12:05:00+05:30,NIFTY26MAYFUT,NSE:NIFTY26MAYFUT,23803.9,23809.9,23797.6,23802.0,36400.0,14518205.0,2026-05-26,2026-05-26,MAY 2026
2026-05-22 12:10:00+05:30,NIFTY26MAYFUT,NSE:NIFTY26MAYFUT,23803.8,23817.7,23800.2,23805.1,36075.0,14541215.0,2026-05-26,2026-05-26,MAY 2026
2026-05-22 12:15:00+05:30,NIFTY26MAYFUT,NSE:NIFTY26MAYFUT,23805.1,23815.0,23797.8,23800.0,49790.0,14556165.0,2026-05-26,2026-05-26,MAY 2026
2026-05-22 12:20:00+05:30,NIFTY26MAYFUT,NSE:NIFTY26MAYFUT,23800.0,23807.3,23780.1,23783.7,75010.0,14586195.0,2026-05-26,2026-05-26,MAY 2026
2026-05-22 12:25:00+05:30,NIFTY26MAYFUT,NSE:NIFTY26MAYFUT,23772.8,23795.8,23768.4,23782.0,68705.0,14619930.0,2026-05-26,2026-05-26,MAY 2026
2026-05-22 12:30:00+05:30,NIFTY26MAYFUT,NSE:NIFTY26MAYFUT,23782.0,23782.5,23761.0,23780.0,60710.0,14630135.0,2026-05-26,2026-05-26,MAY 2026
2026-05-22 12:35:00+05:30,NIFTY26MAYFUT,NSE:NIFTY26MAYFUT,23779.6,23784.0,23771.4,23784.0,31265.0,14645475.0,2026-05-26,2026-05-26,MAY 2026
2026-05-22 12:40:00+05:30,NIFTY26MAYFUT,NSE:NIFTY26MAYFUT,23785.0,23810.0,23776.8,23802.0,52845.0,14661985.0,2026-05-26,2026-05-26,MAY 2026
2026-05-22 12:45:00+05:30,NIFTY26MAYFUT,NSE:NIFTY26MAYFUT,23802.0,23825.0,23793.0,23818.5,43290.0,14670955.0,2026-05-26,2026-05-26,MAY 2026
2026-05-22 12:50:00+05:30,NIFTY26MAYFUT,NSE:NIFTY26MAYFUT,23820.0,23849.0,23819.8,23849.0,81315.0,14689480.0,2026-05-26,2026-05-26,MAY 2026
2026-05-22 12:55:00+05:30,NIFTY26MAYFUT,NSE:NIFTY26MAYFUT,23849.0,23849.0,23830.1,23830.1,59865.0,14718925.0,2026-05-26,2026-05-26,MAY 2026
2026-05-22 13:00:00+05:30,NIFTY26MAYFUT,NSE:NIFTY26MAYFUT,23837.0,23839.1,23819.6,23827.5,37115.0,14731600.0,2026-05-26,2026-05-26,MAY 2026
2026-05-22 13:05:00+05:30,NIFTY26MAYFUT,NSE:NIFTY26MAYFUT,23827.5,23836.0,23816.0,23825.0,37050.0,14718470.0,2026-05-26,2026-05-26,MAY 2026
2026-05-22 13:10:00+05:30,NIFTY26MAYFUT,NSE:NIFTY26MAYFUT,23825.0,23831.0,23816.1,23820.3,28535.0,14726205.0,2026-05-26,2026-05-26,MAY 2026
2026-05-22 13:15:00+05:30,NIFTY26MAYFUT,NSE:NIFTY26MAYFUT,23824.0,23828.6,23815.0,23819.0,32825.0,14510210.0,2026-05-26,2026-05-26,MAY 2026
2026-05-22 13:20:00+05:30,NIFTY26MAYFUT,NSE:NIFTY26MAYFUT,23819.0,23825.0,23815.0,23820.1,59930.0,14547195.0,2026-05-26,2026-05-26,MAY 2026
2026-05-22 13:25:00+05:30,NIFTY26MAYFUT,NSE:NIFTY26MAYFUT,23820.0,23828.0,23815.0,23820.1,23855.0,14099345.0,2026-05-26,2026-05-26,MAY 2026
2026-05-22 13:30:00+05:30,NIFTY26MAYFUT,NSE:NIFTY26MAYFUT,23823.2,23830.0,23815.0,23827.0,32045.0,14111825.0,2026-05-26,2026-05-26,MAY 2026
2026-05-22 13:35:00+05:30,NIFTY26MAYFUT,NSE:NIFTY26MAYFUT,23827.0,23827.0,23815.0,23819.0,36400.0,14128725.0,2026-05-26,2026-05-26,MAY 2026
2026-05-22 13:40:00+05:30,NIFTY26MAYFUT,NSE:NIFTY26MAYFUT,23819.0,23822.6,23811.0,23811.0,83070.0,14187095.0,2026-05-26,2026-05-26,MAY 2026
2026-05-22 13:45:00+05:30,NIFTY26MAYFUT,NSE:NIFTY26MAYFUT,23811.0,23839.2,23807.0,23818.0,93990.0,14191255.0,2026-05-26,2026-05-26,MAY 2026
2026-05-22 13:50:00+05:30,NIFTY26MAYFUT,NSE:NIFTY26MAYFUT,23815.6,23830.0,23802.0,23810.0,46540.0,14223040.0,2026-05-26,2026-05-26,MAY 2026
2026-05-22 13:55:00+05:30,NIFTY26MAYFUT,NSE:NIFTY26MAYFUT,23810.0,23813.0,23795.0,23808.0,63310.0,14242800.0,2026-05-26,2026-05-26,MAY 2026
2026-05-22 14:00:00+05:30,NIFTY26MAYFUT,NSE:NIFTY26MAYFUT,23808.0,23808.0,23765.0,23767.5,56745.0,14256385.0,2026-05-26,2026-05-26,MAY 2026
2026-05-22 14:05:00+05:30,NIFTY26MAYFUT,NSE:NIFTY26MAYFUT,23764.0,23796.3,23746.0,23788.0,122720.0,14279850.0,2026-05-26,2026-05-26,MAY 2026
2026-05-22 14:10:00+05:30,NIFTY26MAYFUT,NSE:NIFTY26MAYFUT,23788.0,23790.0,23774.4,23785.0,55120.0,14299220.0,2026-05-26,2026-05-26,MAY 2026
2026-05-22 14:15:00+05:30,NIFTY26MAYFUT,NSE:NIFTY26MAYFUT,23781.4,23785.6,23770.0,23770.0,46995.0,14314690.0,2026-05-26,2026-05-26,MAY 2026
2026-05-22 14:20:00+05:30,NIFTY26MAYFUT,NSE:NIFTY26MAYFUT,23771.1,23776.0,23756.3,23763.5,73970.0,14230515.0,2026-05-26,2026-05-26,MAY 2026
2026-05-22 14:25:00+05:30,NIFTY26MAYFUT,NSE:NIFTY26MAYFUT,23764.7,23770.0,23740.1,23742.2,115960.0,14300650.0,2026-05-26,2026-05-26,MAY 2026
2026-05-22 14:30:00+05:30,NIFTY26MAYFUT,NSE:NIFTY26MAYFUT,23742.0,23759.4,23711.3,23749.1,124995.0,14338935.0,2026-05-26,2026-05-26,MAY 2026
2026-05-22 14:35:00+05:30,NIFTY26MAYFUT,NSE:NIFTY26MAYFUT,23749.1,23750.0,23716.2,23723.0,87295.0,14246765.0,2026-05-26,2026-05-26,MAY 2026
2026-05-22 14:40:00+05:30,NIFTY26MAYFUT,NSE:NIFTY26MAYFUT,23723.0,23732.7,23704.1,23713.2,101790.0,14297400.0,2026-05-26,2026-05-26,MAY 2026
2026-05-22 14:45:00+05:30,NIFTY26MAYFUT,NSE:NIFTY26MAYFUT,23707.5,23739.0,23700.0,23731.1,71045.0,14303185.0,2026-05-26,2026-05-26,MAY 2026
2026-05-22 14:50:00+05:30,NIFTY26MAYFUT,NSE:NIFTY26MAYFUT,23731.1,23734.9,23723.0,23725.0,55250.0,14325480.0,2026-05-26,2026-05-26,MAY 2026
2026-05-22 14:55:00+05:30,NIFTY26MAYFUT,NSE:NIFTY26MAYFUT,23728.0,23731.0,23717.0,23724.5,55640.0,14352455.0,2026-05-26,2026-05-26,MAY 2026
2026-05-22 15:00:00+05:30,NIFTY26MAYFUT,NSE:NIFTY26MAYFUT,23726.0,23734.0,23694.1,23725.0,94835.0,14363895.0,2026-05-26,2026-05-26,MAY 2026
2026-05-22 15:05:00+05:30,NIFTY26MAYFUT,NSE:NIFTY26MAYFUT,23725.0,23743.0,23714.1,23722.6,85280.0,14376960.0,2026-05-26,2026-05-26,MAY 2026
2026-05-22 15:10:00+05:30,NIFTY26MAYFUT,NSE:NIFTY26MAYFUT,23722.6,23740.0,23720.1,23740.0,56160.0,14394510.0,2026-05-26,2026-05-26,MAY 2026
2026-05-22 15:15:00+05:30,NIFTY26MAYFUT,NSE:NIFTY26MAYFUT,23734.0,23757.7,23734.0,23756.0,103740.0,14408030.0,2026-05-26,2026-05-26,MAY 2026
2026-05-22 15:20:00+05:30,NIFTY26MAYFUT,NSE:NIFTY26MAYFUT,23756.0,23774.8,23746.0,23772.0,118560.0,14411475.0,2026-05-26,2026-05-26,MAY 2026
2026-05-22 15:25:00+05:30,NIFTY26MAYFUT,NSE:NIFTY26MAYFUT,23772.0,23789.3,23764.0,23776.3,87165.0,14400685.0,2026-05-26,2026-05-26,MAY 2026
2026-05-25 09:15:00+05:30,NIFTY26MAYFUT,NSE:NIFTY26MAYFUT,23938.0,23990.0,23910.0,23979.8,363415.0,11282310.0,2026-05-26,2026-05-26,MAY 2026
2026-05-25 09:20:00+05:30,NIFTY26MAYFUT,NSE:NIFTY26MAYFUT,23977.1,24000.0,23963.1,23980.0,218400.0,11248900.0,2026-05-26,2026-05-26,MAY 2026
2026-05-25 09:25:00+05:30,NIFTY26MAYFUT,NSE:NIFTY26MAYFUT,23980.0,23995.0,23975.0,23985.4,160420.0,11223810.0,2026-05-26,2026-05-26,MAY 2026
2026-05-25 09:30:00+05:30,NIFTY26MAYFUT,NSE:NIFTY26MAYFUT,23987.3,23997.6,23960.6,23975.0,97435.0,11208730.0,2026-05-26,2026-05-26,MAY 2026
2026-05-25 09:35:00+05:30,NIFTY26MAYFUT,NSE:NIFTY26MAYFUT,23975.0,23975.0,23951.7,23953.0,86580.0,11191245.0,2026-05-26,2026-05-26,MAY 2026
2026-05-25 09:40:00+05:30,NIFTY26MAYFUT,NSE:NIFTY26MAYFUT,23952.9,23966.0,23945.0,23966.0,88530.0,11193585.0,2026-05-26,2026-05-26,MAY 2026
2026-05-25 09:45:00+05:30,NIFTY26MAYFUT,NSE:NIFTY26MAYFUT,23963.2,23969.0,23943.2,23950.8,67730.0,11207495.0,2026-05-26,2026-05-26,MAY 2026
2026-05-25 09:50:00+05:30,NIFTY26MAYFUT,NSE:NIFTY26MAYFUT,23950.8,23967.0,23946.0,23951.8,61620.0,11205415.0,2026-05-26,2026-05-26,MAY 2026
2026-05-25 09:55:00+05:30,NIFTY26MAYFUT,NSE:NIFTY26MAYFUT,23960.0,23960.0,23945.0,23957.0,55445.0,11204440.0,2026-05-26,2026-05-26,MAY 2026
2026-05-25 10:00:00+05:30,NIFTY26MAYFUT,NSE:NIFTY26MAYFUT,23956.0,23967.9,23946.0,23966.2,75270.0,11190075.0,2026-05-26,2026-05-26,MAY 2026
2026-05-25 10:05:00+05:30,NIFTY26MAYFUT,NSE:NIFTY26MAYFUT,23957.6,23974.0,23954.4,23967.4,68380.0,11175645.0,2026-05-26,2026-05-26,MAY 2026
2026-05-25 10:10:00+05:30,NIFTY26MAYFUT,NSE:NIFTY26MAYFUT,23973.9,23978.0,23958.3,23970.0,65650.0,11167845.0,2026-05-26,2026-05-26,MAY 2026
2026-05-25 10:15:00+05:30,NIFTY26MAYFUT,NSE:NIFTY26MAYFUT,23974.0,23995.0,23967.9,23994.0,71175.0,11166480.0,2026-05-26,2026-05-26,MAY 2026
2026-05-25 10:20:00+05:30,NIFTY26MAYFUT,NSE:NIFTY26MAYFUT,23994.8,23995.5,23981.0,23981.0,54600.0,11172135.0,2026-05-26,2026-05-26,MAY 2026
2026-05-25 10:25:00+05:30,NIFTY26MAYFUT,NSE:NIFTY26MAYFUT,23981.0,23984.9,23967.6,23970.0,42575.0,11170965.0,2026-05-26,2026-05-26,MAY 2026
2026-05-25 10:30:00+05:30,NIFTY26MAYFUT,NSE:NIFTY26MAYFUT,23970.5,23990.0,23969.5,23990.0,63180.0,11176685.0,2026-05-26,2026-05-26,MAY 2026
2026-05-25 10:35:00+05:30,NIFTY26MAYFUT,NSE:NIFTY26MAYFUT,23990.0,24000.0,23987.8,23999.0,95940.0,11161475.0,2026-05-26,2026-05-26,MAY 2026
2026-05-25 10:40:00+05:30,NIFTY26MAYFUT,NSE:NIFTY26MAYFUT,23999.0,24005.0,23990.0,23996.0,86775.0,11155300.0,2026-05-26,2026-05-26,MAY 2026
2026-05-25 10:45:00+05:30,NIFTY26MAYFUT,NSE:NIFTY26MAYFUT,23996.0,24007.6,23993.9,24000.0,63895.0,11150100.0,2026-05-26,2026-05-26,MAY 2026
2026-05-25 10:50:00+05:30,NIFTY26MAYFUT,NSE:NIFTY26MAYFUT,23994.1,24005.0,23985.0,23999.0,54665.0,11168625.0,2026-05-26,2026-05-26,MAY 2026
2026-05-25 10:55:00+05:30,NIFTY26MAYFUT,NSE:NIFTY26MAYFUT,23999.0,24004.9,23985.0,23985.0,48360.0,11166740.0,2026-05-26,2026-05-26,MAY 2026
2026-05-25 11:00:00+05:30,NIFTY26MAYFUT,NSE:NIFTY26MAYFUT,23987.0,23992.0,23979.0,23992.0,40495.0,11167260.0,2026-05-26,2026-05-26,MAY 2026
2026-05-25 11:05:00+05:30,NIFTY26MAYFUT,NSE:NIFTY26MAYFUT,23992.0,23998.0,23982.4,23986.7,47710.0,11175710.0,2026-05-26,2026-05-26,MAY 2026
2026-05-25 11:10:00+05:30,NIFTY26MAYFUT,NSE:NIFTY26MAYFUT,23986.7,24000.0,23983.6,24000.0,46475.0,11176360.0,2026-05-26,2026-05-26,MAY 2026
2026-05-25 11:15:00+05:30,NIFTY26MAYFUT,NSE:NIFTY26MAYFUT,24000.0,24000.0,23982.8,23990.0,49465.0,11180390.0,2026-05-26,2026-05-26,MAY 2026
2026-05-25 11:20:00+05:30,NIFTY26MAYFUT,NSE:NIFTY26MAYFUT,23993.3,23995.0,23975.0,23990.0,55185.0,11198655.0,2026-05-26,2026-05-26,MAY 2026
2026-05-25 11:25:00+05:30,NIFTY26MAYFUT,NSE:NIFTY26MAYFUT,23990.0,23990.0,23980.0,23982.0,31265.0,11207170.0,2026-05-26,2026-05-26,MAY 2026
2026-05-25 11:30:00+05:30,NIFTY26MAYFUT,NSE:NIFTY26MAYFUT,23980.0,23989.0,23974.7,23982.2,31135.0,11201320.0,2026-05-26,2026-05-26,MAY 2026
2026-05-25 11:35:00+05:30,NIFTY26MAYFUT,NSE:NIFTY26MAYFUT,23979.0,23995.0,23972.1,23995.0,32370.0,11204440.0,2026-05-26,2026-05-26,MAY 2026
2026-05-25 11:40:00+05:30,NIFTY26MAYFUT,NSE:NIFTY26MAYFUT,23995.0,24000.0,23985.0,23996.6,38350.0,11204895.0,2026-05-26,2026-05-26,MAY 2026
2026-05-25 11:45:00+05:30,NIFTY26MAYFUT,NSE:NIFTY26MAYFUT,23996.6,23999.9,23984.5,23988.6,34970.0,11202815.0,2026-05-26,2026-05-26,MAY 2026
2026-05-25 11:50:00+05:30,NIFTY26MAYFUT,NSE:NIFTY26MAYFUT,23988.6,24005.1,23988.6,24005.1,35100.0,11202620.0,2026-05-26,2026-05-26,MAY 2026
2026-05-25 11:55:00+05:30,NIFTY26MAYFUT,NSE:NIFTY26MAYFUT,24005.1,24008.0,23995.0,24003.0,36270.0,11201060.0,2026-05-26,2026-05-26,MAY 2026
2026-05-25 12:00:00+05:30,NIFTY26MAYFUT,NSE:NIFTY26MAYFUT,24006.0,24006.0,23968.6,23975.0,44070.0,11204635.0,2026-05-26,2026-05-26,MAY 2026
2026-05-25 12:05:00+05:30,NIFTY26MAYFUT,NSE:NIFTY26MAYFUT,23975.0,23986.0,23975.0,23977.4,58175.0,11201190.0,2026-05-26,2026-05-26,MAY 2026
2026-05-25 12:10:00+05:30,NIFTY26MAYFUT,NSE:NIFTY26MAYFUT,23975.0,23980.0,23970.0,23970.6,43745.0,11210615.0,2026-05-26,2026-05-26,MAY 2026
2026-05-25 12:15:00+05:30,NIFTY26MAYFUT,NSE:NIFTY26MAYFUT,23971.0,23978.1,23962.4,23975.0,46670.0,11202685.0,2026-05-26,2026-05-26,MAY 2026
2026-05-25 12:20:00+05:30,NIFTY26MAYFUT,NSE:NIFTY26MAYFUT,23975.0,23978.1,23962.5,23975.0,40820.0,11068005.0,2026-05-26,2026-05-26,MAY 2026
2026-05-25 12:25:00+05:30,NIFTY26MAYFUT,NSE:NIFTY26MAYFUT,23975.0,23979.0,23962.2,23969.6,36465.0,11069825.0,2026-05-26,2026-05-26,MAY 2026
2026-05-25 12:30:00+05:30,NIFTY26MAYFUT,NSE:NIFTY26MAYFUT,23969.6,23970.0,23960.6,23966.6,39910.0,11076065.0,2026-05-26,2026-05-26,MAY 2026
2026-05-25 12:35:00+05:30,NIFTY26MAYFUT,NSE:NIFTY26MAYFUT,23966.6,23980.0,23966.6,23975.3,42510.0,11077885.0,2026-05-26,2026-05-26,MAY 2026
2026-05-25 12:40:00+05:30,NIFTY26MAYFUT,NSE:NIFTY26MAYFUT,23975.3,23975.3,23963.6,23967.6,35750.0,11085230.0,2026-05-26,2026-05-26,MAY 2026
2026-05-25 12:45:00+05:30,NIFTY26MAYFUT,NSE:NIFTY26MAYFUT,23969.9,23969.9,23935.2,23947.0,58240.0,11089715.0,2026-05-26,2026-05-26,MAY 2026
2026-05-25 12:50:00+05:30,NIFTY26MAYFUT,NSE:NIFTY26MAYFUT,23945.9,23961.0,23940.0,23955.0,39065.0,11070605.0,2026-05-26,2026-05-26,MAY 2026
2026-05-25 12:55:00+05:30,NIFTY26MAYFUT,NSE:NIFTY26MAYFUT,23955.0,23964.1,23943.6,23961.0,29965.0,11071125.0,2026-05-26,2026-05-26,MAY 2026
2026-05-25 13:00:00+05:30,NIFTY26MAYFUT,NSE:NIFTY26MAYFUT,23961.0,23999.0,23951.0,23986.9,95225.0,11032580.0,2026-05-26,2026-05-26,MAY 2026
2026-05-25 13:05:00+05:30,NIFTY26MAYFUT,NSE:NIFTY26MAYFUT,23986.9,23990.7,23970.0,23985.0,50700.0,11038495.0,2026-05-26,2026-05-26,MAY 2026
2026-05-25 13:10:00+05:30,NIFTY26MAYFUT,NSE:NIFTY26MAYFUT,23985.0,23990.9,23974.8,23985.0,39975.0,11050325.0,2026-05-26,2026-05-26,MAY 2026
2026-05-25 13:15:00+05:30,NIFTY26MAYFUT,NSE:NIFTY26MAYFUT,23981.0,23990.0,23974.9,23989.5,49075.0,11051430.0,2026-05-26,2026-05-26,MAY 2026
2026-05-25 13:20:00+05:30,NIFTY26MAYFUT,NSE:NIFTY26MAYFUT,23989.8,23997.0,23981.8,23995.0,42120.0,11039600.0,2026-05-26,2026-05-26,MAY 2026
2026-05-25 13:25:00+05:30,NIFTY26MAYFUT,NSE:NIFTY26MAYFUT,23995.0,24003.7,23983.7,23999.2,49140.0,11033490.0,2026-05-26,2026-05-26,MAY 2026
2026-05-25 13:30:00+05:30,NIFTY26MAYFUT,NSE:NIFTY26MAYFUT,23998.0,24000.0,23985.0,23993.0,38025.0,11035895.0,2026-05-26,2026-05-26,MAY 2026
2026-05-25 13:35:00+05:30,NIFTY26MAYFUT,NSE:NIFTY26MAYFUT,23993.0,23994.0,23982.0,23983.8,34775.0,11042135.0,2026-05-26,2026-05-26,MAY 2026
2026-05-25 13:40:00+05:30,NIFTY26MAYFUT,NSE:NIFTY26MAYFUT,23983.8,23993.0,23970.0,23976.1,37310.0,11044800.0,2026-05-26,2026-05-26,MAY 2026
2026-05-25 13:45:00+05:30,NIFTY26MAYFUT,NSE:NIFTY26MAYFUT,23976.1,23990.0,23972.0,23988.6,35555.0,11049740.0,2026-05-26,2026-05-26,MAY 2026
2026-05-25 13:50:00+05:30,NIFTY26MAYFUT,NSE:NIFTY26MAYFUT,23988.6,23990.0,23971.1,23982.6,37440.0,11067225.0,2026-05-26,2026-05-26,MAY 2026
2026-05-25 13:55:00+05:30,NIFTY26MAYFUT,NSE:NIFTY26MAYFUT,23982.6,23982.6,23971.0,23978.8,31655.0,11069435.0,2026-05-26,2026-05-26,MAY 2026
2026-05-25 14:00:00+05:30,NIFTY26MAYFUT,NSE:NIFTY26MAYFUT,23978.1,23990.0,23972.0,23990.0,38480.0,11066380.0,2026-05-26,2026-05-26,MAY 2026
2026-05-25 14:05:00+05:30,NIFTY26MAYFUT,NSE:NIFTY26MAYFUT,23990.0,23990.0,23970.0,23973.0,29900.0,11069630.0,2026-05-26,2026-05-26,MAY 2026
2026-05-25 14:10:00+05:30,NIFTY26MAYFUT,NSE:NIFTY26MAYFUT,23973.0,23985.5,23970.0,23971.5,37245.0,11083410.0,2026-05-26,2026-05-26,MAY 2026
2026-05-25 14:15:00+05:30,NIFTY26MAYFUT,NSE:NIFTY26MAYFUT,23972.0,23979.0,23967.8,23971.1,36465.0,11094265.0,2026-05-26,2026-05-26,MAY 2026
2026-05-25 14:20:00+05:30,NIFTY26MAYFUT,NSE:NIFTY26MAYFUT,23970.0,23983.0,23970.0,23980.0,33800.0,11097385.0,2026-05-26,2026-05-26,MAY 2026
2026-05-25 14:25:00+05:30,NIFTY26MAYFUT,NSE:NIFTY26MAYFUT,23980.0,23996.0,23974.0,23995.8,48620.0,11112335.0,2026-05-26,2026-05-26,MAY 2026
2026-05-25 14:30:00+05:30,NIFTY26MAYFUT,NSE:NIFTY26MAYFUT,23991.7,24001.0,23985.0,24001.0,63440.0,11124295.0,2026-05-26,2026-05-26,MAY 2026
2026-05-25 14:35:00+05:30,NIFTY26MAYFUT,NSE:NIFTY26MAYFUT,24000.0,24020.0,23997.1,24015.1,88205.0,11125140.0,2026-05-26,2026-05-26,MAY 2026
2026-05-25 14:40:00+05:30,NIFTY26MAYFUT,NSE:NIFTY26MAYFUT,24011.6,24031.9,24009.6,24030.0,98215.0,11118900.0,2026-05-26,2026-05-26,MAY 2026
2026-05-25 14:45:00+05:30,NIFTY26MAYFUT,NSE:NIFTY26MAYFUT,24031.0,24056.3,24027.2,24044.0,118040.0,11112595.0,2026-05-26,2026-05-26,MAY 2026
2026-05-25 14:50:00+05:30,NIFTY26MAYFUT,NSE:NIFTY26MAYFUT,24044.1,24051.0,24041.1,24051.0,63245.0,11102455.0,2026-05-26,2026-05-26,MAY 2026
2026-05-25 14:55:00+05:30,NIFTY26MAYFUT,NSE:NIFTY26MAYFUT,24051.0,24055.0,24045.0,24051.1,46280.0,11103170.0,2026-05-26,2026-05-26,MAY 2026
2026-05-25 15:00:00+05:30,NIFTY26MAYFUT,NSE:NIFTY26MAYFUT,24050.3,24055.0,24037.0,24049.2,82615.0,11091860.0,2026-05-26,2026-05-26,MAY 2026
2026-05-25 15:05:00+05:30,NIFTY26MAYFUT,NSE:NIFTY26MAYFUT,24050.0,24050.5,24040.0,24040.0,68185.0,11098295.0,2026-05-26,2026-05-26,MAY 2026
2026-05-25 15:10:00+05:30,NIFTY26MAYFUT,NSE:NIFTY26MAYFUT,24040.1,24064.8,24040.1,24062.0,97760.0,11083605.0,2026-05-26,2026-05-26,MAY 2026
2026-05-25 15:15:00+05:30,NIFTY26MAYFUT,NSE:NIFTY26MAYFUT,24062.9,24062.9,24046.0,24049.0,105170.0,11012690.0,2026-05-26,2026-05-26,MAY 2026
2026-05-25 15:20:00+05:30,NIFTY26MAYFUT,NSE:NIFTY26MAYFUT,24049.0,24075.2,24048.2,24075.0,146250.0,10987730.0,2026-05-26,2026-05-26,MAY 2026
2026-05-25 15:25:00+05:30,NIFTY26MAYFUT,NSE:NIFTY26MAYFUT,24072.4,24119.8,24068.0,24115.0,145990.0,10938785.0,2026-05-26,2026-05-26,MAY 2026
2026-05-26 09:15:00+05:30,NIFTY26MAYFUT,NSE:NIFTY26MAYFUT,24047.0,24047.0,23971.9,24015.0,138710.0,8330400.0,2026-05-26,2026-05-26,MAY 2026
2026-05-26 09:20:00+05:30,NIFTY26MAYFUT,NSE:NIFTY26MAYFUT,24015.0,24039.3,24010.7,24030.0,118040.0,8314735.0,2026-05-26,2026-05-26,MAY 2026
2026-05-26 09:25:00+05:30,NIFTY26MAYFUT,NSE:NIFTY26MAYFUT,24034.4,24045.0,24018.0,24039.0,59020.0,8293285.0,2026-05-26,2026-05-26,MAY 2026
2026-05-26 09:30:00+05:30,NIFTY26MAYFUT,NSE:NIFTY26MAYFUT,24039.0,24040.0,24025.3,24028.1,64415.0,8284315.0,2026-05-26,2026-05-26,MAY 2026
2026-05-26 09:35:00+05:30,NIFTY26MAYFUT,NSE:NIFTY26MAYFUT,24030.0,24084.3,24012.7,24068.0,85085.0,8268390.0,2026-05-26,2026-05-26,MAY 2026
2026-05-26 09:40:00+05:30,NIFTY26MAYFUT,NSE:NIFTY26MAYFUT,24075.0,24079.8,24050.0,24065.0,46150.0,8255715.0,2026-05-26,2026-05-26,MAY 2026
2026-05-26 09:45:00+05:30,NIFTY26MAYFUT,NSE:NIFTY26MAYFUT,24065.0,24065.0,24050.0,24051.0,46540.0,8248630.0,2026-05-26,2026-05-26,MAY 2026
2026-05-26 09:50:00+05:30,NIFTY26MAYFUT,NSE:NIFTY26MAYFUT,24051.0,24060.0,24031.0,24034.0,31135.0,8239725.0,2026-05-26,2026-05-26,MAY 2026
2026-05-26 09:55:00+05:30,NIFTY26MAYFUT,NSE:NIFTY26MAYFUT,24034.0,24040.0,24001.4,24022.6,63375.0,8228350.0,2026-05-26,2026-05-26,MAY 2026
2026-05-26 10:00:00+05:30,NIFTY26MAYFUT,NSE:NIFTY26MAYFUT,24030.0,24054.0,24015.7,24049.5,61360.0,8224450.0,2026-05-26,2026-05-26,MAY 2026
2026-05-26 10:05:00+05:30,NIFTY26MAYFUT,NSE:NIFTY26MAYFUT,24049.5,24054.0,24033.3,24052.0,48685.0,8227765.0,2026-05-26,2026-05-26,MAY 2026
2026-05-26 10:10:00+05:30,NIFTY26MAYFUT,NSE:NIFTY26MAYFUT,24049.8,24065.0,24049.8,24063.9,34255.0,8223150.0,2026-05-26,2026-05-26,MAY 2026
2026-05-26 10:15:00+05:30,NIFTY26MAYFUT,NSE:NIFTY26MAYFUT,24063.9,24064.1,24044.0,24046.4,47450.0,8214895.0,2026-05-26,2026-05-26,MAY 2026
2026-05-26 10:20:00+05:30,NIFTY26MAYFUT,NSE:NIFTY26MAYFUT,24050.0,24071.0,24045.0,24067.4,38805.0,8205925.0,2026-05-26,2026-05-26,MAY 2026
2026-05-26 10:25:00+05:30,NIFTY26MAYFUT,NSE:NIFTY26MAYFUT,24067.4,24073.0,24060.0,24062.6,61425.0,8200465.0,2026-05-26,2026-05-26,MAY 2026
2026-05-26 10:30:00+05:30,NIFTY26MAYFUT,NSE:NIFTY26MAYFUT,24062.6,24075.0,24060.0,24069.7,53300.0,8172905.0,2026-05-26,2026-05-26,MAY 2026
2026-05-26 10:35:00+05:30,NIFTY26MAYFUT,NSE:NIFTY26MAYFUT,24069.7,24084.0,24069.1,24078.2,61295.0,8176480.0,2026-05-26,2026-05-26,MAY 2026
2026-05-26 10:40:00+05:30,NIFTY26MAYFUT,NSE:NIFTY26MAYFUT,24075.1,24081.0,24060.8,24061.6,44590.0,8166210.0,2026-05-26,2026-05-26,MAY 2026
2026-05-26 10:45:00+05:30,NIFTY26MAYFUT,NSE:NIFTY26MAYFUT,24061.6,24074.0,24057.9,24060.7,27105.0,8079435.0,2026-05-26,2026-05-26,MAY 2026
2026-05-26 10:50:00+05:30,NIFTY26MAYFUT,NSE:NIFTY26MAYFUT,24060.7,24079.0,24057.2,24073.0,22490.0,8073520.0,2026-05-26,2026-05-26,MAY 2026
2026-05-26 10:55:00+05:30,NIFTY26MAYFUT,NSE:NIFTY26MAYFUT,24073.0,24075.0,24065.5,24065.5,15535.0,8067085.0,2026-05-26,2026-05-26,MAY 2026
2026-05-26 11:00:00+05:30,NIFTY26MAYFUT,NSE:NIFTY26MAYFUT,24072.0,24080.0,24066.2,24074.0,18720.0,8058180.0,2026-05-26,2026-05-26,MAY 2026
2026-05-26 11:05:00+05:30,NIFTY26MAYFUT,NSE:NIFTY26MAYFUT,24074.0,24075.0,24059.8,24066.8,31850.0,8020935.0,2026-05-26,2026-05-26,MAY 2026
2026-05-26 11:10:00+05:30,NIFTY26MAYFUT,NSE:NIFTY26MAYFUT,24066.8,24074.0,24060.0,24069.0,15730.0,8018075.0,2026-05-26,2026-05-26,MAY 2026
2026-05-26 11:15:00+05:30,NIFTY26MAYFUT,NSE:NIFTY26MAYFUT,24065.0,24065.0,24046.0,24063.0,40885.0,8010925.0,2026-05-26,2026-05-26,MAY 2026
2026-05-26 11:20:00+05:30,NIFTY26MAYFUT,NSE:NIFTY26MAYFUT,24063.0,24067.0,24041.2,24041.2,40300.0,7990450.0,2026-05-26,2026-05-26,MAY 2026
2026-05-26 11:25:00+05:30,NIFTY26MAYFUT,NSE:NIFTY26MAYFUT,24041.2,24055.5,24041.2,24043.1,26975.0,7982195.0,2026-05-26,2026-05-26,MAY 2026
2026-05-26 11:30:00+05:30,NIFTY26MAYFUT,NSE:NIFTY26MAYFUT,24042.0,24057.9,24021.2,24045.8,43420.0,7916805.0,2026-05-26,2026-05-26,MAY 2026
2026-05-26 11:35:00+05:30,NIFTY26MAYFUT,NSE:NIFTY26MAYFUT,24045.8,24069.9,24045.8,24069.4,24895.0,7795970.0,2026-05-26,2026-05-26,MAY 2026
2026-05-26 11:40:00+05:30,NIFTY26MAYFUT,NSE:NIFTY26MAYFUT,24069.4,24072.0,24059.6,24069.0,24765.0,7784140.0,2026-05-26,2026-05-26,MAY 2026
2026-05-26 11:45:00+05:30,NIFTY26MAYFUT,NSE:NIFTY26MAYFUT,24069.0,24069.5,24050.2,24055.7,16965.0,7781475.0,2026-05-26,2026-05-26,MAY 2026
2026-05-26 11:50:00+05:30,NIFTY26MAYFUT,NSE:NIFTY26MAYFUT,24055.7,24065.0,24046.3,24055.0,11960.0,7777315.0,2026-05-26,2026-05-26,MAY 2026
2026-05-26 11:55:00+05:30,NIFTY26MAYFUT,NSE:NIFTY26MAYFUT,24050.8,24060.0,24029.8,24039.0,20540.0,7767240.0,2026-05-26,2026-05-26,MAY 2026
2026-05-26 12:00:00+05:30,NIFTY26MAYFUT,NSE:NIFTY26MAYFUT,24031.8,24040.0,24010.0,24034.0,23465.0,7762690.0,2026-05-26,2026-05-26,MAY 2026
2026-05-26 12:05:00+05:30,NIFTY26MAYFUT,NSE:NIFTY26MAYFUT,24034.1,24045.4,24022.1,24027.4,18135.0,7745270.0,2026-05-26,2026-05-26,MAY 2026
2026-05-26 12:10:00+05:30,NIFTY26MAYFUT,NSE:NIFTY26MAYFUT,24027.4,24038.0,24012.1,24025.0,19045.0,7741045.0,2026-05-26,2026-05-26,MAY 2026
2026-05-26 12:15:00+05:30,NIFTY26MAYFUT,NSE:NIFTY26MAYFUT,24019.0,24038.0,24016.0,24031.1,20345.0,7727655.0,2026-05-26,2026-05-26,MAY 2026
2026-05-26 12:20:00+05:30,NIFTY26MAYFUT,NSE:NIFTY26MAYFUT,24031.1,24042.9,24030.0,24036.7,20930.0,7737405.0,2026-05-26,2026-05-26,MAY 2026
2026-05-26 12:25:00+05:30,NIFTY26MAYFUT,NSE:NIFTY26MAYFUT,24034.5,24036.8,24016.0,24023.0,14040.0,7735455.0,2026-05-26,2026-05-26,MAY 2026
2026-05-26 12:30:00+05:30,NIFTY26MAYFUT,NSE:NIFTY26MAYFUT,24023.5,24040.0,24020.1,24020.1,23985.0,7733505.0,2026-05-26,2026-05-26,MAY 2026
2026-05-26 12:35:00+05:30,NIFTY26MAYFUT,NSE:NIFTY26MAYFUT,24020.1,24031.7,24005.7,24026.7,37700.0,7711730.0,2026-05-26,2026-05-26,MAY 2026
2026-05-26 12:40:00+05:30,NIFTY26MAYFUT,NSE:NIFTY26MAYFUT,24026.7,24026.7,24001.4,24010.0,35685.0,7692230.0,2026-05-26,2026-05-26,MAY 2026
2026-05-26 12:45:00+05:30,NIFTY26MAYFUT,NSE:NIFTY26MAYFUT,24010.0,24013.2,23990.0,23995.0,45110.0,7685080.0,2026-05-26,2026-05-26,MAY 2026
2026-05-26 12:50:00+05:30,NIFTY26MAYFUT,NSE:NIFTY26MAYFUT,23995.0,23999.0,23972.0,23990.1,53430.0,7657975.0,2026-05-26,2026-05-26,MAY 2026
2026-05-26 12:55:00+05:30,NIFTY26MAYFUT,NSE:NIFTY26MAYFUT,23990.0,24000.0,23976.5,23986.4,45045.0,7656545.0,2026-05-26,2026-05-26,MAY 2026
2026-05-26 13:00:00+05:30,NIFTY26MAYFUT,NSE:NIFTY26MAYFUT,23988.8,23990.6,23972.0,23978.0,45890.0,7645755.0,2026-05-26,2026-05-26,MAY 2026
2026-05-26 13:05:00+05:30,NIFTY26MAYFUT,NSE:NIFTY26MAYFUT,23978.0,23987.0,23972.0,23972.2,23400.0,7632170.0,2026-05-26,2026-05-26,MAY 2026
2026-05-26 13:10:00+05:30,NIFTY26MAYFUT,NSE:NIFTY26MAYFUT,23972.2,23990.0,23972.0,23972.0,14820.0,7623265.0,2026-05-26,2026-05-26,MAY 2026
2026-05-26 13:15:00+05:30,NIFTY26MAYFUT,NSE:NIFTY26MAYFUT,23972.0,23985.8,23955.0,23979.9,137930.0,7687290.0,2026-05-26,2026-05-26,MAY 2026
2026-05-26 13:20:00+05:30,NIFTY26MAYFUT,NSE:NIFTY26MAYFUT,23979.9,23986.9,23974.7,23980.0,27755.0,7632560.0,2026-05-26,2026-05-26,MAY 2026
2026-05-26 13:25:00+05:30,NIFTY26MAYFUT,NSE:NIFTY26MAYFUT,23980.0,23990.0,23976.0,23982.0,26455.0,7624500.0,2026-05-26,2026-05-26,MAY 2026
2026-05-26 13:30:00+05:30,NIFTY26MAYFUT,NSE:NIFTY26MAYFUT,23981.4,23997.3,23975.0,23979.9,27690.0,7612150.0,2026-05-26,2026-05-26,MAY 2026
2026-05-26 13:35:00+05:30,NIFTY26MAYFUT,NSE:NIFTY26MAYFUT,23979.9,23987.2,23965.5,23968.7,20085.0,7610785.0,2026-05-26,2026-05-26,MAY 2026
2026-05-26 13:40:00+05:30,NIFTY26MAYFUT,NSE:NIFTY26MAYFUT,23968.2,23977.5,23944.0,23959.6,42120.0,7606755.0,2026-05-26,2026-05-26,MAY 2026
2026-05-26 13:45:00+05:30,NIFTY26MAYFUT,NSE:NIFTY26MAYFUT,23947.2,23964.5,23947.2,23955.0,23660.0,7600840.0,2026-05-26,2026-05-26,MAY 2026
2026-05-26 13:50:00+05:30,NIFTY26MAYFUT,NSE:NIFTY26MAYFUT,23957.6,23958.0,23932.9,23950.0,37440.0,7591480.0,2026-05-26,2026-05-26,MAY 2026
2026-05-26 13:55:00+05:30,NIFTY26MAYFUT,NSE:NIFTY26MAYFUT,23954.0,23955.0,23930.9,23931.5,35555.0,7584850.0,2026-05-26,2026-05-26,MAY 2026
2026-05-26 14:00:00+05:30,NIFTY26MAYFUT,NSE:NIFTY26MAYFUT,23931.5,23935.0,23910.1,23910.1,38415.0,7546890.0,2026-05-26,2026-05-26,MAY 2026
2026-05-26 14:05:00+05:30,NIFTY26MAYFUT,NSE:NIFTY26MAYFUT,23910.1,23938.9,23906.0,23929.8,109070.0,7564700.0,2026-05-26,2026-05-26,MAY 2026
2026-05-26 14:10:00+05:30,NIFTY26MAYFUT,NSE:NIFTY26MAYFUT,23929.8,23930.0,23913.0,23924.0,26650.0,7552480.0,2026-05-26,2026-05-26,MAY 2026
2026-05-26 14:15:00+05:30,NIFTY26MAYFUT,NSE:NIFTY26MAYFUT,23924.0,23932.0,23920.0,23926.0,31655.0,7523100.0,2026-05-26,2026-05-26,MAY 2026
2026-05-26 14:20:00+05:30,NIFTY26MAYFUT,NSE:NIFTY26MAYFUT,23922.3,23941.7,23922.0,23939.0,29445.0,7514065.0,2026-05-26,2026-05-26,MAY 2026
2026-05-26 14:25:00+05:30,NIFTY26MAYFUT,NSE:NIFTY26MAYFUT,23931.0,23940.0,23907.0,23921.0,57460.0,7480330.0,2026-05-26,2026-05-26,MAY 2026
2026-05-26 14:30:00+05:30,NIFTY26MAYFUT,NSE:NIFTY26MAYFUT,23922.0,23934.0,23915.5,23927.0,27430.0,7481825.0,2026-05-26,2026-05-26,MAY 2026
2026-05-26 14:35:00+05:30,NIFTY26MAYFUT,NSE:NIFTY26MAYFUT,23925.2,23927.0,23900.0,23907.4,48490.0,7422415.0,2026-05-26,2026-05-26,MAY 2026
2026-05-26 14:40:00+05:30,NIFTY26MAYFUT,NSE:NIFTY26MAYFUT,23910.0,23911.0,23899.4,23908.0,62855.0,7272330.0,2026-05-26,2026-05-26,MAY 2026
2026-05-26 14:45:00+05:30,NIFTY26MAYFUT,NSE:NIFTY26MAYFUT,23908.0,23911.0,23901.0,23904.9,54275.0,7220070.0,2026-05-26,2026-05-26,MAY 2026
2026-05-26 14:50:00+05:30,NIFTY26MAYFUT,NSE:NIFTY26MAYFUT,23906.0,23906.0,23880.0,23888.0,101790.0,7176195.0,2026-05-26,2026-05-26,MAY 2026
2026-05-26 14:55:00+05:30,NIFTY26MAYFUT,NSE:NIFTY26MAYFUT,23888.0,23922.5,23883.1,23920.0,56225.0,7159100.0,2026-05-26,2026-05-26,MAY 2026
2026-05-26 15:00:00+05:30,NIFTY26MAYFUT,NSE:NIFTY26MAYFUT,23912.0,23916.1,23895.4,23910.7,39520.0,7124130.0,2026-05-26,2026-05-26,MAY 2026
2026-05-26 15:05:00+05:30,NIFTY26MAYFUT,NSE:NIFTY26MAYFUT,23910.7,23925.0,23909.1,23914.2,57980.0,7112950.0,2026-05-26,2026-05-26,MAY 2026
2026-05-26 15:10:00+05:30,NIFTY26MAYFUT,NSE:NIFTY26MAYFUT,23914.5,23922.0,23909.1,23911.0,41405.0,7100145.0,2026-05-26,2026-05-26,MAY 2026
2026-05-26 15:15:00+05:30,NIFTY26MAYFUT,NSE:NIFTY26MAYFUT,23911.0,23919.9,23910.0,23918.0,55510.0,7075055.0,2026-05-26,2026-05-26,MAY 2026
2026-05-26 15:20:00+05:30,NIFTY26MAYFUT,NSE:NIFTY26MAYFUT,23918.0,23919.0,23911.1,23914.1,51415.0,7041710.0,2026-05-26,2026-05-26,MAY 2026
2026-05-26 15:25:00+05:30,NIFTY26MAYFUT,NSE:NIFTY26MAYFUT,23914.5,23914.5,23910.9,23911.3,83265.0,7004465.0,2026-05-26,2026-05-26,MAY 2026
