datetime,tradingsymbol,instrument_identifier,open,high,low,close,volume,open_interest,expiry_date_source,verified_expiry_date,contract_month
2026-09-01 09:15:00+05:30,NIFTY26SEPFUT,NSE:NIFTY26SEPFUT,24200.0,24209.3,24175.0,24182.0,102765.0,15739230.0,2026-09-29,2026-09-29,SEP 2026
2026-09-01 09:20:00+05:30,NIFTY26SEPFUT,NSE:NIFTY26SEPFUT,24182.0,24191.0,24171.0,24172.6,70460.0,15746770.0,2026-09-29,2026-09-29,SEP 2026
2026-09-01 09:25:00+05:30,NIFTY26SEPFUT,NSE:NIFTY26SEPFUT,24172.2,24214.9,24171.6,24205.0,52130.0,15748330.0,2026-09-29,2026-09-29,SEP 2026
2026-09-01 09:30:00+05:30,NIFTY26SEPFUT,NSE:NIFTY26SEPFUT,24202.0,24215.0,24197.9,24204.3,39195.0,15747485.0,2026-09-29,2026-09-29,SEP 2026
2026-09-01 09:35:00+05:30,NIFTY26SEPFUT,NSE:NIFTY26SEPFUT,24204.5,24204.5,24182.4,24182.4,45500.0,15737605.0,2026-09-29,2026-09-29,SEP 2026
2026-09-01 09:40:00+05:30,NIFTY26SEPFUT,NSE:NIFTY26SEPFUT,24191.3,24191.3,24162.4,24167.9,62530.0,15754895.0,2026-09-29,2026-09-29,SEP 2026
2026-09-01 09:45:00+05:30,NIFTY26SEPFUT,NSE:NIFTY26SEPFUT,24165.0,24176.5,24157.0,24165.5,41470.0,15782130.0,2026-09-29,2026-09-29,SEP 2026
2026-09-01 09:50:00+05:30,NIFTY26SEPFUT,NSE:NIFTY26SEPFUT,24165.0,24176.0,24156.5,24158.1,42315.0,15793570.0,2026-09-29,2026-09-29,SEP 2026
2026-09-01 09:55:00+05:30,NIFTY26SEPFUT,NSE:NIFTY26SEPFUT,24156.5,24169.7,24154.0,24155.1,36140.0,15816255.0,2026-09-29,2026-09-29,SEP 2026
2026-09-01 10:00:00+05:30,NIFTY26SEPFUT,NSE:NIFTY26SEPFUT,24155.0,24173.9,24151.2,24165.0,26650.0,15824835.0,2026-09-29,2026-09-29,SEP 2026
2026-09-01 10:05:00+05:30,NIFTY26SEPFUT,NSE:NIFTY26SEPFUT,24165.0,24173.9,24157.0,24166.9,21385.0,15832830.0,2026-09-29,2026-09-29,SEP 2026
2026-09-01 10:10:00+05:30,NIFTY26SEPFUT,NSE:NIFTY26SEPFUT,24162.4,24168.9,24160.0,24164.0,30940.0,15840695.0,2026-09-29,2026-09-29,SEP 2026
2026-09-01 10:15:00+05:30,NIFTY26SEPFUT,NSE:NIFTY26SEPFUT,24164.1,24186.0,24163.8,24181.9,37700.0,15837575.0,2026-09-29,2026-09-29,SEP 2026
2026-09-01 10:20:00+05:30,NIFTY26SEPFUT,NSE:NIFTY26SEPFUT,24181.0,24190.0,24172.0,24190.0,19240.0,15840695.0,2026-09-29,2026-09-29,SEP 2026
2026-09-01 10:25:00+05:30,NIFTY26SEPFUT,NSE:NIFTY26SEPFUT,24185.4,24190.6,24180.0,24189.3,25220.0,15843490.0,2026-09-29,2026-09-29,SEP 2026
2026-09-01 10:30:00+05:30,NIFTY26SEPFUT,NSE:NIFTY26SEPFUT,24189.0,24198.9,24185.0,24188.8,36400.0,15834130.0,2026-09-29,2026-09-29,SEP 2026
2026-09-01 10:35:00+05:30,NIFTY26SEPFUT,NSE:NIFTY26SEPFUT,24191.6,24198.2,24186.0,24192.8,17290.0,15836795.0,2026-09-29,2026-09-29,SEP 2026
2026-09-01 10:40:00+05:30,NIFTY26SEPFUT,NSE:NIFTY26SEPFUT,24192.8,24197.2,24181.2,24181.6,22165.0,15845830.0,2026-09-29,2026-09-29,SEP 2026
2026-09-01 10:45:00+05:30,NIFTY26SEPFUT,NSE:NIFTY26SEPFUT,24181.2,24198.0,24181.2,24195.4,39845.0,15850575.0,2026-09-29,2026-09-29,SEP 2026
2026-09-01 10:50:00+05:30,NIFTY26SEPFUT,NSE:NIFTY26SEPFUT,24196.3,24214.8,24190.3,24212.0,46345.0,15856100.0,2026-09-29,2026-09-29,SEP 2026
2026-09-01 10:55:00+05:30,NIFTY26SEPFUT,NSE:NIFTY26SEPFUT,24212.0,24217.3,24209.0,24211.6,26065.0,15850120.0,2026-09-29,2026-09-29,SEP 2026
2026-09-01 11:00:00+05:30,NIFTY26SEPFUT,NSE:NIFTY26SEPFUT,24209.5,24220.0,24201.0,24210.0,18460.0,15847065.0,2026-09-29,2026-09-29,SEP 2026
2026-09-01 11:05:00+05:30,NIFTY26SEPFUT,NSE:NIFTY26SEPFUT,24205.6,24235.4,24202.0,24233.0,53885.0,15834065.0,2026-09-29,2026-09-29,SEP 2026
2026-09-01 11:10:00+05:30,NIFTY26SEPFUT,NSE:NIFTY26SEPFUT,24228.0,24248.7,24228.0,24244.1,42770.0,15828410.0,2026-09-29,2026-09-29,SEP 2026
2026-09-01 11:15:00+05:30,NIFTY26SEPFUT,NSE:NIFTY26SEPFUT,24244.1,24264.8,24244.0,24264.8,63245.0,15810275.0,2026-09-29,2026-09-29,SEP 2026
2026-09-01 11:20:00+05:30,NIFTY26SEPFUT,NSE:NIFTY26SEPFUT,24264.8,24269.9,24255.5,24263.0,32305.0,15800135.0,2026-09-29,2026-09-29,SEP 2026
2026-09-01 11:25:00+05:30,NIFTY26SEPFUT,NSE:NIFTY26SEPFUT,24264.8,24283.9,24257.4,24283.0,36920.0,15784990.0,2026-09-29,2026-09-29,SEP 2026
2026-09-01 11:30:00+05:30,NIFTY26SEPFUT,NSE:NIFTY26SEPFUT,24280.0,24296.1,24276.6,24276.6,80600.0,15786485.0,2026-09-29,2026-09-29,SEP 2026
2026-09-01 11:35:00+05:30,NIFTY26SEPFUT,NSE:NIFTY26SEPFUT,24276.6,24284.9,24270.0,24271.0,13195.0,15772705.0,2026-09-29,2026-09-29,SEP 2026
2026-09-01 11:40:00+05:30,NIFTY26SEPFUT,NSE:NIFTY26SEPFUT,24270.0,24275.0,24261.0,24272.0,13065.0,15773160.0,2026-09-29,2026-09-29,SEP 2026
2026-09-01 11:45:00+05:30,NIFTY26SEPFUT,NSE:NIFTY26SEPFUT,24272.0,24275.0,24260.0,24260.0,26195.0,15778880.0,2026-09-29,2026-09-29,SEP 2026
2026-09-01 11:50:00+05:30,NIFTY26SEPFUT,NSE:NIFTY26SEPFUT,24260.0,24268.0,24255.5,24260.0,10595.0,15780570.0,2026-09-29,2026-09-29,SEP 2026
2026-09-01 11:55:00+05:30,NIFTY26SEPFUT,NSE:NIFTY26SEPFUT,24260.0,24267.2,24258.0,24263.8,12935.0,15777840.0,2026-09-29,2026-09-29,SEP 2026
2026-09-01 12:00:00+05:30,NIFTY26SEPFUT,NSE:NIFTY26SEPFUT,24263.8,24270.0,24254.6,24265.4,10205.0,15717585.0,2026-09-29,2026-09-29,SEP 2026
2026-09-01 12:05:00+05:30,NIFTY26SEPFUT,NSE:NIFTY26SEPFUT,24265.7,24276.0,24265.7,24276.0,10530.0,15713035.0,2026-09-29,2026-09-29,SEP 2026
2026-09-01 12:10:00+05:30,NIFTY26SEPFUT,NSE:NIFTY26SEPFUT,24276.0,24284.1,24260.8,24260.8,24440.0,15699905.0,2026-09-29,2026-09-29,SEP 2026
2026-09-01 12:15:00+05:30,NIFTY26SEPFUT,NSE:NIFTY26SEPFUT,24257.2,24266.2,24251.0,24251.0,17420.0,15701270.0,2026-09-29,2026-09-29,SEP 2026
2026-09-01 12:20:00+05:30,NIFTY26SEPFUT,NSE:NIFTY26SEPFUT,24251.0,24262.4,24239.7,24248.2,29510.0,15705495.0,2026-09-29,2026-09-29,SEP 2026
2026-09-01 12:25:00+05:30,NIFTY26SEPFUT,NSE:NIFTY26SEPFUT,24248.2,24259.0,24238.0,24250.0,7540.0,15706340.0,2026-09-29,2026-09-29,SEP 2026
2026-09-01 12:30:00+05:30,NIFTY26SEPFUT,NSE:NIFTY26SEPFUT,24257.9,24265.0,24245.0,24247.0,7670.0,15709395.0,2026-09-29,2026-09-29,SEP 2026
2026-09-01 12:35:00+05:30,NIFTY26SEPFUT,NSE:NIFTY26SEPFUT,24247.0,24259.6,24245.3,24250.0,5395.0,15710955.0,2026-09-29,2026-09-29,SEP 2026
2026-09-01 12:40:00+05:30,NIFTY26SEPFUT,NSE:NIFTY26SEPFUT,24250.0,24260.0,24250.0,24259.5,3640.0,15711215.0,2026-09-29,2026-09-29,SEP 2026
2026-09-01 12:45:00+05:30,NIFTY26SEPFUT,NSE:NIFTY26SEPFUT,24253.1,24264.7,24250.0,24250.0,7540.0,15712580.0,2026-09-29,2026-09-29,SEP 2026
2026-09-01 12:50:00+05:30,NIFTY26SEPFUT,NSE:NIFTY26SEPFUT,24250.0,24255.0,24240.0,24241.0,8775.0,15715765.0,2026-09-29,2026-09-29,SEP 2026
2026-09-01 12:55:00+05:30,NIFTY26SEPFUT,NSE:NIFTY26SEPFUT,24241.0,24244.0,24231.1,24235.5,15145.0,15720835.0,2026-09-29,2026-09-29,SEP 2026
2026-09-01 13:00:00+05:30,NIFTY26SEPFUT,NSE:NIFTY26SEPFUT,24236.0,24243.6,24215.6,24218.1,38805.0,15735070.0,2026-09-29,2026-09-29,SEP 2026
2026-09-01 13:05:00+05:30,NIFTY26SEPFUT,NSE:NIFTY26SEPFUT,24219.0,24224.4,24210.0,24211.0,23530.0,15741960.0,2026-09-29,2026-09-29,SEP 2026
2026-09-01 13:10:00+05:30,NIFTY26SEPFUT,NSE:NIFTY26SEPFUT,24215.0,24215.5,24186.0,24188.1,74880.0,15763800.0,2026-09-29,2026-09-29,SEP 2026
2026-09-01 13:15:00+05:30,NIFTY26SEPFUT,NSE:NIFTY26SEPFUT,24188.2,24193.0,24176.5,24190.9,49205.0,15785250.0,2026-09-29,2026-09-29,SEP 2026
2026-09-01 13:20:00+05:30,NIFTY26SEPFUT,NSE:NIFTY26SEPFUT,24189.9,24198.9,24185.0,24188.4,19045.0,15794155.0,2026-09-29,2026-09-29,SEP 2026
2026-09-01 13:25:00+05:30,NIFTY26SEPFUT,NSE:NIFTY26SEPFUT,24190.0,24192.4,24179.3,24185.0,22360.0,15804425.0,2026-09-29,2026-09-29,SEP 2026
2026-09-01 13:30:00+05:30,NIFTY26SEPFUT,NSE:NIFTY26SEPFUT,24180.5,24196.3,24180.3,24192.0,17615.0,15803840.0,2026-09-29,2026-09-29,SEP 2026
2026-09-01 13:35:00+05:30,NIFTY26SEPFUT,NSE:NIFTY26SEPFUT,24190.0,24193.9,24162.0,24162.0,58890.0,15816125.0,2026-09-29,2026-09-29,SEP 2026
2026-09-01 13:40:00+05:30,NIFTY26SEPFUT,NSE:NIFTY26SEPFUT,24161.1,24162.0,24142.0,24158.4,143910.0,15827305.0,2026-09-29,2026-09-29,SEP 2026
2026-09-01 13:45:00+05:30,NIFTY26SEPFUT,NSE:NIFTY26SEPFUT,24158.0,24158.0,24145.0,24147.0,85020.0,15875080.0,2026-09-29,2026-09-29,SEP 2026
2026-09-01 13:50:00+05:30,NIFTY26SEPFUT,NSE:NIFTY26SEPFUT,24147.0,24147.0,24103.1,24112.5,234975.0,15956005.0,2026-09-29,2026-09-29,SEP 2026
2026-09-01 13:55:00+05:30,NIFTY26SEPFUT,NSE:NIFTY26SEPFUT,24108.0,24133.3,24105.0,24121.0,83200.0,15996370.0,2026-09-29,2026-09-29,SEP 2026
2026-09-01 14:00:00+05:30,NIFTY26SEPFUT,NSE:NIFTY26SEPFUT,24120.0,24122.4,24090.4,24092.0,107380.0,16037905.0,2026-09-29,2026-09-29,SEP 2026
2026-09-01 14:05:00+05:30,NIFTY26SEPFUT,NSE:NIFTY26SEPFUT,24092.0,24102.5,24067.0,24070.0,120510.0,16066700.0,2026-09-29,2026-09-29,SEP 2026
2026-09-01 14:10:00+05:30,NIFTY26SEPFUT,NSE:NIFTY26SEPFUT,24070.0,24090.0,24069.0,24078.7,75530.0,16088020.0,2026-09-29,2026-09-29,SEP 2026
2026-09-01 14:15:00+05:30,NIFTY26SEPFUT,NSE:NIFTY26SEPFUT,24078.7,24087.1,24075.0,24079.0,58305.0,16113760.0,2026-09-29,2026-09-29,SEP 2026
2026-09-01 14:20:00+05:30,NIFTY26SEPFUT,NSE:NIFTY26SEPFUT,24077.3,24085.0,24064.0,24072.7,102700.0,16161665.0,2026-09-29,2026-09-29,SEP 2026
2026-09-01 14:25:00+05:30,NIFTY26SEPFUT,NSE:NIFTY26SEPFUT,24075.0,24109.0,24070.0,24109.0,89050.0,16205020.0,2026-09-29,2026-09-29,SEP 2026
2026-09-01 14:30:00+05:30,NIFTY26SEPFUT,NSE:NIFTY26SEPFUT,24109.0,24116.0,24090.0,24100.0,87945.0,16218410.0,2026-09-29,2026-09-29,SEP 2026
2026-09-01 14:35:00+05:30,NIFTY26SEPFUT,NSE:NIFTY26SEPFUT,24109.0,24115.0,24079.5,24084.0,49595.0,16257670.0,2026-09-29,2026-09-29,SEP 2026
2026-09-01 14:40:00+05:30,NIFTY26SEPFUT,NSE:NIFTY26SEPFUT,24087.0,24099.7,24074.0,24094.0,55250.0,16294330.0,2026-09-29,2026-09-29,SEP 2026
2026-09-01 14:45:00+05:30,NIFTY26SEPFUT,NSE:NIFTY26SEPFUT,24085.0,24107.9,24079.9,24085.0,75400.0,16345225.0,2026-09-29,2026-09-29,SEP 2026
2026-09-01 14:50:00+05:30,NIFTY26SEPFUT,NSE:NIFTY26SEPFUT,24085.1,24104.9,24085.0,24092.3,25415.0,16352570.0,2026-09-29,2026-09-29,SEP 2026
2026-09-01 14:55:00+05:30,NIFTY26SEPFUT,NSE:NIFTY26SEPFUT,24102.0,24112.9,24091.0,24092.0,43420.0,16179150.0,2026-09-29,2026-09-29,SEP 2026
2026-09-01 15:00:00+05:30,NIFTY26SEPFUT,NSE:NIFTY26SEPFUT,24093.6,24099.7,24082.0,24086.4,88335.0,16223675.0,2026-09-29,2026-09-29,SEP 2026
2026-09-01 15:05:00+05:30,NIFTY26SEPFUT,NSE:NIFTY26SEPFUT,24090.0,24101.9,24081.1,24081.1,40170.0,16231215.0,2026-09-29,2026-09-29,SEP 2026
2026-09-01 15:10:00+05:30,NIFTY26SEPFUT,NSE:NIFTY26SEPFUT,24081.1,24094.0,24077.5,24083.2,62530.0,16238365.0,2026-09-29,2026-09-29,SEP 2026
2026-09-01 15:15:00+05:30,NIFTY26SEPFUT,NSE:NIFTY26SEPFUT,24087.0,24088.8,24076.3,24080.0,43875.0,16248505.0,2026-09-29,2026-09-29,SEP 2026
2026-09-01 15:20:00+05:30,NIFTY26SEPFUT,NSE:NIFTY26SEPFUT,24080.0,24097.6,24077.3,24081.1,91845.0,16266705.0,2026-09-29,2026-09-29,SEP 2026
2026-09-01 15:25:00+05:30,NIFTY26SEPFUT,NSE:NIFTY26SEPFUT,24081.6,24110.9,24081.1,24110.0,59735.0,16270280.0,2026-09-29,2026-09-29,SEP 2026
2026-09-01 15:30:00+05:30,NIFTY26SEPFUT,NSE:NIFTY26SEPFUT,24112.0,24114.0,24085.0,24101.1,108680.0,16280940.0,2026-09-29,2026-09-29,SEP 2026
2026-09-01 15:35:00+05:30,NIFTY26SEPFUT,NSE:NIFTY26SEPFUT,24100.0,24100.8,24080.0,24081.0,82095.0,16271450.0,2026-09-29,2026-09-29,SEP 2026
2026-09-02 09:15:00+05:30,NIFTY26SEPFUT,NSE:NIFTY26SEPFUT,24000.0,24000.0,23952.4,23975.7,318630.0,16116295.0,2026-09-29,2026-09-29,SEP 2026
2026-09-02 09:20:00+05:30,NIFTY26SEPFUT,NSE:NIFTY26SEPFUT,23975.0,23980.0,23940.0,23955.0,154635.0,16172130.0,2026-09-29,2026-09-29,SEP 2026
2026-09-02 09:25:00+05:30,NIFTY26SEPFUT,NSE:NIFTY26SEPFUT,23954.0,23980.6,23954.0,23970.2,93470.0,16180645.0,2026-09-29,2026-09-29,SEP 2026
2026-09-02 09:30:00+05:30,NIFTY26SEPFUT,NSE:NIFTY26SEPFUT,23970.0,23979.8,23959.2,23977.0,233025.0,16291665.0,2026-09-29,2026-09-29,SEP 2026
2026-09-02 09:35:00+05:30,NIFTY26SEPFUT,NSE:NIFTY26SEPFUT,23976.4,23981.0,23960.0,23960.6,86125.0,16338270.0,2026-09-29,2026-09-29,SEP 2026
2026-09-02 09:40:00+05:30,NIFTY26SEPFUT,NSE:NIFTY26SEPFUT,23960.6,23982.0,23960.0,23976.5,55120.0,16348345.0,2026-09-29,2026-09-29,SEP 2026
2026-09-02 09:45:00+05:30,NIFTY26SEPFUT,NSE:NIFTY26SEPFUT,23977.0,23980.9,23954.2,23962.2,90025.0,16369925.0,2026-09-29,2026-09-29,SEP 2026
2026-09-02 09:50:00+05:30,NIFTY26SEPFUT,NSE:NIFTY26SEPFUT,23970.4,23981.0,23959.0,23966.4,58175.0,16399825.0,2026-09-29,2026-09-29,SEP 2026
2026-09-02 09:55:00+05:30,NIFTY26SEPFUT,NSE:NIFTY26SEPFUT,23964.9,23984.0,23957.3,23974.7,44200.0,16409250.0,2026-09-29,2026-09-29,SEP 2026
2026-09-02 10:00:00+05:30,NIFTY26SEPFUT,NSE:NIFTY26SEPFUT,23979.7,23985.2,23970.1,23980.0,55445.0,16422965.0,2026-09-29,2026-09-29,SEP 2026
2026-09-02 10:05:00+05:30,NIFTY26SEPFUT,NSE:NIFTY26SEPFUT,23980.0,23988.0,23973.7,23973.7,42445.0,16436030.0,2026-09-29,2026-09-29,SEP 2026
2026-09-02 10:10:00+05:30,NIFTY26SEPFUT,NSE:NIFTY26SEPFUT,23975.0,23989.8,23970.0,23980.0,99255.0,16496805.0,2026-09-29,2026-09-29,SEP 2026
2026-09-02 10:15:00+05:30,NIFTY26SEPFUT,NSE:NIFTY26SEPFUT,23975.0,23986.0,23971.5,23985.0,30550.0,16513250.0,2026-09-29,2026-09-29,SEP 2026
2026-09-02 10:20:00+05:30,NIFTY26SEPFUT,NSE:NIFTY26SEPFUT,23985.6,24018.0,23982.1,24010.0,98085.0,16517800.0,2026-09-29,2026-09-29,SEP 2026
2026-09-02 10:25:00+05:30,NIFTY26SEPFUT,NSE:NIFTY26SEPFUT,24009.4,24012.5,24002.2,24012.0,38350.0,16517865.0,2026-09-29,2026-09-29,SEP 2026
2026-09-02 10:30:00+05:30,NIFTY26SEPFUT,NSE:NIFTY26SEPFUT,24010.1,24028.5,24010.0,24011.0,47515.0,16512990.0,2026-09-29,2026-09-29,SEP 2026
2026-09-02 10:35:00+05:30,NIFTY26SEPFUT,NSE:NIFTY26SEPFUT,24010.0,24011.0,23988.0,23991.8,30615.0,16514875.0,2026-09-29,2026-09-29,SEP 2026
2026-09-02 10:40:00+05:30,NIFTY26SEPFUT,NSE:NIFTY26SEPFUT,23991.8,24005.0,23990.6,23994.1,24765.0,16520920.0,2026-09-29,2026-09-29,SEP 2026
2026-09-02 10:45:00+05:30,NIFTY26SEPFUT,NSE:NIFTY26SEPFUT,23994.4,24000.0,23991.3,24000.0,13910.0,16524430.0,2026-09-29,2026-09-29,SEP 2026
2026-09-02 10:50:00+05:30,NIFTY26SEPFUT,NSE:NIFTY26SEPFUT,23999.4,24005.0,23975.0,23988.4,31265.0,16529565.0,2026-09-29,2026-09-29,SEP 2026
2026-09-02 10:55:00+05:30,NIFTY26SEPFUT,NSE:NIFTY26SEPFUT,23988.4,23998.9,23988.4,23994.5,29835.0,16541395.0,2026-09-29,2026-09-29,SEP 2026
2026-09-02 11:00:00+05:30,NIFTY26SEPFUT,NSE:NIFTY26SEPFUT,23993.5,23999.8,23970.0,23970.9,24440.0,16552510.0,2026-09-29,2026-09-29,SEP 2026
2026-09-02 11:05:00+05:30,NIFTY26SEPFUT,NSE:NIFTY26SEPFUT,23970.9,23973.9,23961.0,23964.4,25415.0,16560375.0,2026-09-29,2026-09-29,SEP 2026
2026-09-02 11:10:00+05:30,NIFTY26SEPFUT,NSE:NIFTY26SEPFUT,23962.2,23970.5,23962.2,23968.0,20150.0,16568500.0,2026-09-29,2026-09-29,SEP 2026
2026-09-02 11:15:00+05:30,NIFTY26SEPFUT,NSE:NIFTY26SEPFUT,23965.2,23980.0,23963.5,23974.0,23270.0,16580200.0,2026-09-29,2026-09-29,SEP 2026
2026-09-02 11:20:00+05:30,NIFTY26SEPFUT,NSE:NIFTY26SEPFUT,23974.2,23980.0,23961.5,23968.1,15080.0,16585725.0,2026-09-29,2026-09-29,SEP 2026
2026-09-02 11:25:00+05:30,NIFTY26SEPFUT,NSE:NIFTY26SEPFUT,23963.7,23970.0,23961.0,23961.0,13650.0,16592485.0,2026-09-29,2026-09-29,SEP 2026
2026-09-02 11:30:00+05:30,NIFTY26SEPFUT,NSE:NIFTY26SEPFUT,23961.0,23968.1,23951.5,23960.0,30225.0,16599960.0,2026-09-29,2026-09-29,SEP 2026
2026-09-02 11:35:00+05:30,NIFTY26SEPFUT,NSE:NIFTY26SEPFUT,23954.9,23965.0,23952.2,23965.0,17095.0,16606655.0,2026-09-29,2026-09-29,SEP 2026
2026-09-02 11:40:00+05:30,NIFTY26SEPFUT,NSE:NIFTY26SEPFUT,23965.9,23966.7,23954.0,23956.8,12740.0,16612440.0,2026-09-29,2026-09-29,SEP 2026
2026-09-02 11:45:00+05:30,NIFTY26SEPFUT,NSE:NIFTY26SEPFUT,23956.8,23959.9,23952.0,23954.1,23400.0,16631290.0,2026-09-29,2026-09-29,SEP 2026
2026-09-02 11:50:00+05:30,NIFTY26SEPFUT,NSE:NIFTY26SEPFUT,23955.5,23970.0,23953.0,23968.0,29315.0,16639870.0,2026-09-29,2026-09-29,SEP 2026
2026-09-02 11:55:00+05:30,NIFTY26SEPFUT,NSE:NIFTY26SEPFUT,23968.0,23976.0,23952.6,23955.4,22295.0,16656900.0,2026-09-29,2026-09-29,SEP 2026
2026-09-02 12:00:00+05:30,NIFTY26SEPFUT,NSE:NIFTY26SEPFUT,23955.0,23958.9,23942.4,23948.0,61880.0,16686605.0,2026-09-29,2026-09-29,SEP 2026
2026-09-02 12:05:00+05:30,NIFTY26SEPFUT,NSE:NIFTY26SEPFUT,23948.0,23953.1,23946.1,23948.9,14560.0,16697655.0,2026-09-29,2026-09-29,SEP 2026
2026-09-02 12:10:00+05:30,NIFTY26SEPFUT,NSE:NIFTY26SEPFUT,23948.9,23983.9,23948.9,23980.9,162175.0,16826290.0,2026-09-29,2026-09-29,SEP 2026
2026-09-02 12:15:00+05:30,NIFTY26SEPFUT,NSE:NIFTY26SEPFUT,23980.8,23988.4,23970.1,23970.9,33865.0,16718065.0,2026-09-29,2026-09-29,SEP 2026
2026-09-02 12:20:00+05:30,NIFTY26SEPFUT,NSE:NIFTY26SEPFUT,23971.0,23973.2,23955.0,23968.4,13585.0,16722680.0,2026-09-29,2026-09-29,SEP 2026
2026-09-02 12:25:00+05:30,NIFTY26SEPFUT,NSE:NIFTY26SEPFUT,23966.0,23985.0,23964.9,23981.0,9880.0,16726385.0,2026-09-29,2026-09-29,SEP 2026
2026-09-02 12:30:00+05:30,NIFTY26SEPFUT,NSE:NIFTY26SEPFUT,23977.9,24002.9,23974.6,23988.7,30680.0,16730805.0,2026-09-29,2026-09-29,SEP 2026
2026-09-02 12:35:00+05:30,NIFTY26SEPFUT,NSE:NIFTY26SEPFUT,23988.7,23996.6,23983.6,23991.9,16510.0,16736265.0,2026-09-29,2026-09-29,SEP 2026
2026-09-02 12:40:00+05:30,NIFTY26SEPFUT,NSE:NIFTY26SEPFUT,23991.9,24015.0,23991.9,24002.0,44200.0,16745560.0,2026-09-29,2026-09-29,SEP 2026
2026-09-02 12:45:00+05:30,NIFTY26SEPFUT,NSE:NIFTY26SEPFUT,24005.0,24008.4,23990.5,24005.0,17875.0,16748355.0,2026-09-29,2026-09-29,SEP 2026
2026-09-02 12:50:00+05:30,NIFTY26SEPFUT,NSE:NIFTY26SEPFUT,24005.0,24010.0,23998.6,24002.8,11505.0,16746080.0,2026-09-29,2026-09-29,SEP 2026
2026-09-02 12:55:00+05:30,NIFTY26SEPFUT,NSE:NIFTY26SEPFUT,24002.8,24013.4,23996.2,24013.4,10920.0,16746470.0,2026-09-29,2026-09-29,SEP 2026
2026-09-02 13:00:00+05:30,NIFTY26SEPFUT,NSE:NIFTY26SEPFUT,24008.6,24016.3,24005.3,24005.3,24960.0,16741465.0,2026-09-29,2026-09-29,SEP 2026
2026-09-02 13:05:00+05:30,NIFTY26SEPFUT,NSE:NIFTY26SEPFUT,24005.3,24011.6,23992.0,23997.9,20215.0,16679325.0,2026-09-29,2026-09-29,SEP 2026
2026-09-02 13:10:00+05:30,NIFTY26SEPFUT,NSE:NIFTY26SEPFUT,23997.9,24019.0,23994.8,24015.5,17420.0,16674580.0,2026-09-29,2026-09-29,SEP 2026
2026-09-02 13:15:00+05:30,NIFTY26SEPFUT,NSE:NIFTY26SEPFUT,24016.1,24021.0,24008.0,24009.2,150865.0,16796715.0,2026-09-29,2026-09-29,SEP 2026
2026-09-02 13:20:00+05:30,NIFTY26SEPFUT,NSE:NIFTY26SEPFUT,24014.0,24018.8,24009.0,24017.4,20800.0,16666845.0,2026-09-29,2026-09-29,SEP 2026
2026-09-02 13:25:00+05:30,NIFTY26SEPFUT,NSE:NIFTY26SEPFUT,24016.3,24027.0,24010.8,24018.0,22815.0,16662035.0,2026-09-29,2026-09-29,SEP 2026
2026-09-02 13:30:00+05:30,NIFTY26SEPFUT,NSE:NIFTY26SEPFUT,24014.0,24017.0,24000.3,24017.0,15990.0,16660735.0,2026-09-29,2026-09-29,SEP 2026
2026-09-02 13:35:00+05:30,NIFTY26SEPFUT,NSE:NIFTY26SEPFUT,24018.0,24024.8,24002.8,24002.8,26195.0,16659955.0,2026-09-29,2026-09-29,SEP 2026
2026-09-02 13:40:00+05:30,NIFTY26SEPFUT,NSE:NIFTY26SEPFUT,24002.8,24016.3,24000.0,24006.0,19955.0,16662815.0,2026-09-29,2026-09-29,SEP 2026
2026-09-02 13:45:00+05:30,NIFTY26SEPFUT,NSE:NIFTY26SEPFUT,24004.2,24014.9,23993.8,23994.1,40170.0,16670550.0,2026-09-29,2026-09-29,SEP 2026
2026-09-02 13:50:00+05:30,NIFTY26SEPFUT,NSE:NIFTY26SEPFUT,23994.2,24009.7,23980.0,24009.3,61685.0,16703895.0,2026-09-29,2026-09-29,SEP 2026
2026-09-02 13:55:00+05:30,NIFTY26SEPFUT,NSE:NIFTY26SEPFUT,24009.3,24015.0,24001.1,24015.0,12415.0,16698305.0,2026-09-29,2026-09-29,SEP 2026
2026-09-02 14:00:00+05:30,NIFTY26SEPFUT,NSE:NIFTY26SEPFUT,24010.1,24026.0,24007.4,24018.8,26260.0,16696940.0,2026-09-29,2026-09-29,SEP 2026
2026-09-02 14:05:00+05:30,NIFTY26SEPFUT,NSE:NIFTY26SEPFUT,24018.8,24040.0,24010.8,24038.0,51935.0,16679130.0,2026-09-29,2026-09-29,SEP 2026
2026-09-02 14:10:00+05:30,NIFTY26SEPFUT,NSE:NIFTY26SEPFUT,24033.1,24039.0,24015.9,24022.1,36725.0,16668470.0,2026-09-29,2026-09-29,SEP 2026
2026-09-02 14:15:00+05:30,NIFTY26SEPFUT,NSE:NIFTY26SEPFUT,24022.1,24029.0,24012.1,24020.0,25870.0,16660345.0,2026-09-29,2026-09-29,SEP 2026
2026-09-02 14:20:00+05:30,NIFTY26SEPFUT,NSE:NIFTY26SEPFUT,24022.9,24024.0,24008.3,24009.0,13195.0,16659955.0,2026-09-29,2026-09-29,SEP 2026
2026-09-02 14:25:00+05:30,NIFTY26SEPFUT,NSE:NIFTY26SEPFUT,24009.0,24029.0,24005.3,24029.0,16185.0,16656835.0,2026-09-29,2026-09-29,SEP 2026
2026-09-02 14:30:00+05:30,NIFTY26SEPFUT,NSE:NIFTY26SEPFUT,24021.6,24049.0,24021.5,24038.2,57070.0,16649620.0,2026-09-29,2026-09-29,SEP 2026
2026-09-02 14:35:00+05:30,NIFTY26SEPFUT,NSE:NIFTY26SEPFUT,24038.0,24048.0,24027.1,24039.5,34840.0,16658330.0,2026-09-29,2026-09-29,SEP 2026
2026-09-02 14:40:00+05:30,NIFTY26SEPFUT,NSE:NIFTY26SEPFUT,24039.5,24044.0,24016.8,24020.6,38870.0,16663920.0,2026-09-29,2026-09-29,SEP 2026
2026-09-02 14:45:00+05:30,NIFTY26SEPFUT,NSE:NIFTY26SEPFUT,24018.8,24039.8,24016.9,24039.0,20475.0,16669315.0,2026-09-29,2026-09-29,SEP 2026
2026-09-02 14:50:00+05:30,NIFTY26SEPFUT,NSE:NIFTY26SEPFUT,24039.0,24039.0,24014.1,24017.2,33280.0,16672110.0,2026-09-29,2026-09-29,SEP 2026
2026-09-02 14:55:00+05:30,NIFTY26SEPFUT,NSE:NIFTY26SEPFUT,24024.2,24024.2,24000.0,24016.0,32435.0,16671915.0,2026-09-29,2026-09-29,SEP 2026
2026-09-02 15:00:00+05:30,NIFTY26SEPFUT,NSE:NIFTY26SEPFUT,24008.0,24013.6,23986.7,23990.0,34970.0,16679260.0,2026-09-29,2026-09-29,SEP 2026
2026-09-02 15:05:00+05:30,NIFTY26SEPFUT,NSE:NIFTY26SEPFUT,23990.0,24004.9,23985.3,23996.8,47970.0,16686995.0,2026-09-29,2026-09-29,SEP 2026
2026-09-02 15:10:00+05:30,NIFTY26SEPFUT,NSE:NIFTY26SEPFUT,23996.0,24014.9,23992.0,24007.3,48685.0,16701165.0,2026-09-29,2026-09-29,SEP 2026
2026-09-02 15:15:00+05:30,NIFTY26SEPFUT,NSE:NIFTY26SEPFUT,24008.0,24009.5,24000.8,24006.4,32890.0,16707210.0,2026-09-29,2026-09-29,SEP 2026
2026-09-02 15:20:00+05:30,NIFTY26SEPFUT,NSE:NIFTY26SEPFUT,24005.1,24009.5,24002.0,24006.3,25220.0,16708445.0,2026-09-29,2026-09-29,SEP 2026
2026-09-02 15:25:00+05:30,NIFTY26SEPFUT,NSE:NIFTY26SEPFUT,24007.1,24008.4,23995.0,24006.3,52520.0,16714880.0,2026-09-29,2026-09-29,SEP 2026
2026-09-02 15:30:00+05:30,NIFTY26SEPFUT,NSE:NIFTY26SEPFUT,24006.3,24009.0,23991.0,23992.0,75660.0,16721445.0,2026-09-29,2026-09-29,SEP 2026
2026-09-02 15:35:00+05:30,NIFTY26SEPFUT,NSE:NIFTY26SEPFUT,23992.0,23999.0,23990.0,23994.8,71825.0,16733015.0,2026-09-29,2026-09-29,SEP 2026
2026-09-03 09:15:00+05:30,NIFTY26SEPFUT,NSE:NIFTY26SEPFUT,24085.0,24125.0,24085.0,24091.7,234390.0,16514225.0,2026-09-29,2026-09-29,SEP 2026
2026-09-03 09:20:00+05:30,NIFTY26SEPFUT,NSE:NIFTY26SEPFUT,24091.0,24107.6,24079.0,24079.0,63050.0,16495310.0,2026-09-29,2026-09-29,SEP 2026
2026-09-03 09:25:00+05:30,NIFTY26SEPFUT,NSE:NIFTY26SEPFUT,24083.0,24100.0,24075.6,24100.0,62335.0,16494725.0,2026-09-29,2026-09-29,SEP 2026
2026-09-03 09:30:00+05:30,NIFTY26SEPFUT,NSE:NIFTY26SEPFUT,24098.1,24116.9,24098.1,24111.5,49920.0,16486925.0,2026-09-29,2026-09-29,SEP 2026
2026-09-03 09:35:00+05:30,NIFTY26SEPFUT,NSE:NIFTY26SEPFUT,24111.5,24129.0,24110.0,24129.0,57980.0,16486535.0,2026-09-29,2026-09-29,SEP 2026
2026-09-03 09:40:00+05:30,NIFTY26SEPFUT,NSE:NIFTY26SEPFUT,24125.1,24146.5,24125.0,24144.0,70785.0,16461185.0,2026-09-29,2026-09-29,SEP 2026
2026-09-03 09:45:00+05:30,NIFTY26SEPFUT,NSE:NIFTY26SEPFUT,24142.3,24148.0,24130.4,24146.0,45045.0,16456570.0,2026-09-29,2026-09-29,SEP 2026
2026-09-03 09:50:00+05:30,NIFTY26SEPFUT,NSE:NIFTY26SEPFUT,24146.0,24146.0,24131.6,24135.0,38480.0,16455075.0,2026-09-29,2026-09-29,SEP 2026
2026-09-03 09:55:00+05:30,NIFTY26SEPFUT,NSE:NIFTY26SEPFUT,24135.0,24141.0,24130.0,24135.0,31395.0,16464240.0,2026-09-29,2026-09-29,SEP 2026
2026-09-03 10:00:00+05:30,NIFTY26SEPFUT,NSE:NIFTY26SEPFUT,24133.0,24135.2,24125.8,24134.1,20345.0,16468920.0,2026-09-29,2026-09-29,SEP 2026
2026-09-03 10:05:00+05:30,NIFTY26SEPFUT,NSE:NIFTY26SEPFUT,24135.0,24137.0,24121.5,24134.9,18200.0,16472235.0,2026-09-29,2026-09-29,SEP 2026
2026-09-03 10:10:00+05:30,NIFTY26SEPFUT,NSE:NIFTY26SEPFUT,24126.8,24134.5,24121.0,24129.0,10400.0,16468855.0,2026-09-29,2026-09-29,SEP 2026
2026-09-03 10:15:00+05:30,NIFTY26SEPFUT,NSE:NIFTY26SEPFUT,24122.0,24130.0,24116.8,24125.0,16835.0,16468660.0,2026-09-29,2026-09-29,SEP 2026
2026-09-03 10:20:00+05:30,NIFTY26SEPFUT,NSE:NIFTY26SEPFUT,24130.5,24130.5,24116.4,24129.1,12740.0,16475030.0,2026-09-29,2026-09-29,SEP 2026
2026-09-03 10:25:00+05:30,NIFTY26SEPFUT,NSE:NIFTY26SEPFUT,24129.1,24129.1,24102.7,24106.7,20410.0,16482635.0,2026-09-29,2026-09-29,SEP 2026
2026-09-03 10:30:00+05:30,NIFTY26SEPFUT,NSE:NIFTY26SEPFUT,24105.4,24112.0,24100.0,24101.3,16120.0,16481335.0,2026-09-29,2026-09-29,SEP 2026
2026-09-03 10:35:00+05:30,NIFTY26SEPFUT,NSE:NIFTY26SEPFUT,24099.4,24102.5,24084.9,24088.9,36010.0,16486080.0,2026-09-29,2026-09-29,SEP 2026
2026-09-03 10:40:00+05:30,NIFTY26SEPFUT,NSE:NIFTY26SEPFUT,24088.9,24096.5,24071.0,24084.5,39455.0,16499015.0,2026-09-29,2026-09-29,SEP 2026
2026-09-03 10:45:00+05:30,NIFTY26SEPFUT,NSE:NIFTY26SEPFUT,24084.0,24096.9,24080.1,24091.4,44395.0,16516890.0,2026-09-29,2026-09-29,SEP 2026
2026-09-03 10:50:00+05:30,NIFTY26SEPFUT,NSE:NIFTY26SEPFUT,24092.4,24094.3,24073.0,24076.0,24635.0,16525470.0,2026-09-29,2026-09-29,SEP 2026
2026-09-03 10:55:00+05:30,NIFTY26SEPFUT,NSE:NIFTY26SEPFUT,24075.0,24085.0,24070.1,24078.0,22360.0,16530475.0,2026-09-29,2026-09-29,SEP 2026
2026-09-03 11:00:00+05:30,NIFTY26SEPFUT,NSE:NIFTY26SEPFUT,24077.0,24085.2,24065.6,24066.0,18330.0,16535285.0,2026-09-29,2026-09-29,SEP 2026
2026-09-03 11:05:00+05:30,NIFTY26SEPFUT,NSE:NIFTY26SEPFUT,24065.4,24066.0,24046.0,24046.1,38415.0,16501225.0,2026-09-29,2026-09-29,SEP 2026
2026-09-03 11:10:00+05:30,NIFTY26SEPFUT,NSE:NIFTY26SEPFUT,24046.0,24056.0,24036.0,24040.0,45175.0,16514030.0,2026-09-29,2026-09-29,SEP 2026
2026-09-03 11:15:00+05:30,NIFTY26SEPFUT,NSE:NIFTY26SEPFUT,24038.7,24067.1,24035.3,24061.8,32110.0,16523715.0,2026-09-29,2026-09-29,SEP 2026
2026-09-03 11:20:00+05:30,NIFTY26SEPFUT,NSE:NIFTY26SEPFUT,24066.0,24074.9,24061.9,24064.9,22425.0,16530150.0,2026-09-29,2026-09-29,SEP 2026
2026-09-03 11:25:00+05:30,NIFTY26SEPFUT,NSE:NIFTY26SEPFUT,24066.4,24084.0,24063.0,24082.0,16770.0,16533075.0,2026-09-29,2026-09-29,SEP 2026
2026-09-03 11:30:00+05:30,NIFTY26SEPFUT,NSE:NIFTY26SEPFUT,24080.2,24089.9,24078.8,24088.0,18070.0,16533660.0,2026-09-29,2026-09-29,SEP 2026
2026-09-03 11:35:00+05:30,NIFTY26SEPFUT,NSE:NIFTY26SEPFUT,24088.0,24098.7,24082.0,24082.0,15405.0,16534050.0,2026-09-29,2026-09-29,SEP 2026
2026-09-03 11:40:00+05:30,NIFTY26SEPFUT,NSE:NIFTY26SEPFUT,24082.0,24089.1,24073.7,24083.6,12025.0,16535740.0,2026-09-29,2026-09-29,SEP 2026
2026-09-03 11:45:00+05:30,NIFTY26SEPFUT,NSE:NIFTY26SEPFUT,24080.5,24090.5,24070.0,24081.3,14365.0,16538015.0,2026-09-29,2026-09-29,SEP 2026
2026-09-03 11:50:00+05:30,NIFTY26SEPFUT,NSE:NIFTY26SEPFUT,24081.1,24085.4,24070.0,24073.8,9880.0,16541980.0,2026-09-29,2026-09-29,SEP 2026
2026-09-03 11:55:00+05:30,NIFTY26SEPFUT,NSE:NIFTY26SEPFUT,24073.8,24075.5,24061.1,24074.0,8905.0,16544905.0,2026-09-29,2026-09-29,SEP 2026
2026-09-03 12:00:00+05:30,NIFTY26SEPFUT,NSE:NIFTY26SEPFUT,24074.0,24074.0,24045.0,24049.7,23660.0,16556605.0,2026-09-29,2026-09-29,SEP 2026
2026-09-03 12:05:00+05:30,NIFTY26SEPFUT,NSE:NIFTY26SEPFUT,24049.0,24056.3,24040.0,24047.0,20670.0,16563755.0,2026-09-29,2026-09-29,SEP 2026
2026-09-03 12:10:00+05:30,NIFTY26SEPFUT,NSE:NIFTY26SEPFUT,24044.0,24054.9,24041.0,24047.1,14755.0,16568305.0,2026-09-29,2026-09-29,SEP 2026
2026-09-03 12:15:00+05:30,NIFTY26SEPFUT,NSE:NIFTY26SEPFUT,24046.0,24049.0,24024.7,24033.0,50440.0,16579485.0,2026-09-29,2026-09-29,SEP 2026
2026-09-03 12:20:00+05:30,NIFTY26SEPFUT,NSE:NIFTY26SEPFUT,24033.0,24039.5,24017.0,24025.0,42380.0,16600025.0,2026-09-29,2026-09-29,SEP 2026
2026-09-03 12:25:00+05:30,NIFTY26SEPFUT,NSE:NIFTY26SEPFUT,24024.9,24039.6,24017.0,24026.6,37505.0,16612050.0,2026-09-29,2026-09-29,SEP 2026
2026-09-03 12:30:00+05:30,NIFTY26SEPFUT,NSE:NIFTY26SEPFUT,24029.3,24042.2,24020.0,24038.5,21970.0,16624270.0,2026-09-29,2026-09-29,SEP 2026
2026-09-03 12:35:00+05:30,NIFTY26SEPFUT,NSE:NIFTY26SEPFUT,24039.8,24045.0,24021.0,24034.4,25675.0,16633825.0,2026-09-29,2026-09-29,SEP 2026
2026-09-03 12:40:00+05:30,NIFTY26SEPFUT,NSE:NIFTY26SEPFUT,24036.5,24040.0,24021.2,24031.5,25415.0,16654950.0,2026-09-29,2026-09-29,SEP 2026
2026-09-03 12:45:00+05:30,NIFTY26SEPFUT,NSE:NIFTY26SEPFUT,24031.5,24039.0,24023.6,24031.1,24700.0,16674515.0,2026-09-29,2026-09-29,SEP 2026
2026-09-03 12:50:00+05:30,NIFTY26SEPFUT,NSE:NIFTY26SEPFUT,24031.0,24047.8,24027.4,24040.4,45045.0,16708575.0,2026-09-29,2026-09-29,SEP 2026
2026-09-03 12:55:00+05:30,NIFTY26SEPFUT,NSE:NIFTY26SEPFUT,24040.4,24048.0,24023.2,24035.7,39260.0,16733860.0,2026-09-29,2026-09-29,SEP 2026
2026-09-03 13:00:00+05:30,NIFTY26SEPFUT,NSE:NIFTY26SEPFUT,24035.7,24045.0,24025.8,24031.6,11960.0,16739775.0,2026-09-29,2026-09-29,SEP 2026
2026-09-03 13:05:00+05:30,NIFTY26SEPFUT,NSE:NIFTY26SEPFUT,24031.6,24046.0,24031.1,24032.3,9685.0,16744520.0,2026-09-29,2026-09-29,SEP 2026
2026-09-03 13:10:00+05:30,NIFTY26SEPFUT,NSE:NIFTY26SEPFUT,24032.3,24050.0,24032.3,24040.9,15535.0,16752840.0,2026-09-29,2026-09-29,SEP 2026
2026-09-03 13:15:00+05:30,NIFTY26SEPFUT,NSE:NIFTY26SEPFUT,24040.0,24050.0,24035.0,24040.3,13845.0,16764540.0,2026-09-29,2026-09-29,SEP 2026
2026-09-03 13:20:00+05:30,NIFTY26SEPFUT,NSE:NIFTY26SEPFUT,24043.5,24043.5,24022.3,24022.5,24765.0,16767010.0,2026-09-29,2026-09-29,SEP 2026
2026-09-03 13:25:00+05:30,NIFTY26SEPFUT,NSE:NIFTY26SEPFUT,24021.9,24032.5,24009.7,24025.0,34255.0,16773965.0,2026-09-29,2026-09-29,SEP 2026
2026-09-03 13:30:00+05:30,NIFTY26SEPFUT,NSE:NIFTY26SEPFUT,24025.0,24058.5,24024.0,24050.0,22945.0,16780140.0,2026-09-29,2026-09-29,SEP 2026
2026-09-03 13:35:00+05:30,NIFTY26SEPFUT,NSE:NIFTY26SEPFUT,24049.5,24059.0,24022.0,24024.0,17290.0,16785730.0,2026-09-29,2026-09-29,SEP 2026
2026-09-03 13:40:00+05:30,NIFTY26SEPFUT,NSE:NIFTY26SEPFUT,24024.0,24034.0,24017.9,24023.5,21905.0,16803020.0,2026-09-29,2026-09-29,SEP 2026
2026-09-03 13:45:00+05:30,NIFTY26SEPFUT,NSE:NIFTY26SEPFUT,24019.7,24034.0,24011.0,24034.0,22165.0,16814200.0,2026-09-29,2026-09-29,SEP 2026
2026-09-03 13:50:00+05:30,NIFTY26SEPFUT,NSE:NIFTY26SEPFUT,24025.6,24034.0,24015.0,24025.4,13520.0,16817840.0,2026-09-29,2026-09-29,SEP 2026
2026-09-03 13:55:00+05:30,NIFTY26SEPFUT,NSE:NIFTY26SEPFUT,24025.9,24042.8,24020.5,24037.5,9620.0,16821545.0,2026-09-29,2026-09-29,SEP 2026
2026-09-03 14:00:00+05:30,NIFTY26SEPFUT,NSE:NIFTY26SEPFUT,24039.0,24040.0,24024.6,24030.0,6760.0,16824080.0,2026-09-29,2026-09-29,SEP 2026
2026-09-03 14:05:00+05:30,NIFTY26SEPFUT,NSE:NIFTY26SEPFUT,24034.5,24039.0,24025.0,24029.0,4940.0,16825575.0,2026-09-29,2026-09-29,SEP 2026
2026-09-03 14:10:00+05:30,NIFTY26SEPFUT,NSE:NIFTY26SEPFUT,24029.0,24038.0,24028.1,24030.0,5460.0,16828240.0,2026-09-29,2026-09-29,SEP 2026
2026-09-03 14:15:00+05:30,NIFTY26SEPFUT,NSE:NIFTY26SEPFUT,24034.4,24035.0,24025.0,24035.0,7345.0,16833570.0,2026-09-29,2026-09-29,SEP 2026
2026-09-03 14:20:00+05:30,NIFTY26SEPFUT,NSE:NIFTY26SEPFUT,24031.0,24039.0,24026.1,24035.0,11180.0,16839225.0,2026-09-29,2026-09-29,SEP 2026
2026-09-03 14:25:00+05:30,NIFTY26SEPFUT,NSE:NIFTY26SEPFUT,24035.0,24045.9,24031.0,24041.0,10140.0,16841110.0,2026-09-29,2026-09-29,SEP 2026
2026-09-03 14:30:00+05:30,NIFTY26SEPFUT,NSE:NIFTY26SEPFUT,24036.2,24040.0,24030.0,24040.0,12090.0,16849040.0,2026-09-29,2026-09-29,SEP 2026
2026-09-03 14:35:00+05:30,NIFTY26SEPFUT,NSE:NIFTY26SEPFUT,24035.6,24038.0,24026.9,24029.0,21060.0,16854240.0,2026-09-29,2026-09-29,SEP 2026
2026-09-03 14:40:00+05:30,NIFTY26SEPFUT,NSE:NIFTY26SEPFUT,24029.0,24030.0,24021.4,24027.0,29770.0,16878355.0,2026-09-29,2026-09-29,SEP 2026
2026-09-03 14:45:00+05:30,NIFTY26SEPFUT,NSE:NIFTY26SEPFUT,24024.7,24037.0,24020.7,24030.5,48425.0,16910075.0,2026-09-29,2026-09-29,SEP 2026
2026-09-03 14:50:00+05:30,NIFTY26SEPFUT,NSE:NIFTY26SEPFUT,24030.0,24035.0,24021.7,24024.1,38480.0,16941080.0,2026-09-29,2026-09-29,SEP 2026
2026-09-03 14:55:00+05:30,NIFTY26SEPFUT,NSE:NIFTY26SEPFUT,24024.1,24032.1,24006.2,24011.0,68900.0,16979690.0,2026-09-29,2026-09-29,SEP 2026
2026-09-03 15:00:00+05:30,NIFTY26SEPFUT,NSE:NIFTY26SEPFUT,24010.0,24027.0,24006.0,24017.0,28860.0,16994380.0,2026-09-29,2026-09-29,SEP 2026
2026-09-03 15:05:00+05:30,NIFTY26SEPFUT,NSE:NIFTY26SEPFUT,24017.0,24017.0,23996.3,24010.5,88465.0,17050930.0,2026-09-29,2026-09-29,SEP 2026
2026-09-03 15:10:00+05:30,NIFTY26SEPFUT,NSE:NIFTY26SEPFUT,24010.5,24022.0,24004.1,24013.4,61620.0,17097080.0,2026-09-29,2026-09-29,SEP 2026
2026-09-03 15:15:00+05:30,NIFTY26SEPFUT,NSE:NIFTY26SEPFUT,24020.0,24021.0,24010.1,24016.4,33280.0,17080765.0,2026-09-29,2026-09-29,SEP 2026
2026-09-03 15:20:00+05:30,NIFTY26SEPFUT,NSE:NIFTY26SEPFUT,24020.0,24020.1,24003.1,24005.1,43680.0,17098315.0,2026-09-29,2026-09-29,SEP 2026
2026-09-03 15:25:00+05:30,NIFTY26SEPFUT,NSE:NIFTY26SEPFUT,24007.5,24007.6,23983.4,23990.0,49270.0,17096040.0,2026-09-29,2026-09-29,SEP 2026
2026-09-03 15:30:00+05:30,NIFTY26SEPFUT,NSE:NIFTY26SEPFUT,23985.0,23999.0,23980.1,23982.1,38805.0,17098640.0,2026-09-29,2026-09-29,SEP 2026
2026-09-03 15:35:00+05:30,NIFTY26SEPFUT,NSE:NIFTY26SEPFUT,23981.4,23985.0,23971.1,23974.8,59215.0,17090840.0,2026-09-29,2026-09-29,SEP 2026
2026-09-04 09:15:00+05:30,NIFTY26SEPFUT,NSE:NIFTY26SEPFUT,24041.0,24050.0,24025.0,24049.1,108810.0,16979170.0,2026-09-29,2026-09-29,SEP 2026
2026-09-04 09:20:00+05:30,NIFTY26SEPFUT,NSE:NIFTY26SEPFUT,24049.8,24050.0,24032.9,24048.1,36205.0,16973840.0,2026-09-29,2026-09-29,SEP 2026
2026-09-04 09:25:00+05:30,NIFTY26SEPFUT,NSE:NIFTY26SEPFUT,24045.2,24055.0,24031.2,24037.0,29445.0,16966235.0,2026-09-29,2026-09-29,SEP 2026
2026-09-04 09:30:00+05:30,NIFTY26SEPFUT,NSE:NIFTY26SEPFUT,24036.2,24049.0,24027.0,24040.0,24895.0,16964610.0,2026-09-29,2026-09-29,SEP 2026
2026-09-04 09:35:00+05:30,NIFTY26SEPFUT,NSE:NIFTY26SEPFUT,24040.0,24041.2,24029.9,24030.0,16965.0,16962010.0,2026-09-29,2026-09-29,SEP 2026
2026-09-04 09:40:00+05:30,NIFTY26SEPFUT,NSE:NIFTY26SEPFUT,24030.0,24045.8,24030.0,24033.0,87165.0,16991910.0,2026-09-29,2026-09-29,SEP 2026
2026-09-04 09:45:00+05:30,NIFTY26SEPFUT,NSE:NIFTY26SEPFUT,24033.0,24056.0,24033.0,24047.0,53105.0,17012710.0,2026-09-29,2026-09-29,SEP 2026
2026-09-04 09:50:00+05:30,NIFTY26SEPFUT,NSE:NIFTY26SEPFUT,24047.0,24068.0,24045.1,24067.8,92365.0,17017910.0,2026-09-29,2026-09-29,SEP 2026
2026-09-04 09:55:00+05:30,NIFTY26SEPFUT,NSE:NIFTY26SEPFUT,24067.8,24078.0,24066.0,24073.0,37700.0,17011020.0,2026-09-29,2026-09-29,SEP 2026
2026-09-04 10:00:00+05:30,NIFTY26SEPFUT,NSE:NIFTY26SEPFUT,24073.0,24090.2,24073.0,24086.0,91520.0,17019145.0,2026-09-29,2026-09-29,SEP 2026
2026-09-04 10:05:00+05:30,NIFTY26SEPFUT,NSE:NIFTY26SEPFUT,24082.5,24085.0,24067.0,24072.5,28795.0,17024345.0,2026-09-29,2026-09-29,SEP 2026
2026-09-04 10:10:00+05:30,NIFTY26SEPFUT,NSE:NIFTY26SEPFUT,24072.5,24072.5,24057.0,24064.0,15015.0,17020315.0,2026-09-29,2026-09-29,SEP 2026
2026-09-04 10:15:00+05:30,NIFTY26SEPFUT,NSE:NIFTY26SEPFUT,24064.5,24079.5,24056.3,24075.0,16185.0,17020185.0,2026-09-29,2026-09-29,SEP 2026
2026-09-04 10:20:00+05:30,NIFTY26SEPFUT,NSE:NIFTY26SEPFUT,24075.0,24082.5,24065.0,24078.6,10660.0,17015570.0,2026-09-29,2026-09-29,SEP 2026
2026-09-04 10:25:00+05:30,NIFTY26SEPFUT,NSE:NIFTY26SEPFUT,24078.3,24089.0,24078.3,24089.0,16055.0,17010955.0,2026-09-29,2026-09-29,SEP 2026
2026-09-04 10:30:00+05:30,NIFTY26SEPFUT,NSE:NIFTY26SEPFUT,24089.0,24099.0,24085.5,24087.2,36530.0,16996395.0,2026-09-29,2026-09-29,SEP 2026
2026-09-04 10:35:00+05:30,NIFTY26SEPFUT,NSE:NIFTY26SEPFUT,24087.2,24090.0,24079.0,24088.6,16185.0,16996135.0,2026-09-29,2026-09-29,SEP 2026
2026-09-04 10:40:00+05:30,NIFTY26SEPFUT,NSE:NIFTY26SEPFUT,24088.6,24091.2,24081.0,24088.0,9035.0,16990545.0,2026-09-29,2026-09-29,SEP 2026
2026-09-04 10:45:00+05:30,NIFTY26SEPFUT,NSE:NIFTY26SEPFUT,24085.1,24089.8,24081.9,24089.0,13455.0,16988725.0,2026-09-29,2026-09-29,SEP 2026
2026-09-04 10:50:00+05:30,NIFTY26SEPFUT,NSE:NIFTY26SEPFUT,24089.0,24093.0,24085.7,24092.9,13195.0,16987035.0,2026-09-29,2026-09-29,SEP 2026
2026-09-04 10:55:00+05:30,NIFTY26SEPFUT,NSE:NIFTY26SEPFUT,24093.0,24095.9,24091.4,24092.6,24440.0,16974945.0,2026-09-29,2026-09-29,SEP 2026
2026-09-04 11:00:00+05:30,NIFTY26SEPFUT,NSE:NIFTY26SEPFUT,24092.2,24098.2,24088.6,24091.7,31720.0,16980275.0,2026-09-29,2026-09-29,SEP 2026
2026-09-04 11:05:00+05:30,NIFTY26SEPFUT,NSE:NIFTY26SEPFUT,24091.7,24094.0,24086.8,24094.0,10725.0,16975140.0,2026-09-29,2026-09-29,SEP 2026
2026-09-04 11:10:00+05:30,NIFTY26SEPFUT,NSE:NIFTY26SEPFUT,24094.0,24098.2,24084.3,24087.8,15730.0,16969810.0,2026-09-29,2026-09-29,SEP 2026
2026-09-04 11:15:00+05:30,NIFTY26SEPFUT,NSE:NIFTY26SEPFUT,24086.4,24094.0,24081.3,24094.0,7475.0,16967145.0,2026-09-29,2026-09-29,SEP 2026
2026-09-04 11:20:00+05:30,NIFTY26SEPFUT,NSE:NIFTY26SEPFUT,24094.0,24100.2,24091.7,24095.0,44590.0,16977285.0,2026-09-29,2026-09-29,SEP 2026
2026-09-04 11:25:00+05:30,NIFTY26SEPFUT,NSE:NIFTY26SEPFUT,24095.0,24104.0,24093.8,24102.2,58370.0,16953625.0,2026-09-29,2026-09-29,SEP 2026
2026-09-04 11:30:00+05:30,NIFTY26SEPFUT,NSE:NIFTY26SEPFUT,24102.0,24110.0,24102.0,24109.0,27430.0,16938935.0,2026-09-29,2026-09-29,SEP 2026
2026-09-04 11:35:00+05:30,NIFTY26SEPFUT,NSE:NIFTY26SEPFUT,24109.2,24120.0,24108.0,24115.5,47255.0,16908060.0,2026-09-29,2026-09-29,SEP 2026
2026-09-04 11:40:00+05:30,NIFTY26SEPFUT,NSE:NIFTY26SEPFUT,24115.7,24120.0,24110.0,24110.0,21775.0,16898635.0,2026-09-29,2026-09-29,SEP 2026
2026-09-04 11:45:00+05:30,NIFTY26SEPFUT,NSE:NIFTY26SEPFUT,24110.0,24112.9,24108.0,24112.5,19760.0,16887000.0,2026-09-29,2026-09-29,SEP 2026
2026-09-04 11:50:00+05:30,NIFTY26SEPFUT,NSE:NIFTY26SEPFUT,24114.0,24118.3,24111.0,24111.1,20735.0,16878095.0,2026-09-29,2026-09-29,SEP 2026
2026-09-04 11:55:00+05:30,NIFTY26SEPFUT,NSE:NIFTY26SEPFUT,24111.0,24116.2,24109.0,24109.0,22685.0,16867500.0,2026-09-29,2026-09-29,SEP 2026
2026-09-04 12:00:00+05:30,NIFTY26SEPFUT,NSE:NIFTY26SEPFUT,24108.0,24108.0,24075.6,24076.0,32955.0,16867825.0,2026-09-29,2026-09-29,SEP 2026
2026-09-04 12:05:00+05:30,NIFTY26SEPFUT,NSE:NIFTY26SEPFUT,24089.5,24090.0,24080.0,24088.0,6305.0,16867630.0,2026-09-29,2026-09-29,SEP 2026
2026-09-04 12:10:00+05:30,NIFTY26SEPFUT,NSE:NIFTY26SEPFUT,24088.0,24090.0,24075.0,24080.0,14170.0,16866655.0,2026-09-29,2026-09-29,SEP 2026
2026-09-04 12:15:00+05:30,NIFTY26SEPFUT,NSE:NIFTY26SEPFUT,24080.0,24080.4,24063.0,24076.0,18785.0,16869775.0,2026-09-29,2026-09-29,SEP 2026
2026-09-04 12:20:00+05:30,NIFTY26SEPFUT,NSE:NIFTY26SEPFUT,24076.0,24076.0,24057.8,24057.8,17810.0,16868670.0,2026-09-29,2026-09-29,SEP 2026
2026-09-04 12:25:00+05:30,NIFTY26SEPFUT,NSE:NIFTY26SEPFUT,24057.8,24070.0,24053.2,24062.3,35555.0,16885505.0,2026-09-29,2026-09-29,SEP 2026
2026-09-04 12:30:00+05:30,NIFTY26SEPFUT,NSE:NIFTY26SEPFUT,24062.0,24068.0,24056.0,24058.8,17875.0,16887260.0,2026-09-29,2026-09-29,SEP 2026
2026-09-04 12:35:00+05:30,NIFTY26SEPFUT,NSE:NIFTY26SEPFUT,24060.0,24062.0,24051.7,24054.2,29965.0,16896880.0,2026-09-29,2026-09-29,SEP 2026
2026-09-04 12:40:00+05:30,NIFTY26SEPFUT,NSE:NIFTY26SEPFUT,24054.2,24064.9,24054.0,24055.1,9100.0,16899480.0,2026-09-29,2026-09-29,SEP 2026
2026-09-04 12:45:00+05:30,NIFTY26SEPFUT,NSE:NIFTY26SEPFUT,24053.0,24065.5,24052.8,24065.5,8580.0,16899545.0,2026-09-29,2026-09-29,SEP 2026
2026-09-04 12:50:00+05:30,NIFTY26SEPFUT,NSE:NIFTY26SEPFUT,24065.6,24068.0,24056.0,24068.0,6500.0,16900975.0,2026-09-29,2026-09-29,SEP 2026
2026-09-04 12:55:00+05:30,NIFTY26SEPFUT,NSE:NIFTY26SEPFUT,24068.0,24068.0,24050.0,24052.0,24570.0,16903835.0,2026-09-29,2026-09-29,SEP 2026
2026-09-04 13:00:00+05:30,NIFTY26SEPFUT,NSE:NIFTY26SEPFUT,24051.5,24066.6,24050.0,24053.0,8840.0,16906890.0,2026-09-29,2026-09-29,SEP 2026
2026-09-04 13:05:00+05:30,NIFTY26SEPFUT,NSE:NIFTY26SEPFUT,24055.5,24065.7,24052.0,24065.7,8710.0,16910335.0,2026-09-29,2026-09-29,SEP 2026
2026-09-04 13:10:00+05:30,NIFTY26SEPFUT,NSE:NIFTY26SEPFUT,24063.2,24080.0,24063.2,24077.3,17875.0,16904875.0,2026-09-29,2026-09-29,SEP 2026
2026-09-04 13:15:00+05:30,NIFTY26SEPFUT,NSE:NIFTY26SEPFUT,24077.1,24087.0,24073.9,24082.0,10335.0,16907605.0,2026-09-29,2026-09-29,SEP 2026
2026-09-04 13:20:00+05:30,NIFTY26SEPFUT,NSE:NIFTY26SEPFUT,24082.0,24085.5,24074.2,24080.0,7930.0,16907280.0,2026-09-29,2026-09-29,SEP 2026
2026-09-04 13:25:00+05:30,NIFTY26SEPFUT,NSE:NIFTY26SEPFUT,24082.3,24082.5,24064.2,24069.2,12740.0,16910920.0,2026-09-29,2026-09-29,SEP 2026
2026-09-04 13:30:00+05:30,NIFTY26SEPFUT,NSE:NIFTY26SEPFUT,24063.3,24070.3,24057.3,24060.0,12870.0,16913975.0,2026-09-29,2026-09-29,SEP 2026
2026-09-04 13:35:00+05:30,NIFTY26SEPFUT,NSE:NIFTY26SEPFUT,24060.4,24070.5,24056.9,24062.5,5655.0,16915080.0,2026-09-29,2026-09-29,SEP 2026
2026-09-04 13:40:00+05:30,NIFTY26SEPFUT,NSE:NIFTY26SEPFUT,24062.5,24072.8,24062.1,24068.0,4550.0,16915925.0,2026-09-29,2026-09-29,SEP 2026
2026-09-04 13:45:00+05:30,NIFTY26SEPFUT,NSE:NIFTY26SEPFUT,24069.9,24075.0,24062.6,24074.6,7475.0,16918070.0,2026-09-29,2026-09-29,SEP 2026
2026-09-04 13:50:00+05:30,NIFTY26SEPFUT,NSE:NIFTY26SEPFUT,24074.6,24074.6,24058.4,24058.5,5655.0,16919760.0,2026-09-29,2026-09-29,SEP 2026
2026-09-04 13:55:00+05:30,NIFTY26SEPFUT,NSE:NIFTY26SEPFUT,24058.5,24069.7,24058.4,24069.2,4615.0,16921060.0,2026-09-29,2026-09-29,SEP 2026
2026-09-04 14:00:00+05:30,NIFTY26SEPFUT,NSE:NIFTY26SEPFUT,24062.7,24070.0,24058.4,24067.0,4745.0,16922230.0,2026-09-29,2026-09-29,SEP 2026
2026-09-04 14:05:00+05:30,NIFTY26SEPFUT,NSE:NIFTY26SEPFUT,24067.0,24074.9,24061.8,24062.3,6240.0,16925480.0,2026-09-29,2026-09-29,SEP 2026
2026-09-04 14:10:00+05:30,NIFTY26SEPFUT,NSE:NIFTY26SEPFUT,24065.0,24077.2,24062.3,24075.0,6630.0,16927300.0,2026-09-29,2026-09-29,SEP 2026
2026-09-04 14:15:00+05:30,NIFTY26SEPFUT,NSE:NIFTY26SEPFUT,24075.0,24078.0,24063.0,24073.3,13585.0,16930225.0,2026-09-29,2026-09-29,SEP 2026
2026-09-04 14:20:00+05:30,NIFTY26SEPFUT,NSE:NIFTY26SEPFUT,24073.3,24078.0,24067.2,24073.9,6240.0,16930290.0,2026-09-29,2026-09-29,SEP 2026
2026-09-04 14:25:00+05:30,NIFTY26SEPFUT,NSE:NIFTY26SEPFUT,24073.0,24090.0,24071.9,24087.9,13000.0,16929185.0,2026-09-29,2026-09-29,SEP 2026
2026-09-04 14:30:00+05:30,NIFTY26SEPFUT,NSE:NIFTY26SEPFUT,24089.8,24090.0,24078.4,24080.0,8385.0,16930160.0,2026-09-29,2026-09-29,SEP 2026
2026-09-04 14:35:00+05:30,NIFTY26SEPFUT,NSE:NIFTY26SEPFUT,24080.0,24082.7,24062.0,24063.0,9165.0,16932240.0,2026-09-29,2026-09-29,SEP 2026
2026-09-04 14:40:00+05:30,NIFTY26SEPFUT,NSE:NIFTY26SEPFUT,24065.8,24070.0,24058.4,24058.4,8515.0,16933410.0,2026-09-29,2026-09-29,SEP 2026
2026-09-04 14:45:00+05:30,NIFTY26SEPFUT,NSE:NIFTY26SEPFUT,24058.1,24065.9,24052.3,24063.0,16250.0,16933540.0,2026-09-29,2026-09-29,SEP 2026
2026-09-04 14:50:00+05:30,NIFTY26SEPFUT,NSE:NIFTY26SEPFUT,24060.6,24070.0,24055.1,24064.0,11050.0,16936075.0,2026-09-29,2026-09-29,SEP 2026
2026-09-04 14:55:00+05:30,NIFTY26SEPFUT,NSE:NIFTY26SEPFUT,24060.0,24069.2,24055.0,24064.9,15340.0,16937960.0,2026-09-29,2026-09-29,SEP 2026
2026-09-04 15:00:00+05:30,NIFTY26SEPFUT,NSE:NIFTY26SEPFUT,24064.9,24069.3,24055.0,24057.5,19500.0,16936075.0,2026-09-29,2026-09-29,SEP 2026
2026-09-04 15:05:00+05:30,NIFTY26SEPFUT,NSE:NIFTY26SEPFUT,24057.5,24064.9,24055.0,24056.7,23400.0,16944135.0,2026-09-29,2026-09-29,SEP 2026
2026-09-04 15:10:00+05:30,NIFTY26SEPFUT,NSE:NIFTY26SEPFUT,24056.7,24069.4,24056.2,24059.9,27040.0,16955250.0,2026-09-29,2026-09-29,SEP 2026
2026-09-04 15:15:00+05:30,NIFTY26SEPFUT,NSE:NIFTY26SEPFUT,24057.0,24070.7,24054.1,24062.7,35880.0,16949010.0,2026-09-29,2026-09-29,SEP 2026
2026-09-04 15:20:00+05:30,NIFTY26SEPFUT,NSE:NIFTY26SEPFUT,24061.6,24061.6,24040.0,24040.6,42575.0,16954210.0,2026-09-29,2026-09-29,SEP 2026
2026-09-04 15:25:00+05:30,NIFTY26SEPFUT,NSE:NIFTY26SEPFUT,24040.7,24058.1,24034.4,24034.4,51545.0,16960905.0,2026-09-29,2026-09-29,SEP 2026
2026-09-04 15:30:00+05:30,NIFTY26SEPFUT,NSE:NIFTY26SEPFUT,24034.8,24049.4,24034.8,24043.0,26195.0,16958305.0,2026-09-29,2026-09-29,SEP 2026
2026-09-04 15:35:00+05:30,NIFTY26SEPFUT,NSE:NIFTY26SEPFUT,24043.0,24048.0,24037.4,24048.0,45110.0,16957720.0,2026-09-29,2026-09-29,SEP 2026
2026-09-07 09:15:00+05:30,NIFTY26SEPFUT,NSE:NIFTY26SEPFUT,24000.0,24000.0,23925.2,23953.9,148720.0,16841370.0,2026-09-29,2026-09-29,SEP 2026
2026-09-07 09:20:00+05:30,NIFTY26SEPFUT,NSE:NIFTY26SEPFUT,23951.2,23955.0,23937.0,23937.0,92885.0,16887065.0,2026-09-29,2026-09-29,SEP 2026
2026-09-07 09:25:00+05:30,NIFTY26SEPFUT,NSE:NIFTY26SEPFUT,23938.4,23940.0,23924.0,23931.0,56485.0,16934905.0,2026-09-29,2026-09-29,SEP 2026
2026-09-07 09:30:00+05:30,NIFTY26SEPFUT,NSE:NIFTY26SEPFUT,23930.2,23943.9,23930.2,23937.0,36855.0,16951155.0,2026-09-29,2026-09-29,SEP 2026
2026-09-07 09:35:00+05:30,NIFTY26SEPFUT,NSE:NIFTY26SEPFUT,23945.0,23950.0,23933.2,23949.5,34580.0,16974425.0,2026-09-29,2026-09-29,SEP 2026
2026-09-07 09:40:00+05:30,NIFTY26SEPFUT,NSE:NIFTY26SEPFUT,23950.0,23955.0,23940.0,23946.0,26780.0,16986320.0,2026-09-29,2026-09-29,SEP 2026
2026-09-07 09:45:00+05:30,NIFTY26SEPFUT,NSE:NIFTY26SEPFUT,23946.0,23951.7,23935.0,23940.0,28145.0,16998345.0,2026-09-29,2026-09-29,SEP 2026
2026-09-07 09:50:00+05:30,NIFTY26SEPFUT,NSE:NIFTY26SEPFUT,23940.0,23946.3,23926.1,23930.0,23140.0,17004390.0,2026-09-29,2026-09-29,SEP 2026
2026-09-07 09:55:00+05:30,NIFTY26SEPFUT,NSE:NIFTY26SEPFUT,23927.0,23940.2,23920.2,23934.6,28145.0,17023825.0,2026-09-29,2026-09-29,SEP 2026
2026-09-07 10:00:00+05:30,NIFTY26SEPFUT,NSE:NIFTY26SEPFUT,23930.5,23939.1,23930.5,23932.0,17420.0,17034355.0,2026-09-29,2026-09-29,SEP 2026
2026-09-07 10:05:00+05:30,NIFTY26SEPFUT,NSE:NIFTY26SEPFUT,23932.0,23935.0,23924.5,23932.2,11895.0,17007705.0,2026-09-29,2026-09-29,SEP 2026
2026-09-07 10:10:00+05:30,NIFTY26SEPFUT,NSE:NIFTY26SEPFUT,23932.0,23932.4,23916.8,23916.8,22165.0,17014985.0,2026-09-29,2026-09-29,SEP 2026
2026-09-07 10:15:00+05:30,NIFTY26SEPFUT,NSE:NIFTY26SEPFUT,23916.8,23919.0,23897.3,23900.1,194610.0,17051515.0,2026-09-29,2026-09-29,SEP 2026
2026-09-07 10:20:00+05:30,NIFTY26SEPFUT,NSE:NIFTY26SEPFUT,23900.1,23920.0,23900.1,23915.0,29120.0,17071665.0,2026-09-29,2026-09-29,SEP 2026
2026-09-07 10:25:00+05:30,NIFTY26SEPFUT,NSE:NIFTY26SEPFUT,23913.0,23919.0,23908.0,23915.0,40625.0,17095975.0,2026-09-29,2026-09-29,SEP 2026
2026-09-07 10:30:00+05:30,NIFTY26SEPFUT,NSE:NIFTY26SEPFUT,23914.2,23919.0,23909.6,23911.0,14820.0,17105855.0,2026-09-29,2026-09-29,SEP 2026
2026-09-07 10:35:00+05:30,NIFTY26SEPFUT,NSE:NIFTY26SEPFUT,23911.0,23918.0,23906.0,23913.4,24700.0,17125095.0,2026-09-29,2026-09-29,SEP 2026
2026-09-07 10:40:00+05:30,NIFTY26SEPFUT,NSE:NIFTY26SEPFUT,23913.1,23918.0,23906.1,23917.0,23855.0,17143230.0,2026-09-29,2026-09-29,SEP 2026
2026-09-07 10:45:00+05:30,NIFTY26SEPFUT,NSE:NIFTY26SEPFUT,23919.9,23920.0,23902.0,23903.7,25805.0,17130425.0,2026-09-29,2026-09-29,SEP 2026
2026-09-07 10:50:00+05:30,NIFTY26SEPFUT,NSE:NIFTY26SEPFUT,23903.2,23916.3,23902.2,23903.5,18265.0,17140175.0,2026-09-29,2026-09-29,SEP 2026
2026-09-07 10:55:00+05:30,NIFTY26SEPFUT,NSE:NIFTY26SEPFUT,23903.5,23910.0,23900.1,23904.4,14755.0,17148040.0,2026-09-29,2026-09-29,SEP 2026
2026-09-07 11:00:00+05:30,NIFTY26SEPFUT,NSE:NIFTY26SEPFUT,23904.4,23905.0,23885.8,23886.4,47125.0,17162795.0,2026-09-29,2026-09-29,SEP 2026
2026-09-07 11:05:00+05:30,NIFTY26SEPFUT,NSE:NIFTY26SEPFUT,23886.4,23893.1,23880.8,23886.0,48620.0,17178590.0,2026-09-29,2026-09-29,SEP 2026
2026-09-07 11:10:00+05:30,NIFTY26SEPFUT,NSE:NIFTY26SEPFUT,23886.0,23895.5,23880.6,23888.0,28470.0,17200300.0,2026-09-29,2026-09-29,SEP 2026
2026-09-07 11:15:00+05:30,NIFTY26SEPFUT,NSE:NIFTY26SEPFUT,23887.0,23890.0,23881.0,23887.3,23140.0,17215120.0,2026-09-29,2026-09-29,SEP 2026
2026-09-07 11:20:00+05:30,NIFTY26SEPFUT,NSE:NIFTY26SEPFUT,23882.6,23896.9,23882.6,23886.0,16770.0,17221945.0,2026-09-29,2026-09-29,SEP 2026
2026-09-07 11:25:00+05:30,NIFTY26SEPFUT,NSE:NIFTY26SEPFUT,23888.7,23891.5,23885.0,23885.0,17290.0,17234750.0,2026-09-29,2026-09-29,SEP 2026
2026-09-07 11:30:00+05:30,NIFTY26SEPFUT,NSE:NIFTY26SEPFUT,23885.0,23894.7,23885.0,23887.9,12025.0,17242290.0,2026-09-29,2026-09-29,SEP 2026
2026-09-07 11:35:00+05:30,NIFTY26SEPFUT,NSE:NIFTY26SEPFUT,23887.9,23888.1,23883.0,23886.5,23530.0,17213560.0,2026-09-29,2026-09-29,SEP 2026
2026-09-07 11:40:00+05:30,NIFTY26SEPFUT,NSE:NIFTY26SEPFUT,23886.5,23893.4,23875.0,23893.0,36920.0,17228575.0,2026-09-29,2026-09-29,SEP 2026
2026-09-07 11:45:00+05:30,NIFTY26SEPFUT,NSE:NIFTY26SEPFUT,23893.0,23895.9,23889.6,23892.6,21970.0,17243460.0,2026-09-29,2026-09-29,SEP 2026
2026-09-07 11:50:00+05:30,NIFTY26SEPFUT,NSE:NIFTY26SEPFUT,23890.5,23902.0,23889.5,23902.0,18460.0,17255030.0,2026-09-29,2026-09-29,SEP 2026
2026-09-07 11:55:00+05:30,NIFTY26SEPFUT,NSE:NIFTY26SEPFUT,23901.5,23901.5,23891.1,23896.0,9685.0,17261920.0,2026-09-29,2026-09-29,SEP 2026
2026-09-07 12:00:00+05:30,NIFTY26SEPFUT,NSE:NIFTY26SEPFUT,23898.9,23898.9,23891.1,23897.3,10660.0,17271085.0,2026-09-29,2026-09-29,SEP 2026
2026-09-07 12:05:00+05:30,NIFTY26SEPFUT,NSE:NIFTY26SEPFUT,23895.5,23911.4,23892.9,23910.0,14235.0,17277195.0,2026-09-29,2026-09-29,SEP 2026
2026-09-07 12:10:00+05:30,NIFTY26SEPFUT,NSE:NIFTY26SEPFUT,23910.0,23916.3,23903.0,23907.0,19240.0,17284475.0,2026-09-29,2026-09-29,SEP 2026
2026-09-07 12:15:00+05:30,NIFTY26SEPFUT,NSE:NIFTY26SEPFUT,23911.4,23911.5,23891.8,23891.8,12545.0,17290000.0,2026-09-29,2026-09-29,SEP 2026
2026-09-07 12:20:00+05:30,NIFTY26SEPFUT,NSE:NIFTY26SEPFUT,23891.8,23894.7,23882.0,23888.2,28860.0,17311580.0,2026-09-29,2026-09-29,SEP 2026
2026-09-07 12:25:00+05:30,NIFTY26SEPFUT,NSE:NIFTY26SEPFUT,23888.2,23891.0,23883.0,23883.0,17745.0,17319055.0,2026-09-29,2026-09-29,SEP 2026
2026-09-07 12:30:00+05:30,NIFTY26SEPFUT,NSE:NIFTY26SEPFUT,23883.0,23890.0,23875.0,23887.9,45305.0,17352010.0,2026-09-29,2026-09-29,SEP 2026
2026-09-07 12:35:00+05:30,NIFTY26SEPFUT,NSE:NIFTY26SEPFUT,23887.2,23891.6,23880.0,23890.9,38870.0,17370210.0,2026-09-29,2026-09-29,SEP 2026
2026-09-07 12:40:00+05:30,NIFTY26SEPFUT,NSE:NIFTY26SEPFUT,23890.9,23890.9,23879.4,23883.0,20345.0,17383860.0,2026-09-29,2026-09-29,SEP 2026
2026-09-07 12:45:00+05:30,NIFTY26SEPFUT,NSE:NIFTY26SEPFUT,23883.0,23887.3,23873.4,23875.2,30680.0,17391335.0,2026-09-29,2026-09-29,SEP 2026
2026-09-07 12:50:00+05:30,NIFTY26SEPFUT,NSE:NIFTY26SEPFUT,23874.5,23878.9,23861.0,23865.0,58695.0,17424680.0,2026-09-29,2026-09-29,SEP 2026
2026-09-07 12:55:00+05:30,NIFTY26SEPFUT,NSE:NIFTY26SEPFUT,23864.0,23875.4,23863.2,23873.8,23595.0,17439175.0,2026-09-29,2026-09-29,SEP 2026
2026-09-07 13:00:00+05:30,NIFTY26SEPFUT,NSE:NIFTY26SEPFUT,23873.8,23888.0,23871.2,23882.1,20085.0,17452240.0,2026-09-29,2026-09-29,SEP 2026
2026-09-07 13:05:00+05:30,NIFTY26SEPFUT,NSE:NIFTY26SEPFUT,23882.1,23885.1,23878.0,23882.9,10595.0,17458740.0,2026-09-29,2026-09-29,SEP 2026
2026-09-07 13:10:00+05:30,NIFTY26SEPFUT,NSE:NIFTY26SEPFUT,23883.2,23888.0,23875.5,23885.0,10595.0,17467840.0,2026-09-29,2026-09-29,SEP 2026
2026-09-07 13:15:00+05:30,NIFTY26SEPFUT,NSE:NIFTY26SEPFUT,23885.0,23885.0,23875.0,23878.9,15990.0,17477655.0,2026-09-29,2026-09-29,SEP 2026
2026-09-07 13:20:00+05:30,NIFTY26SEPFUT,NSE:NIFTY26SEPFUT,23877.4,23887.9,23877.4,23885.0,14755.0,17490330.0,2026-09-29,2026-09-29,SEP 2026
2026-09-07 13:25:00+05:30,NIFTY26SEPFUT,NSE:NIFTY26SEPFUT,23884.0,23897.0,23880.9,23888.0,15340.0,17498585.0,2026-09-29,2026-09-29,SEP 2026
2026-09-07 13:30:00+05:30,NIFTY26SEPFUT,NSE:NIFTY26SEPFUT,23888.0,23890.0,23880.0,23889.9,9490.0,17498325.0,2026-09-29,2026-09-29,SEP 2026
2026-09-07 13:35:00+05:30,NIFTY26SEPFUT,NSE:NIFTY26SEPFUT,23889.9,23896.4,23885.0,23893.0,14690.0,17509050.0,2026-09-29,2026-09-29,SEP 2026
2026-09-07 13:40:00+05:30,NIFTY26SEPFUT,NSE:NIFTY26SEPFUT,23893.0,23896.4,23885.2,23895.5,19695.0,17515030.0,2026-09-29,2026-09-29,SEP 2026
2026-09-07 13:45:00+05:30,NIFTY26SEPFUT,NSE:NIFTY26SEPFUT,23895.5,23903.5,23890.0,23903.0,25935.0,17529850.0,2026-09-29,2026-09-29,SEP 2026
2026-09-07 13:50:00+05:30,NIFTY26SEPFUT,NSE:NIFTY26SEPFUT,23903.0,23915.0,23895.0,23912.6,16705.0,17528550.0,2026-09-29,2026-09-29,SEP 2026
2026-09-07 13:55:00+05:30,NIFTY26SEPFUT,NSE:NIFTY26SEPFUT,23912.6,23915.0,23906.1,23907.3,13260.0,17532515.0,2026-09-29,2026-09-29,SEP 2026
2026-09-07 14:00:00+05:30,NIFTY26SEPFUT,NSE:NIFTY26SEPFUT,23912.0,23923.5,23905.0,23914.0,29055.0,17537455.0,2026-09-29,2026-09-29,SEP 2026
2026-09-07 14:05:00+05:30,NIFTY26SEPFUT,NSE:NIFTY26SEPFUT,23915.0,23918.0,23900.7,23902.9,18460.0,17535440.0,2026-09-29,2026-09-29,SEP 2026
2026-09-07 14:10:00+05:30,NIFTY26SEPFUT,NSE:NIFTY26SEPFUT,23907.0,23912.5,23902.7,23912.0,4940.0,17509245.0,2026-09-29,2026-09-29,SEP 2026
2026-09-07 14:15:00+05:30,NIFTY26SEPFUT,NSE:NIFTY26SEPFUT,23910.0,23914.0,23897.0,23905.0,10465.0,17514120.0,2026-09-29,2026-09-29,SEP 2026
2026-09-07 14:20:00+05:30,NIFTY26SEPFUT,NSE:NIFTY26SEPFUT,23905.0,23915.2,23900.0,23910.0,13130.0,17519515.0,2026-09-29,2026-09-29,SEP 2026
2026-09-07 14:25:00+05:30,NIFTY26SEPFUT,NSE:NIFTY26SEPFUT,23912.5,23914.9,23908.7,23914.0,10790.0,17513340.0,2026-09-29,2026-09-29,SEP 2026
2026-09-07 14:30:00+05:30,NIFTY26SEPFUT,NSE:NIFTY26SEPFUT,23914.0,23914.9,23895.1,23898.0,11050.0,17521075.0,2026-09-29,2026-09-29,SEP 2026
2026-09-07 14:35:00+05:30,NIFTY26SEPFUT,NSE:NIFTY26SEPFUT,23898.0,23902.0,23886.0,23886.9,15145.0,17528615.0,2026-09-29,2026-09-29,SEP 2026
2026-09-07 14:40:00+05:30,NIFTY26SEPFUT,NSE:NIFTY26SEPFUT,23885.1,23888.4,23876.9,23876.9,24895.0,17536545.0,2026-09-29,2026-09-29,SEP 2026
2026-09-07 14:45:00+05:30,NIFTY26SEPFUT,NSE:NIFTY26SEPFUT,23876.9,23887.0,23875.0,23877.9,28600.0,17542590.0,2026-09-29,2026-09-29,SEP 2026
2026-09-07 14:50:00+05:30,NIFTY26SEPFUT,NSE:NIFTY26SEPFUT,23877.1,23889.8,23875.0,23876.0,22295.0,17549220.0,2026-09-29,2026-09-29,SEP 2026
2026-09-07 14:55:00+05:30,NIFTY26SEPFUT,NSE:NIFTY26SEPFUT,23880.0,23890.0,23875.0,23875.6,18135.0,17555655.0,2026-09-29,2026-09-29,SEP 2026
2026-09-07 15:00:00+05:30,NIFTY26SEPFUT,NSE:NIFTY26SEPFUT,23875.3,23885.5,23875.0,23875.3,40820.0,17558515.0,2026-09-29,2026-09-29,SEP 2026
2026-09-07 15:05:00+05:30,NIFTY26SEPFUT,NSE:NIFTY26SEPFUT,23876.7,23884.0,23870.2,23871.1,38480.0,17582110.0,2026-09-29,2026-09-29,SEP 2026
2026-09-07 15:10:00+05:30,NIFTY26SEPFUT,NSE:NIFTY26SEPFUT,23871.1,23885.0,23870.9,23880.0,46345.0,17595175.0,2026-09-29,2026-09-29,SEP 2026
2026-09-07 15:15:00+05:30,NIFTY26SEPFUT,NSE:NIFTY26SEPFUT,23880.0,23881.5,23856.0,23856.0,63570.0,17621825.0,2026-09-29,2026-09-29,SEP 2026
2026-09-07 15:20:00+05:30,NIFTY26SEPFUT,NSE:NIFTY26SEPFUT,23858.0,23876.0,23856.1,23868.0,48555.0,17624880.0,2026-09-29,2026-09-29,SEP 2026
2026-09-07 15:25:00+05:30,NIFTY26SEPFUT,NSE:NIFTY26SEPFUT,23868.0,23875.0,23856.2,23865.0,59085.0,17648670.0,2026-09-29,2026-09-29,SEP 2026
2026-09-07 15:30:00+05:30,NIFTY26SEPFUT,NSE:NIFTY26SEPFUT,23865.1,23872.0,23855.7,23860.0,28080.0,17644900.0,2026-09-29,2026-09-29,SEP 2026
2026-09-07 15:35:00+05:30,NIFTY26SEPFUT,NSE:NIFTY26SEPFUT,23860.0,23868.4,23855.0,23866.1,38220.0,17640935.0,2026-09-29,2026-09-29,SEP 2026
2026-09-08 09:15:00+05:30,NIFTY26SEPFUT,NSE:NIFTY26SEPFUT,23828.0,23830.0,23780.0,23794.5,142090.0,17538170.0,2026-09-29,2026-09-29,SEP 2026
2026-09-08 09:20:00+05:30,NIFTY26SEPFUT,NSE:NIFTY26SEPFUT,23793.0,23795.2,23781.0,23781.9,66560.0,17551690.0,2026-09-29,2026-09-29,SEP 2026
2026-09-08 09:25:00+05:30,NIFTY26SEPFUT,NSE:NIFTY26SEPFUT,23781.0,23786.0,23771.1,23772.0,93860.0,17551690.0,2026-09-29,2026-09-29,SEP 2026
2026-09-08 09:30:00+05:30,NIFTY26SEPFUT,NSE:NIFTY26SEPFUT,23771.1,23789.0,23771.0,23776.4,54470.0,17556890.0,2026-09-29,2026-09-29,SEP 2026
2026-09-08 09:35:00+05:30,NIFTY26SEPFUT,NSE:NIFTY26SEPFUT,23776.4,23799.8,23776.0,23790.0,48360.0,17562675.0,2026-09-29,2026-09-29,SEP 2026
2026-09-08 09:40:00+05:30,NIFTY26SEPFUT,NSE:NIFTY26SEPFUT,23790.0,23795.0,23770.0,23773.3,33930.0,17576520.0,2026-09-29,2026-09-29,SEP 2026
2026-09-08 09:45:00+05:30,NIFTY26SEPFUT,NSE:NIFTY26SEPFUT,23772.9,23795.0,23769.0,23791.9,40885.0,17579250.0,2026-09-29,2026-09-29,SEP 2026
2026-09-08 09:50:00+05:30,NIFTY26SEPFUT,NSE:NIFTY26SEPFUT,23786.9,23795.5,23780.0,23790.4,50050.0,17583865.0,2026-09-29,2026-09-29,SEP 2026
2026-09-08 09:55:00+05:30,NIFTY26SEPFUT,NSE:NIFTY26SEPFUT,23790.4,23790.4,23772.0,23775.0,40105.0,17604405.0,2026-09-29,2026-09-29,SEP 2026
2026-09-08 10:00:00+05:30,NIFTY26SEPFUT,NSE:NIFTY26SEPFUT,23776.0,23785.3,23767.1,23768.0,47710.0,17615845.0,2026-09-29,2026-09-29,SEP 2026
2026-09-08 10:05:00+05:30,NIFTY26SEPFUT,NSE:NIFTY26SEPFUT,23768.0,23792.9,23765.0,23785.0,55705.0,17630795.0,2026-09-29,2026-09-29,SEP 2026
2026-09-08 10:10:00+05:30,NIFTY26SEPFUT,NSE:NIFTY26SEPFUT,23791.1,23814.7,23782.1,23812.0,48815.0,17631705.0,2026-09-29,2026-09-29,SEP 2026
2026-09-08 10:15:00+05:30,NIFTY26SEPFUT,NSE:NIFTY26SEPFUT,23815.0,23823.7,23791.1,23802.2,50570.0,17643340.0,2026-09-29,2026-09-29,SEP 2026
2026-09-08 10:20:00+05:30,NIFTY26SEPFUT,NSE:NIFTY26SEPFUT,23805.0,23805.5,23795.3,23801.9,17355.0,17649060.0,2026-09-29,2026-09-29,SEP 2026
2026-09-08 10:25:00+05:30,NIFTY26SEPFUT,NSE:NIFTY26SEPFUT,23797.6,23800.0,23786.0,23793.0,15340.0,17657510.0,2026-09-29,2026-09-29,SEP 2026
2026-09-08 10:30:00+05:30,NIFTY26SEPFUT,NSE:NIFTY26SEPFUT,23792.5,23796.0,23785.0,23787.0,12415.0,17663880.0,2026-09-29,2026-09-29,SEP 2026
2026-09-08 10:35:00+05:30,NIFTY26SEPFUT,NSE:NIFTY26SEPFUT,23787.0,23787.0,23768.0,23776.0,31330.0,17664140.0,2026-09-29,2026-09-29,SEP 2026
2026-09-08 10:40:00+05:30,NIFTY26SEPFUT,NSE:NIFTY26SEPFUT,23770.0,23775.0,23765.0,23766.9,28145.0,17680520.0,2026-09-29,2026-09-29,SEP 2026
2026-09-08 10:45:00+05:30,NIFTY26SEPFUT,NSE:NIFTY26SEPFUT,23766.9,23793.4,23765.0,23785.0,15795.0,17687995.0,2026-09-29,2026-09-29,SEP 2026
2026-09-08 10:50:00+05:30,NIFTY26SEPFUT,NSE:NIFTY26SEPFUT,23785.7,23795.0,23782.0,23782.0,12545.0,17692740.0,2026-09-29,2026-09-29,SEP 2026
2026-09-08 10:55:00+05:30,NIFTY26SEPFUT,NSE:NIFTY26SEPFUT,23782.0,23784.0,23771.0,23771.1,8970.0,17695730.0,2026-09-29,2026-09-29,SEP 2026
2026-09-08 11:00:00+05:30,NIFTY26SEPFUT,NSE:NIFTY26SEPFUT,23772.0,23775.9,23765.0,23768.5,14495.0,17702230.0,2026-09-29,2026-09-29,SEP 2026
2026-09-08 11:05:00+05:30,NIFTY26SEPFUT,NSE:NIFTY26SEPFUT,23766.9,23785.0,23765.8,23781.4,20605.0,17703920.0,2026-09-29,2026-09-29,SEP 2026
2026-09-08 11:10:00+05:30,NIFTY26SEPFUT,NSE:NIFTY26SEPFUT,23781.9,23785.0,23775.0,23777.0,11700.0,17706000.0,2026-09-29,2026-09-29,SEP 2026
2026-09-08 11:15:00+05:30,NIFTY26SEPFUT,NSE:NIFTY26SEPFUT,23782.0,23788.0,23775.1,23788.0,16705.0,17707885.0,2026-09-29,2026-09-29,SEP 2026
2026-09-08 11:20:00+05:30,NIFTY26SEPFUT,NSE:NIFTY26SEPFUT,23787.5,23788.0,23773.0,23780.5,8125.0,17709705.0,2026-09-29,2026-09-29,SEP 2026
2026-09-08 11:25:00+05:30,NIFTY26SEPFUT,NSE:NIFTY26SEPFUT,23775.0,23788.4,23774.9,23780.0,10855.0,17715230.0,2026-09-29,2026-09-29,SEP 2026
2026-09-08 11:30:00+05:30,NIFTY26SEPFUT,NSE:NIFTY26SEPFUT,23780.0,23785.0,23770.0,23775.0,12480.0,17721210.0,2026-09-29,2026-09-29,SEP 2026
2026-09-08 11:35:00+05:30,NIFTY26SEPFUT,NSE:NIFTY26SEPFUT,23775.0,23779.9,23771.0,23772.0,18980.0,17733495.0,2026-09-29,2026-09-29,SEP 2026
2026-09-08 11:40:00+05:30,NIFTY26SEPFUT,NSE:NIFTY26SEPFUT,23772.0,23777.8,23770.0,23770.9,14040.0,17738240.0,2026-09-29,2026-09-29,SEP 2026
2026-09-08 11:45:00+05:30,NIFTY26SEPFUT,NSE:NIFTY26SEPFUT,23773.0,23777.0,23761.0,23762.5,25805.0,17751565.0,2026-09-29,2026-09-29,SEP 2026
2026-09-08 11:50:00+05:30,NIFTY26SEPFUT,NSE:NIFTY26SEPFUT,23761.0,23776.0,23751.6,23767.0,56095.0,17784000.0,2026-09-29,2026-09-29,SEP 2026
2026-09-08 11:55:00+05:30,NIFTY26SEPFUT,NSE:NIFTY26SEPFUT,23764.2,23774.9,23753.5,23756.2,17550.0,17787575.0,2026-09-29,2026-09-29,SEP 2026
2026-09-08 12:00:00+05:30,NIFTY26SEPFUT,NSE:NIFTY26SEPFUT,23755.0,23761.0,23745.1,23750.0,73125.0,17823650.0,2026-09-29,2026-09-29,SEP 2026
2026-09-08 12:05:00+05:30,NIFTY26SEPFUT,NSE:NIFTY26SEPFUT,23745.0,23754.4,23736.6,23745.0,70330.0,17841330.0,2026-09-29,2026-09-29,SEP 2026
2026-09-08 12:10:00+05:30,NIFTY26SEPFUT,NSE:NIFTY26SEPFUT,23745.0,23755.0,23740.9,23752.5,15600.0,17840745.0,2026-09-29,2026-09-29,SEP 2026
2026-09-08 12:15:00+05:30,NIFTY26SEPFUT,NSE:NIFTY26SEPFUT,23752.5,23757.0,23745.0,23747.0,15405.0,17840875.0,2026-09-29,2026-09-29,SEP 2026
2026-09-08 12:20:00+05:30,NIFTY26SEPFUT,NSE:NIFTY26SEPFUT,23749.3,23760.0,23745.0,23755.7,23400.0,17846855.0,2026-09-29,2026-09-29,SEP 2026
2026-09-08 12:25:00+05:30,NIFTY26SEPFUT,NSE:NIFTY26SEPFUT,23755.7,23765.0,23754.0,23760.1,16965.0,17849260.0,2026-09-29,2026-09-29,SEP 2026
2026-09-08 12:30:00+05:30,NIFTY26SEPFUT,NSE:NIFTY26SEPFUT,23762.0,23772.0,23757.3,23763.0,13195.0,17856020.0,2026-09-29,2026-09-29,SEP 2026
2026-09-08 12:35:00+05:30,NIFTY26SEPFUT,NSE:NIFTY26SEPFUT,23763.0,23783.3,23762.0,23767.3,27755.0,17864600.0,2026-09-29,2026-09-29,SEP 2026
2026-09-08 12:40:00+05:30,NIFTY26SEPFUT,NSE:NIFTY26SEPFUT,23767.3,23779.9,23760.0,23760.0,10335.0,17871620.0,2026-09-29,2026-09-29,SEP 2026
2026-09-08 12:45:00+05:30,NIFTY26SEPFUT,NSE:NIFTY26SEPFUT,23760.0,23760.5,23747.0,23750.9,14690.0,17879030.0,2026-09-29,2026-09-29,SEP 2026
2026-09-08 12:50:00+05:30,NIFTY26SEPFUT,NSE:NIFTY26SEPFUT,23751.6,23759.7,23748.5,23759.5,11050.0,17885725.0,2026-09-29,2026-09-29,SEP 2026
2026-09-08 12:55:00+05:30,NIFTY26SEPFUT,NSE:NIFTY26SEPFUT,23753.9,23769.5,23752.9,23752.9,13195.0,17892745.0,2026-09-29,2026-09-29,SEP 2026
2026-09-08 13:00:00+05:30,NIFTY26SEPFUT,NSE:NIFTY26SEPFUT,23752.9,23765.0,23750.0,23750.0,5720.0,17895540.0,2026-09-29,2026-09-29,SEP 2026
2026-09-08 13:05:00+05:30,NIFTY26SEPFUT,NSE:NIFTY26SEPFUT,23750.1,23764.9,23749.0,23760.0,9750.0,17899895.0,2026-09-29,2026-09-29,SEP 2026
2026-09-08 13:10:00+05:30,NIFTY26SEPFUT,NSE:NIFTY26SEPFUT,23760.0,23765.0,23751.3,23752.7,3705.0,17899635.0,2026-09-29,2026-09-29,SEP 2026
2026-09-08 13:15:00+05:30,NIFTY26SEPFUT,NSE:NIFTY26SEPFUT,23764.9,23766.2,23754.6,23763.6,7605.0,17903210.0,2026-09-29,2026-09-29,SEP 2026
2026-09-08 13:20:00+05:30,NIFTY26SEPFUT,NSE:NIFTY26SEPFUT,23760.6,23763.5,23750.2,23750.5,6435.0,17905290.0,2026-09-29,2026-09-29,SEP 2026
2026-09-08 13:25:00+05:30,NIFTY26SEPFUT,NSE:NIFTY26SEPFUT,23750.5,23760.0,23743.2,23746.0,14430.0,17911985.0,2026-09-29,2026-09-29,SEP 2026
2026-09-08 13:30:00+05:30,NIFTY26SEPFUT,NSE:NIFTY26SEPFUT,23747.4,23758.7,23737.3,23742.0,19305.0,17912375.0,2026-09-29,2026-09-29,SEP 2026
2026-09-08 13:35:00+05:30,NIFTY26SEPFUT,NSE:NIFTY26SEPFUT,23742.0,23756.2,23740.0,23740.0,7800.0,17914520.0,2026-09-29,2026-09-29,SEP 2026
2026-09-08 13:40:00+05:30,NIFTY26SEPFUT,NSE:NIFTY26SEPFUT,23740.1,23748.0,23737.1,23737.1,17160.0,17916665.0,2026-09-29,2026-09-29,SEP 2026
2026-09-08 13:45:00+05:30,NIFTY26SEPFUT,NSE:NIFTY26SEPFUT,23737.1,23749.0,23733.0,23738.1,18655.0,17920760.0,2026-09-29,2026-09-29,SEP 2026
2026-09-08 13:50:00+05:30,NIFTY26SEPFUT,NSE:NIFTY26SEPFUT,23738.1,23740.5,23725.0,23735.0,40170.0,17929730.0,2026-09-29,2026-09-29,SEP 2026
2026-09-08 13:55:00+05:30,NIFTY26SEPFUT,NSE:NIFTY26SEPFUT,23733.0,23741.5,23732.0,23736.0,20280.0,17937465.0,2026-09-29,2026-09-29,SEP 2026
2026-09-08 14:00:00+05:30,NIFTY26SEPFUT,NSE:NIFTY26SEPFUT,23733.0,23747.0,23730.3,23743.0,20735.0,17942405.0,2026-09-29,2026-09-29,SEP 2026
2026-09-08 14:05:00+05:30,NIFTY26SEPFUT,NSE:NIFTY26SEPFUT,23740.0,23753.0,23739.9,23751.0,16705.0,17943120.0,2026-09-29,2026-09-29,SEP 2026
2026-09-08 14:10:00+05:30,NIFTY26SEPFUT,NSE:NIFTY26SEPFUT,23751.0,23759.5,23742.0,23745.0,9295.0,17942860.0,2026-09-29,2026-09-29,SEP 2026
2026-09-08 14:15:00+05:30,NIFTY26SEPFUT,NSE:NIFTY26SEPFUT,23745.0,23763.7,23742.9,23753.0,13975.0,17945330.0,2026-09-29,2026-09-29,SEP 2026
2026-09-08 14:20:00+05:30,NIFTY26SEPFUT,NSE:NIFTY26SEPFUT,23753.0,23759.0,23745.0,23746.1,10140.0,17945460.0,2026-09-29,2026-09-29,SEP 2026
2026-09-08 14:25:00+05:30,NIFTY26SEPFUT,NSE:NIFTY26SEPFUT,23746.1,23758.0,23736.3,23746.9,19110.0,17949165.0,2026-09-29,2026-09-29,SEP 2026
2026-09-08 14:30:00+05:30,NIFTY26SEPFUT,NSE:NIFTY26SEPFUT,23746.9,23760.0,23746.9,23750.0,9620.0,17952285.0,2026-09-29,2026-09-29,SEP 2026
2026-09-08 14:35:00+05:30,NIFTY26SEPFUT,NSE:NIFTY26SEPFUT,23755.0,23761.0,23743.0,23754.0,11505.0,17958460.0,2026-09-29,2026-09-29,SEP 2026
2026-09-08 14:40:00+05:30,NIFTY26SEPFUT,NSE:NIFTY26SEPFUT,23745.0,23762.0,23741.5,23760.1,16575.0,17960735.0,2026-09-29,2026-09-29,SEP 2026
2026-09-08 14:45:00+05:30,NIFTY26SEPFUT,NSE:NIFTY26SEPFUT,23760.5,23763.2,23748.0,23753.2,36790.0,17956640.0,2026-09-29,2026-09-29,SEP 2026
2026-09-08 14:50:00+05:30,NIFTY26SEPFUT,NSE:NIFTY26SEPFUT,23753.2,23755.9,23744.3,23746.5,18460.0,17953455.0,2026-09-29,2026-09-29,SEP 2026
2026-09-08 14:55:00+05:30,NIFTY26SEPFUT,NSE:NIFTY26SEPFUT,23750.0,23755.9,23741.0,23750.2,13325.0,17925570.0,2026-09-29,2026-09-29,SEP 2026
2026-09-08 15:00:00+05:30,NIFTY26SEPFUT,NSE:NIFTY26SEPFUT,23749.6,23759.8,23745.0,23753.0,19110.0,17924855.0,2026-09-29,2026-09-29,SEP 2026
2026-09-08 15:05:00+05:30,NIFTY26SEPFUT,NSE:NIFTY26SEPFUT,23755.0,23759.0,23750.0,23757.0,15015.0,17919850.0,2026-09-29,2026-09-29,SEP 2026
2026-09-08 15:10:00+05:30,NIFTY26SEPFUT,NSE:NIFTY26SEPFUT,23759.4,23764.9,23746.0,23753.4,49920.0,17924465.0,2026-09-29,2026-09-29,SEP 2026
2026-09-08 15:15:00+05:30,NIFTY26SEPFUT,NSE:NIFTY26SEPFUT,23753.4,23759.9,23745.0,23751.4,54730.0,17917510.0,2026-09-29,2026-09-29,SEP 2026
2026-09-08 15:20:00+05:30,NIFTY26SEPFUT,NSE:NIFTY26SEPFUT,23750.9,23751.8,23731.8,23735.0,47385.0,17899310.0,2026-09-29,2026-09-29,SEP 2026
2026-09-08 15:25:00+05:30,NIFTY26SEPFUT,NSE:NIFTY26SEPFUT,23739.9,23754.0,23733.8,23740.0,65000.0,17895605.0,2026-09-29,2026-09-29,SEP 2026
2026-09-08 15:30:00+05:30,NIFTY26SEPFUT,NSE:NIFTY26SEPFUT,23745.6,23760.0,23740.0,23752.5,62270.0,17879745.0,2026-09-29,2026-09-29,SEP 2026
2026-09-08 15:35:00+05:30,NIFTY26SEPFUT,NSE:NIFTY26SEPFUT,23752.5,23758.3,23736.7,23744.1,40625.0,17886635.0,2026-09-29,2026-09-29,SEP 2026
2026-09-09 09:15:00+05:30,NIFTY26SEPFUT,NSE:NIFTY26SEPFUT,23674.0,23674.0,23601.0,23618.6,318630.0,17877015.0,2026-09-29,2026-09-29,SEP 2026
2026-09-09 09:20:00+05:30,NIFTY26SEPFUT,NSE:NIFTY26SEPFUT,23617.5,23624.0,23605.0,23617.4,95810.0,17930185.0,2026-09-29,2026-09-29,SEP 2026
2026-09-09 09:25:00+05:30,NIFTY26SEPFUT,NSE:NIFTY26SEPFUT,23617.5,23630.0,23610.2,23615.0,67275.0,17943770.0,2026-09-29,2026-09-29,SEP 2026
2026-09-09 09:30:00+05:30,NIFTY26SEPFUT,NSE:NIFTY26SEPFUT,23615.0,23627.8,23608.1,23620.1,53820.0,17944810.0,2026-09-29,2026-09-29,SEP 2026
2026-09-09 09:35:00+05:30,NIFTY26SEPFUT,NSE:NIFTY26SEPFUT,23620.1,23638.0,23612.0,23635.0,90025.0,17985565.0,2026-09-29,2026-09-29,SEP 2026
2026-09-09 09:40:00+05:30,NIFTY26SEPFUT,NSE:NIFTY26SEPFUT,23635.0,23644.4,23630.0,23638.0,71565.0,18012280.0,2026-09-29,2026-09-29,SEP 2026
2026-09-09 09:45:00+05:30,NIFTY26SEPFUT,NSE:NIFTY26SEPFUT,23638.9,23639.4,23606.0,23610.0,56810.0,18042830.0,2026-09-29,2026-09-29,SEP 2026
2026-09-09 09:50:00+05:30,NIFTY26SEPFUT,NSE:NIFTY26SEPFUT,23610.0,23615.0,23601.0,23605.1,83135.0,18107830.0,2026-09-29,2026-09-29,SEP 2026
2026-09-09 09:55:00+05:30,NIFTY26SEPFUT,NSE:NIFTY26SEPFUT,23603.0,23612.9,23590.0,23598.4,63180.0,18141695.0,2026-09-29,2026-09-29,SEP 2026
2026-09-09 10:00:00+05:30,NIFTY26SEPFUT,NSE:NIFTY26SEPFUT,23595.1,23595.1,23576.0,23586.5,88790.0,18160545.0,2026-09-29,2026-09-29,SEP 2026
2026-09-09 10:05:00+05:30,NIFTY26SEPFUT,NSE:NIFTY26SEPFUT,23589.9,23592.5,23578.8,23591.4,57005.0,18204745.0,2026-09-29,2026-09-29,SEP 2026
2026-09-09 10:10:00+05:30,NIFTY26SEPFUT,NSE:NIFTY26SEPFUT,23591.0,23600.2,23577.5,23597.4,59605.0,18249400.0,2026-09-29,2026-09-29,SEP 2026
2026-09-09 10:15:00+05:30,NIFTY26SEPFUT,NSE:NIFTY26SEPFUT,23597.2,23634.5,23593.8,23630.0,53625.0,18261035.0,2026-09-29,2026-09-29,SEP 2026
2026-09-09 10:20:00+05:30,NIFTY26SEPFUT,NSE:NIFTY26SEPFUT,23628.6,23662.0,23623.0,23654.0,81510.0,18249855.0,2026-09-29,2026-09-29,SEP 2026
2026-09-09 10:25:00+05:30,NIFTY26SEPFUT,NSE:NIFTY26SEPFUT,23652.0,23660.0,23645.0,23656.2,96525.0,18250050.0,2026-09-29,2026-09-29,SEP 2026
2026-09-09 10:30:00+05:30,NIFTY26SEPFUT,NSE:NIFTY26SEPFUT,23657.9,23660.0,23636.0,23640.0,47060.0,18259995.0,2026-09-29,2026-09-29,SEP 2026
2026-09-09 10:35:00+05:30,NIFTY26SEPFUT,NSE:NIFTY26SEPFUT,23635.0,23635.0,23616.0,23618.0,18070.0,18271825.0,2026-09-29,2026-09-29,SEP 2026
2026-09-09 10:40:00+05:30,NIFTY26SEPFUT,NSE:NIFTY26SEPFUT,23618.0,23626.0,23611.0,23616.0,15080.0,18275270.0,2026-09-29,2026-09-29,SEP 2026
2026-09-09 10:45:00+05:30,NIFTY26SEPFUT,NSE:NIFTY26SEPFUT,23616.0,23631.8,23612.2,23627.0,18785.0,18279690.0,2026-09-29,2026-09-29,SEP 2026
2026-09-09 10:50:00+05:30,NIFTY26SEPFUT,NSE:NIFTY26SEPFUT,23626.4,23630.7,23611.6,23630.0,11960.0,18278455.0,2026-09-29,2026-09-29,SEP 2026
2026-09-09 10:55:00+05:30,NIFTY26SEPFUT,NSE:NIFTY26SEPFUT,23630.0,23639.9,23625.0,23639.9,12090.0,18275270.0,2026-09-29,2026-09-29,SEP 2026
2026-09-09 11:00:00+05:30,NIFTY26SEPFUT,NSE:NIFTY26SEPFUT,23639.9,23650.5,23637.5,23645.0,16250.0,18273580.0,2026-09-29,2026-09-29,SEP 2026
2026-09-09 11:05:00+05:30,NIFTY26SEPFUT,NSE:NIFTY26SEPFUT,23639.9,23646.4,23633.5,23645.0,7670.0,18275075.0,2026-09-29,2026-09-29,SEP 2026
2026-09-09 11:10:00+05:30,NIFTY26SEPFUT,NSE:NIFTY26SEPFUT,23645.0,23646.0,23634.0,23634.0,5135.0,18189470.0,2026-09-29,2026-09-29,SEP 2026
2026-09-09 11:15:00+05:30,NIFTY26SEPFUT,NSE:NIFTY26SEPFUT,23634.0,23640.0,23625.3,23640.0,6240.0,18191160.0,2026-09-29,2026-09-29,SEP 2026
2026-09-09 11:20:00+05:30,NIFTY26SEPFUT,NSE:NIFTY26SEPFUT,23640.0,23644.9,23625.0,23626.0,6240.0,18192005.0,2026-09-29,2026-09-29,SEP 2026
2026-09-09 11:25:00+05:30,NIFTY26SEPFUT,NSE:NIFTY26SEPFUT,23626.0,23643.7,23626.0,23635.0,5915.0,18191615.0,2026-09-29,2026-09-29,SEP 2026
2026-09-09 11:30:00+05:30,NIFTY26SEPFUT,NSE:NIFTY26SEPFUT,23635.0,23639.7,23630.0,23635.0,7150.0,18192005.0,2026-09-29,2026-09-29,SEP 2026
2026-09-09 11:35:00+05:30,NIFTY26SEPFUT,NSE:NIFTY26SEPFUT,23635.0,23639.5,23624.0,23629.6,4290.0,18192265.0,2026-09-29,2026-09-29,SEP 2026
2026-09-09 11:40:00+05:30,NIFTY26SEPFUT,NSE:NIFTY26SEPFUT,23631.5,23648.0,23627.0,23636.7,5590.0,18191420.0,2026-09-29,2026-09-29,SEP 2026
2026-09-09 11:45:00+05:30,NIFTY26SEPFUT,NSE:NIFTY26SEPFUT,23636.7,23650.0,23630.0,23630.0,7995.0,18194085.0,2026-09-29,2026-09-29,SEP 2026
2026-09-09 11:50:00+05:30,NIFTY26SEPFUT,NSE:NIFTY26SEPFUT,23629.6,23629.6,23607.0,23609.0,17745.0,18200390.0,2026-09-29,2026-09-29,SEP 2026
2026-09-09 11:55:00+05:30,NIFTY26SEPFUT,NSE:NIFTY26SEPFUT,23609.0,23618.4,23587.0,23591.0,58500.0,18225480.0,2026-09-29,2026-09-29,SEP 2026
2026-09-09 12:00:00+05:30,NIFTY26SEPFUT,NSE:NIFTY26SEPFUT,23587.8,23597.5,23576.1,23581.0,70330.0,18254405.0,2026-09-29,2026-09-29,SEP 2026
2026-09-09 12:05:00+05:30,NIFTY26SEPFUT,NSE:NIFTY26SEPFUT,23581.0,23590.0,23576.1,23577.0,43680.0,18267600.0,2026-09-29,2026-09-29,SEP 2026
2026-09-09 12:10:00+05:30,NIFTY26SEPFUT,NSE:NIFTY26SEPFUT,23577.0,23599.4,23577.0,23590.3,31395.0,18265975.0,2026-09-29,2026-09-29,SEP 2026
2026-09-09 12:15:00+05:30,NIFTY26SEPFUT,NSE:NIFTY26SEPFUT,23590.5,23598.9,23580.0,23589.5,18915.0,18270785.0,2026-09-29,2026-09-29,SEP 2026
2026-09-09 12:20:00+05:30,NIFTY26SEPFUT,NSE:NIFTY26SEPFUT,23581.2,23597.1,23577.2,23585.5,23790.0,18271890.0,2026-09-29,2026-09-29,SEP 2026
2026-09-09 12:25:00+05:30,NIFTY26SEPFUT,NSE:NIFTY26SEPFUT,23585.5,23614.0,23585.5,23608.0,22100.0,18278260.0,2026-09-29,2026-09-29,SEP 2026
2026-09-09 12:30:00+05:30,NIFTY26SEPFUT,NSE:NIFTY26SEPFUT,23608.0,23659.8,23608.0,23650.0,57265.0,18255640.0,2026-09-29,2026-09-29,SEP 2026
2026-09-09 12:35:00+05:30,NIFTY26SEPFUT,NSE:NIFTY26SEPFUT,23650.0,23673.8,23643.8,23657.4,76440.0,18255510.0,2026-09-29,2026-09-29,SEP 2026
2026-09-09 12:40:00+05:30,NIFTY26SEPFUT,NSE:NIFTY26SEPFUT,23660.0,23673.0,23651.1,23669.0,80990.0,18277220.0,2026-09-29,2026-09-29,SEP 2026
2026-09-09 12:45:00+05:30,NIFTY26SEPFUT,NSE:NIFTY26SEPFUT,23670.0,23673.9,23651.6,23660.1,28535.0,18277935.0,2026-09-29,2026-09-29,SEP 2026
2026-09-09 12:50:00+05:30,NIFTY26SEPFUT,NSE:NIFTY26SEPFUT,23660.1,23665.0,23645.2,23649.3,22685.0,18276895.0,2026-09-29,2026-09-29,SEP 2026
2026-09-09 12:55:00+05:30,NIFTY26SEPFUT,NSE:NIFTY26SEPFUT,23649.3,23668.0,23640.0,23668.0,14430.0,18279495.0,2026-09-29,2026-09-29,SEP 2026
2026-09-09 13:00:00+05:30,NIFTY26SEPFUT,NSE:NIFTY26SEPFUT,23669.0,23670.0,23643.8,23648.8,21970.0,18280860.0,2026-09-29,2026-09-29,SEP 2026
2026-09-09 13:05:00+05:30,NIFTY26SEPFUT,NSE:NIFTY26SEPFUT,23648.8,23670.1,23648.7,23662.3,34385.0,18285150.0,2026-09-29,2026-09-29,SEP 2026
2026-09-09 13:10:00+05:30,NIFTY26SEPFUT,NSE:NIFTY26SEPFUT,23662.3,23662.4,23641.6,23647.0,9685.0,18298605.0,2026-09-29,2026-09-29,SEP 2026
2026-09-09 13:15:00+05:30,NIFTY26SEPFUT,NSE:NIFTY26SEPFUT,23649.0,23654.0,23640.1,23650.0,8645.0,18263505.0,2026-09-29,2026-09-29,SEP 2026
2026-09-09 13:20:00+05:30,NIFTY26SEPFUT,NSE:NIFTY26SEPFUT,23643.1,23655.0,23642.0,23644.7,5525.0,18235685.0,2026-09-29,2026-09-29,SEP 2026
2026-09-09 13:25:00+05:30,NIFTY26SEPFUT,NSE:NIFTY26SEPFUT,23644.7,23664.6,23644.7,23658.7,23985.0,18244005.0,2026-09-29,2026-09-29,SEP 2026
2026-09-09 13:30:00+05:30,NIFTY26SEPFUT,NSE:NIFTY26SEPFUT,23658.7,23665.0,23644.2,23650.0,16575.0,18252390.0,2026-09-29,2026-09-29,SEP 2026
2026-09-09 13:35:00+05:30,NIFTY26SEPFUT,NSE:NIFTY26SEPFUT,23650.0,23664.0,23645.0,23658.2,2925.0,18251610.0,2026-09-29,2026-09-29,SEP 2026
2026-09-09 13:40:00+05:30,NIFTY26SEPFUT,NSE:NIFTY26SEPFUT,23658.9,23665.0,23654.7,23654.7,9620.0,18252390.0,2026-09-29,2026-09-29,SEP 2026
2026-09-09 13:45:00+05:30,NIFTY26SEPFUT,NSE:NIFTY26SEPFUT,23657.1,23660.0,23650.0,23650.7,4810.0,18254210.0,2026-09-29,2026-09-29,SEP 2026
2026-09-09 13:50:00+05:30,NIFTY26SEPFUT,NSE:NIFTY26SEPFUT,23650.7,23660.0,23648.0,23648.0,7215.0,18252715.0,2026-09-29,2026-09-29,SEP 2026
2026-09-09 13:55:00+05:30,NIFTY26SEPFUT,NSE:NIFTY26SEPFUT,23648.0,23660.0,23640.0,23660.0,12610.0,18249920.0,2026-09-29,2026-09-29,SEP 2026
2026-09-09 14:00:00+05:30,NIFTY26SEPFUT,NSE:NIFTY26SEPFUT,23660.0,23668.5,23652.6,23664.0,19240.0,18249790.0,2026-09-29,2026-09-29,SEP 2026
2026-09-09 14:05:00+05:30,NIFTY26SEPFUT,NSE:NIFTY26SEPFUT,23664.0,23671.4,23651.0,23651.0,30615.0,18259410.0,2026-09-29,2026-09-29,SEP 2026
2026-09-09 14:10:00+05:30,NIFTY26SEPFUT,NSE:NIFTY26SEPFUT,23655.0,23660.0,23634.3,23645.0,22360.0,18258760.0,2026-09-29,2026-09-29,SEP 2026
2026-09-09 14:15:00+05:30,NIFTY26SEPFUT,NSE:NIFTY26SEPFUT,23644.1,23649.9,23635.3,23640.0,10205.0,18257135.0,2026-09-29,2026-09-29,SEP 2026
2026-09-09 14:20:00+05:30,NIFTY26SEPFUT,NSE:NIFTY26SEPFUT,23640.0,23653.1,23636.5,23644.0,17485.0,18254860.0,2026-09-29,2026-09-29,SEP 2026
2026-09-09 14:25:00+05:30,NIFTY26SEPFUT,NSE:NIFTY26SEPFUT,23642.2,23650.0,23639.1,23641.9,7605.0,18247840.0,2026-09-29,2026-09-29,SEP 2026
2026-09-09 14:30:00+05:30,NIFTY26SEPFUT,NSE:NIFTY26SEPFUT,23641.9,23642.5,23615.4,23622.0,43875.0,18266430.0,2026-09-29,2026-09-29,SEP 2026
2026-09-09 14:35:00+05:30,NIFTY26SEPFUT,NSE:NIFTY26SEPFUT,23618.3,23630.0,23605.5,23606.7,94185.0,18305625.0,2026-09-29,2026-09-29,SEP 2026
2026-09-09 14:40:00+05:30,NIFTY26SEPFUT,NSE:NIFTY26SEPFUT,23605.5,23612.9,23598.1,23600.0,22620.0,18307510.0,2026-09-29,2026-09-29,SEP 2026
2026-09-09 14:45:00+05:30,NIFTY26SEPFUT,NSE:NIFTY26SEPFUT,23598.1,23609.0,23590.0,23605.0,34125.0,18309655.0,2026-09-29,2026-09-29,SEP 2026
2026-09-09 14:50:00+05:30,NIFTY26SEPFUT,NSE:NIFTY26SEPFUT,23601.0,23615.7,23598.3,23601.2,14560.0,18267080.0,2026-09-29,2026-09-29,SEP 2026
2026-09-09 14:55:00+05:30,NIFTY26SEPFUT,NSE:NIFTY26SEPFUT,23601.1,23611.7,23595.3,23596.8,30420.0,18280145.0,2026-09-29,2026-09-29,SEP 2026
2026-09-09 15:00:00+05:30,NIFTY26SEPFUT,NSE:NIFTY26SEPFUT,23600.0,23600.0,23562.7,23564.8,77545.0,18297565.0,2026-09-29,2026-09-29,SEP 2026
2026-09-09 15:05:00+05:30,NIFTY26SEPFUT,NSE:NIFTY26SEPFUT,23563.6,23590.0,23555.0,23575.3,117975.0,18336175.0,2026-09-29,2026-09-29,SEP 2026
2026-09-09 15:10:00+05:30,NIFTY26SEPFUT,NSE:NIFTY26SEPFUT,23575.9,23589.0,23571.4,23583.5,39845.0,18352425.0,2026-09-29,2026-09-29,SEP 2026
2026-09-09 15:15:00+05:30,NIFTY26SEPFUT,NSE:NIFTY26SEPFUT,23583.5,23583.5,23566.7,23574.5,108225.0,18401890.0,2026-09-29,2026-09-29,SEP 2026
2026-09-09 15:20:00+05:30,NIFTY26SEPFUT,NSE:NIFTY26SEPFUT,23576.4,23578.0,23550.7,23558.7,125580.0,18430230.0,2026-09-29,2026-09-29,SEP 2026
2026-09-09 15:25:00+05:30,NIFTY26SEPFUT,NSE:NIFTY26SEPFUT,23558.6,23561.4,23542.5,23552.9,206960.0,18557565.0,2026-09-29,2026-09-29,SEP 2026
2026-09-09 15:30:00+05:30,NIFTY26SEPFUT,NSE:NIFTY26SEPFUT,23550.0,23551.4,23525.6,23533.3,169455.0,18614050.0,2026-09-29,2026-09-29,SEP 2026
2026-09-09 15:35:00+05:30,NIFTY26SEPFUT,NSE:NIFTY26SEPFUT,23532.6,23534.0,23517.1,23530.0,136630.0,18659290.0,2026-09-29,2026-09-29,SEP 2026
2026-09-10 09:15:00+05:30,NIFTY26SEPFUT,NSE:NIFTY26SEPFUT,23525.5,23569.0,23505.6,23559.0,122200.0,18414370.0,2026-09-29,2026-09-29,SEP 2026
2026-09-10 09:20:00+05:30,NIFTY26SEPFUT,NSE:NIFTY26SEPFUT,23555.1,23561.6,23510.0,23520.1,66560.0,18400850.0,2026-09-29,2026-09-29,SEP 2026
2026-09-10 09:25:00+05:30,NIFTY26SEPFUT,NSE:NIFTY26SEPFUT,23525.0,23550.0,23515.0,23539.4,46150.0,18400005.0,2026-09-29,2026-09-29,SEP 2026
2026-09-10 09:30:00+05:30,NIFTY26SEPFUT,NSE:NIFTY26SEPFUT,23535.4,23540.7,23511.9,23533.1,27365.0,18405205.0,2026-09-29,2026-09-29,SEP 2026
2026-09-10 09:35:00+05:30,NIFTY26SEPFUT,NSE:NIFTY26SEPFUT,23533.1,23533.4,23506.8,23514.0,39975.0,18407675.0,2026-09-29,2026-09-29,SEP 2026
2026-09-10 09:40:00+05:30,NIFTY26SEPFUT,NSE:NIFTY26SEPFUT,23518.7,23535.9,23507.4,23525.0,28535.0,18395065.0,2026-09-29,2026-09-29,SEP 2026
2026-09-10 09:45:00+05:30,NIFTY26SEPFUT,NSE:NIFTY26SEPFUT,23525.0,23539.6,23520.0,23530.5,14560.0,18392400.0,2026-09-29,2026-09-29,SEP 2026
2026-09-10 09:50:00+05:30,NIFTY26SEPFUT,NSE:NIFTY26SEPFUT,23538.0,23554.5,23530.1,23544.6,28730.0,18388175.0,2026-09-29,2026-09-29,SEP 2026
2026-09-10 09:55:00+05:30,NIFTY26SEPFUT,NSE:NIFTY26SEPFUT,23535.0,23545.6,23520.0,23520.0,24180.0,18396560.0,2026-09-29,2026-09-29,SEP 2026
2026-09-10 10:00:00+05:30,NIFTY26SEPFUT,NSE:NIFTY26SEPFUT,23520.0,23532.0,23506.0,23515.6,26000.0,18403970.0,2026-09-29,2026-09-29,SEP 2026
2026-09-10 10:05:00+05:30,NIFTY26SEPFUT,NSE:NIFTY26SEPFUT,23520.0,23526.9,23501.0,23510.8,20085.0,18407675.0,2026-09-29,2026-09-29,SEP 2026
2026-09-10 10:10:00+05:30,NIFTY26SEPFUT,NSE:NIFTY26SEPFUT,23513.0,23519.9,23502.0,23506.4,13195.0,18409105.0,2026-09-29,2026-09-29,SEP 2026
2026-09-10 10:15:00+05:30,NIFTY26SEPFUT,NSE:NIFTY26SEPFUT,23512.0,23539.9,23507.6,23527.0,10660.0,18409820.0,2026-09-29,2026-09-29,SEP 2026
2026-09-10 10:20:00+05:30,NIFTY26SEPFUT,NSE:NIFTY26SEPFUT,23527.0,23537.0,23517.0,23521.4,10855.0,18410860.0,2026-09-29,2026-09-29,SEP 2026
2026-09-10 10:25:00+05:30,NIFTY26SEPFUT,NSE:NIFTY26SEPFUT,23521.4,23532.9,23515.0,23520.3,7020.0,18409430.0,2026-09-29,2026-09-29,SEP 2026
2026-09-10 10:30:00+05:30,NIFTY26SEPFUT,NSE:NIFTY26SEPFUT,23520.0,23533.8,23519.9,23531.7,12025.0,18409495.0,2026-09-29,2026-09-29,SEP 2026
2026-09-10 10:35:00+05:30,NIFTY26SEPFUT,NSE:NIFTY26SEPFUT,23525.4,23536.0,23520.4,23530.0,5915.0,18409300.0,2026-09-29,2026-09-29,SEP 2026
2026-09-10 10:40:00+05:30,NIFTY26SEPFUT,NSE:NIFTY26SEPFUT,23530.0,23550.0,23529.6,23550.0,24895.0,18410015.0,2026-09-29,2026-09-29,SEP 2026
2026-09-10 10:45:00+05:30,NIFTY26SEPFUT,NSE:NIFTY26SEPFUT,23545.4,23555.0,23527.0,23530.2,13910.0,18404360.0,2026-09-29,2026-09-29,SEP 2026
2026-09-10 10:50:00+05:30,NIFTY26SEPFUT,NSE:NIFTY26SEPFUT,23530.2,23530.2,23514.0,23519.5,11505.0,18404555.0,2026-09-29,2026-09-29,SEP 2026
2026-09-10 10:55:00+05:30,NIFTY26SEPFUT,NSE:NIFTY26SEPFUT,23519.5,23520.0,23506.3,23507.0,13195.0,18408455.0,2026-09-29,2026-09-29,SEP 2026
2026-09-10 11:00:00+05:30,NIFTY26SEPFUT,NSE:NIFTY26SEPFUT,23507.7,23529.0,23507.6,23528.0,7800.0,18409430.0,2026-09-29,2026-09-29,SEP 2026
2026-09-10 11:05:00+05:30,NIFTY26SEPFUT,NSE:NIFTY26SEPFUT,23520.6,23530.0,23514.3,23517.9,9490.0,18410990.0,2026-09-29,2026-09-29,SEP 2026
2026-09-10 11:10:00+05:30,NIFTY26SEPFUT,NSE:NIFTY26SEPFUT,23517.9,23552.5,23517.9,23549.8,13390.0,18410015.0,2026-09-29,2026-09-29,SEP 2026
2026-09-10 11:15:00+05:30,NIFTY26SEPFUT,NSE:NIFTY26SEPFUT,23550.0,23557.0,23536.1,23547.0,17940.0,18402865.0,2026-09-29,2026-09-29,SEP 2026
2026-09-10 11:20:00+05:30,NIFTY26SEPFUT,NSE:NIFTY26SEPFUT,23544.6,23545.9,23525.0,23540.5,17420.0,18400655.0,2026-09-29,2026-09-29,SEP 2026
2026-09-10 11:25:00+05:30,NIFTY26SEPFUT,NSE:NIFTY26SEPFUT,23538.1,23542.5,23520.4,23530.0,4485.0,18399160.0,2026-09-29,2026-09-29,SEP 2026
2026-09-10 11:30:00+05:30,NIFTY26SEPFUT,NSE:NIFTY26SEPFUT,23525.0,23542.8,23520.2,23520.2,3510.0,18396885.0,2026-09-29,2026-09-29,SEP 2026
2026-09-10 11:35:00+05:30,NIFTY26SEPFUT,NSE:NIFTY26SEPFUT,23520.2,23534.5,23520.2,23525.1,4225.0,18398770.0,2026-09-29,2026-09-29,SEP 2026
2026-09-10 11:40:00+05:30,NIFTY26SEPFUT,NSE:NIFTY26SEPFUT,23530.0,23532.7,23515.1,23524.0,10725.0,18402410.0,2026-09-29,2026-09-29,SEP 2026
2026-09-10 11:45:00+05:30,NIFTY26SEPFUT,NSE:NIFTY26SEPFUT,23532.5,23541.1,23521.7,23541.0,14170.0,18397795.0,2026-09-29,2026-09-29,SEP 2026
2026-09-10 11:50:00+05:30,NIFTY26SEPFUT,NSE:NIFTY26SEPFUT,23541.0,23546.0,23530.9,23544.0,10855.0,18398705.0,2026-09-29,2026-09-29,SEP 2026
2026-09-10 11:55:00+05:30,NIFTY26SEPFUT,NSE:NIFTY26SEPFUT,23535.0,23547.9,23528.8,23538.0,6305.0,18399160.0,2026-09-29,2026-09-29,SEP 2026
2026-09-10 12:00:00+05:30,NIFTY26SEPFUT,NSE:NIFTY26SEPFUT,23545.0,23552.0,23539.2,23550.0,11180.0,18400395.0,2026-09-29,2026-09-29,SEP 2026
2026-09-10 12:05:00+05:30,NIFTY26SEPFUT,NSE:NIFTY26SEPFUT,23552.0,23552.0,23535.0,23544.0,5135.0,18402540.0,2026-09-29,2026-09-29,SEP 2026
2026-09-10 12:10:00+05:30,NIFTY26SEPFUT,NSE:NIFTY26SEPFUT,23544.0,23564.4,23534.0,23564.4,26715.0,18400005.0,2026-09-29,2026-09-29,SEP 2026
2026-09-10 12:15:00+05:30,NIFTY26SEPFUT,NSE:NIFTY26SEPFUT,23565.0,23565.6,23550.0,23558.0,27430.0,18397470.0,2026-09-29,2026-09-29,SEP 2026
2026-09-10 12:20:00+05:30,NIFTY26SEPFUT,NSE:NIFTY26SEPFUT,23556.0,23566.5,23550.0,23554.0,24765.0,18399160.0,2026-09-29,2026-09-29,SEP 2026
2026-09-10 12:25:00+05:30,NIFTY26SEPFUT,NSE:NIFTY26SEPFUT,23554.0,23565.0,23550.0,23556.3,11895.0,18396430.0,2026-09-29,2026-09-29,SEP 2026
2026-09-10 12:30:00+05:30,NIFTY26SEPFUT,NSE:NIFTY26SEPFUT,23556.3,23556.8,23549.0,23549.0,9945.0,18396430.0,2026-09-29,2026-09-29,SEP 2026
2026-09-10 12:35:00+05:30,NIFTY26SEPFUT,NSE:NIFTY26SEPFUT,23548.4,23550.0,23535.0,23545.0,7605.0,18393830.0,2026-09-29,2026-09-29,SEP 2026
2026-09-10 12:40:00+05:30,NIFTY26SEPFUT,NSE:NIFTY26SEPFUT,23545.0,23554.9,23539.5,23548.0,6565.0,18393700.0,2026-09-29,2026-09-29,SEP 2026
2026-09-10 12:45:00+05:30,NIFTY26SEPFUT,NSE:NIFTY26SEPFUT,23548.0,23556.0,23540.1,23546.0,4875.0,18395715.0,2026-09-29,2026-09-29,SEP 2026
2026-09-10 12:50:00+05:30,NIFTY26SEPFUT,NSE:NIFTY26SEPFUT,23553.0,23555.0,23540.0,23540.0,4160.0,18395585.0,2026-09-29,2026-09-29,SEP 2026
2026-09-10 12:55:00+05:30,NIFTY26SEPFUT,NSE:NIFTY26SEPFUT,23540.0,23548.0,23521.0,23525.0,10400.0,18397015.0,2026-09-29,2026-09-29,SEP 2026
2026-09-10 13:00:00+05:30,NIFTY26SEPFUT,NSE:NIFTY26SEPFUT,23525.0,23529.8,23514.0,23519.2,14950.0,18335330.0,2026-09-29,2026-09-29,SEP 2026
2026-09-10 13:05:00+05:30,NIFTY26SEPFUT,NSE:NIFTY26SEPFUT,23519.2,23527.2,23506.5,23520.0,29055.0,18333055.0,2026-09-29,2026-09-29,SEP 2026
2026-09-10 13:10:00+05:30,NIFTY26SEPFUT,NSE:NIFTY26SEPFUT,23523.7,23540.3,23518.0,23540.3,16835.0,18330260.0,2026-09-29,2026-09-29,SEP 2026
2026-09-10 13:15:00+05:30,NIFTY26SEPFUT,NSE:NIFTY26SEPFUT,23536.0,23545.0,23527.0,23538.0,10010.0,18329805.0,2026-09-29,2026-09-29,SEP 2026
2026-09-10 13:20:00+05:30,NIFTY26SEPFUT,NSE:NIFTY26SEPFUT,23530.2,23537.0,23524.8,23534.0,6175.0,18330130.0,2026-09-29,2026-09-29,SEP 2026
2026-09-10 13:25:00+05:30,NIFTY26SEPFUT,NSE:NIFTY26SEPFUT,23530.0,23534.9,23519.2,23528.0,8775.0,18329545.0,2026-09-29,2026-09-29,SEP 2026
2026-09-10 13:30:00+05:30,NIFTY26SEPFUT,NSE:NIFTY26SEPFUT,23528.0,23528.0,23506.3,23508.9,12285.0,18328895.0,2026-09-29,2026-09-29,SEP 2026
2026-09-10 13:35:00+05:30,NIFTY26SEPFUT,NSE:NIFTY26SEPFUT,23508.9,23527.9,23508.9,23527.9,7670.0,18328180.0,2026-09-29,2026-09-29,SEP 2026
2026-09-10 13:40:00+05:30,NIFTY26SEPFUT,NSE:NIFTY26SEPFUT,23521.0,23529.7,23517.4,23527.8,13780.0,18326945.0,2026-09-29,2026-09-29,SEP 2026
2026-09-10 13:45:00+05:30,NIFTY26SEPFUT,NSE:NIFTY26SEPFUT,23527.8,23527.9,23511.2,23522.9,10465.0,18326490.0,2026-09-29,2026-09-29,SEP 2026
2026-09-10 13:50:00+05:30,NIFTY26SEPFUT,NSE:NIFTY26SEPFUT,23522.9,23522.9,23510.9,23516.0,6435.0,18326945.0,2026-09-29,2026-09-29,SEP 2026
2026-09-10 13:55:00+05:30,NIFTY26SEPFUT,NSE:NIFTY26SEPFUT,23516.0,23521.5,23506.3,23516.0,14495.0,18334420.0,2026-09-29,2026-09-29,SEP 2026
2026-09-10 14:00:00+05:30,NIFTY26SEPFUT,NSE:NIFTY26SEPFUT,23516.0,23518.0,23496.2,23498.3,40885.0,18341050.0,2026-09-29,2026-09-29,SEP 2026
2026-09-10 14:05:00+05:30,NIFTY26SEPFUT,NSE:NIFTY26SEPFUT,23495.0,23508.0,23491.0,23502.0,18785.0,18344170.0,2026-09-29,2026-09-29,SEP 2026
2026-09-10 14:10:00+05:30,NIFTY26SEPFUT,NSE:NIFTY26SEPFUT,23496.0,23506.0,23491.0,23493.0,10400.0,18346510.0,2026-09-29,2026-09-29,SEP 2026
2026-09-10 14:15:00+05:30,NIFTY26SEPFUT,NSE:NIFTY26SEPFUT,23496.0,23504.0,23482.9,23490.2,44460.0,18360680.0,2026-09-29,2026-09-29,SEP 2026
2026-09-10 14:20:00+05:30,NIFTY26SEPFUT,NSE:NIFTY26SEPFUT,23487.0,23509.7,23487.0,23508.5,19890.0,18369000.0,2026-09-29,2026-09-29,SEP 2026
2026-09-10 14:25:00+05:30,NIFTY26SEPFUT,NSE:NIFTY26SEPFUT,23500.1,23509.0,23488.6,23500.0,7215.0,18370625.0,2026-09-29,2026-09-29,SEP 2026
2026-09-10 14:30:00+05:30,NIFTY26SEPFUT,NSE:NIFTY26SEPFUT,23500.0,23501.6,23488.5,23488.7,6695.0,18371470.0,2026-09-29,2026-09-29,SEP 2026
2026-09-10 14:35:00+05:30,NIFTY26SEPFUT,NSE:NIFTY26SEPFUT,23492.0,23496.0,23481.3,23490.5,14235.0,18372900.0,2026-09-29,2026-09-29,SEP 2026
2026-09-10 14:40:00+05:30,NIFTY26SEPFUT,NSE:NIFTY26SEPFUT,23482.0,23501.0,23477.0,23501.0,28015.0,18380050.0,2026-09-29,2026-09-29,SEP 2026
2026-09-10 14:45:00+05:30,NIFTY26SEPFUT,NSE:NIFTY26SEPFUT,23500.0,23509.0,23492.0,23508.0,19955.0,18353790.0,2026-09-29,2026-09-29,SEP 2026
2026-09-10 14:50:00+05:30,NIFTY26SEPFUT,NSE:NIFTY26SEPFUT,23502.9,23519.4,23499.0,23499.3,25480.0,18358145.0,2026-09-29,2026-09-29,SEP 2026
2026-09-10 14:55:00+05:30,NIFTY26SEPFUT,NSE:NIFTY26SEPFUT,23503.7,23504.0,23486.8,23489.7,28340.0,18362565.0,2026-09-29,2026-09-29,SEP 2026
2026-09-10 15:00:00+05:30,NIFTY26SEPFUT,NSE:NIFTY26SEPFUT,23489.9,23489.9,23455.5,23468.6,114790.0,18390060.0,2026-09-29,2026-09-29,SEP 2026
2026-09-10 15:05:00+05:30,NIFTY26SEPFUT,NSE:NIFTY26SEPFUT,23467.7,23472.0,23458.9,23468.1,58760.0,18406505.0,2026-09-29,2026-09-29,SEP 2026
2026-09-10 15:10:00+05:30,NIFTY26SEPFUT,NSE:NIFTY26SEPFUT,23468.0,23477.9,23464.0,23475.0,85800.0,18469750.0,2026-09-29,2026-09-29,SEP 2026
2026-09-10 15:15:00+05:30,NIFTY26SEPFUT,NSE:NIFTY26SEPFUT,23475.0,23479.9,23460.0,23469.0,34320.0,18469555.0,2026-09-29,2026-09-29,SEP 2026
2026-09-10 15:20:00+05:30,NIFTY26SEPFUT,NSE:NIFTY26SEPFUT,23468.0,23495.0,23462.1,23488.9,56225.0,18479890.0,2026-09-29,2026-09-29,SEP 2026
2026-09-10 15:25:00+05:30,NIFTY26SEPFUT,NSE:NIFTY26SEPFUT,23488.9,23504.8,23483.0,23504.8,50700.0,18480605.0,2026-09-29,2026-09-29,SEP 2026
2026-09-10 15:30:00+05:30,NIFTY26SEPFUT,NSE:NIFTY26SEPFUT,23504.8,23515.0,23495.0,23500.0,57330.0,18483465.0,2026-09-29,2026-09-29,SEP 2026
2026-09-10 15:35:00+05:30,NIFTY26SEPFUT,NSE:NIFTY26SEPFUT,23500.0,23506.4,23491.9,23500.1,20410.0,18487820.0,2026-09-29,2026-09-29,SEP 2026
2026-09-11 09:15:00+05:30,NIFTY26SEPFUT,NSE:NIFTY26SEPFUT,23335.0,23347.9,23300.0,23318.0,234910.0,18343650.0,2026-09-29,2026-09-29,SEP 2026
2026-09-11 09:20:00+05:30,NIFTY26SEPFUT,NSE:NIFTY26SEPFUT,23318.0,23320.3,23306.5,23317.0,106210.0,18353335.0,2026-09-29,2026-09-29,SEP 2026
2026-09-11 09:25:00+05:30,NIFTY26SEPFUT,NSE:NIFTY26SEPFUT,23311.1,23320.8,23310.0,23315.0,97305.0,18330455.0,2026-09-29,2026-09-29,SEP 2026
2026-09-11 09:30:00+05:30,NIFTY26SEPFUT,NSE:NIFTY26SEPFUT,23316.0,23326.0,23308.1,23322.8,83915.0,18289115.0,2026-09-29,2026-09-29,SEP 2026
2026-09-11 09:35:00+05:30,NIFTY26SEPFUT,NSE:NIFTY26SEPFUT,23322.8,23329.7,23312.6,23320.0,75010.0,18261165.0,2026-09-29,2026-09-29,SEP 2026
2026-09-11 09:40:00+05:30,NIFTY26SEPFUT,NSE:NIFTY26SEPFUT,23320.0,23322.0,23301.0,23314.0,62725.0,18231460.0,2026-09-29,2026-09-29,SEP 2026
2026-09-11 09:45:00+05:30,NIFTY26SEPFUT,NSE:NIFTY26SEPFUT,23314.0,23314.0,23300.0,23303.0,29575.0,18240105.0,2026-09-29,2026-09-29,SEP 2026
2026-09-11 09:50:00+05:30,NIFTY26SEPFUT,NSE:NIFTY26SEPFUT,23303.0,23312.0,23300.0,23301.1,24765.0,18240885.0,2026-09-29,2026-09-29,SEP 2026
2026-09-11 09:55:00+05:30,NIFTY26SEPFUT,NSE:NIFTY26SEPFUT,23301.0,23322.0,23301.0,23320.5,30420.0,18250440.0,2026-09-29,2026-09-29,SEP 2026
2026-09-11 10:00:00+05:30,NIFTY26SEPFUT,NSE:NIFTY26SEPFUT,23320.4,23332.9,23311.4,23329.9,34645.0,18250375.0,2026-09-29,2026-09-29,SEP 2026
2026-09-11 10:05:00+05:30,NIFTY26SEPFUT,NSE:NIFTY26SEPFUT,23330.0,23341.0,23323.2,23336.0,42770.0,18242705.0,2026-09-29,2026-09-29,SEP 2026
2026-09-11 10:10:00+05:30,NIFTY26SEPFUT,NSE:NIFTY26SEPFUT,23337.9,23357.0,23331.6,23354.1,75660.0,18219240.0,2026-09-29,2026-09-29,SEP 2026
2026-09-11 10:15:00+05:30,NIFTY26SEPFUT,NSE:NIFTY26SEPFUT,23354.1,23354.1,23340.0,23353.6,33215.0,18225480.0,2026-09-29,2026-09-29,SEP 2026
2026-09-11 10:20:00+05:30,NIFTY26SEPFUT,NSE:NIFTY26SEPFUT,23345.2,23371.0,23345.1,23363.6,73840.0,18230030.0,2026-09-29,2026-09-29,SEP 2026
2026-09-11 10:25:00+05:30,NIFTY26SEPFUT,NSE:NIFTY26SEPFUT,23353.0,23361.3,23335.0,23340.0,27755.0,18234060.0,2026-09-29,2026-09-29,SEP 2026
2026-09-11 10:30:00+05:30,NIFTY26SEPFUT,NSE:NIFTY26SEPFUT,23340.0,23357.5,23333.0,23356.7,28990.0,18242055.0,2026-09-29,2026-09-29,SEP 2026
2026-09-11 10:35:00+05:30,NIFTY26SEPFUT,NSE:NIFTY26SEPFUT,23346.0,23363.0,23346.0,23352.9,28925.0,18248815.0,2026-09-29,2026-09-29,SEP 2026
2026-09-11 10:40:00+05:30,NIFTY26SEPFUT,NSE:NIFTY26SEPFUT,23359.9,23369.0,23346.8,23365.0,29510.0,18209360.0,2026-09-29,2026-09-29,SEP 2026
2026-09-11 10:45:00+05:30,NIFTY26SEPFUT,NSE:NIFTY26SEPFUT,23369.0,23380.0,23355.0,23367.7,30810.0,18190510.0,2026-09-29,2026-09-29,SEP 2026
2026-09-11 10:50:00+05:30,NIFTY26SEPFUT,NSE:NIFTY26SEPFUT,23367.7,23367.7,23345.0,23348.0,11375.0,18192590.0,2026-09-29,2026-09-29,SEP 2026
2026-09-11 10:55:00+05:30,NIFTY26SEPFUT,NSE:NIFTY26SEPFUT,23348.0,23354.9,23340.0,23350.0,12025.0,18195580.0,2026-09-29,2026-09-29,SEP 2026
2026-09-11 11:00:00+05:30,NIFTY26SEPFUT,NSE:NIFTY26SEPFUT,23348.0,23367.7,23341.7,23348.9,16120.0,18203120.0,2026-09-29,2026-09-29,SEP 2026
2026-09-11 11:05:00+05:30,NIFTY26SEPFUT,NSE:NIFTY26SEPFUT,23349.5,23371.0,23348.0,23371.0,27755.0,18215275.0,2026-09-29,2026-09-29,SEP 2026
2026-09-11 11:10:00+05:30,NIFTY26SEPFUT,NSE:NIFTY26SEPFUT,23364.3,23418.0,23362.7,23415.6,120250.0,18238350.0,2026-09-29,2026-09-29,SEP 2026
2026-09-11 11:15:00+05:30,NIFTY26SEPFUT,NSE:NIFTY26SEPFUT,23418.0,23439.7,23400.0,23419.8,114270.0,18277155.0,2026-09-29,2026-09-29,SEP 2026
2026-09-11 11:20:00+05:30,NIFTY26SEPFUT,NSE:NIFTY26SEPFUT,23430.5,23439.0,23410.0,23432.3,85475.0,18316090.0,2026-09-29,2026-09-29,SEP 2026
2026-09-11 11:25:00+05:30,NIFTY26SEPFUT,NSE:NIFTY26SEPFUT,23426.0,23439.2,23412.1,23412.1,48425.0,18340465.0,2026-09-29,2026-09-29,SEP 2026
2026-09-11 11:30:00+05:30,NIFTY26SEPFUT,NSE:NIFTY26SEPFUT,23412.1,23429.4,23406.5,23425.0,24960.0,18349110.0,2026-09-29,2026-09-29,SEP 2026
2026-09-11 11:35:00+05:30,NIFTY26SEPFUT,NSE:NIFTY26SEPFUT,23414.0,23432.0,23408.0,23415.0,17225.0,18354245.0,2026-09-29,2026-09-29,SEP 2026
2026-09-11 11:40:00+05:30,NIFTY26SEPFUT,NSE:NIFTY26SEPFUT,23415.0,23439.0,23415.0,23439.0,36140.0,18361785.0,2026-09-29,2026-09-29,SEP 2026
2026-09-11 11:45:00+05:30,NIFTY26SEPFUT,NSE:NIFTY26SEPFUT,23439.0,23440.0,23415.0,23416.0,28145.0,18368285.0,2026-09-29,2026-09-29,SEP 2026
2026-09-11 11:50:00+05:30,NIFTY26SEPFUT,NSE:NIFTY26SEPFUT,23417.6,23422.0,23410.0,23416.4,19305.0,18368155.0,2026-09-29,2026-09-29,SEP 2026
2026-09-11 11:55:00+05:30,NIFTY26SEPFUT,NSE:NIFTY26SEPFUT,23416.6,23426.1,23413.1,23419.1,18655.0,18377125.0,2026-09-29,2026-09-29,SEP 2026
2026-09-11 12:00:00+05:30,NIFTY26SEPFUT,NSE:NIFTY26SEPFUT,23418.0,23428.0,23413.0,23414.0,13520.0,18381090.0,2026-09-29,2026-09-29,SEP 2026
2026-09-11 12:05:00+05:30,NIFTY26SEPFUT,NSE:NIFTY26SEPFUT,23413.1,23425.0,23411.0,23411.0,8710.0,18335265.0,2026-09-29,2026-09-29,SEP 2026
2026-09-11 12:10:00+05:30,NIFTY26SEPFUT,NSE:NIFTY26SEPFUT,23411.0,23422.1,23390.6,23399.0,31330.0,18253235.0,2026-09-29,2026-09-29,SEP 2026
2026-09-11 12:15:00+05:30,NIFTY26SEPFUT,NSE:NIFTY26SEPFUT,23397.1,23414.0,23391.0,23413.9,18005.0,18255120.0,2026-09-29,2026-09-29,SEP 2026
2026-09-11 12:20:00+05:30,NIFTY26SEPFUT,NSE:NIFTY26SEPFUT,23405.4,23413.9,23395.5,23413.9,15275.0,18258890.0,2026-09-29,2026-09-29,SEP 2026
2026-09-11 12:25:00+05:30,NIFTY26SEPFUT,NSE:NIFTY26SEPFUT,23413.9,23414.8,23397.6,23399.7,6370.0,18261490.0,2026-09-29,2026-09-29,SEP 2026
2026-09-11 12:30:00+05:30,NIFTY26SEPFUT,NSE:NIFTY26SEPFUT,23399.7,23424.7,23398.0,23422.0,23270.0,18275595.0,2026-09-29,2026-09-29,SEP 2026
2026-09-11 12:35:00+05:30,NIFTY26SEPFUT,NSE:NIFTY26SEPFUT,23422.0,23426.3,23404.0,23405.4,45500.0,18268315.0,2026-09-29,2026-09-29,SEP 2026
2026-09-11 12:40:00+05:30,NIFTY26SEPFUT,NSE:NIFTY26SEPFUT,23407.3,23428.0,23405.0,23415.0,37960.0,18242510.0,2026-09-29,2026-09-29,SEP 2026
2026-09-11 12:45:00+05:30,NIFTY26SEPFUT,NSE:NIFTY26SEPFUT,23415.0,23420.6,23403.0,23409.0,34385.0,18217875.0,2026-09-29,2026-09-29,SEP 2026
2026-09-11 12:50:00+05:30,NIFTY26SEPFUT,NSE:NIFTY26SEPFUT,23409.0,23422.4,23395.0,23408.7,86190.0,18196945.0,2026-09-29,2026-09-29,SEP 2026
2026-09-11 12:55:00+05:30,NIFTY26SEPFUT,NSE:NIFTY26SEPFUT,23408.7,23423.9,23406.0,23413.0,59410.0,18155020.0,2026-09-29,2026-09-29,SEP 2026
2026-09-11 13:00:00+05:30,NIFTY26SEPFUT,NSE:NIFTY26SEPFUT,23413.0,23418.8,23390.0,23390.0,19890.0,18153525.0,2026-09-29,2026-09-29,SEP 2026
2026-09-11 13:05:00+05:30,NIFTY26SEPFUT,NSE:NIFTY26SEPFUT,23386.0,23400.0,23384.7,23392.0,9945.0,18155020.0,2026-09-29,2026-09-29,SEP 2026
2026-09-11 13:10:00+05:30,NIFTY26SEPFUT,NSE:NIFTY26SEPFUT,23392.0,23398.8,23380.0,23398.0,10725.0,18157620.0,2026-09-29,2026-09-29,SEP 2026
2026-09-11 13:15:00+05:30,NIFTY26SEPFUT,NSE:NIFTY26SEPFUT,23398.0,23401.6,23385.1,23386.0,5980.0,18159700.0,2026-09-29,2026-09-29,SEP 2026
2026-09-11 13:20:00+05:30,NIFTY26SEPFUT,NSE:NIFTY26SEPFUT,23395.0,23405.0,23381.0,23400.0,9880.0,18160675.0,2026-09-29,2026-09-29,SEP 2026
2026-09-11 13:25:00+05:30,NIFTY26SEPFUT,NSE:NIFTY26SEPFUT,23400.0,23418.7,23392.1,23417.0,12545.0,18165550.0,2026-09-29,2026-09-29,SEP 2026
2026-09-11 13:30:00+05:30,NIFTY26SEPFUT,NSE:NIFTY26SEPFUT,23410.0,23423.9,23402.0,23413.1,12935.0,18169060.0,2026-09-29,2026-09-29,SEP 2026
2026-09-11 13:35:00+05:30,NIFTY26SEPFUT,NSE:NIFTY26SEPFUT,23412.8,23412.8,23393.6,23403.1,23595.0,18175950.0,2026-09-29,2026-09-29,SEP 2026
2026-09-11 13:40:00+05:30,NIFTY26SEPFUT,NSE:NIFTY26SEPFUT,23399.5,23409.6,23370.2,23394.0,35295.0,18176015.0,2026-09-29,2026-09-29,SEP 2026
2026-09-11 13:45:00+05:30,NIFTY26SEPFUT,NSE:NIFTY26SEPFUT,23394.0,23409.8,23379.1,23394.5,66235.0,18192070.0,2026-09-29,2026-09-29,SEP 2026
2026-09-11 13:50:00+05:30,NIFTY26SEPFUT,NSE:NIFTY26SEPFUT,23396.4,23438.2,23396.4,23420.0,69615.0,18088460.0,2026-09-29,2026-09-29,SEP 2026
2026-09-11 13:55:00+05:30,NIFTY26SEPFUT,NSE:NIFTY26SEPFUT,23420.0,23456.6,23409.1,23445.0,96525.0,18082870.0,2026-09-29,2026-09-29,SEP 2026
2026-09-11 14:00:00+05:30,NIFTY26SEPFUT,NSE:NIFTY26SEPFUT,23445.0,23517.4,23438.9,23500.0,171535.0,18032690.0,2026-09-29,2026-09-29,SEP 2026
2026-09-11 14:05:00+05:30,NIFTY26SEPFUT,NSE:NIFTY26SEPFUT,23499.1,23505.0,23470.0,23475.7,39975.0,18023980.0,2026-09-29,2026-09-29,SEP 2026
2026-09-11 14:10:00+05:30,NIFTY26SEPFUT,NSE:NIFTY26SEPFUT,23473.6,23480.0,23467.4,23479.1,25025.0,18019430.0,2026-09-29,2026-09-29,SEP 2026
2026-09-11 14:15:00+05:30,NIFTY26SEPFUT,NSE:NIFTY26SEPFUT,23481.9,23484.5,23465.7,23470.4,31330.0,18015725.0,2026-09-29,2026-09-29,SEP 2026
2026-09-11 14:20:00+05:30,NIFTY26SEPFUT,NSE:NIFTY26SEPFUT,23470.4,23485.9,23465.5,23485.0,24765.0,18009810.0,2026-09-29,2026-09-29,SEP 2026
2026-09-11 14:25:00+05:30,NIFTY26SEPFUT,NSE:NIFTY26SEPFUT,23485.0,23499.0,23475.2,23499.0,44785.0,18022615.0,2026-09-29,2026-09-29,SEP 2026
2026-09-11 14:30:00+05:30,NIFTY26SEPFUT,NSE:NIFTY26SEPFUT,23499.9,23510.0,23486.0,23490.0,26780.0,18024760.0,2026-09-29,2026-09-29,SEP 2026
2026-09-11 14:35:00+05:30,NIFTY26SEPFUT,NSE:NIFTY26SEPFUT,23490.0,23505.6,23480.4,23499.5,20605.0,18027555.0,2026-09-29,2026-09-29,SEP 2026
2026-09-11 14:40:00+05:30,NIFTY26SEPFUT,NSE:NIFTY26SEPFUT,23488.1,23500.0,23486.0,23496.9,13780.0,18024695.0,2026-09-29,2026-09-29,SEP 2026
2026-09-11 14:45:00+05:30,NIFTY26SEPFUT,NSE:NIFTY26SEPFUT,23496.9,23497.0,23480.1,23494.9,14365.0,18025215.0,2026-09-29,2026-09-29,SEP 2026
2026-09-11 14:50:00+05:30,NIFTY26SEPFUT,NSE:NIFTY26SEPFUT,23486.4,23495.0,23485.0,23488.2,10465.0,18021640.0,2026-09-29,2026-09-29,SEP 2026
2026-09-11 14:55:00+05:30,NIFTY26SEPFUT,NSE:NIFTY26SEPFUT,23488.2,23494.0,23487.4,23487.8,10530.0,18016895.0,2026-09-29,2026-09-29,SEP 2026
2026-09-11 15:00:00+05:30,NIFTY26SEPFUT,NSE:NIFTY26SEPFUT,23485.0,23485.0,23456.9,23464.0,43810.0,17970875.0,2026-09-29,2026-09-29,SEP 2026
2026-09-11 15:05:00+05:30,NIFTY26SEPFUT,NSE:NIFTY26SEPFUT,23460.4,23481.5,23451.0,23473.3,36790.0,17974970.0,2026-09-29,2026-09-29,SEP 2026
2026-09-11 15:10:00+05:30,NIFTY26SEPFUT,NSE:NIFTY26SEPFUT,23478.4,23490.1,23473.2,23486.5,35685.0,17981080.0,2026-09-29,2026-09-29,SEP 2026
2026-09-11 15:15:00+05:30,NIFTY26SEPFUT,NSE:NIFTY26SEPFUT,23486.5,23508.4,23485.0,23486.5,52195.0,17990310.0,2026-09-29,2026-09-29,SEP 2026
2026-09-11 15:20:00+05:30,NIFTY26SEPFUT,NSE:NIFTY26SEPFUT,23489.9,23506.0,23472.8,23480.0,41210.0,18005455.0,2026-09-29,2026-09-29,SEP 2026
2026-09-11 15:25:00+05:30,NIFTY26SEPFUT,NSE:NIFTY26SEPFUT,23480.1,23480.1,23466.0,23477.9,35945.0,18014620.0,2026-09-29,2026-09-29,SEP 2026
2026-09-11 15:30:00+05:30,NIFTY26SEPFUT,NSE:NIFTY26SEPFUT,23473.3,23490.0,23464.5,23481.3,51610.0,17992520.0,2026-09-29,2026-09-29,SEP 2026
2026-09-11 15:35:00+05:30,NIFTY26SEPFUT,NSE:NIFTY26SEPFUT,23484.9,23506.1,23479.9,23497.1,57590.0,18007405.0,2026-09-29,2026-09-29,SEP 2026
2026-09-15 09:15:00+05:30,NIFTY26SEPFUT,NSE:NIFTY26SEPFUT,23551.7,23589.2,23512.5,23519.8,287495.0,17842305.0,2026-09-29,2026-09-29,SEP 2026
2026-09-15 09:20:00+05:30,NIFTY26SEPFUT,NSE:NIFTY26SEPFUT,23520.0,23521.4,23503.0,23507.6,67665.0,17841200.0,2026-09-29,2026-09-29,SEP 2026
2026-09-15 09:25:00+05:30,NIFTY26SEPFUT,NSE:NIFTY26SEPFUT,23506.0,23506.3,23485.2,23500.0,69940.0,17835675.0,2026-09-29,2026-09-29,SEP 2026
2026-09-15 09:30:00+05:30,NIFTY26SEPFUT,NSE:NIFTY26SEPFUT,23500.0,23505.0,23482.5,23494.0,43615.0,17827420.0,2026-09-29,2026-09-29,SEP 2026
2026-09-15 09:35:00+05:30,NIFTY26SEPFUT,NSE:NIFTY26SEPFUT,23494.0,23504.0,23480.0,23487.1,51285.0,17823390.0,2026-09-29,2026-09-29,SEP 2026
2026-09-15 09:40:00+05:30,NIFTY26SEPFUT,NSE:NIFTY26SEPFUT,23487.0,23503.2,23484.1,23487.0,44330.0,17824300.0,2026-09-29,2026-09-29,SEP 2026
2026-09-15 09:45:00+05:30,NIFTY26SEPFUT,NSE:NIFTY26SEPFUT,23484.0,23490.6,23451.4,23451.9,49465.0,17835025.0,2026-09-29,2026-09-29,SEP 2026
2026-09-15 09:50:00+05:30,NIFTY26SEPFUT,NSE:NIFTY26SEPFUT,23460.0,23469.3,23437.0,23437.0,50960.0,17837885.0,2026-09-29,2026-09-29,SEP 2026
2026-09-15 09:55:00+05:30,NIFTY26SEPFUT,NSE:NIFTY26SEPFUT,23437.0,23438.2,23401.0,23426.0,89115.0,17850495.0,2026-09-29,2026-09-29,SEP 2026
2026-09-15 10:00:00+05:30,NIFTY26SEPFUT,NSE:NIFTY26SEPFUT,23428.7,23430.9,23410.3,23430.8,143130.0,17902300.0,2026-09-29,2026-09-29,SEP 2026
2026-09-15 10:05:00+05:30,NIFTY26SEPFUT,NSE:NIFTY26SEPFUT,23430.3,23436.4,23414.0,23414.0,101335.0,17960215.0,2026-09-29,2026-09-29,SEP 2026
2026-09-15 10:10:00+05:30,NIFTY26SEPFUT,NSE:NIFTY26SEPFUT,23411.0,23444.3,23406.0,23425.0,38285.0,17976530.0,2026-09-29,2026-09-29,SEP 2026
2026-09-15 10:15:00+05:30,NIFTY26SEPFUT,NSE:NIFTY26SEPFUT,23425.0,23433.0,23417.9,23430.0,13715.0,17978155.0,2026-09-29,2026-09-29,SEP 2026
2026-09-15 10:20:00+05:30,NIFTY26SEPFUT,NSE:NIFTY26SEPFUT,23430.0,23430.0,23411.0,23429.0,18265.0,17984070.0,2026-09-29,2026-09-29,SEP 2026
2026-09-15 10:25:00+05:30,NIFTY26SEPFUT,NSE:NIFTY26SEPFUT,23429.0,23429.0,23401.0,23401.0,39130.0,17995835.0,2026-09-29,2026-09-29,SEP 2026
2026-09-15 10:30:00+05:30,NIFTY26SEPFUT,NSE:NIFTY26SEPFUT,23401.0,23413.0,23385.0,23395.2,33670.0,17999215.0,2026-09-29,2026-09-29,SEP 2026
2026-09-15 10:35:00+05:30,NIFTY26SEPFUT,NSE:NIFTY26SEPFUT,23393.1,23410.0,23393.1,23402.5,11245.0,18000255.0,2026-09-29,2026-09-29,SEP 2026
2026-09-15 10:40:00+05:30,NIFTY26SEPFUT,NSE:NIFTY26SEPFUT,23402.5,23409.0,23375.3,23382.6,26975.0,17964310.0,2026-09-29,2026-09-29,SEP 2026
2026-09-15 10:45:00+05:30,NIFTY26SEPFUT,NSE:NIFTY26SEPFUT,23380.0,23388.0,23363.6,23363.6,30615.0,17977050.0,2026-09-29,2026-09-29,SEP 2026
2026-09-15 10:50:00+05:30,NIFTY26SEPFUT,NSE:NIFTY26SEPFUT,23371.0,23383.9,23356.2,23365.0,33085.0,17977180.0,2026-09-29,2026-09-29,SEP 2026
2026-09-15 10:55:00+05:30,NIFTY26SEPFUT,NSE:NIFTY26SEPFUT,23365.0,23374.0,23356.0,23374.0,16705.0,17977570.0,2026-09-29,2026-09-29,SEP 2026
2026-09-15 11:00:00+05:30,NIFTY26SEPFUT,NSE:NIFTY26SEPFUT,23371.9,23388.8,23367.1,23384.0,37635.0,17989985.0,2026-09-29,2026-09-29,SEP 2026
2026-09-15 11:05:00+05:30,NIFTY26SEPFUT,NSE:NIFTY26SEPFUT,23380.0,23383.1,23357.4,23365.1,28925.0,18009550.0,2026-09-29,2026-09-29,SEP 2026
2026-09-15 11:10:00+05:30,NIFTY26SEPFUT,NSE:NIFTY26SEPFUT,23356.1,23383.1,23351.9,23380.0,20605.0,18006820.0,2026-09-29,2026-09-29,SEP 2026
2026-09-15 11:15:00+05:30,NIFTY26SEPFUT,NSE:NIFTY26SEPFUT,23380.0,23387.6,23357.0,23360.0,15405.0,18011695.0,2026-09-29,2026-09-29,SEP 2026
2026-09-15 11:20:00+05:30,NIFTY26SEPFUT,NSE:NIFTY26SEPFUT,23360.0,23378.8,23355.0,23377.0,15275.0,18014165.0,2026-09-29,2026-09-29,SEP 2026
2026-09-15 11:25:00+05:30,NIFTY26SEPFUT,NSE:NIFTY26SEPFUT,23374.0,23377.0,23352.1,23355.8,19240.0,18021185.0,2026-09-29,2026-09-29,SEP 2026
2026-09-15 11:30:00+05:30,NIFTY26SEPFUT,NSE:NIFTY26SEPFUT,23355.8,23372.1,23351.5,23363.0,18005.0,18027035.0,2026-09-29,2026-09-29,SEP 2026
2026-09-15 11:35:00+05:30,NIFTY26SEPFUT,NSE:NIFTY26SEPFUT,23366.9,23389.9,23360.9,23385.0,22750.0,18029050.0,2026-09-29,2026-09-29,SEP 2026
2026-09-15 11:40:00+05:30,NIFTY26SEPFUT,NSE:NIFTY26SEPFUT,23385.0,23387.0,23374.8,23387.0,61490.0,18072145.0,2026-09-29,2026-09-29,SEP 2026
2026-09-15 11:45:00+05:30,NIFTY26SEPFUT,NSE:NIFTY26SEPFUT,23380.0,23388.6,23380.0,23384.2,16120.0,18075200.0,2026-09-29,2026-09-29,SEP 2026
2026-09-15 11:50:00+05:30,NIFTY26SEPFUT,NSE:NIFTY26SEPFUT,23384.2,23388.2,23370.0,23370.0,48165.0,18091320.0,2026-09-29,2026-09-29,SEP 2026
2026-09-15 11:55:00+05:30,NIFTY26SEPFUT,NSE:NIFTY26SEPFUT,23376.0,23385.0,23364.5,23385.0,18330.0,18091905.0,2026-09-29,2026-09-29,SEP 2026
2026-09-15 12:00:00+05:30,NIFTY26SEPFUT,NSE:NIFTY26SEPFUT,23384.5,23389.8,23371.9,23375.7,16250.0,18098340.0,2026-09-29,2026-09-29,SEP 2026
2026-09-15 12:05:00+05:30,NIFTY26SEPFUT,NSE:NIFTY26SEPFUT,23385.0,23390.0,23375.0,23375.1,17420.0,18103930.0,2026-09-29,2026-09-29,SEP 2026
2026-09-15 12:10:00+05:30,NIFTY26SEPFUT,NSE:NIFTY26SEPFUT,23375.0,23386.9,23375.0,23380.0,45240.0,18146115.0,2026-09-29,2026-09-29,SEP 2026
2026-09-15 12:15:00+05:30,NIFTY26SEPFUT,NSE:NIFTY26SEPFUT,23380.0,23389.4,23367.0,23367.0,20670.0,18150470.0,2026-09-29,2026-09-29,SEP 2026
2026-09-15 12:20:00+05:30,NIFTY26SEPFUT,NSE:NIFTY26SEPFUT,23367.0,23380.0,23367.0,23371.0,3185.0,18145465.0,2026-09-29,2026-09-29,SEP 2026
2026-09-15 12:25:00+05:30,NIFTY26SEPFUT,NSE:NIFTY26SEPFUT,23371.0,23380.0,23369.0,23380.0,8060.0,18142345.0,2026-09-29,2026-09-29,SEP 2026
2026-09-15 12:30:00+05:30,NIFTY26SEPFUT,NSE:NIFTY26SEPFUT,23380.0,23380.0,23352.0,23365.8,23075.0,18151185.0,2026-09-29,2026-09-29,SEP 2026
2026-09-15 12:35:00+05:30,NIFTY26SEPFUT,NSE:NIFTY26SEPFUT,23352.5,23379.9,23351.9,23367.6,7280.0,18146635.0,2026-09-29,2026-09-29,SEP 2026
2026-09-15 12:40:00+05:30,NIFTY26SEPFUT,NSE:NIFTY26SEPFUT,23367.6,23369.0,23352.0,23354.0,6370.0,18145075.0,2026-09-29,2026-09-29,SEP 2026
2026-09-15 12:45:00+05:30,NIFTY26SEPFUT,NSE:NIFTY26SEPFUT,23352.0,23367.9,23351.0,23367.5,10075.0,18146440.0,2026-09-29,2026-09-29,SEP 2026
2026-09-15 12:50:00+05:30,NIFTY26SEPFUT,NSE:NIFTY26SEPFUT,23367.9,23379.4,23360.1,23370.0,13325.0,18150535.0,2026-09-29,2026-09-29,SEP 2026
2026-09-15 12:55:00+05:30,NIFTY26SEPFUT,NSE:NIFTY26SEPFUT,23370.0,23373.6,23339.6,23356.0,32370.0,18160220.0,2026-09-29,2026-09-29,SEP 2026
2026-09-15 13:00:00+05:30,NIFTY26SEPFUT,NSE:NIFTY26SEPFUT,23348.0,23360.0,23328.2,23346.0,53040.0,18171660.0,2026-09-29,2026-09-29,SEP 2026
2026-09-15 13:05:00+05:30,NIFTY26SEPFUT,NSE:NIFTY26SEPFUT,23346.0,23358.3,23340.0,23342.5,11505.0,18168085.0,2026-09-29,2026-09-29,SEP 2026
2026-09-15 13:10:00+05:30,NIFTY26SEPFUT,NSE:NIFTY26SEPFUT,23335.9,23352.6,23321.6,23330.6,35685.0,18173350.0,2026-09-29,2026-09-29,SEP 2026
2026-09-15 13:15:00+05:30,NIFTY26SEPFUT,NSE:NIFTY26SEPFUT,23330.6,23340.2,23312.1,23325.0,40690.0,18189275.0,2026-09-29,2026-09-29,SEP 2026
2026-09-15 13:20:00+05:30,NIFTY26SEPFUT,NSE:NIFTY26SEPFUT,23323.5,23336.6,23315.0,23325.0,22230.0,18193370.0,2026-09-29,2026-09-29,SEP 2026
2026-09-15 13:25:00+05:30,NIFTY26SEPFUT,NSE:NIFTY26SEPFUT,23325.0,23339.0,23316.4,23322.0,29835.0,18200455.0,2026-09-29,2026-09-29,SEP 2026
2026-09-15 13:30:00+05:30,NIFTY26SEPFUT,NSE:NIFTY26SEPFUT,23322.5,23325.0,23302.5,23310.0,46475.0,18211310.0,2026-09-29,2026-09-29,SEP 2026
2026-09-15 13:35:00+05:30,NIFTY26SEPFUT,NSE:NIFTY26SEPFUT,23310.0,23325.0,23307.0,23317.5,29185.0,18219175.0,2026-09-29,2026-09-29,SEP 2026
2026-09-15 13:40:00+05:30,NIFTY26SEPFUT,NSE:NIFTY26SEPFUT,23317.5,23317.7,23288.3,23310.4,69745.0,18228990.0,2026-09-29,2026-09-29,SEP 2026
2026-09-15 13:45:00+05:30,NIFTY26SEPFUT,NSE:NIFTY26SEPFUT,23310.8,23318.9,23302.0,23306.0,26910.0,18239520.0,2026-09-29,2026-09-29,SEP 2026
2026-09-15 13:50:00+05:30,NIFTY26SEPFUT,NSE:NIFTY26SEPFUT,23309.9,23325.0,23305.1,23322.2,17680.0,18244720.0,2026-09-29,2026-09-29,SEP 2026
2026-09-15 13:55:00+05:30,NIFTY26SEPFUT,NSE:NIFTY26SEPFUT,23321.2,23328.2,23310.0,23320.0,19370.0,18246345.0,2026-09-29,2026-09-29,SEP 2026
2026-09-15 14:00:00+05:30,NIFTY26SEPFUT,NSE:NIFTY26SEPFUT,23320.0,23328.8,23315.0,23315.0,14690.0,18248425.0,2026-09-29,2026-09-29,SEP 2026
2026-09-15 14:05:00+05:30,NIFTY26SEPFUT,NSE:NIFTY26SEPFUT,23320.0,23320.0,23294.0,23306.1,24180.0,18244525.0,2026-09-29,2026-09-29,SEP 2026
2026-09-15 14:10:00+05:30,NIFTY26SEPFUT,NSE:NIFTY26SEPFUT,23306.1,23306.1,23269.4,23279.0,96590.0,18242705.0,2026-09-29,2026-09-29,SEP 2026
2026-09-15 14:15:00+05:30,NIFTY26SEPFUT,NSE:NIFTY26SEPFUT,23275.0,23275.0,23237.1,23238.6,160290.0,18302700.0,2026-09-29,2026-09-29,SEP 2026
2026-09-15 14:20:00+05:30,NIFTY26SEPFUT,NSE:NIFTY26SEPFUT,23238.6,23265.0,23238.6,23255.0,53820.0,18321160.0,2026-09-29,2026-09-29,SEP 2026
2026-09-15 14:25:00+05:30,NIFTY26SEPFUT,NSE:NIFTY26SEPFUT,23245.8,23257.4,23237.0,23245.9,25415.0,18329935.0,2026-09-29,2026-09-29,SEP 2026
2026-09-15 14:30:00+05:30,NIFTY26SEPFUT,NSE:NIFTY26SEPFUT,23245.9,23251.2,23230.6,23240.0,62140.0,18340920.0,2026-09-29,2026-09-29,SEP 2026
2026-09-15 14:35:00+05:30,NIFTY26SEPFUT,NSE:NIFTY26SEPFUT,23240.0,23262.1,23238.5,23250.0,33150.0,18348330.0,2026-09-29,2026-09-29,SEP 2026
2026-09-15 14:40:00+05:30,NIFTY26SEPFUT,NSE:NIFTY26SEPFUT,23250.0,23260.2,23241.1,23255.5,73125.0,18376150.0,2026-09-29,2026-09-29,SEP 2026
2026-09-15 14:45:00+05:30,NIFTY26SEPFUT,NSE:NIFTY26SEPFUT,23254.1,23255.0,23180.0,23196.5,195650.0,18443295.0,2026-09-29,2026-09-29,SEP 2026
2026-09-15 14:50:00+05:30,NIFTY26SEPFUT,NSE:NIFTY26SEPFUT,23201.7,23231.9,23191.4,23216.1,102115.0,18444595.0,2026-09-29,2026-09-29,SEP 2026
2026-09-15 14:55:00+05:30,NIFTY26SEPFUT,NSE:NIFTY26SEPFUT,23215.6,23225.0,23202.8,23219.9,82030.0,18462275.0,2026-09-29,2026-09-29,SEP 2026
2026-09-15 15:00:00+05:30,NIFTY26SEPFUT,NSE:NIFTY26SEPFUT,23210.0,23233.5,23207.0,23220.9,68315.0,18478395.0,2026-09-29,2026-09-29,SEP 2026
2026-09-15 15:05:00+05:30,NIFTY26SEPFUT,NSE:NIFTY26SEPFUT,23228.3,23233.7,23211.2,23232.0,52520.0,18471505.0,2026-09-29,2026-09-29,SEP 2026
2026-09-15 15:10:00+05:30,NIFTY26SEPFUT,NSE:NIFTY26SEPFUT,23234.6,23244.7,23220.0,23234.8,57395.0,18454995.0,2026-09-29,2026-09-29,SEP 2026
2026-09-15 15:15:00+05:30,NIFTY26SEPFUT,NSE:NIFTY26SEPFUT,23237.9,23248.8,23222.0,23248.8,64155.0,18470790.0,2026-09-29,2026-09-29,SEP 2026
2026-09-15 15:20:00+05:30,NIFTY26SEPFUT,NSE:NIFTY26SEPFUT,23244.8,23248.9,23215.4,23223.8,84435.0,18477810.0,2026-09-29,2026-09-29,SEP 2026
2026-09-15 15:25:00+05:30,NIFTY26SEPFUT,NSE:NIFTY26SEPFUT,23230.0,23244.0,23222.0,23225.9,110305.0,18468320.0,2026-09-29,2026-09-29,SEP 2026
2026-09-15 15:30:00+05:30,NIFTY26SEPFUT,NSE:NIFTY26SEPFUT,23234.0,23236.4,23201.1,23203.1,173290.0,18486195.0,2026-09-29,2026-09-29,SEP 2026
2026-09-15 15:35:00+05:30,NIFTY26SEPFUT,NSE:NIFTY26SEPFUT,23203.0,23226.0,23203.0,23220.0,63180.0,18501340.0,2026-09-29,2026-09-29,SEP 2026
2026-09-16 09:15:00+05:30,NIFTY26SEPFUT,NSE:NIFTY26SEPFUT,23234.0,23333.0,23234.0,23311.0,196170.0,18025800.0,2026-09-29,2026-09-29,SEP 2026
2026-09-16 09:20:00+05:30,NIFTY26SEPFUT,NSE:NIFTY26SEPFUT,23310.0,23315.0,23286.2,23291.5,77415.0,18036720.0,2026-09-29,2026-09-29,SEP 2026
2026-09-16 09:25:00+05:30,NIFTY26SEPFUT,NSE:NIFTY26SEPFUT,23291.4,23300.0,23255.0,23265.7,71500.0,18001620.0,2026-09-29,2026-09-29,SEP 2026
2026-09-16 09:30:00+05:30,NIFTY26SEPFUT,NSE:NIFTY26SEPFUT,23261.5,23280.0,23243.0,23280.0,86580.0,17980560.0,2026-09-29,2026-09-29,SEP 2026
2026-09-16 09:35:00+05:30,NIFTY26SEPFUT,NSE:NIFTY26SEPFUT,23272.0,23272.0,23221.7,23224.3,62140.0,17980885.0,2026-09-29,2026-09-29,SEP 2026
2026-09-16 09:40:00+05:30,NIFTY26SEPFUT,NSE:NIFTY26SEPFUT,23222.0,23233.9,23201.4,23202.0,74555.0,17994470.0,2026-09-29,2026-09-29,SEP 2026
2026-09-16 09:45:00+05:30,NIFTY26SEPFUT,NSE:NIFTY26SEPFUT,23205.0,23241.3,23198.4,23241.3,75400.0,18001685.0,2026-09-29,2026-09-29,SEP 2026
2026-09-16 09:50:00+05:30,NIFTY26SEPFUT,NSE:NIFTY26SEPFUT,23241.5,23290.0,23231.1,23288.0,75660.0,17997785.0,2026-09-29,2026-09-29,SEP 2026
2026-09-16 09:55:00+05:30,NIFTY26SEPFUT,NSE:NIFTY26SEPFUT,23289.5,23313.0,23280.0,23305.0,101725.0,17996420.0,2026-09-29,2026-09-29,SEP 2026
2026-09-16 10:00:00+05:30,NIFTY26SEPFUT,NSE:NIFTY26SEPFUT,23306.0,23307.4,23270.0,23270.1,31980.0,17993040.0,2026-09-29,2026-09-29,SEP 2026
2026-09-16 10:05:00+05:30,NIFTY26SEPFUT,NSE:NIFTY26SEPFUT,23270.1,23275.3,23251.0,23255.6,28665.0,17982770.0,2026-09-29,2026-09-29,SEP 2026
2026-09-16 10:10:00+05:30,NIFTY26SEPFUT,NSE:NIFTY26SEPFUT,23255.6,23282.0,23251.0,23253.6,12935.0,17979325.0,2026-09-29,2026-09-29,SEP 2026
2026-09-16 10:15:00+05:30,NIFTY26SEPFUT,NSE:NIFTY26SEPFUT,23254.0,23289.2,23250.0,23260.0,17030.0,17975165.0,2026-09-29,2026-09-29,SEP 2026
2026-09-16 10:20:00+05:30,NIFTY26SEPFUT,NSE:NIFTY26SEPFUT,23260.0,23290.0,23260.0,23281.8,14235.0,17976075.0,2026-09-29,2026-09-29,SEP 2026
2026-09-16 10:25:00+05:30,NIFTY26SEPFUT,NSE:NIFTY26SEPFUT,23281.8,23298.0,23277.5,23294.5,16250.0,17972890.0,2026-09-29,2026-09-29,SEP 2026
2026-09-16 10:30:00+05:30,NIFTY26SEPFUT,NSE:NIFTY26SEPFUT,23295.0,23308.0,23280.0,23303.9,20085.0,17973540.0,2026-09-29,2026-09-29,SEP 2026
2026-09-16 10:35:00+05:30,NIFTY26SEPFUT,NSE:NIFTY26SEPFUT,23306.6,23306.7,23285.0,23300.0,28080.0,17939610.0,2026-09-29,2026-09-29,SEP 2026
2026-09-16 10:40:00+05:30,NIFTY26SEPFUT,NSE:NIFTY26SEPFUT,23300.0,23310.0,23291.0,23309.7,20605.0,17894760.0,2026-09-29,2026-09-29,SEP 2026
2026-09-16 10:45:00+05:30,NIFTY26SEPFUT,NSE:NIFTY26SEPFUT,23309.9,23328.0,23302.2,23325.0,29770.0,17891250.0,2026-09-29,2026-09-29,SEP 2026
2026-09-16 10:50:00+05:30,NIFTY26SEPFUT,NSE:NIFTY26SEPFUT,23320.0,23326.8,23300.0,23302.4,19435.0,17891640.0,2026-09-29,2026-09-29,SEP 2026
2026-09-16 10:55:00+05:30,NIFTY26SEPFUT,NSE:NIFTY26SEPFUT,23302.4,23309.0,23287.5,23297.9,11570.0,17894110.0,2026-09-29,2026-09-29,SEP 2026
2026-09-16 11:00:00+05:30,NIFTY26SEPFUT,NSE:NIFTY26SEPFUT,23303.5,23329.0,23297.5,23320.2,26065.0,17891835.0,2026-09-29,2026-09-29,SEP 2026
2026-09-16 11:05:00+05:30,NIFTY26SEPFUT,NSE:NIFTY26SEPFUT,23324.9,23324.9,23300.1,23310.0,21840.0,17899375.0,2026-09-29,2026-09-29,SEP 2026
2026-09-16 11:10:00+05:30,NIFTY26SEPFUT,NSE:NIFTY26SEPFUT,23310.0,23315.0,23300.0,23304.2,7605.0,17899505.0,2026-09-29,2026-09-29,SEP 2026
2026-09-16 11:15:00+05:30,NIFTY26SEPFUT,NSE:NIFTY26SEPFUT,23304.2,23319.9,23298.0,23298.0,11310.0,17898725.0,2026-09-29,2026-09-29,SEP 2026
2026-09-16 11:20:00+05:30,NIFTY26SEPFUT,NSE:NIFTY26SEPFUT,23298.0,23308.9,23280.2,23295.0,28535.0,17890730.0,2026-09-29,2026-09-29,SEP 2026
2026-09-16 11:25:00+05:30,NIFTY26SEPFUT,NSE:NIFTY26SEPFUT,23294.9,23294.9,23270.0,23270.0,18590.0,17893980.0,2026-09-29,2026-09-29,SEP 2026
2026-09-16 11:30:00+05:30,NIFTY26SEPFUT,NSE:NIFTY26SEPFUT,23270.0,23288.2,23270.0,23278.0,19695.0,17893655.0,2026-09-29,2026-09-29,SEP 2026
2026-09-16 11:35:00+05:30,NIFTY26SEPFUT,NSE:NIFTY26SEPFUT,23278.1,23292.0,23270.1,23280.0,10595.0,17893655.0,2026-09-29,2026-09-29,SEP 2026
2026-09-16 11:40:00+05:30,NIFTY26SEPFUT,NSE:NIFTY26SEPFUT,23280.0,23290.7,23280.0,23287.6,8320.0,17893785.0,2026-09-29,2026-09-29,SEP 2026
2026-09-16 11:45:00+05:30,NIFTY26SEPFUT,NSE:NIFTY26SEPFUT,23286.4,23288.0,23270.1,23277.0,18460.0,17895085.0,2026-09-29,2026-09-29,SEP 2026
2026-09-16 11:50:00+05:30,NIFTY26SEPFUT,NSE:NIFTY26SEPFUT,23277.0,23291.7,23271.0,23274.0,9750.0,17899310.0,2026-09-29,2026-09-29,SEP 2026
2026-09-16 11:55:00+05:30,NIFTY26SEPFUT,NSE:NIFTY26SEPFUT,23274.0,23274.0,23260.0,23260.0,16510.0,17901845.0,2026-09-29,2026-09-29,SEP 2026
2026-09-16 12:00:00+05:30,NIFTY26SEPFUT,NSE:NIFTY26SEPFUT,23257.0,23265.0,23250.0,23258.0,19760.0,17906655.0,2026-09-29,2026-09-29,SEP 2026
2026-09-16 12:05:00+05:30,NIFTY26SEPFUT,NSE:NIFTY26SEPFUT,23258.0,23271.0,23258.0,23265.0,15470.0,17910880.0,2026-09-29,2026-09-29,SEP 2026
2026-09-16 12:10:00+05:30,NIFTY26SEPFUT,NSE:NIFTY26SEPFUT,23268.0,23288.0,23268.0,23280.0,15925.0,17910945.0,2026-09-29,2026-09-29,SEP 2026
2026-09-16 12:15:00+05:30,NIFTY26SEPFUT,NSE:NIFTY26SEPFUT,23280.0,23296.1,23269.4,23289.9,39975.0,17931615.0,2026-09-29,2026-09-29,SEP 2026
2026-09-16 12:20:00+05:30,NIFTY26SEPFUT,NSE:NIFTY26SEPFUT,23289.9,23290.0,23273.6,23280.0,7865.0,17928625.0,2026-09-29,2026-09-29,SEP 2026
2026-09-16 12:25:00+05:30,NIFTY26SEPFUT,NSE:NIFTY26SEPFUT,23288.0,23288.9,23280.0,23288.9,4615.0,17927780.0,2026-09-29,2026-09-29,SEP 2026
2026-09-16 12:30:00+05:30,NIFTY26SEPFUT,NSE:NIFTY26SEPFUT,23288.9,23318.0,23283.0,23300.4,25090.0,17923750.0,2026-09-29,2026-09-29,SEP 2026
2026-09-16 12:35:00+05:30,NIFTY26SEPFUT,NSE:NIFTY26SEPFUT,23300.3,23311.8,23287.9,23299.4,10205.0,17927975.0,2026-09-29,2026-09-29,SEP 2026
2026-09-16 12:40:00+05:30,NIFTY26SEPFUT,NSE:NIFTY26SEPFUT,23291.0,23314.1,23290.0,23312.3,8190.0,17933240.0,2026-09-29,2026-09-29,SEP 2026
2026-09-16 12:45:00+05:30,NIFTY26SEPFUT,NSE:NIFTY26SEPFUT,23312.3,23313.0,23296.6,23308.0,16120.0,17939740.0,2026-09-29,2026-09-29,SEP 2026
2026-09-16 12:50:00+05:30,NIFTY26SEPFUT,NSE:NIFTY26SEPFUT,23310.0,23310.0,23295.1,23300.1,11310.0,17947475.0,2026-09-29,2026-09-29,SEP 2026
2026-09-16 12:55:00+05:30,NIFTY26SEPFUT,NSE:NIFTY26SEPFUT,23300.8,23310.1,23296.0,23297.0,14365.0,17954560.0,2026-09-29,2026-09-29,SEP 2026
2026-09-16 13:00:00+05:30,NIFTY26SEPFUT,NSE:NIFTY26SEPFUT,23297.0,23310.0,23295.0,23310.0,10985.0,17957680.0,2026-09-29,2026-09-29,SEP 2026
2026-09-16 13:05:00+05:30,NIFTY26SEPFUT,NSE:NIFTY26SEPFUT,23310.0,23346.0,23307.6,23328.0,39325.0,17947865.0,2026-09-29,2026-09-29,SEP 2026
2026-09-16 13:10:00+05:30,NIFTY26SEPFUT,NSE:NIFTY26SEPFUT,23328.0,23338.0,23310.5,23310.5,23725.0,17955535.0,2026-09-29,2026-09-29,SEP 2026
2026-09-16 13:15:00+05:30,NIFTY26SEPFUT,NSE:NIFTY26SEPFUT,23310.5,23335.0,23309.6,23330.0,51740.0,17985435.0,2026-09-29,2026-09-29,SEP 2026
2026-09-16 13:20:00+05:30,NIFTY26SEPFUT,NSE:NIFTY26SEPFUT,23335.7,23335.7,23300.0,23300.0,11050.0,17982315.0,2026-09-29,2026-09-29,SEP 2026
2026-09-16 13:25:00+05:30,NIFTY26SEPFUT,NSE:NIFTY26SEPFUT,23304.5,23305.0,23273.4,23273.4,28665.0,17986410.0,2026-09-29,2026-09-29,SEP 2026
2026-09-16 13:30:00+05:30,NIFTY26SEPFUT,NSE:NIFTY26SEPFUT,23272.1,23290.0,23270.0,23275.1,20475.0,17989855.0,2026-09-29,2026-09-29,SEP 2026
2026-09-16 13:35:00+05:30,NIFTY26SEPFUT,NSE:NIFTY26SEPFUT,23279.5,23289.8,23262.0,23263.8,14170.0,17993950.0,2026-09-29,2026-09-29,SEP 2026
2026-09-16 13:40:00+05:30,NIFTY26SEPFUT,NSE:NIFTY26SEPFUT,23263.8,23271.8,23250.0,23258.6,25220.0,17999930.0,2026-09-29,2026-09-29,SEP 2026
2026-09-16 13:45:00+05:30,NIFTY26SEPFUT,NSE:NIFTY26SEPFUT,23252.0,23274.5,23252.0,23258.2,14560.0,18004480.0,2026-09-29,2026-09-29,SEP 2026
2026-09-16 13:50:00+05:30,NIFTY26SEPFUT,NSE:NIFTY26SEPFUT,23257.3,23277.9,23257.3,23264.0,8970.0,18008770.0,2026-09-29,2026-09-29,SEP 2026
2026-09-16 13:55:00+05:30,NIFTY26SEPFUT,NSE:NIFTY26SEPFUT,23264.0,23273.5,23259.5,23261.3,6955.0,18011890.0,2026-09-29,2026-09-29,SEP 2026
2026-09-16 14:00:00+05:30,NIFTY26SEPFUT,NSE:NIFTY26SEPFUT,23262.8,23293.1,23261.7,23276.7,12220.0,18012280.0,2026-09-29,2026-09-29,SEP 2026
2026-09-16 14:05:00+05:30,NIFTY26SEPFUT,NSE:NIFTY26SEPFUT,23279.0,23287.0,23261.5,23261.7,10075.0,18015660.0,2026-09-29,2026-09-29,SEP 2026
2026-09-16 14:10:00+05:30,NIFTY26SEPFUT,NSE:NIFTY26SEPFUT,23272.8,23290.0,23260.0,23289.9,11375.0,18015530.0,2026-09-29,2026-09-29,SEP 2026
2026-09-16 14:15:00+05:30,NIFTY26SEPFUT,NSE:NIFTY26SEPFUT,23287.5,23295.0,23275.0,23275.0,14885.0,18014425.0,2026-09-29,2026-09-29,SEP 2026
2026-09-16 14:20:00+05:30,NIFTY26SEPFUT,NSE:NIFTY26SEPFUT,23275.0,23291.5,23270.3,23275.4,11245.0,18019235.0,2026-09-29,2026-09-29,SEP 2026
2026-09-16 14:25:00+05:30,NIFTY26SEPFUT,NSE:NIFTY26SEPFUT,23275.0,23285.0,23266.3,23282.5,9490.0,18021510.0,2026-09-29,2026-09-29,SEP 2026
2026-09-16 14:30:00+05:30,NIFTY26SEPFUT,NSE:NIFTY26SEPFUT,23282.5,23282.5,23268.6,23277.0,8515.0,18022810.0,2026-09-29,2026-09-29,SEP 2026
2026-09-16 14:35:00+05:30,NIFTY26SEPFUT,NSE:NIFTY26SEPFUT,23277.0,23279.5,23262.1,23266.8,8385.0,18023135.0,2026-09-29,2026-09-29,SEP 2026
2026-09-16 14:40:00+05:30,NIFTY26SEPFUT,NSE:NIFTY26SEPFUT,23265.8,23280.8,23265.0,23277.4,10920.0,18025410.0,2026-09-29,2026-09-29,SEP 2026
2026-09-16 14:45:00+05:30,NIFTY26SEPFUT,NSE:NIFTY26SEPFUT,23277.4,23283.2,23266.4,23271.2,10140.0,18027880.0,2026-09-29,2026-09-29,SEP 2026
2026-09-16 14:50:00+05:30,NIFTY26SEPFUT,NSE:NIFTY26SEPFUT,23271.2,23280.0,23265.0,23274.0,8710.0,18028075.0,2026-09-29,2026-09-29,SEP 2026
2026-09-16 14:55:00+05:30,NIFTY26SEPFUT,NSE:NIFTY26SEPFUT,23274.0,23295.0,23265.0,23266.4,25610.0,18023200.0,2026-09-29,2026-09-29,SEP 2026
2026-09-16 15:00:00+05:30,NIFTY26SEPFUT,NSE:NIFTY26SEPFUT,23266.8,23273.0,23253.6,23267.0,20995.0,18026905.0,2026-09-29,2026-09-29,SEP 2026
2026-09-16 15:05:00+05:30,NIFTY26SEPFUT,NSE:NIFTY26SEPFUT,23265.5,23273.7,23260.1,23272.3,17810.0,18027165.0,2026-09-29,2026-09-29,SEP 2026
2026-09-16 15:10:00+05:30,NIFTY26SEPFUT,NSE:NIFTY26SEPFUT,23272.3,23277.7,23261.1,23272.9,36010.0,18023655.0,2026-09-29,2026-09-29,SEP 2026
2026-09-16 15:15:00+05:30,NIFTY26SEPFUT,NSE:NIFTY26SEPFUT,23271.3,23278.0,23265.0,23265.0,28275.0,18024630.0,2026-09-29,2026-09-29,SEP 2026
2026-09-16 15:20:00+05:30,NIFTY26SEPFUT,NSE:NIFTY26SEPFUT,23265.1,23277.0,23265.1,23275.0,14690.0,18020080.0,2026-09-29,2026-09-29,SEP 2026
2026-09-16 15:25:00+05:30,NIFTY26SEPFUT,NSE:NIFTY26SEPFUT,23277.0,23280.0,23266.0,23274.0,23855.0,18018195.0,2026-09-29,2026-09-29,SEP 2026
2026-09-16 15:30:00+05:30,NIFTY26SEPFUT,NSE:NIFTY26SEPFUT,23270.2,23274.0,23266.0,23268.4,23530.0,18010135.0,2026-09-29,2026-09-29,SEP 2026
2026-09-16 15:35:00+05:30,NIFTY26SEPFUT,NSE:NIFTY26SEPFUT,23267.3,23283.0,23267.3,23282.0,25740.0,18003765.0,2026-09-29,2026-09-29,SEP 2026
2026-09-17 09:15:00+05:30,NIFTY26SEPFUT,NSE:NIFTY26SEPFUT,23275.0,23311.6,23236.0,23309.9,89375.0,17752540.0,2026-09-29,2026-09-29,SEP 2026
2026-09-17 09:20:00+05:30,NIFTY26SEPFUT,NSE:NIFTY26SEPFUT,23309.9,23315.0,23275.0,23275.0,40170.0,17754100.0,2026-09-29,2026-09-29,SEP 2026
2026-09-17 09:25:00+05:30,NIFTY26SEPFUT,NSE:NIFTY26SEPFUT,23275.0,23300.0,23266.8,23291.8,30485.0,17765475.0,2026-09-29,2026-09-29,SEP 2026
2026-09-17 09:30:00+05:30,NIFTY26SEPFUT,NSE:NIFTY26SEPFUT,23290.5,23330.0,23286.0,23320.1,59800.0,17784455.0,2026-09-29,2026-09-29,SEP 2026
2026-09-17 09:35:00+05:30,NIFTY26SEPFUT,NSE:NIFTY26SEPFUT,23325.6,23345.1,23311.0,23311.5,98085.0,17803045.0,2026-09-29,2026-09-29,SEP 2026
2026-09-17 09:40:00+05:30,NIFTY26SEPFUT,NSE:NIFTY26SEPFUT,23317.6,23317.6,23266.0,23294.4,26715.0,17813900.0,2026-09-29,2026-09-29,SEP 2026
2026-09-17 09:45:00+05:30,NIFTY26SEPFUT,NSE:NIFTY26SEPFUT,23294.4,23310.0,23275.0,23306.0,15405.0,17801095.0,2026-09-29,2026-09-29,SEP 2026
2026-09-17 09:50:00+05:30,NIFTY26SEPFUT,NSE:NIFTY26SEPFUT,23305.0,23325.0,23300.1,23322.3,14170.0,17801810.0,2026-09-29,2026-09-29,SEP 2026
2026-09-17 09:55:00+05:30,NIFTY26SEPFUT,NSE:NIFTY26SEPFUT,23324.0,23329.0,23310.2,23321.0,12025.0,17802265.0,2026-09-29,2026-09-29,SEP 2026
2026-09-17 10:00:00+05:30,NIFTY26SEPFUT,NSE:NIFTY26SEPFUT,23321.2,23335.0,23318.8,23330.0,13845.0,17799795.0,2026-09-29,2026-09-29,SEP 2026
2026-09-17 10:05:00+05:30,NIFTY26SEPFUT,NSE:NIFTY26SEPFUT,23327.8,23358.6,23327.7,23352.3,51025.0,17785625.0,2026-09-29,2026-09-29,SEP 2026
2026-09-17 10:10:00+05:30,NIFTY26SEPFUT,NSE:NIFTY26SEPFUT,23356.8,23373.8,23350.0,23360.0,36140.0,17775810.0,2026-09-29,2026-09-29,SEP 2026
2026-09-17 10:15:00+05:30,NIFTY26SEPFUT,NSE:NIFTY26SEPFUT,23360.0,23369.9,23340.0,23340.0,38025.0,17766775.0,2026-09-29,2026-09-29,SEP 2026
2026-09-17 10:20:00+05:30,NIFTY26SEPFUT,NSE:NIFTY26SEPFUT,23338.6,23356.8,23330.0,23331.0,16445.0,17766710.0,2026-09-29,2026-09-29,SEP 2026
2026-09-17 10:25:00+05:30,NIFTY26SEPFUT,NSE:NIFTY26SEPFUT,23331.0,23335.0,23326.0,23334.9,11635.0,17764565.0,2026-09-29,2026-09-29,SEP 2026
2026-09-17 10:30:00+05:30,NIFTY26SEPFUT,NSE:NIFTY26SEPFUT,23334.9,23335.0,23314.1,23315.0,20670.0,17761250.0,2026-09-29,2026-09-29,SEP 2026
2026-09-17 10:35:00+05:30,NIFTY26SEPFUT,NSE:NIFTY26SEPFUT,23315.0,23335.0,23310.6,23320.0,12610.0,17764955.0,2026-09-29,2026-09-29,SEP 2026
2026-09-17 10:40:00+05:30,NIFTY26SEPFUT,NSE:NIFTY26SEPFUT,23326.5,23327.9,23306.6,23312.8,10270.0,17767880.0,2026-09-29,2026-09-29,SEP 2026
2026-09-17 10:45:00+05:30,NIFTY26SEPFUT,NSE:NIFTY26SEPFUT,23308.0,23317.7,23297.0,23310.0,34125.0,17784390.0,2026-09-29,2026-09-29,SEP 2026
2026-09-17 10:50:00+05:30,NIFTY26SEPFUT,NSE:NIFTY26SEPFUT,23310.0,23318.0,23303.1,23305.0,7930.0,17788225.0,2026-09-29,2026-09-29,SEP 2026
2026-09-17 10:55:00+05:30,NIFTY26SEPFUT,NSE:NIFTY26SEPFUT,23308.0,23325.0,23300.2,23309.9,5850.0,17790305.0,2026-09-29,2026-09-29,SEP 2026
2026-09-17 11:00:00+05:30,NIFTY26SEPFUT,NSE:NIFTY26SEPFUT,23309.9,23309.9,23272.0,23272.0,56095.0,17807790.0,2026-09-29,2026-09-29,SEP 2026
2026-09-17 11:05:00+05:30,NIFTY26SEPFUT,NSE:NIFTY26SEPFUT,23267.0,23271.7,23247.5,23254.4,48100.0,17820335.0,2026-09-29,2026-09-29,SEP 2026
2026-09-17 11:10:00+05:30,NIFTY26SEPFUT,NSE:NIFTY26SEPFUT,23250.2,23271.6,23244.6,23265.0,21710.0,17822415.0,2026-09-29,2026-09-29,SEP 2026
2026-09-17 11:15:00+05:30,NIFTY26SEPFUT,NSE:NIFTY26SEPFUT,23256.1,23285.0,23253.3,23283.0,15535.0,17826445.0,2026-09-29,2026-09-29,SEP 2026
2026-09-17 11:20:00+05:30,NIFTY26SEPFUT,NSE:NIFTY26SEPFUT,23282.1,23295.0,23272.5,23281.0,14885.0,17828265.0,2026-09-29,2026-09-29,SEP 2026
2026-09-17 11:25:00+05:30,NIFTY26SEPFUT,NSE:NIFTY26SEPFUT,23281.0,23293.6,23272.2,23282.7,6110.0,17828395.0,2026-09-29,2026-09-29,SEP 2026
2026-09-17 11:30:00+05:30,NIFTY26SEPFUT,NSE:NIFTY26SEPFUT,23280.0,23295.0,23268.9,23291.0,8385.0,17831450.0,2026-09-29,2026-09-29,SEP 2026
2026-09-17 11:35:00+05:30,NIFTY26SEPFUT,NSE:NIFTY26SEPFUT,23291.0,23294.0,23280.2,23294.0,6435.0,17833140.0,2026-09-29,2026-09-29,SEP 2026
2026-09-17 11:40:00+05:30,NIFTY26SEPFUT,NSE:NIFTY26SEPFUT,23294.0,23321.0,23291.0,23315.6,18720.0,17829110.0,2026-09-29,2026-09-29,SEP 2026
2026-09-17 11:45:00+05:30,NIFTY26SEPFUT,NSE:NIFTY26SEPFUT,23320.0,23320.0,23303.6,23315.0,7475.0,17830410.0,2026-09-29,2026-09-29,SEP 2026
2026-09-17 11:50:00+05:30,NIFTY26SEPFUT,NSE:NIFTY26SEPFUT,23317.9,23335.0,23311.5,23320.2,17745.0,17827875.0,2026-09-29,2026-09-29,SEP 2026
2026-09-17 11:55:00+05:30,NIFTY26SEPFUT,NSE:NIFTY26SEPFUT,23320.2,23354.0,23320.2,23352.0,20930.0,17824495.0,2026-09-29,2026-09-29,SEP 2026
2026-09-17 12:00:00+05:30,NIFTY26SEPFUT,NSE:NIFTY26SEPFUT,23352.0,23363.0,23339.2,23342.5,26065.0,17819295.0,2026-09-29,2026-09-29,SEP 2026
2026-09-17 12:05:00+05:30,NIFTY26SEPFUT,NSE:NIFTY26SEPFUT,23342.5,23394.5,23342.5,23385.0,76700.0,17792905.0,2026-09-29,2026-09-29,SEP 2026
2026-09-17 12:10:00+05:30,NIFTY26SEPFUT,NSE:NIFTY26SEPFUT,23381.0,23396.0,23380.0,23381.1,27430.0,17779645.0,2026-09-29,2026-09-29,SEP 2026
2026-09-17 12:15:00+05:30,NIFTY26SEPFUT,NSE:NIFTY26SEPFUT,23381.1,23399.0,23377.8,23389.0,37700.0,17781335.0,2026-09-29,2026-09-29,SEP 2026
2026-09-17 12:20:00+05:30,NIFTY26SEPFUT,NSE:NIFTY26SEPFUT,23388.6,23418.0,23388.0,23403.6,68965.0,17763330.0,2026-09-29,2026-09-29,SEP 2026
2026-09-17 12:25:00+05:30,NIFTY26SEPFUT,NSE:NIFTY26SEPFUT,23403.6,23405.4,23387.0,23391.7,16835.0,17736290.0,2026-09-29,2026-09-29,SEP 2026
2026-09-17 12:30:00+05:30,NIFTY26SEPFUT,NSE:NIFTY26SEPFUT,23394.0,23394.9,23382.9,23390.0,17290.0,17735900.0,2026-09-29,2026-09-29,SEP 2026
2026-09-17 12:35:00+05:30,NIFTY26SEPFUT,NSE:NIFTY26SEPFUT,23394.0,23410.0,23389.7,23401.0,15015.0,17729335.0,2026-09-29,2026-09-29,SEP 2026
2026-09-17 12:40:00+05:30,NIFTY26SEPFUT,NSE:NIFTY26SEPFUT,23405.0,23412.0,23385.3,23396.6,14040.0,17730700.0,2026-09-29,2026-09-29,SEP 2026
2026-09-17 12:45:00+05:30,NIFTY26SEPFUT,NSE:NIFTY26SEPFUT,23396.6,23396.6,23380.0,23380.0,13195.0,17731480.0,2026-09-29,2026-09-29,SEP 2026
2026-09-17 12:50:00+05:30,NIFTY26SEPFUT,NSE:NIFTY26SEPFUT,23380.0,23390.0,23376.1,23385.6,8255.0,17730570.0,2026-09-29,2026-09-29,SEP 2026
2026-09-17 12:55:00+05:30,NIFTY26SEPFUT,NSE:NIFTY26SEPFUT,23385.6,23386.1,23377.0,23380.5,7215.0,17728165.0,2026-09-29,2026-09-29,SEP 2026
2026-09-17 13:00:00+05:30,NIFTY26SEPFUT,NSE:NIFTY26SEPFUT,23382.8,23389.0,23373.4,23373.4,9750.0,17729920.0,2026-09-29,2026-09-29,SEP 2026
2026-09-17 13:05:00+05:30,NIFTY26SEPFUT,NSE:NIFTY26SEPFUT,23373.4,23379.9,23370.0,23371.5,6110.0,17730050.0,2026-09-29,2026-09-29,SEP 2026
2026-09-17 13:10:00+05:30,NIFTY26SEPFUT,NSE:NIFTY26SEPFUT,23374.7,23378.9,23365.6,23365.6,4810.0,17728750.0,2026-09-29,2026-09-29,SEP 2026
2026-09-17 13:15:00+05:30,NIFTY26SEPFUT,NSE:NIFTY26SEPFUT,23365.5,23374.3,23359.5,23363.8,14040.0,17726475.0,2026-09-29,2026-09-29,SEP 2026
2026-09-17 13:20:00+05:30,NIFTY26SEPFUT,NSE:NIFTY26SEPFUT,23363.8,23370.0,23356.0,23356.0,12350.0,17728880.0,2026-09-29,2026-09-29,SEP 2026
2026-09-17 13:25:00+05:30,NIFTY26SEPFUT,NSE:NIFTY26SEPFUT,23356.0,23356.0,23302.0,23305.0,62790.0,17736420.0,2026-09-29,2026-09-29,SEP 2026
2026-09-17 13:30:00+05:30,NIFTY26SEPFUT,NSE:NIFTY26SEPFUT,23305.0,23310.0,23292.0,23300.0,46735.0,17749030.0,2026-09-29,2026-09-29,SEP 2026
2026-09-17 13:35:00+05:30,NIFTY26SEPFUT,NSE:NIFTY26SEPFUT,23298.6,23304.0,23281.3,23300.0,27170.0,17760275.0,2026-09-29,2026-09-29,SEP 2026
2026-09-17 13:40:00+05:30,NIFTY26SEPFUT,NSE:NIFTY26SEPFUT,23302.2,23319.0,23299.4,23307.1,25220.0,17765020.0,2026-09-29,2026-09-29,SEP 2026
2026-09-17 13:45:00+05:30,NIFTY26SEPFUT,NSE:NIFTY26SEPFUT,23307.1,23319.6,23300.0,23311.9,59085.0,17773275.0,2026-09-29,2026-09-29,SEP 2026
2026-09-17 13:50:00+05:30,NIFTY26SEPFUT,NSE:NIFTY26SEPFUT,23311.9,23315.9,23299.0,23310.0,15080.0,17770090.0,2026-09-29,2026-09-29,SEP 2026
2026-09-17 13:55:00+05:30,NIFTY26SEPFUT,NSE:NIFTY26SEPFUT,23310.0,23314.0,23305.0,23310.9,5070.0,17770675.0,2026-09-29,2026-09-29,SEP 2026
2026-09-17 14:00:00+05:30,NIFTY26SEPFUT,NSE:NIFTY26SEPFUT,23310.9,23313.9,23302.0,23310.9,4875.0,17772625.0,2026-09-29,2026-09-29,SEP 2026
2026-09-17 14:05:00+05:30,NIFTY26SEPFUT,NSE:NIFTY26SEPFUT,23310.9,23328.0,23304.2,23322.0,10335.0,17753840.0,2026-09-29,2026-09-29,SEP 2026
2026-09-17 14:10:00+05:30,NIFTY26SEPFUT,NSE:NIFTY26SEPFUT,23322.0,23325.0,23312.3,23319.6,12350.0,17759820.0,2026-09-29,2026-09-29,SEP 2026
2026-09-17 14:15:00+05:30,NIFTY26SEPFUT,NSE:NIFTY26SEPFUT,23320.0,23329.0,23303.0,23320.3,13520.0,17762485.0,2026-09-29,2026-09-29,SEP 2026
2026-09-17 14:20:00+05:30,NIFTY26SEPFUT,NSE:NIFTY26SEPFUT,23320.3,23337.2,23318.1,23324.4,19370.0,17754230.0,2026-09-29,2026-09-29,SEP 2026
2026-09-17 14:25:00+05:30,NIFTY26SEPFUT,NSE:NIFTY26SEPFUT,23324.0,23329.3,23303.0,23310.0,27820.0,17768075.0,2026-09-29,2026-09-29,SEP 2026
2026-09-17 14:30:00+05:30,NIFTY26SEPFUT,NSE:NIFTY26SEPFUT,23322.5,23327.1,23310.0,23316.7,25090.0,17775355.0,2026-09-29,2026-09-29,SEP 2026
2026-09-17 14:35:00+05:30,NIFTY26SEPFUT,NSE:NIFTY26SEPFUT,23316.7,23349.0,23307.1,23349.0,22880.0,17776785.0,2026-09-29,2026-09-29,SEP 2026
2026-09-17 14:40:00+05:30,NIFTY26SEPFUT,NSE:NIFTY26SEPFUT,23340.0,23344.5,23318.1,23320.0,10140.0,17779190.0,2026-09-29,2026-09-29,SEP 2026
2026-09-17 14:45:00+05:30,NIFTY26SEPFUT,NSE:NIFTY26SEPFUT,23320.0,23340.0,23318.0,23327.3,18655.0,17783285.0,2026-09-29,2026-09-29,SEP 2026
2026-09-17 14:50:00+05:30,NIFTY26SEPFUT,NSE:NIFTY26SEPFUT,23327.1,23339.0,23319.1,23332.8,14885.0,17789265.0,2026-09-29,2026-09-29,SEP 2026
2026-09-17 14:55:00+05:30,NIFTY26SEPFUT,NSE:NIFTY26SEPFUT,23319.2,23332.1,23310.0,23311.0,20865.0,17793230.0,2026-09-29,2026-09-29,SEP 2026
2026-09-17 15:00:00+05:30,NIFTY26SEPFUT,NSE:NIFTY26SEPFUT,23311.0,23328.0,23305.0,23318.5,25350.0,17801745.0,2026-09-29,2026-09-29,SEP 2026
2026-09-17 15:05:00+05:30,NIFTY26SEPFUT,NSE:NIFTY26SEPFUT,23318.1,23335.0,23314.5,23320.9,21060.0,17808895.0,2026-09-29,2026-09-29,SEP 2026
2026-09-17 15:10:00+05:30,NIFTY26SEPFUT,NSE:NIFTY26SEPFUT,23321.1,23340.0,23318.1,23329.9,23595.0,17816175.0,2026-09-29,2026-09-29,SEP 2026
2026-09-17 15:15:00+05:30,NIFTY26SEPFUT,NSE:NIFTY26SEPFUT,23329.4,23340.0,23325.5,23329.6,16640.0,17823650.0,2026-09-29,2026-09-29,SEP 2026
2026-09-17 15:20:00+05:30,NIFTY26SEPFUT,NSE:NIFTY26SEPFUT,23338.9,23338.9,23323.6,23330.8,31590.0,17830020.0,2026-09-29,2026-09-29,SEP 2026
2026-09-17 15:25:00+05:30,NIFTY26SEPFUT,NSE:NIFTY26SEPFUT,23330.0,23343.2,23323.7,23326.0,24830.0,17833205.0,2026-09-29,2026-09-29,SEP 2026
2026-09-17 15:30:00+05:30,NIFTY26SEPFUT,NSE:NIFTY26SEPFUT,23326.0,23335.0,23323.2,23329.6,37830.0,17834375.0,2026-09-29,2026-09-29,SEP 2026
2026-09-17 15:35:00+05:30,NIFTY26SEPFUT,NSE:NIFTY26SEPFUT,23331.0,23355.0,23329.5,23350.0,43485.0,17821830.0,2026-09-29,2026-09-29,SEP 2026
2026-09-18 09:15:00+05:30,NIFTY26SEPFUT,NSE:NIFTY26SEPFUT,23379.0,23380.0,23343.4,23350.0,65065.0,17673435.0,2026-09-29,2026-09-29,SEP 2026
2026-09-18 09:20:00+05:30,NIFTY26SEPFUT,NSE:NIFTY26SEPFUT,23355.0,23361.9,23332.0,23359.5,37895.0,17691245.0,2026-09-29,2026-09-29,SEP 2026
2026-09-18 09:25:00+05:30,NIFTY26SEPFUT,NSE:NIFTY26SEPFUT,23353.0,23357.8,23321.1,23326.6,28990.0,17705545.0,2026-09-29,2026-09-29,SEP 2026
2026-09-18 09:30:00+05:30,NIFTY26SEPFUT,NSE:NIFTY26SEPFUT,23331.1,23340.0,23312.6,23327.6,35815.0,17721795.0,2026-09-29,2026-09-29,SEP 2026
2026-09-18 09:35:00+05:30,NIFTY26SEPFUT,NSE:NIFTY26SEPFUT,23327.6,23349.9,23315.0,23337.2,13780.0,17725760.0,2026-09-29,2026-09-29,SEP 2026
2026-09-18 09:40:00+05:30,NIFTY26SEPFUT,NSE:NIFTY26SEPFUT,23337.2,23353.9,23330.0,23339.3,18395.0,17734210.0,2026-09-29,2026-09-29,SEP 2026
2026-09-18 09:45:00+05:30,NIFTY26SEPFUT,NSE:NIFTY26SEPFUT,23339.2,23348.3,23330.0,23332.0,13910.0,17741230.0,2026-09-29,2026-09-29,SEP 2026
2026-09-18 09:50:00+05:30,NIFTY26SEPFUT,NSE:NIFTY26SEPFUT,23332.0,23345.0,23330.0,23345.0,15470.0,17744480.0,2026-09-29,2026-09-29,SEP 2026
2026-09-18 09:55:00+05:30,NIFTY26SEPFUT,NSE:NIFTY26SEPFUT,23345.0,23358.0,23340.1,23345.8,16705.0,17747665.0,2026-09-29,2026-09-29,SEP 2026
2026-09-18 10:00:00+05:30,NIFTY26SEPFUT,NSE:NIFTY26SEPFUT,23346.1,23360.0,23344.0,23350.0,9945.0,17744220.0,2026-09-29,2026-09-29,SEP 2026
2026-09-18 10:05:00+05:30,NIFTY26SEPFUT,NSE:NIFTY26SEPFUT,23347.0,23359.0,23340.1,23352.5,6565.0,17744610.0,2026-09-29,2026-09-29,SEP 2026
2026-09-18 10:10:00+05:30,NIFTY26SEPFUT,NSE:NIFTY26SEPFUT,23351.9,23359.8,23345.8,23356.0,12675.0,17742920.0,2026-09-29,2026-09-29,SEP 2026
2026-09-18 10:15:00+05:30,NIFTY26SEPFUT,NSE:NIFTY26SEPFUT,23356.0,23357.0,23343.0,23349.0,5980.0,17743765.0,2026-09-29,2026-09-29,SEP 2026
2026-09-18 10:20:00+05:30,NIFTY26SEPFUT,NSE:NIFTY26SEPFUT,23349.0,23353.0,23330.0,23335.0,4745.0,17745520.0,2026-09-29,2026-09-29,SEP 2026
2026-09-18 10:25:00+05:30,NIFTY26SEPFUT,NSE:NIFTY26SEPFUT,23334.0,23340.0,23325.1,23333.1,11245.0,17748510.0,2026-09-29,2026-09-29,SEP 2026
2026-09-18 10:30:00+05:30,NIFTY26SEPFUT,NSE:NIFTY26SEPFUT,23340.0,23350.0,23325.0,23339.8,11180.0,17750720.0,2026-09-29,2026-09-29,SEP 2026
2026-09-18 10:35:00+05:30,NIFTY26SEPFUT,NSE:NIFTY26SEPFUT,23327.3,23341.4,23325.1,23335.0,10855.0,17751500.0,2026-09-29,2026-09-29,SEP 2026
2026-09-18 10:40:00+05:30,NIFTY26SEPFUT,NSE:NIFTY26SEPFUT,23330.0,23337.0,23320.1,23330.0,12870.0,17752280.0,2026-09-29,2026-09-29,SEP 2026
2026-09-18 10:45:00+05:30,NIFTY26SEPFUT,NSE:NIFTY26SEPFUT,23330.0,23338.0,23325.7,23330.0,5785.0,17752020.0,2026-09-29,2026-09-29,SEP 2026
2026-09-18 10:50:00+05:30,NIFTY26SEPFUT,NSE:NIFTY26SEPFUT,23329.0,23342.0,23326.0,23340.0,10205.0,17752280.0,2026-09-29,2026-09-29,SEP 2026
2026-09-18 10:55:00+05:30,NIFTY26SEPFUT,NSE:NIFTY26SEPFUT,23335.0,23340.0,23331.7,23335.0,8060.0,17750135.0,2026-09-29,2026-09-29,SEP 2026
2026-09-18 11:00:00+05:30,NIFTY26SEPFUT,NSE:NIFTY26SEPFUT,23335.0,23338.0,23323.0,23326.6,7150.0,17748055.0,2026-09-29,2026-09-29,SEP 2026
2026-09-18 11:05:00+05:30,NIFTY26SEPFUT,NSE:NIFTY26SEPFUT,23324.0,23332.0,23315.0,23332.0,7475.0,17750850.0,2026-09-29,2026-09-29,SEP 2026
2026-09-18 11:10:00+05:30,NIFTY26SEPFUT,NSE:NIFTY26SEPFUT,23332.0,23334.0,23323.0,23330.1,7085.0,17751305.0,2026-09-29,2026-09-29,SEP 2026
2026-09-18 11:15:00+05:30,NIFTY26SEPFUT,NSE:NIFTY26SEPFUT,23332.0,23332.0,23316.5,23325.0,4550.0,17751955.0,2026-09-29,2026-09-29,SEP 2026
2026-09-18 11:20:00+05:30,NIFTY26SEPFUT,NSE:NIFTY26SEPFUT,23316.3,23326.0,23316.3,23326.0,4550.0,17752605.0,2026-09-29,2026-09-29,SEP 2026
2026-09-18 11:25:00+05:30,NIFTY26SEPFUT,NSE:NIFTY26SEPFUT,23326.0,23326.0,23316.0,23316.0,6110.0,17757025.0,2026-09-29,2026-09-29,SEP 2026
2026-09-18 11:30:00+05:30,NIFTY26SEPFUT,NSE:NIFTY26SEPFUT,23317.0,23334.5,23314.1,23320.0,38350.0,17770350.0,2026-09-29,2026-09-29,SEP 2026
2026-09-18 11:35:00+05:30,NIFTY26SEPFUT,NSE:NIFTY26SEPFUT,23320.0,23326.0,23318.0,23324.0,8515.0,17774055.0,2026-09-29,2026-09-29,SEP 2026
2026-09-18 11:40:00+05:30,NIFTY26SEPFUT,NSE:NIFTY26SEPFUT,23324.0,23333.0,23321.5,23330.8,7085.0,17776395.0,2026-09-29,2026-09-29,SEP 2026
2026-09-18 11:45:00+05:30,NIFTY26SEPFUT,NSE:NIFTY26SEPFUT,23330.8,23335.0,23321.0,23332.7,4030.0,17776850.0,2026-09-29,2026-09-29,SEP 2026
2026-09-18 11:50:00+05:30,NIFTY26SEPFUT,NSE:NIFTY26SEPFUT,23332.7,23356.9,23330.1,23356.0,25350.0,17774510.0,2026-09-29,2026-09-29,SEP 2026
2026-09-18 11:55:00+05:30,NIFTY26SEPFUT,NSE:NIFTY26SEPFUT,23356.0,23358.0,23342.0,23345.0,6760.0,17773405.0,2026-09-29,2026-09-29,SEP 2026
2026-09-18 12:00:00+05:30,NIFTY26SEPFUT,NSE:NIFTY26SEPFUT,23345.0,23364.7,23345.0,23350.0,7280.0,17773925.0,2026-09-29,2026-09-29,SEP 2026
2026-09-18 12:05:00+05:30,NIFTY26SEPFUT,NSE:NIFTY26SEPFUT,23350.0,23351.1,23335.0,23340.6,5590.0,17775095.0,2026-09-29,2026-09-29,SEP 2026
2026-09-18 12:10:00+05:30,NIFTY26SEPFUT,NSE:NIFTY26SEPFUT,23340.6,23355.0,23337.2,23347.7,7475.0,17778800.0,2026-09-29,2026-09-29,SEP 2026
2026-09-18 12:15:00+05:30,NIFTY26SEPFUT,NSE:NIFTY26SEPFUT,23347.7,23354.0,23338.0,23340.0,8450.0,17783805.0,2026-09-29,2026-09-29,SEP 2026
2026-09-18 12:20:00+05:30,NIFTY26SEPFUT,NSE:NIFTY26SEPFUT,23340.0,23356.8,23337.1,23344.0,6955.0,17785040.0,2026-09-29,2026-09-29,SEP 2026
2026-09-18 12:25:00+05:30,NIFTY26SEPFUT,NSE:NIFTY26SEPFUT,23344.0,23357.0,23340.0,23354.7,5980.0,17786145.0,2026-09-29,2026-09-29,SEP 2026
2026-09-18 12:30:00+05:30,NIFTY26SEPFUT,NSE:NIFTY26SEPFUT,23354.5,23359.0,23347.0,23352.0,5460.0,17787250.0,2026-09-29,2026-09-29,SEP 2026
2026-09-18 12:35:00+05:30,NIFTY26SEPFUT,NSE:NIFTY26SEPFUT,23354.0,23366.0,23351.7,23352.0,14365.0,17784780.0,2026-09-29,2026-09-29,SEP 2026
2026-09-18 12:40:00+05:30,NIFTY26SEPFUT,NSE:NIFTY26SEPFUT,23352.0,23369.0,23352.0,23368.0,6565.0,17785235.0,2026-09-29,2026-09-29,SEP 2026
2026-09-18 12:45:00+05:30,NIFTY26SEPFUT,NSE:NIFTY26SEPFUT,23368.0,23368.0,23355.0,23355.0,6825.0,17785950.0,2026-09-29,2026-09-29,SEP 2026
2026-09-18 12:50:00+05:30,NIFTY26SEPFUT,NSE:NIFTY26SEPFUT,23356.0,23360.0,23351.0,23354.0,4485.0,17787250.0,2026-09-29,2026-09-29,SEP 2026
2026-09-18 12:55:00+05:30,NIFTY26SEPFUT,NSE:NIFTY26SEPFUT,23359.9,23364.9,23354.0,23364.0,4940.0,17787120.0,2026-09-29,2026-09-29,SEP 2026
2026-09-18 13:00:00+05:30,NIFTY26SEPFUT,NSE:NIFTY26SEPFUT,23363.0,23380.0,23360.1,23372.0,20800.0,17785690.0,2026-09-29,2026-09-29,SEP 2026
2026-09-18 13:05:00+05:30,NIFTY26SEPFUT,NSE:NIFTY26SEPFUT,23380.0,23380.0,23363.2,23375.0,8320.0,17780555.0,2026-09-29,2026-09-29,SEP 2026
2026-09-18 13:10:00+05:30,NIFTY26SEPFUT,NSE:NIFTY26SEPFUT,23375.0,23375.0,23363.1,23363.1,7280.0,17780750.0,2026-09-29,2026-09-29,SEP 2026
2026-09-18 13:15:00+05:30,NIFTY26SEPFUT,NSE:NIFTY26SEPFUT,23363.1,23368.5,23351.0,23351.0,20475.0,17781010.0,2026-09-29,2026-09-29,SEP 2026
2026-09-18 13:20:00+05:30,NIFTY26SEPFUT,NSE:NIFTY26SEPFUT,23351.6,23365.1,23351.0,23365.0,3705.0,17782115.0,2026-09-29,2026-09-29,SEP 2026
2026-09-18 13:25:00+05:30,NIFTY26SEPFUT,NSE:NIFTY26SEPFUT,23365.0,23365.0,23355.0,23360.0,6175.0,17780100.0,2026-09-29,2026-09-29,SEP 2026
2026-09-18 13:30:00+05:30,NIFTY26SEPFUT,NSE:NIFTY26SEPFUT,23360.0,23362.0,23351.0,23361.5,14495.0,17780360.0,2026-09-29,2026-09-29,SEP 2026
2026-09-18 13:35:00+05:30,NIFTY26SEPFUT,NSE:NIFTY26SEPFUT,23361.5,23361.5,23350.8,23360.2,6955.0,17782180.0,2026-09-29,2026-09-29,SEP 2026
2026-09-18 13:40:00+05:30,NIFTY26SEPFUT,NSE:NIFTY26SEPFUT,23360.2,23360.2,23332.0,23338.1,11115.0,17782700.0,2026-09-29,2026-09-29,SEP 2026
2026-09-18 13:45:00+05:30,NIFTY26SEPFUT,NSE:NIFTY26SEPFUT,23338.1,23352.0,23330.0,23345.1,25415.0,17789460.0,2026-09-29,2026-09-29,SEP 2026
2026-09-18 13:50:00+05:30,NIFTY26SEPFUT,NSE:NIFTY26SEPFUT,23342.5,23362.0,23342.5,23360.3,13910.0,17789005.0,2026-09-29,2026-09-29,SEP 2026
2026-09-18 13:55:00+05:30,NIFTY26SEPFUT,NSE:NIFTY26SEPFUT,23360.3,23365.1,23358.0,23358.0,16250.0,17786665.0,2026-09-29,2026-09-29,SEP 2026
2026-09-18 14:00:00+05:30,NIFTY26SEPFUT,NSE:NIFTY26SEPFUT,23358.0,23366.9,23353.7,23366.9,5460.0,17783220.0,2026-09-29,2026-09-29,SEP 2026
2026-09-18 14:05:00+05:30,NIFTY26SEPFUT,NSE:NIFTY26SEPFUT,23365.0,23384.4,23365.0,23380.0,39195.0,17780815.0,2026-09-29,2026-09-29,SEP 2026
2026-09-18 14:10:00+05:30,NIFTY26SEPFUT,NSE:NIFTY26SEPFUT,23382.7,23387.4,23365.0,23365.0,33345.0,17782700.0,2026-09-29,2026-09-29,SEP 2026
2026-09-18 14:15:00+05:30,NIFTY26SEPFUT,NSE:NIFTY26SEPFUT,23366.3,23383.4,23366.3,23376.0,14885.0,17783805.0,2026-09-29,2026-09-29,SEP 2026
2026-09-18 14:20:00+05:30,NIFTY26SEPFUT,NSE:NIFTY26SEPFUT,23376.0,23386.9,23376.0,23381.1,12350.0,17785560.0,2026-09-29,2026-09-29,SEP 2026
2026-09-18 14:25:00+05:30,NIFTY26SEPFUT,NSE:NIFTY26SEPFUT,23380.0,23396.0,23372.0,23391.0,19890.0,17777630.0,2026-09-29,2026-09-29,SEP 2026
2026-09-18 14:30:00+05:30,NIFTY26SEPFUT,NSE:NIFTY26SEPFUT,23393.3,23410.5,23390.0,23402.3,57460.0,17759235.0,2026-09-29,2026-09-29,SEP 2026
2026-09-18 14:35:00+05:30,NIFTY26SEPFUT,NSE:NIFTY26SEPFUT,23402.3,23402.3,23390.0,23397.1,132210.0,17757220.0,2026-09-29,2026-09-29,SEP 2026
2026-09-18 14:40:00+05:30,NIFTY26SEPFUT,NSE:NIFTY26SEPFUT,23396.5,23396.5,23380.2,23380.2,30680.0,17756505.0,2026-09-29,2026-09-29,SEP 2026
2026-09-18 14:45:00+05:30,NIFTY26SEPFUT,NSE:NIFTY26SEPFUT,23380.2,23398.0,23380.2,23393.7,22555.0,17762225.0,2026-09-29,2026-09-29,SEP 2026
2026-09-18 14:50:00+05:30,NIFTY26SEPFUT,NSE:NIFTY26SEPFUT,23395.0,23420.0,23393.7,23411.2,59605.0,17751500.0,2026-09-29,2026-09-29,SEP 2026
2026-09-18 14:55:00+05:30,NIFTY26SEPFUT,NSE:NIFTY26SEPFUT,23410.0,23416.5,23395.0,23410.0,34775.0,17754945.0,2026-09-29,2026-09-29,SEP 2026
2026-09-18 15:00:00+05:30,NIFTY26SEPFUT,NSE:NIFTY26SEPFUT,23413.0,23413.0,23386.2,23398.0,21580.0,17753060.0,2026-09-29,2026-09-29,SEP 2026
2026-09-18 15:05:00+05:30,NIFTY26SEPFUT,NSE:NIFTY26SEPFUT,23390.0,23398.8,23380.0,23380.0,18590.0,17750915.0,2026-09-29,2026-09-29,SEP 2026
2026-09-18 15:10:00+05:30,NIFTY26SEPFUT,NSE:NIFTY26SEPFUT,23380.0,23390.1,23373.9,23384.9,83395.0,17726930.0,2026-09-29,2026-09-29,SEP 2026
2026-09-18 15:15:00+05:30,NIFTY26SEPFUT,NSE:NIFTY26SEPFUT,23381.0,23388.4,23372.0,23372.0,41470.0,17707365.0,2026-09-29,2026-09-29,SEP 2026
2026-09-18 15:20:00+05:30,NIFTY26SEPFUT,NSE:NIFTY26SEPFUT,23372.0,23380.0,23367.0,23368.9,51220.0,17705350.0,2026-09-29,2026-09-29,SEP 2026
2026-09-18 15:25:00+05:30,NIFTY26SEPFUT,NSE:NIFTY26SEPFUT,23368.8,23388.0,23366.7,23385.0,54925.0,17692415.0,2026-09-29,2026-09-29,SEP 2026
2026-09-18 15:30:00+05:30,NIFTY26SEPFUT,NSE:NIFTY26SEPFUT,23385.0,23386.1,23371.8,23372.5,20670.0,17672070.0,2026-09-29,2026-09-29,SEP 2026
2026-09-18 15:35:00+05:30,NIFTY26SEPFUT,NSE:NIFTY26SEPFUT,23375.0,23382.6,23371.3,23380.0,29965.0,17670380.0,2026-09-29,2026-09-29,SEP 2026
2026-09-21 09:15:00+05:30,NIFTY26SEPFUT,NSE:NIFTY26SEPFUT,23365.5,23400.0,23360.0,23395.0,68055.0,17431960.0,2026-09-29,2026-09-29,SEP 2026
2026-09-21 09:20:00+05:30,NIFTY26SEPFUT,NSE:NIFTY26SEPFUT,23395.0,23400.9,23385.4,23390.0,24180.0,17428905.0,2026-09-29,2026-09-29,SEP 2026
2026-09-21 09:25:00+05:30,NIFTY26SEPFUT,NSE:NIFTY26SEPFUT,23390.0,23415.0,23385.0,23410.5,47905.0,17431960.0,2026-09-29,2026-09-29,SEP 2026
2026-09-21 09:30:00+05:30,NIFTY26SEPFUT,NSE:NIFTY26SEPFUT,23411.3,23415.0,23401.0,23405.1,27365.0,17432480.0,2026-09-29,2026-09-29,SEP 2026
2026-09-21 09:35:00+05:30,NIFTY26SEPFUT,NSE:NIFTY26SEPFUT,23410.0,23420.0,23397.1,23400.3,31005.0,17421950.0,2026-09-29,2026-09-29,SEP 2026
2026-09-21 09:40:00+05:30,NIFTY26SEPFUT,NSE:NIFTY26SEPFUT,23402.0,23405.0,23391.0,23399.1,14170.0,17420910.0,2026-09-29,2026-09-29,SEP 2026
2026-09-21 09:45:00+05:30,NIFTY26SEPFUT,NSE:NIFTY26SEPFUT,23405.0,23415.2,23400.0,23414.9,14755.0,17419220.0,2026-09-29,2026-09-29,SEP 2026
2026-09-21 09:50:00+05:30,NIFTY26SEPFUT,NSE:NIFTY26SEPFUT,23414.9,23417.6,23401.7,23406.0,11895.0,17419675.0,2026-09-29,2026-09-29,SEP 2026
2026-09-21 09:55:00+05:30,NIFTY26SEPFUT,NSE:NIFTY26SEPFUT,23406.0,23412.0,23397.4,23401.2,16835.0,17419155.0,2026-09-29,2026-09-29,SEP 2026
2026-09-21 10:00:00+05:30,NIFTY26SEPFUT,NSE:NIFTY26SEPFUT,23404.0,23408.0,23382.0,23393.0,15405.0,17412850.0,2026-09-29,2026-09-29,SEP 2026
2026-09-21 10:05:00+05:30,NIFTY26SEPFUT,NSE:NIFTY26SEPFUT,23392.9,23392.9,23381.3,23390.0,19175.0,17422145.0,2026-09-29,2026-09-29,SEP 2026
2026-09-21 10:10:00+05:30,NIFTY26SEPFUT,NSE:NIFTY26SEPFUT,23389.9,23404.2,23382.0,23382.0,16900.0,17429555.0,2026-09-29,2026-09-29,SEP 2026
2026-09-21 10:15:00+05:30,NIFTY26SEPFUT,NSE:NIFTY26SEPFUT,23382.0,23396.6,23380.0,23382.4,11505.0,17429100.0,2026-09-29,2026-09-29,SEP 2026
2026-09-21 10:20:00+05:30,NIFTY26SEPFUT,NSE:NIFTY26SEPFUT,23382.4,23395.0,23380.0,23391.2,13975.0,17429035.0,2026-09-29,2026-09-29,SEP 2026
2026-09-21 10:25:00+05:30,NIFTY26SEPFUT,NSE:NIFTY26SEPFUT,23391.2,23391.2,23375.0,23384.0,16185.0,17433975.0,2026-09-29,2026-09-29,SEP 2026
2026-09-21 10:30:00+05:30,NIFTY26SEPFUT,NSE:NIFTY26SEPFUT,23384.1,23391.5,23375.0,23376.0,26910.0,17424355.0,2026-09-29,2026-09-29,SEP 2026
2026-09-21 10:35:00+05:30,NIFTY26SEPFUT,NSE:NIFTY26SEPFUT,23376.0,23386.7,23375.1,23385.5,9295.0,17423770.0,2026-09-29,2026-09-29,SEP 2026
2026-09-21 10:40:00+05:30,NIFTY26SEPFUT,NSE:NIFTY26SEPFUT,23385.5,23392.0,23376.0,23385.1,5200.0,17422600.0,2026-09-29,2026-09-29,SEP 2026
2026-09-21 10:45:00+05:30,NIFTY26SEPFUT,NSE:NIFTY26SEPFUT,23390.0,23400.0,23383.0,23387.4,9295.0,17422860.0,2026-09-29,2026-09-29,SEP 2026
2026-09-21 10:50:00+05:30,NIFTY26SEPFUT,NSE:NIFTY26SEPFUT,23394.8,23399.9,23387.4,23393.1,5525.0,17423315.0,2026-09-29,2026-09-29,SEP 2026
2026-09-21 10:55:00+05:30,NIFTY26SEPFUT,NSE:NIFTY26SEPFUT,23393.1,23400.0,23390.0,23399.8,9165.0,17423120.0,2026-09-29,2026-09-29,SEP 2026
2026-09-21 11:00:00+05:30,NIFTY26SEPFUT,NSE:NIFTY26SEPFUT,23400.0,23405.0,23392.5,23405.0,10465.0,17420000.0,2026-09-29,2026-09-29,SEP 2026
2026-09-21 11:05:00+05:30,NIFTY26SEPFUT,NSE:NIFTY26SEPFUT,23396.2,23409.0,23396.2,23405.0,36075.0,17396470.0,2026-09-29,2026-09-29,SEP 2026
2026-09-21 11:10:00+05:30,NIFTY26SEPFUT,NSE:NIFTY26SEPFUT,23405.0,23411.0,23402.7,23407.0,12350.0,17390945.0,2026-09-29,2026-09-29,SEP 2026
2026-09-21 11:15:00+05:30,NIFTY26SEPFUT,NSE:NIFTY26SEPFUT,23407.0,23412.1,23395.0,23400.0,9490.0,17387435.0,2026-09-29,2026-09-29,SEP 2026
2026-09-21 11:20:00+05:30,NIFTY26SEPFUT,NSE:NIFTY26SEPFUT,23395.9,23412.0,23393.2,23401.8,9620.0,17387630.0,2026-09-29,2026-09-29,SEP 2026
2026-09-21 11:25:00+05:30,NIFTY26SEPFUT,NSE:NIFTY26SEPFUT,23401.8,23412.0,23400.4,23412.0,4160.0,17387435.0,2026-09-29,2026-09-29,SEP 2026
2026-09-21 11:30:00+05:30,NIFTY26SEPFUT,NSE:NIFTY26SEPFUT,23411.0,23415.0,23402.3,23414.7,8125.0,17388215.0,2026-09-29,2026-09-29,SEP 2026
2026-09-21 11:35:00+05:30,NIFTY26SEPFUT,NSE:NIFTY26SEPFUT,23414.7,23414.7,23405.0,23405.0,8320.0,17386200.0,2026-09-29,2026-09-29,SEP 2026
2026-09-21 11:40:00+05:30,NIFTY26SEPFUT,NSE:NIFTY26SEPFUT,23405.0,23415.0,23401.3,23412.4,4810.0,17385810.0,2026-09-29,2026-09-29,SEP 2026
2026-09-21 11:45:00+05:30,NIFTY26SEPFUT,NSE:NIFTY26SEPFUT,23412.4,23415.0,23401.8,23404.8,7345.0,17386265.0,2026-09-29,2026-09-29,SEP 2026
2026-09-21 11:50:00+05:30,NIFTY26SEPFUT,NSE:NIFTY26SEPFUT,23410.0,23427.0,23404.8,23423.9,38220.0,17380220.0,2026-09-29,2026-09-29,SEP 2026
2026-09-21 11:55:00+05:30,NIFTY26SEPFUT,NSE:NIFTY26SEPFUT,23422.5,23435.0,23420.9,23428.6,39130.0,17344600.0,2026-09-29,2026-09-29,SEP 2026
2026-09-21 12:00:00+05:30,NIFTY26SEPFUT,NSE:NIFTY26SEPFUT,23433.3,23439.9,23421.0,23428.2,23855.0,17348695.0,2026-09-29,2026-09-29,SEP 2026
2026-09-21 12:05:00+05:30,NIFTY26SEPFUT,NSE:NIFTY26SEPFUT,23428.2,23433.3,23421.0,23422.7,26780.0,17358510.0,2026-09-29,2026-09-29,SEP 2026
2026-09-21 12:10:00+05:30,NIFTY26SEPFUT,NSE:NIFTY26SEPFUT,23422.7,23436.1,23421.0,23425.3,42510.0,17361045.0,2026-09-29,2026-09-29,SEP 2026
2026-09-21 12:15:00+05:30,NIFTY26SEPFUT,NSE:NIFTY26SEPFUT,23437.2,23437.2,23422.1,23432.0,11635.0,17359160.0,2026-09-29,2026-09-29,SEP 2026
2026-09-21 12:20:00+05:30,NIFTY26SEPFUT,NSE:NIFTY26SEPFUT,23432.0,23434.9,23417.8,23422.8,10530.0,17361240.0,2026-09-29,2026-09-29,SEP 2026
2026-09-21 12:25:00+05:30,NIFTY26SEPFUT,NSE:NIFTY26SEPFUT,23422.8,23430.9,23418.8,23430.9,11700.0,17358055.0,2026-09-29,2026-09-29,SEP 2026
2026-09-21 12:30:00+05:30,NIFTY26SEPFUT,NSE:NIFTY26SEPFUT,23431.0,23436.6,23420.2,23428.9,18070.0,17357275.0,2026-09-29,2026-09-29,SEP 2026
2026-09-21 12:35:00+05:30,NIFTY26SEPFUT,NSE:NIFTY26SEPFUT,23430.0,23431.9,23418.4,23420.3,13520.0,17353440.0,2026-09-29,2026-09-29,SEP 2026
2026-09-21 12:40:00+05:30,NIFTY26SEPFUT,NSE:NIFTY26SEPFUT,23420.3,23429.9,23416.0,23426.0,11050.0,17350905.0,2026-09-29,2026-09-29,SEP 2026
2026-09-21 12:45:00+05:30,NIFTY26SEPFUT,NSE:NIFTY26SEPFUT,23422.1,23429.9,23416.1,23420.9,7280.0,17351815.0,2026-09-29,2026-09-29,SEP 2026
2026-09-21 12:50:00+05:30,NIFTY26SEPFUT,NSE:NIFTY26SEPFUT,23421.0,23428.9,23416.5,23420.0,5720.0,17349865.0,2026-09-29,2026-09-29,SEP 2026
2026-09-21 12:55:00+05:30,NIFTY26SEPFUT,NSE:NIFTY26SEPFUT,23420.0,23429.0,23416.8,23427.2,10530.0,17351555.0,2026-09-29,2026-09-29,SEP 2026
2026-09-21 13:00:00+05:30,NIFTY26SEPFUT,NSE:NIFTY26SEPFUT,23427.2,23429.0,23412.3,23420.7,9100.0,17350125.0,2026-09-29,2026-09-29,SEP 2026
2026-09-21 13:05:00+05:30,NIFTY26SEPFUT,NSE:NIFTY26SEPFUT,23412.0,23423.4,23406.0,23410.0,30355.0,17356885.0,2026-09-29,2026-09-29,SEP 2026
2026-09-21 13:10:00+05:30,NIFTY26SEPFUT,NSE:NIFTY26SEPFUT,23410.0,23419.7,23405.0,23415.1,15730.0,17307875.0,2026-09-29,2026-09-29,SEP 2026
2026-09-21 13:15:00+05:30,NIFTY26SEPFUT,NSE:NIFTY26SEPFUT,23415.5,23434.5,23409.2,23430.6,28015.0,17311385.0,2026-09-29,2026-09-29,SEP 2026
2026-09-21 13:20:00+05:30,NIFTY26SEPFUT,NSE:NIFTY26SEPFUT,23430.4,23440.0,23426.0,23435.0,18655.0,17307095.0,2026-09-29,2026-09-29,SEP 2026
2026-09-21 13:25:00+05:30,NIFTY26SEPFUT,NSE:NIFTY26SEPFUT,23435.3,23438.6,23427.2,23437.0,8710.0,17307875.0,2026-09-29,2026-09-29,SEP 2026
2026-09-21 13:30:00+05:30,NIFTY26SEPFUT,NSE:NIFTY26SEPFUT,23437.0,23442.0,23427.8,23437.5,12805.0,17306705.0,2026-09-29,2026-09-29,SEP 2026
2026-09-21 13:35:00+05:30,NIFTY26SEPFUT,NSE:NIFTY26SEPFUT,23440.1,23442.0,23435.0,23438.9,19955.0,17302480.0,2026-09-29,2026-09-29,SEP 2026
2026-09-21 13:40:00+05:30,NIFTY26SEPFUT,NSE:NIFTY26SEPFUT,23435.5,23439.0,23426.7,23435.0,10140.0,17303715.0,2026-09-29,2026-09-29,SEP 2026
2026-09-21 13:45:00+05:30,NIFTY26SEPFUT,NSE:NIFTY26SEPFUT,23432.3,23438.7,23428.8,23438.7,7085.0,17304625.0,2026-09-29,2026-09-29,SEP 2026
2026-09-21 13:50:00+05:30,NIFTY26SEPFUT,NSE:NIFTY26SEPFUT,23432.5,23444.0,23432.5,23439.7,19760.0,17298970.0,2026-09-29,2026-09-29,SEP 2026
2026-09-21 13:55:00+05:30,NIFTY26SEPFUT,NSE:NIFTY26SEPFUT,23442.0,23475.0,23438.0,23467.7,90415.0,17287140.0,2026-09-29,2026-09-29,SEP 2026
2026-09-21 14:00:00+05:30,NIFTY26SEPFUT,NSE:NIFTY26SEPFUT,23467.6,23474.0,23456.0,23460.5,30810.0,17277130.0,2026-09-29,2026-09-29,SEP 2026
2026-09-21 14:05:00+05:30,NIFTY26SEPFUT,NSE:NIFTY26SEPFUT,23460.0,23465.0,23450.9,23453.3,13650.0,17276805.0,2026-09-29,2026-09-29,SEP 2026
2026-09-21 14:10:00+05:30,NIFTY26SEPFUT,NSE:NIFTY26SEPFUT,23453.3,23459.0,23450.7,23451.9,17745.0,17281290.0,2026-09-29,2026-09-29,SEP 2026
2026-09-21 14:15:00+05:30,NIFTY26SEPFUT,NSE:NIFTY26SEPFUT,23451.9,23460.0,23451.2,23459.1,18590.0,17271475.0,2026-09-29,2026-09-29,SEP 2026
2026-09-21 14:20:00+05:30,NIFTY26SEPFUT,NSE:NIFTY26SEPFUT,23460.0,23469.5,23454.8,23457.1,24310.0,17267510.0,2026-09-29,2026-09-29,SEP 2026
2026-09-21 14:25:00+05:30,NIFTY26SEPFUT,NSE:NIFTY26SEPFUT,23457.0,23462.8,23451.0,23459.0,27170.0,17262505.0,2026-09-29,2026-09-29,SEP 2026
2026-09-21 14:30:00+05:30,NIFTY26SEPFUT,NSE:NIFTY26SEPFUT,23451.4,23458.0,23441.4,23446.0,19435.0,17263935.0,2026-09-29,2026-09-29,SEP 2026
2026-09-21 14:35:00+05:30,NIFTY26SEPFUT,NSE:NIFTY26SEPFUT,23447.0,23459.5,23442.9,23450.2,10660.0,17262570.0,2026-09-29,2026-09-29,SEP 2026
2026-09-21 14:40:00+05:30,NIFTY26SEPFUT,NSE:NIFTY26SEPFUT,23451.4,23460.0,23449.9,23455.0,12155.0,17262050.0,2026-09-29,2026-09-29,SEP 2026
2026-09-21 14:45:00+05:30,NIFTY26SEPFUT,NSE:NIFTY26SEPFUT,23453.5,23459.8,23449.3,23450.9,11245.0,17228640.0,2026-09-29,2026-09-29,SEP 2026
2026-09-21 14:50:00+05:30,NIFTY26SEPFUT,NSE:NIFTY26SEPFUT,23453.9,23459.8,23448.6,23450.6,9945.0,17227925.0,2026-09-29,2026-09-29,SEP 2026
2026-09-21 14:55:00+05:30,NIFTY26SEPFUT,NSE:NIFTY26SEPFUT,23453.0,23457.9,23444.1,23453.9,25935.0,17227535.0,2026-09-29,2026-09-29,SEP 2026
2026-09-21 15:00:00+05:30,NIFTY26SEPFUT,NSE:NIFTY26SEPFUT,23447.0,23453.5,23443.0,23449.9,18460.0,17227210.0,2026-09-29,2026-09-29,SEP 2026
2026-09-21 15:05:00+05:30,NIFTY26SEPFUT,NSE:NIFTY26SEPFUT,23449.7,23453.0,23443.0,23450.4,49010.0,17235400.0,2026-09-29,2026-09-29,SEP 2026
2026-09-21 15:10:00+05:30,NIFTY26SEPFUT,NSE:NIFTY26SEPFUT,23449.5,23451.4,23441.0,23446.3,43420.0,17242810.0,2026-09-29,2026-09-29,SEP 2026
2026-09-21 15:15:00+05:30,NIFTY26SEPFUT,NSE:NIFTY26SEPFUT,23446.3,23455.0,23440.1,23450.0,58825.0,17250610.0,2026-09-29,2026-09-29,SEP 2026
2026-09-21 15:20:00+05:30,NIFTY26SEPFUT,NSE:NIFTY26SEPFUT,23445.8,23455.3,23440.1,23450.4,30680.0,17247035.0,2026-09-29,2026-09-29,SEP 2026
2026-09-21 15:25:00+05:30,NIFTY26SEPFUT,NSE:NIFTY26SEPFUT,23449.5,23449.8,23437.0,23441.0,71955.0,17274660.0,2026-09-29,2026-09-29,SEP 2026
2026-09-21 15:30:00+05:30,NIFTY26SEPFUT,NSE:NIFTY26SEPFUT,23442.0,23450.0,23440.0,23445.5,28860.0,17243525.0,2026-09-29,2026-09-29,SEP 2026
2026-09-21 15:35:00+05:30,NIFTY26SEPFUT,NSE:NIFTY26SEPFUT,23445.5,23450.0,23443.0,23450.0,37830.0,17242810.0,2026-09-29,2026-09-29,SEP 2026
2026-09-22 09:15:00+05:30,NIFTY26SEPFUT,NSE:NIFTY26SEPFUT,23456.0,23477.6,23437.5,23450.0,67405.0,16905590.0,2026-09-29,2026-09-29,SEP 2026
2026-09-22 09:20:00+05:30,NIFTY26SEPFUT,NSE:NIFTY26SEPFUT,23445.0,23460.0,23438.8,23449.2,40235.0,16905460.0,2026-09-29,2026-09-29,SEP 2026
2026-09-22 09:25:00+05:30,NIFTY26SEPFUT,NSE:NIFTY26SEPFUT,23456.0,23458.5,23435.6,23458.5,52520.0,16908645.0,2026-09-29,2026-09-29,SEP 2026
2026-09-22 09:30:00+05:30,NIFTY26SEPFUT,NSE:NIFTY26SEPFUT,23458.5,23460.5,23440.0,23450.0,44915.0,16903380.0,2026-09-29,2026-09-29,SEP 2026
2026-09-22 09:35:00+05:30,NIFTY26SEPFUT,NSE:NIFTY26SEPFUT,23450.0,23460.0,23439.8,23459.0,24245.0,16904615.0,2026-09-29,2026-09-29,SEP 2026
2026-09-22 09:40:00+05:30,NIFTY26SEPFUT,NSE:NIFTY26SEPFUT,23456.3,23470.0,23450.2,23469.9,52260.0,16905135.0,2026-09-29,2026-09-29,SEP 2026
2026-09-22 09:45:00+05:30,NIFTY26SEPFUT,NSE:NIFTY26SEPFUT,23469.9,23475.0,23460.0,23464.5,52585.0,16910140.0,2026-09-29,2026-09-29,SEP 2026
2026-09-22 09:50:00+05:30,NIFTY26SEPFUT,NSE:NIFTY26SEPFUT,23466.6,23472.0,23456.3,23465.5,26130.0,16906890.0,2026-09-29,2026-09-29,SEP 2026
2026-09-22 09:55:00+05:30,NIFTY26SEPFUT,NSE:NIFTY26SEPFUT,23464.4,23468.0,23453.4,23458.0,17680.0,16908775.0,2026-09-29,2026-09-29,SEP 2026
2026-09-22 10:00:00+05:30,NIFTY26SEPFUT,NSE:NIFTY26SEPFUT,23458.0,23473.0,23458.0,23466.0,15405.0,16906500.0,2026-09-29,2026-09-29,SEP 2026
2026-09-22 10:05:00+05:30,NIFTY26SEPFUT,NSE:NIFTY26SEPFUT,23466.0,23474.5,23460.1,23469.3,41405.0,16898830.0,2026-09-29,2026-09-29,SEP 2026
2026-09-22 10:10:00+05:30,NIFTY26SEPFUT,NSE:NIFTY26SEPFUT,23469.3,23474.8,23462.3,23471.9,18590.0,16906370.0,2026-09-29,2026-09-29,SEP 2026
2026-09-22 10:15:00+05:30,NIFTY26SEPFUT,NSE:NIFTY26SEPFUT,23471.9,23472.9,23461.0,23465.0,18265.0,16904875.0,2026-09-29,2026-09-29,SEP 2026
2026-09-22 10:20:00+05:30,NIFTY26SEPFUT,NSE:NIFTY26SEPFUT,23465.0,23470.0,23445.0,23456.9,31915.0,16915340.0,2026-09-29,2026-09-29,SEP 2026
2026-09-22 10:25:00+05:30,NIFTY26SEPFUT,NSE:NIFTY26SEPFUT,23456.9,23456.9,23442.2,23446.7,21190.0,16914885.0,2026-09-29,2026-09-29,SEP 2026
2026-09-22 10:30:00+05:30,NIFTY26SEPFUT,NSE:NIFTY26SEPFUT,23452.9,23454.0,23421.1,23426.4,86710.0,16951675.0,2026-09-29,2026-09-29,SEP 2026
2026-09-22 10:35:00+05:30,NIFTY26SEPFUT,NSE:NIFTY26SEPFUT,23425.0,23435.0,23411.3,23412.7,57850.0,16968445.0,2026-09-29,2026-09-29,SEP 2026
2026-09-22 10:40:00+05:30,NIFTY26SEPFUT,NSE:NIFTY26SEPFUT,23411.8,23425.0,23369.9,23385.4,100685.0,16979690.0,2026-09-29,2026-09-29,SEP 2026
2026-09-22 10:45:00+05:30,NIFTY26SEPFUT,NSE:NIFTY26SEPFUT,23385.4,23400.3,23379.6,23387.0,54275.0,16969745.0,2026-09-29,2026-09-29,SEP 2026
2026-09-22 10:50:00+05:30,NIFTY26SEPFUT,NSE:NIFTY26SEPFUT,23385.0,23395.0,23375.0,23385.8,40235.0,16980340.0,2026-09-29,2026-09-29,SEP 2026
2026-09-22 10:55:00+05:30,NIFTY26SEPFUT,NSE:NIFTY26SEPFUT,23384.9,23406.1,23382.9,23400.2,38350.0,16985735.0,2026-09-29,2026-09-29,SEP 2026
2026-09-22 11:00:00+05:30,NIFTY26SEPFUT,NSE:NIFTY26SEPFUT,23400.2,23405.0,23383.9,23390.0,24765.0,16986255.0,2026-09-29,2026-09-29,SEP 2026
2026-09-22 11:05:00+05:30,NIFTY26SEPFUT,NSE:NIFTY26SEPFUT,23390.0,23398.8,23381.0,23396.4,18460.0,16912545.0,2026-09-29,2026-09-29,SEP 2026
2026-09-22 11:10:00+05:30,NIFTY26SEPFUT,NSE:NIFTY26SEPFUT,23390.5,23410.0,23390.1,23410.0,14885.0,16913585.0,2026-09-29,2026-09-29,SEP 2026
2026-09-22 11:15:00+05:30,NIFTY26SEPFUT,NSE:NIFTY26SEPFUT,23410.0,23413.2,23396.0,23397.0,21320.0,16915730.0,2026-09-29,2026-09-29,SEP 2026
2026-09-22 11:20:00+05:30,NIFTY26SEPFUT,NSE:NIFTY26SEPFUT,23400.0,23415.0,23395.5,23410.0,11310.0,16918850.0,2026-09-29,2026-09-29,SEP 2026
2026-09-22 11:25:00+05:30,NIFTY26SEPFUT,NSE:NIFTY26SEPFUT,23410.0,23417.0,23402.3,23403.0,17225.0,16916250.0,2026-09-29,2026-09-29,SEP 2026
2026-09-22 11:30:00+05:30,NIFTY26SEPFUT,NSE:NIFTY26SEPFUT,23405.0,23405.0,23385.2,23390.0,13130.0,16918850.0,2026-09-29,2026-09-29,SEP 2026
2026-09-22 11:35:00+05:30,NIFTY26SEPFUT,NSE:NIFTY26SEPFUT,23388.7,23394.1,23376.4,23378.3,16640.0,16919760.0,2026-09-29,2026-09-29,SEP 2026
2026-09-22 11:40:00+05:30,NIFTY26SEPFUT,NSE:NIFTY26SEPFUT,23378.3,23387.9,23376.0,23384.0,7410.0,16919565.0,2026-09-29,2026-09-29,SEP 2026
2026-09-22 11:45:00+05:30,NIFTY26SEPFUT,NSE:NIFTY26SEPFUT,23377.3,23384.0,23360.0,23372.0,56680.0,16929705.0,2026-09-29,2026-09-29,SEP 2026
2026-09-22 11:50:00+05:30,NIFTY26SEPFUT,NSE:NIFTY26SEPFUT,23372.0,23374.9,23360.5,23364.1,35100.0,16932565.0,2026-09-29,2026-09-29,SEP 2026
2026-09-22 11:55:00+05:30,NIFTY26SEPFUT,NSE:NIFTY26SEPFUT,23364.9,23368.7,23351.5,23366.0,29640.0,16931655.0,2026-09-29,2026-09-29,SEP 2026
2026-09-22 12:00:00+05:30,NIFTY26SEPFUT,NSE:NIFTY26SEPFUT,23364.0,23377.7,23361.3,23377.7,18785.0,16932825.0,2026-09-29,2026-09-29,SEP 2026
2026-09-22 12:05:00+05:30,NIFTY26SEPFUT,NSE:NIFTY26SEPFUT,23376.1,23380.0,23364.8,23379.8,10205.0,16934515.0,2026-09-29,2026-09-29,SEP 2026
2026-09-22 12:10:00+05:30,NIFTY26SEPFUT,NSE:NIFTY26SEPFUT,23376.0,23380.0,23360.1,23374.7,21905.0,16935685.0,2026-09-29,2026-09-29,SEP 2026
2026-09-22 12:15:00+05:30,NIFTY26SEPFUT,NSE:NIFTY26SEPFUT,23360.2,23385.7,23354.4,23375.1,43940.0,16934905.0,2026-09-29,2026-09-29,SEP 2026
2026-09-22 12:20:00+05:30,NIFTY26SEPFUT,NSE:NIFTY26SEPFUT,23381.0,23386.5,23372.6,23380.0,10660.0,16935620.0,2026-09-29,2026-09-29,SEP 2026
2026-09-22 12:25:00+05:30,NIFTY26SEPFUT,NSE:NIFTY26SEPFUT,23380.0,23383.6,23370.2,23380.5,8255.0,16870685.0,2026-09-29,2026-09-29,SEP 2026
2026-09-22 12:30:00+05:30,NIFTY26SEPFUT,NSE:NIFTY26SEPFUT,23372.1,23378.8,23366.2,23378.0,10140.0,16855800.0,2026-09-29,2026-09-29,SEP 2026
2026-09-22 12:35:00+05:30,NIFTY26SEPFUT,NSE:NIFTY26SEPFUT,23378.0,23381.9,23365.6,23376.0,4095.0,16855930.0,2026-09-29,2026-09-29,SEP 2026
2026-09-22 12:40:00+05:30,NIFTY26SEPFUT,NSE:NIFTY26SEPFUT,23375.0,23377.0,23364.5,23365.0,8580.0,16858660.0,2026-09-29,2026-09-29,SEP 2026
2026-09-22 12:45:00+05:30,NIFTY26SEPFUT,NSE:NIFTY26SEPFUT,23361.3,23370.3,23352.5,23354.6,30550.0,16870360.0,2026-09-29,2026-09-29,SEP 2026
2026-09-22 12:50:00+05:30,NIFTY26SEPFUT,NSE:NIFTY26SEPFUT,23353.8,23363.7,23345.0,23357.8,51350.0,16884010.0,2026-09-29,2026-09-29,SEP 2026
2026-09-22 12:55:00+05:30,NIFTY26SEPFUT,NSE:NIFTY26SEPFUT,23347.1,23359.8,23341.0,23346.3,37115.0,16893305.0,2026-09-29,2026-09-29,SEP 2026
2026-09-22 13:00:00+05:30,NIFTY26SEPFUT,NSE:NIFTY26SEPFUT,23346.3,23357.9,23335.6,23340.3,81445.0,16934515.0,2026-09-29,2026-09-29,SEP 2026
2026-09-22 13:05:00+05:30,NIFTY26SEPFUT,NSE:NIFTY26SEPFUT,23340.4,23362.9,23340.3,23354.0,31590.0,16956680.0,2026-09-29,2026-09-29,SEP 2026
2026-09-22 13:10:00+05:30,NIFTY26SEPFUT,NSE:NIFTY26SEPFUT,23354.0,23365.0,23347.0,23351.4,27950.0,16965130.0,2026-09-29,2026-09-29,SEP 2026
2026-09-22 13:15:00+05:30,NIFTY26SEPFUT,NSE:NIFTY26SEPFUT,23350.2,23367.9,23340.1,23358.9,20540.0,16971695.0,2026-09-29,2026-09-29,SEP 2026
2026-09-22 13:20:00+05:30,NIFTY26SEPFUT,NSE:NIFTY26SEPFUT,23347.2,23358.0,23340.0,23350.0,16380.0,16976700.0,2026-09-29,2026-09-29,SEP 2026
2026-09-22 13:25:00+05:30,NIFTY26SEPFUT,NSE:NIFTY26SEPFUT,23350.1,23353.2,23342.0,23347.9,13650.0,16980795.0,2026-09-29,2026-09-29,SEP 2026
2026-09-22 13:30:00+05:30,NIFTY26SEPFUT,NSE:NIFTY26SEPFUT,23347.9,23363.7,23347.9,23359.9,11050.0,16984760.0,2026-09-29,2026-09-29,SEP 2026
2026-09-22 13:35:00+05:30,NIFTY26SEPFUT,NSE:NIFTY26SEPFUT,23354.5,23363.0,23351.0,23351.9,9100.0,16989505.0,2026-09-29,2026-09-29,SEP 2026
2026-09-22 13:40:00+05:30,NIFTY26SEPFUT,NSE:NIFTY26SEPFUT,23355.0,23368.3,23346.0,23346.0,19045.0,16999125.0,2026-09-29,2026-09-29,SEP 2026
2026-09-22 13:45:00+05:30,NIFTY26SEPFUT,NSE:NIFTY26SEPFUT,23355.0,23355.0,23327.4,23340.0,26715.0,17009850.0,2026-09-29,2026-09-29,SEP 2026
2026-09-22 13:50:00+05:30,NIFTY26SEPFUT,NSE:NIFTY26SEPFUT,23340.0,23344.9,23305.0,23308.0,55770.0,17021355.0,2026-09-29,2026-09-29,SEP 2026
2026-09-22 13:55:00+05:30,NIFTY26SEPFUT,NSE:NIFTY26SEPFUT,23310.0,23329.0,23305.0,23315.9,21905.0,17024735.0,2026-09-29,2026-09-29,SEP 2026
2026-09-22 14:00:00+05:30,NIFTY26SEPFUT,NSE:NIFTY26SEPFUT,23315.9,23315.9,23286.0,23314.0,41145.0,17032990.0,2026-09-29,2026-09-29,SEP 2026
2026-09-22 14:05:00+05:30,NIFTY26SEPFUT,NSE:NIFTY26SEPFUT,23312.0,23319.9,23300.0,23312.4,22815.0,17041700.0,2026-09-29,2026-09-29,SEP 2026
2026-09-22 14:10:00+05:30,NIFTY26SEPFUT,NSE:NIFTY26SEPFUT,23312.4,23399.4,23312.0,23399.0,65910.0,16825965.0,2026-09-29,2026-09-29,SEP 2026
2026-09-22 14:15:00+05:30,NIFTY26SEPFUT,NSE:NIFTY26SEPFUT,23390.3,23419.3,23373.5,23397.0,89570.0,16803475.0,2026-09-29,2026-09-29,SEP 2026
2026-09-22 14:20:00+05:30,NIFTY26SEPFUT,NSE:NIFTY26SEPFUT,23405.0,23423.5,23390.1,23394.1,72995.0,16824600.0,2026-09-29,2026-09-29,SEP 2026
2026-09-22 14:25:00+05:30,NIFTY26SEPFUT,NSE:NIFTY26SEPFUT,23390.3,23416.0,23390.3,23401.0,29575.0,16829930.0,2026-09-29,2026-09-29,SEP 2026
2026-09-22 14:30:00+05:30,NIFTY26SEPFUT,NSE:NIFTY26SEPFUT,23400.5,23416.9,23383.9,23392.7,46540.0,16850925.0,2026-09-29,2026-09-29,SEP 2026
2026-09-22 14:35:00+05:30,NIFTY26SEPFUT,NSE:NIFTY26SEPFUT,23386.0,23411.8,23386.0,23390.0,38285.0,16851380.0,2026-09-29,2026-09-29,SEP 2026
2026-09-22 14:40:00+05:30,NIFTY26SEPFUT,NSE:NIFTY26SEPFUT,23390.0,23400.0,23367.0,23377.0,37440.0,16822910.0,2026-09-29,2026-09-29,SEP 2026
2026-09-22 14:45:00+05:30,NIFTY26SEPFUT,NSE:NIFTY26SEPFUT,23376.6,23396.9,23375.0,23383.2,26195.0,16821415.0,2026-09-29,2026-09-29,SEP 2026
2026-09-22 14:50:00+05:30,NIFTY26SEPFUT,NSE:NIFTY26SEPFUT,23377.0,23394.0,23374.1,23380.2,34515.0,16832270.0,2026-09-29,2026-09-29,SEP 2026
2026-09-22 14:55:00+05:30,NIFTY26SEPFUT,NSE:NIFTY26SEPFUT,23380.2,23392.9,23361.8,23366.8,192140.0,16997435.0,2026-09-29,2026-09-29,SEP 2026
2026-09-22 15:00:00+05:30,NIFTY26SEPFUT,NSE:NIFTY26SEPFUT,23374.0,23381.8,23359.4,23368.3,152945.0,17130230.0,2026-09-29,2026-09-29,SEP 2026
2026-09-22 15:05:00+05:30,NIFTY26SEPFUT,NSE:NIFTY26SEPFUT,23379.8,23380.0,23365.4,23376.0,20085.0,17130360.0,2026-09-29,2026-09-29,SEP 2026
2026-09-22 15:10:00+05:30,NIFTY26SEPFUT,NSE:NIFTY26SEPFUT,23368.2,23388.8,23366.3,23377.2,30225.0,16991910.0,2026-09-29,2026-09-29,SEP 2026
2026-09-22 15:15:00+05:30,NIFTY26SEPFUT,NSE:NIFTY26SEPFUT,23377.2,23387.0,23370.0,23385.0,35620.0,16997045.0,2026-09-29,2026-09-29,SEP 2026
2026-09-22 15:20:00+05:30,NIFTY26SEPFUT,NSE:NIFTY26SEPFUT,23385.0,23394.0,23369.0,23390.0,21515.0,16999645.0,2026-09-29,2026-09-29,SEP 2026
2026-09-22 15:25:00+05:30,NIFTY26SEPFUT,NSE:NIFTY26SEPFUT,23388.1,23399.9,23384.1,23399.4,41535.0,16996980.0,2026-09-29,2026-09-29,SEP 2026
2026-09-22 15:30:00+05:30,NIFTY26SEPFUT,NSE:NIFTY26SEPFUT,23399.2,23400.5,23391.2,23398.0,44980.0,17002830.0,2026-09-29,2026-09-29,SEP 2026
2026-09-22 15:35:00+05:30,NIFTY26SEPFUT,NSE:NIFTY26SEPFUT,23398.0,23415.0,23397.1,23410.0,71890.0,17013555.0,2026-09-29,2026-09-29,SEP 2026
2026-09-23 09:15:00+05:30,NIFTY26SEPFUT,NSE:NIFTY26SEPFUT,23381.0,23425.0,23374.0,23423.0,81705.0,16276845.0,2026-09-29,2026-09-29,SEP 2026
2026-09-23 09:20:00+05:30,NIFTY26SEPFUT,NSE:NIFTY26SEPFUT,23425.0,23439.0,23414.5,23420.0,73060.0,16275090.0,2026-09-29,2026-09-29,SEP 2026
2026-09-23 09:25:00+05:30,NIFTY26SEPFUT,NSE:NIFTY26SEPFUT,23425.0,23425.0,23391.0,23391.0,40625.0,16263325.0,2026-09-29,2026-09-29,SEP 2026
2026-09-23 09:30:00+05:30,NIFTY26SEPFUT,NSE:NIFTY26SEPFUT,23395.1,23406.6,23392.0,23401.9,39000.0,16254940.0,2026-09-29,2026-09-29,SEP 2026
2026-09-23 09:35:00+05:30,NIFTY26SEPFUT,NSE:NIFTY26SEPFUT,23405.4,23410.0,23390.2,23397.5,35100.0,16258320.0,2026-09-29,2026-09-29,SEP 2026
2026-09-23 09:40:00+05:30,NIFTY26SEPFUT,NSE:NIFTY26SEPFUT,23397.0,23410.0,23397.0,23400.8,23205.0,16252275.0,2026-09-29,2026-09-29,SEP 2026
2026-09-23 09:45:00+05:30,NIFTY26SEPFUT,NSE:NIFTY26SEPFUT,23410.0,23413.0,23385.0,23401.5,23855.0,16256305.0,2026-09-29,2026-09-29,SEP 2026
2026-09-23 09:50:00+05:30,NIFTY26SEPFUT,NSE:NIFTY26SEPFUT,23388.2,23395.0,23371.0,23375.6,22945.0,16261895.0,2026-09-29,2026-09-29,SEP 2026
2026-09-23 09:55:00+05:30,NIFTY26SEPFUT,NSE:NIFTY26SEPFUT,23380.0,23403.5,23375.0,23403.5,19370.0,16266250.0,2026-09-29,2026-09-29,SEP 2026
2026-09-23 10:00:00+05:30,NIFTY26SEPFUT,NSE:NIFTY26SEPFUT,23403.5,23412.0,23397.6,23401.3,13845.0,16269045.0,2026-09-29,2026-09-29,SEP 2026
2026-09-23 10:05:00+05:30,NIFTY26SEPFUT,NSE:NIFTY26SEPFUT,23401.3,23412.0,23392.2,23392.2,13520.0,16271190.0,2026-09-29,2026-09-29,SEP 2026
2026-09-23 10:10:00+05:30,NIFTY26SEPFUT,NSE:NIFTY26SEPFUT,23392.0,23402.1,23381.0,23390.0,15730.0,16269565.0,2026-09-29,2026-09-29,SEP 2026
2026-09-23 10:15:00+05:30,NIFTY26SEPFUT,NSE:NIFTY26SEPFUT,23390.0,23428.0,23390.0,23422.0,22230.0,16265080.0,2026-09-29,2026-09-29,SEP 2026
2026-09-23 10:20:00+05:30,NIFTY26SEPFUT,NSE:NIFTY26SEPFUT,23422.0,23432.0,23418.0,23422.7,28600.0,16259425.0,2026-09-29,2026-09-29,SEP 2026
2026-09-23 10:25:00+05:30,NIFTY26SEPFUT,NSE:NIFTY26SEPFUT,23422.7,23429.0,23412.7,23429.0,27040.0,16256500.0,2026-09-29,2026-09-29,SEP 2026
2026-09-23 10:30:00+05:30,NIFTY26SEPFUT,NSE:NIFTY26SEPFUT,23429.0,23432.0,23423.3,23423.5,21775.0,16258060.0,2026-09-29,2026-09-29,SEP 2026
2026-09-23 10:35:00+05:30,NIFTY26SEPFUT,NSE:NIFTY26SEPFUT,23425.5,23449.9,23416.5,23432.0,66300.0,16241810.0,2026-09-29,2026-09-29,SEP 2026
2026-09-23 10:40:00+05:30,NIFTY26SEPFUT,NSE:NIFTY26SEPFUT,23432.0,23436.9,23425.3,23436.9,13585.0,16241615.0,2026-09-29,2026-09-29,SEP 2026
2026-09-23 10:45:00+05:30,NIFTY26SEPFUT,NSE:NIFTY26SEPFUT,23438.0,23445.0,23432.1,23435.7,26065.0,16242330.0,2026-09-29,2026-09-29,SEP 2026
2026-09-23 10:50:00+05:30,NIFTY26SEPFUT,NSE:NIFTY26SEPFUT,23437.1,23443.0,23432.0,23434.1,18265.0,16240705.0,2026-09-29,2026-09-29,SEP 2026
2026-09-23 10:55:00+05:30,NIFTY26SEPFUT,NSE:NIFTY26SEPFUT,23438.4,23446.0,23432.5,23432.5,22360.0,16242655.0,2026-09-29,2026-09-29,SEP 2026
2026-09-23 11:00:00+05:30,NIFTY26SEPFUT,NSE:NIFTY26SEPFUT,23434.6,23441.9,23431.1,23433.6,11570.0,16244150.0,2026-09-29,2026-09-29,SEP 2026
2026-09-23 11:05:00+05:30,NIFTY26SEPFUT,NSE:NIFTY26SEPFUT,23433.6,23452.1,23433.6,23448.0,32110.0,16243760.0,2026-09-29,2026-09-29,SEP 2026
2026-09-23 11:10:00+05:30,NIFTY26SEPFUT,NSE:NIFTY26SEPFUT,23448.0,23455.0,23442.8,23450.2,14625.0,16244670.0,2026-09-29,2026-09-29,SEP 2026
2026-09-23 11:15:00+05:30,NIFTY26SEPFUT,NSE:NIFTY26SEPFUT,23450.1,23453.8,23431.1,23432.0,18980.0,16240510.0,2026-09-29,2026-09-29,SEP 2026
2026-09-23 11:20:00+05:30,NIFTY26SEPFUT,NSE:NIFTY26SEPFUT,23436.0,23448.0,23432.0,23441.2,14885.0,16239340.0,2026-09-29,2026-09-29,SEP 2026
2026-09-23 11:25:00+05:30,NIFTY26SEPFUT,NSE:NIFTY26SEPFUT,23441.2,23449.0,23439.0,23442.3,9750.0,16241355.0,2026-09-29,2026-09-29,SEP 2026
2026-09-23 11:30:00+05:30,NIFTY26SEPFUT,NSE:NIFTY26SEPFUT,23442.0,23460.0,23442.0,23450.5,26195.0,16238495.0,2026-09-29,2026-09-29,SEP 2026
2026-09-23 11:35:00+05:30,NIFTY26SEPFUT,NSE:NIFTY26SEPFUT,23450.0,23455.0,23445.1,23446.9,13520.0,16237390.0,2026-09-29,2026-09-29,SEP 2026
2026-09-23 11:40:00+05:30,NIFTY26SEPFUT,NSE:NIFTY26SEPFUT,23447.9,23452.3,23444.6,23447.5,22490.0,16234725.0,2026-09-29,2026-09-29,SEP 2026
2026-09-23 11:45:00+05:30,NIFTY26SEPFUT,NSE:NIFTY26SEPFUT,23449.9,23460.6,23446.1,23450.6,17680.0,16232710.0,2026-09-29,2026-09-29,SEP 2026
2026-09-23 11:50:00+05:30,NIFTY26SEPFUT,NSE:NIFTY26SEPFUT,23450.6,23453.1,23440.0,23443.3,12870.0,16227705.0,2026-09-29,2026-09-29,SEP 2026
2026-09-23 11:55:00+05:30,NIFTY26SEPFUT,NSE:NIFTY26SEPFUT,23447.0,23448.9,23440.2,23448.0,18200.0,16217890.0,2026-09-29,2026-09-29,SEP 2026
2026-09-23 12:00:00+05:30,NIFTY26SEPFUT,NSE:NIFTY26SEPFUT,23448.0,23469.2,23444.9,23468.0,35425.0,16190460.0,2026-09-29,2026-09-29,SEP 2026
2026-09-23 12:05:00+05:30,NIFTY26SEPFUT,NSE:NIFTY26SEPFUT,23468.0,23480.0,23463.3,23467.0,52390.0,16180255.0,2026-09-29,2026-09-29,SEP 2026
2026-09-23 12:10:00+05:30,NIFTY26SEPFUT,NSE:NIFTY26SEPFUT,23467.0,23484.0,23467.0,23482.0,29445.0,16169985.0,2026-09-29,2026-09-29,SEP 2026
2026-09-23 12:15:00+05:30,NIFTY26SEPFUT,NSE:NIFTY26SEPFUT,23482.0,23482.8,23470.0,23479.9,16510.0,16150290.0,2026-09-29,2026-09-29,SEP 2026
2026-09-23 12:20:00+05:30,NIFTY26SEPFUT,NSE:NIFTY26SEPFUT,23479.9,23484.1,23467.0,23469.0,40820.0,16127150.0,2026-09-29,2026-09-29,SEP 2026
2026-09-23 12:25:00+05:30,NIFTY26SEPFUT,NSE:NIFTY26SEPFUT,23469.0,23470.0,23461.1,23464.0,14105.0,16123575.0,2026-09-29,2026-09-29,SEP 2026
2026-09-23 12:30:00+05:30,NIFTY26SEPFUT,NSE:NIFTY26SEPFUT,23466.9,23469.0,23457.2,23463.5,26910.0,16123510.0,2026-09-29,2026-09-29,SEP 2026
2026-09-23 12:35:00+05:30,NIFTY26SEPFUT,NSE:NIFTY26SEPFUT,23463.5,23470.0,23461.0,23463.0,6045.0,16120390.0,2026-09-29,2026-09-29,SEP 2026
2026-09-23 12:40:00+05:30,NIFTY26SEPFUT,NSE:NIFTY26SEPFUT,23463.0,23471.0,23463.0,23463.8,7735.0,16120065.0,2026-09-29,2026-09-29,SEP 2026
2026-09-23 12:45:00+05:30,NIFTY26SEPFUT,NSE:NIFTY26SEPFUT,23463.8,23469.0,23453.3,23464.0,10985.0,16116620.0,2026-09-29,2026-09-29,SEP 2026
2026-09-23 12:50:00+05:30,NIFTY26SEPFUT,NSE:NIFTY26SEPFUT,23464.0,23470.0,23455.0,23456.0,9100.0,16115645.0,2026-09-29,2026-09-29,SEP 2026
2026-09-23 12:55:00+05:30,NIFTY26SEPFUT,NSE:NIFTY26SEPFUT,23455.0,23466.6,23450.4,23466.6,9295.0,16110900.0,2026-09-29,2026-09-29,SEP 2026
2026-09-23 13:00:00+05:30,NIFTY26SEPFUT,NSE:NIFTY26SEPFUT,23464.1,23475.0,23463.8,23467.6,13910.0,16110705.0,2026-09-29,2026-09-29,SEP 2026
2026-09-23 13:05:00+05:30,NIFTY26SEPFUT,NSE:NIFTY26SEPFUT,23466.1,23477.2,23463.5,23463.5,14040.0,16109990.0,2026-09-29,2026-09-29,SEP 2026
2026-09-23 13:10:00+05:30,NIFTY26SEPFUT,NSE:NIFTY26SEPFUT,23463.5,23469.7,23456.1,23459.9,9035.0,16108430.0,2026-09-29,2026-09-29,SEP 2026
2026-09-23 13:15:00+05:30,NIFTY26SEPFUT,NSE:NIFTY26SEPFUT,23459.9,23468.0,23458.7,23467.0,7475.0,16109990.0,2026-09-29,2026-09-29,SEP 2026
2026-09-23 13:20:00+05:30,NIFTY26SEPFUT,NSE:NIFTY26SEPFUT,23467.0,23469.9,23462.1,23467.9,33345.0,16114670.0,2026-09-29,2026-09-29,SEP 2026
2026-09-23 13:25:00+05:30,NIFTY26SEPFUT,NSE:NIFTY26SEPFUT,23467.9,23470.0,23450.5,23450.5,12220.0,16099135.0,2026-09-29,2026-09-29,SEP 2026
2026-09-23 13:30:00+05:30,NIFTY26SEPFUT,NSE:NIFTY26SEPFUT,23450.5,23460.0,23440.0,23440.0,34775.0,16096730.0,2026-09-29,2026-09-29,SEP 2026
2026-09-23 13:35:00+05:30,NIFTY26SEPFUT,NSE:NIFTY26SEPFUT,23440.0,23452.3,23432.0,23441.8,19240.0,16100825.0,2026-09-29,2026-09-29,SEP 2026
2026-09-23 13:40:00+05:30,NIFTY26SEPFUT,NSE:NIFTY26SEPFUT,23441.3,23457.2,23440.8,23453.2,7735.0,16100955.0,2026-09-29,2026-09-29,SEP 2026
2026-09-23 13:45:00+05:30,NIFTY26SEPFUT,NSE:NIFTY26SEPFUT,23453.2,23453.4,23445.0,23447.0,9100.0,16101995.0,2026-09-29,2026-09-29,SEP 2026
2026-09-23 13:50:00+05:30,NIFTY26SEPFUT,NSE:NIFTY26SEPFUT,23450.0,23452.9,23440.0,23444.5,18525.0,16106805.0,2026-09-29,2026-09-29,SEP 2026
2026-09-23 13:55:00+05:30,NIFTY26SEPFUT,NSE:NIFTY26SEPFUT,23443.6,23449.9,23440.0,23442.6,7995.0,16109600.0,2026-09-29,2026-09-29,SEP 2026
2026-09-23 14:00:00+05:30,NIFTY26SEPFUT,NSE:NIFTY26SEPFUT,23442.4,23458.8,23442.4,23452.6,12870.0,16112330.0,2026-09-29,2026-09-29,SEP 2026
2026-09-23 14:05:00+05:30,NIFTY26SEPFUT,NSE:NIFTY26SEPFUT,23453.0,23465.0,23453.0,23465.0,17225.0,16116425.0,2026-09-29,2026-09-29,SEP 2026
2026-09-23 14:10:00+05:30,NIFTY26SEPFUT,NSE:NIFTY26SEPFUT,23463.3,23475.0,23459.6,23469.0,34905.0,16123185.0,2026-09-29,2026-09-29,SEP 2026
2026-09-23 14:15:00+05:30,NIFTY26SEPFUT,NSE:NIFTY26SEPFUT,23467.5,23470.0,23460.5,23462.2,10205.0,16120910.0,2026-09-29,2026-09-29,SEP 2026
2026-09-23 14:20:00+05:30,NIFTY26SEPFUT,NSE:NIFTY26SEPFUT,23462.2,23470.0,23457.9,23470.0,12415.0,16105635.0,2026-09-29,2026-09-29,SEP 2026
2026-09-23 14:25:00+05:30,NIFTY26SEPFUT,NSE:NIFTY26SEPFUT,23470.0,23484.0,23463.0,23477.7,59930.0,16111095.0,2026-09-29,2026-09-29,SEP 2026
2026-09-23 14:30:00+05:30,NIFTY26SEPFUT,NSE:NIFTY26SEPFUT,23481.2,23484.0,23460.0,23468.3,13260.0,16128905.0,2026-09-29,2026-09-29,SEP 2026
2026-09-23 14:35:00+05:30,NIFTY26SEPFUT,NSE:NIFTY26SEPFUT,23468.3,23468.3,23449.0,23451.4,12610.0,16131505.0,2026-09-29,2026-09-29,SEP 2026
2026-09-23 14:40:00+05:30,NIFTY26SEPFUT,NSE:NIFTY26SEPFUT,23457.0,23457.1,23443.2,23451.1,28015.0,16131245.0,2026-09-29,2026-09-29,SEP 2026
2026-09-23 14:45:00+05:30,NIFTY26SEPFUT,NSE:NIFTY26SEPFUT,23451.1,23459.0,23439.0,23448.6,52390.0,16148470.0,2026-09-29,2026-09-29,SEP 2026
2026-09-23 14:50:00+05:30,NIFTY26SEPFUT,NSE:NIFTY26SEPFUT,23448.4,23459.5,23438.0,23455.0,38675.0,16158090.0,2026-09-29,2026-09-29,SEP 2026
2026-09-23 14:55:00+05:30,NIFTY26SEPFUT,NSE:NIFTY26SEPFUT,23451.0,23455.0,23435.3,23441.4,40950.0,16168100.0,2026-09-29,2026-09-29,SEP 2026
2026-09-23 15:00:00+05:30,NIFTY26SEPFUT,NSE:NIFTY26SEPFUT,23441.1,23450.0,23430.1,23433.5,35230.0,16174665.0,2026-09-29,2026-09-29,SEP 2026
2026-09-23 15:05:00+05:30,NIFTY26SEPFUT,NSE:NIFTY26SEPFUT,23434.0,23445.0,23434.0,23443.9,17355.0,16175380.0,2026-09-29,2026-09-29,SEP 2026
2026-09-23 15:10:00+05:30,NIFTY26SEPFUT,NSE:NIFTY26SEPFUT,23440.0,23447.0,23438.0,23445.0,16705.0,16175640.0,2026-09-29,2026-09-29,SEP 2026
2026-09-23 15:15:00+05:30,NIFTY26SEPFUT,NSE:NIFTY26SEPFUT,23445.0,23452.5,23442.4,23449.5,15275.0,16179605.0,2026-09-29,2026-09-29,SEP 2026
2026-09-23 15:20:00+05:30,NIFTY26SEPFUT,NSE:NIFTY26SEPFUT,23452.0,23455.2,23447.0,23451.9,15210.0,16184415.0,2026-09-29,2026-09-29,SEP 2026
2026-09-23 15:25:00+05:30,NIFTY26SEPFUT,NSE:NIFTY26SEPFUT,23455.0,23456.5,23446.2,23450.1,12285.0,16186040.0,2026-09-29,2026-09-29,SEP 2026
2026-09-23 15:30:00+05:30,NIFTY26SEPFUT,NSE:NIFTY26SEPFUT,23453.0,23454.5,23445.6,23454.4,16380.0,16187015.0,2026-09-29,2026-09-29,SEP 2026
2026-09-23 15:35:00+05:30,NIFTY26SEPFUT,NSE:NIFTY26SEPFUT,23454.6,23459.9,23449.3,23455.0,19435.0,16185845.0,2026-09-29,2026-09-29,SEP 2026
2026-09-24 09:15:00+05:30,NIFTY26SEPFUT,NSE:NIFTY26SEPFUT,23288.0,23319.8,23248.2,23248.2,293345.0,15563535.0,2026-09-29,2026-09-29,SEP 2026
2026-09-24 09:20:00+05:30,NIFTY26SEPFUT,NSE:NIFTY26SEPFUT,23247.7,23274.9,23244.0,23262.0,92495.0,15597075.0,2026-09-29,2026-09-29,SEP 2026
2026-09-24 09:25:00+05:30,NIFTY26SEPFUT,NSE:NIFTY26SEPFUT,23264.0,23268.0,23251.5,23265.0,41730.0,15602795.0,2026-09-29,2026-09-29,SEP 2026
2026-09-24 09:30:00+05:30,NIFTY26SEPFUT,NSE:NIFTY26SEPFUT,23263.9,23274.3,23257.8,23261.1,50245.0,15599090.0,2026-09-29,2026-09-29,SEP 2026
2026-09-24 09:35:00+05:30,NIFTY26SEPFUT,NSE:NIFTY26SEPFUT,23260.0,23269.9,23247.5,23250.0,59215.0,15618980.0,2026-09-29,2026-09-29,SEP 2026
2026-09-24 09:40:00+05:30,NIFTY26SEPFUT,NSE:NIFTY26SEPFUT,23247.5,23250.0,23232.0,23233.0,73320.0,15655055.0,2026-09-29,2026-09-29,SEP 2026
2026-09-24 09:45:00+05:30,NIFTY26SEPFUT,NSE:NIFTY26SEPFUT,23235.0,23248.0,23222.2,23243.2,91130.0,15667665.0,2026-09-29,2026-09-29,SEP 2026
2026-09-24 09:50:00+05:30,NIFTY26SEPFUT,NSE:NIFTY26SEPFUT,23243.1,23250.0,23229.7,23238.9,71760.0,15655250.0,2026-09-29,2026-09-29,SEP 2026
2026-09-24 09:55:00+05:30,NIFTY26SEPFUT,NSE:NIFTY26SEPFUT,23228.5,23244.6,23221.4,23242.0,53755.0,15645890.0,2026-09-29,2026-09-29,SEP 2026
2026-09-24 10:00:00+05:30,NIFTY26SEPFUT,NSE:NIFTY26SEPFUT,23234.2,23257.2,23234.0,23244.2,36400.0,15631590.0,2026-09-29,2026-09-29,SEP 2026
2026-09-24 10:05:00+05:30,NIFTY26SEPFUT,NSE:NIFTY26SEPFUT,23249.0,23260.0,23236.0,23260.0,27040.0,15632305.0,2026-09-29,2026-09-29,SEP 2026
2026-09-24 10:10:00+05:30,NIFTY26SEPFUT,NSE:NIFTY26SEPFUT,23253.0,23260.0,23228.5,23229.5,66885.0,15621320.0,2026-09-29,2026-09-29,SEP 2026
2026-09-24 10:15:00+05:30,NIFTY26SEPFUT,NSE:NIFTY26SEPFUT,23240.0,23240.0,23212.0,23232.4,69290.0,15614690.0,2026-09-29,2026-09-29,SEP 2026
2026-09-24 10:20:00+05:30,NIFTY26SEPFUT,NSE:NIFTY26SEPFUT,23232.4,23239.8,23211.0,23229.9,55575.0,15632370.0,2026-09-29,2026-09-29,SEP 2026
2026-09-24 10:25:00+05:30,NIFTY26SEPFUT,NSE:NIFTY26SEPFUT,23225.2,23234.9,23217.6,23231.1,39715.0,15638025.0,2026-09-29,2026-09-29,SEP 2026
2026-09-24 10:30:00+05:30,NIFTY26SEPFUT,NSE:NIFTY26SEPFUT,23231.1,23249.8,23225.1,23248.0,51480.0,15639975.0,2026-09-29,2026-09-29,SEP 2026
2026-09-24 10:35:00+05:30,NIFTY26SEPFUT,NSE:NIFTY26SEPFUT,23248.0,23252.4,23234.0,23244.3,32305.0,15630290.0,2026-09-29,2026-09-29,SEP 2026
2026-09-24 10:40:00+05:30,NIFTY26SEPFUT,NSE:NIFTY26SEPFUT,23244.3,23254.0,23226.0,23241.0,50830.0,15622815.0,2026-09-29,2026-09-29,SEP 2026
2026-09-24 10:45:00+05:30,NIFTY26SEPFUT,NSE:NIFTY26SEPFUT,23241.0,23250.0,23233.7,23249.0,116935.0,15634645.0,2026-09-29,2026-09-29,SEP 2026
2026-09-24 10:50:00+05:30,NIFTY26SEPFUT,NSE:NIFTY26SEPFUT,23249.0,23263.8,23237.9,23260.0,31850.0,15639000.0,2026-09-29,2026-09-29,SEP 2026
2026-09-24 10:55:00+05:30,NIFTY26SEPFUT,NSE:NIFTY26SEPFUT,23260.0,23264.9,23250.1,23261.9,48165.0,15603835.0,2026-09-29,2026-09-29,SEP 2026
2026-09-24 11:00:00+05:30,NIFTY26SEPFUT,NSE:NIFTY26SEPFUT,23261.9,23264.8,23246.0,23253.9,41535.0,15610075.0,2026-09-29,2026-09-29,SEP 2026
2026-09-24 11:05:00+05:30,NIFTY26SEPFUT,NSE:NIFTY26SEPFUT,23259.8,23261.0,23236.5,23243.4,26260.0,15610465.0,2026-09-29,2026-09-29,SEP 2026
2026-09-24 11:10:00+05:30,NIFTY26SEPFUT,NSE:NIFTY26SEPFUT,23243.4,23254.7,23224.0,23228.5,35685.0,15601755.0,2026-09-29,2026-09-29,SEP 2026
2026-09-24 11:15:00+05:30,NIFTY26SEPFUT,NSE:NIFTY26SEPFUT,23228.0,23256.2,23223.1,23256.2,68835.0,15600000.0,2026-09-29,2026-09-29,SEP 2026
2026-09-24 11:20:00+05:30,NIFTY26SEPFUT,NSE:NIFTY26SEPFUT,23256.2,23256.6,23225.1,23229.0,35490.0,15599740.0,2026-09-29,2026-09-29,SEP 2026
2026-09-24 11:25:00+05:30,NIFTY26SEPFUT,NSE:NIFTY26SEPFUT,23229.0,23240.0,23221.0,23233.2,30290.0,15600585.0,2026-09-29,2026-09-29,SEP 2026
2026-09-24 11:30:00+05:30,NIFTY26SEPFUT,NSE:NIFTY26SEPFUT,23233.2,23234.1,23218.0,23223.3,33410.0,15604680.0,2026-09-29,2026-09-29,SEP 2026
2026-09-24 11:35:00+05:30,NIFTY26SEPFUT,NSE:NIFTY26SEPFUT,23223.3,23235.0,23220.0,23234.9,29835.0,15588040.0,2026-09-29,2026-09-29,SEP 2026
2026-09-24 11:40:00+05:30,NIFTY26SEPFUT,NSE:NIFTY26SEPFUT,23234.9,23236.0,23224.7,23228.0,20345.0,15591550.0,2026-09-29,2026-09-29,SEP 2026
2026-09-24 11:45:00+05:30,NIFTY26SEPFUT,NSE:NIFTY26SEPFUT,23228.0,23238.0,23224.0,23224.0,27235.0,15596620.0,2026-09-29,2026-09-29,SEP 2026
2026-09-24 11:50:00+05:30,NIFTY26SEPFUT,NSE:NIFTY26SEPFUT,23224.0,23235.0,23219.9,23222.1,21905.0,15594410.0,2026-09-29,2026-09-29,SEP 2026
2026-09-24 11:55:00+05:30,NIFTY26SEPFUT,NSE:NIFTY26SEPFUT,23222.1,23228.0,23203.2,23216.8,60255.0,15593500.0,2026-09-29,2026-09-29,SEP 2026
2026-09-24 12:00:00+05:30,NIFTY26SEPFUT,NSE:NIFTY26SEPFUT,23218.2,23235.0,23210.0,23221.6,46540.0,15588170.0,2026-09-29,2026-09-29,SEP 2026
2026-09-24 12:05:00+05:30,NIFTY26SEPFUT,NSE:NIFTY26SEPFUT,23225.6,23235.0,23218.0,23224.9,50765.0,15581150.0,2026-09-29,2026-09-29,SEP 2026
2026-09-24 12:10:00+05:30,NIFTY26SEPFUT,NSE:NIFTY26SEPFUT,23224.9,23228.9,23215.0,23219.5,44785.0,15573675.0,2026-09-29,2026-09-29,SEP 2026
2026-09-24 12:15:00+05:30,NIFTY26SEPFUT,NSE:NIFTY26SEPFUT,23219.5,23229.0,23215.0,23225.0,38285.0,15568800.0,2026-09-29,2026-09-29,SEP 2026
2026-09-24 12:20:00+05:30,NIFTY26SEPFUT,NSE:NIFTY26SEPFUT,23224.6,23228.0,23210.0,23223.0,31785.0,15565680.0,2026-09-29,2026-09-29,SEP 2026
2026-09-24 12:25:00+05:30,NIFTY26SEPFUT,NSE:NIFTY26SEPFUT,23223.0,23225.0,23203.8,23220.3,35555.0,15561065.0,2026-09-29,2026-09-29,SEP 2026
2026-09-24 12:30:00+05:30,NIFTY26SEPFUT,NSE:NIFTY26SEPFUT,23216.5,23227.1,23195.0,23197.1,66365.0,15563015.0,2026-09-29,2026-09-29,SEP 2026
2026-09-24 12:35:00+05:30,NIFTY26SEPFUT,NSE:NIFTY26SEPFUT,23197.1,23211.0,23190.0,23202.0,54665.0,15562105.0,2026-09-29,2026-09-29,SEP 2026
2026-09-24 12:40:00+05:30,NIFTY26SEPFUT,NSE:NIFTY26SEPFUT,23207.1,23214.8,23198.1,23199.7,31265.0,15565745.0,2026-09-29,2026-09-29,SEP 2026
2026-09-24 12:45:00+05:30,NIFTY26SEPFUT,NSE:NIFTY26SEPFUT,23199.4,23207.6,23190.7,23196.5,87100.0,15543320.0,2026-09-29,2026-09-29,SEP 2026
2026-09-24 12:50:00+05:30,NIFTY26SEPFUT,NSE:NIFTY26SEPFUT,23195.6,23208.2,23187.1,23188.0,51740.0,15531490.0,2026-09-29,2026-09-29,SEP 2026
2026-09-24 12:55:00+05:30,NIFTY26SEPFUT,NSE:NIFTY26SEPFUT,23188.7,23201.2,23188.4,23194.5,39910.0,15528110.0,2026-09-29,2026-09-29,SEP 2026
2026-09-24 13:00:00+05:30,NIFTY26SEPFUT,NSE:NIFTY26SEPFUT,23195.0,23215.0,23192.8,23212.1,43160.0,15519465.0,2026-09-29,2026-09-29,SEP 2026
2026-09-24 13:05:00+05:30,NIFTY26SEPFUT,NSE:NIFTY26SEPFUT,23212.1,23219.0,23207.0,23209.8,51480.0,15510560.0,2026-09-29,2026-09-29,SEP 2026
2026-09-24 13:10:00+05:30,NIFTY26SEPFUT,NSE:NIFTY26SEPFUT,23210.0,23215.0,23200.0,23207.8,41145.0,15502240.0,2026-09-29,2026-09-29,SEP 2026
2026-09-24 13:15:00+05:30,NIFTY26SEPFUT,NSE:NIFTY26SEPFUT,23207.6,23216.0,23201.0,23203.7,42380.0,15487940.0,2026-09-29,2026-09-29,SEP 2026
2026-09-24 13:20:00+05:30,NIFTY26SEPFUT,NSE:NIFTY26SEPFUT,23200.2,23206.6,23198.0,23200.2,28470.0,15468375.0,2026-09-29,2026-09-29,SEP 2026
2026-09-24 13:25:00+05:30,NIFTY26SEPFUT,NSE:NIFTY26SEPFUT,23201.5,23201.9,23152.9,23169.8,119275.0,15479490.0,2026-09-29,2026-09-29,SEP 2026
2026-09-24 13:30:00+05:30,NIFTY26SEPFUT,NSE:NIFTY26SEPFUT,23169.8,23184.0,23162.2,23171.6,54080.0,15496585.0,2026-09-29,2026-09-29,SEP 2026
2026-09-24 13:35:00+05:30,NIFTY26SEPFUT,NSE:NIFTY26SEPFUT,23171.6,23183.4,23152.0,23155.9,47905.0,15489760.0,2026-09-29,2026-09-29,SEP 2026
2026-09-24 13:40:00+05:30,NIFTY26SEPFUT,NSE:NIFTY26SEPFUT,23154.7,23162.9,23118.6,23120.1,152555.0,15484300.0,2026-09-29,2026-09-29,SEP 2026
2026-09-24 13:45:00+05:30,NIFTY26SEPFUT,NSE:NIFTY26SEPFUT,23118.3,23135.6,23086.1,23111.0,115440.0,15493660.0,2026-09-29,2026-09-29,SEP 2026
2026-09-24 13:50:00+05:30,NIFTY26SEPFUT,NSE:NIFTY26SEPFUT,23111.0,23118.0,23080.0,23090.0,69810.0,15492685.0,2026-09-29,2026-09-29,SEP 2026
2026-09-24 13:55:00+05:30,NIFTY26SEPFUT,NSE:NIFTY26SEPFUT,23095.0,23100.0,23056.0,23072.5,81445.0,15506660.0,2026-09-29,2026-09-29,SEP 2026
2026-09-24 14:00:00+05:30,NIFTY26SEPFUT,NSE:NIFTY26SEPFUT,23073.9,23116.9,23067.4,23077.3,83915.0,15508090.0,2026-09-29,2026-09-29,SEP 2026
2026-09-24 14:05:00+05:30,NIFTY26SEPFUT,NSE:NIFTY26SEPFUT,23080.0,23099.9,23075.0,23092.3,56680.0,15499120.0,2026-09-29,2026-09-29,SEP 2026
2026-09-24 14:10:00+05:30,NIFTY26SEPFUT,NSE:NIFTY26SEPFUT,23090.0,23103.5,23086.5,23096.9,37245.0,15488915.0,2026-09-29,2026-09-29,SEP 2026
2026-09-24 14:15:00+05:30,NIFTY26SEPFUT,NSE:NIFTY26SEPFUT,23100.0,23103.5,23079.0,23086.0,45370.0,15482545.0,2026-09-29,2026-09-29,SEP 2026
2026-09-24 14:20:00+05:30,NIFTY26SEPFUT,NSE:NIFTY26SEPFUT,23082.5,23099.9,23060.0,23074.5,65845.0,15489760.0,2026-09-29,2026-09-29,SEP 2026
2026-09-24 14:25:00+05:30,NIFTY26SEPFUT,NSE:NIFTY26SEPFUT,23074.5,23085.0,23067.5,23078.4,67730.0,15515695.0,2026-09-29,2026-09-29,SEP 2026
2026-09-24 14:30:00+05:30,NIFTY26SEPFUT,NSE:NIFTY26SEPFUT,23080.6,23099.0,23076.0,23091.6,55445.0,15512575.0,2026-09-29,2026-09-29,SEP 2026
2026-09-24 14:35:00+05:30,NIFTY26SEPFUT,NSE:NIFTY26SEPFUT,23091.6,23122.9,23091.6,23122.9,94250.0,15514460.0,2026-09-29,2026-09-29,SEP 2026
2026-09-24 14:40:00+05:30,NIFTY26SEPFUT,NSE:NIFTY26SEPFUT,23124.4,23131.0,23107.3,23111.0,65975.0,15539875.0,2026-09-29,2026-09-29,SEP 2026
2026-09-24 14:45:00+05:30,NIFTY26SEPFUT,NSE:NIFTY26SEPFUT,23119.0,23128.9,23104.8,23125.0,49790.0,15517320.0,2026-09-29,2026-09-29,SEP 2026
2026-09-24 14:50:00+05:30,NIFTY26SEPFUT,NSE:NIFTY26SEPFUT,23125.0,23137.0,23124.0,23137.0,36595.0,15509845.0,2026-09-29,2026-09-29,SEP 2026
2026-09-24 14:55:00+05:30,NIFTY26SEPFUT,NSE:NIFTY26SEPFUT,23137.0,23144.0,23115.0,23118.6,30550.0,15501135.0,2026-09-29,2026-09-29,SEP 2026
2026-09-24 15:00:00+05:30,NIFTY26SEPFUT,NSE:NIFTY26SEPFUT,23117.3,23133.8,23107.5,23129.9,59865.0,15510885.0,2026-09-29,2026-09-29,SEP 2026
2026-09-24 15:05:00+05:30,NIFTY26SEPFUT,NSE:NIFTY26SEPFUT,23133.0,23133.9,23105.5,23122.3,38350.0,15490215.0,2026-09-29,2026-09-29,SEP 2026
2026-09-24 15:10:00+05:30,NIFTY26SEPFUT,NSE:NIFTY26SEPFUT,23115.3,23123.0,23100.4,23110.6,40755.0,15489175.0,2026-09-29,2026-09-29,SEP 2026
2026-09-24 15:15:00+05:30,NIFTY26SEPFUT,NSE:NIFTY26SEPFUT,23109.3,23123.0,23105.1,23120.0,43550.0,15471300.0,2026-09-29,2026-09-29,SEP 2026
2026-09-24 15:20:00+05:30,NIFTY26SEPFUT,NSE:NIFTY26SEPFUT,23119.7,23122.7,23110.0,23110.7,33800.0,15471300.0,2026-09-29,2026-09-29,SEP 2026
2026-09-24 15:25:00+05:30,NIFTY26SEPFUT,NSE:NIFTY26SEPFUT,23114.8,23125.0,23109.9,23115.0,43355.0,15455765.0,2026-09-29,2026-09-29,SEP 2026
2026-09-24 15:30:00+05:30,NIFTY26SEPFUT,NSE:NIFTY26SEPFUT,23111.0,23117.2,23095.9,23097.9,48555.0,15394535.0,2026-09-29,2026-09-29,SEP 2026
2026-09-24 15:35:00+05:30,NIFTY26SEPFUT,NSE:NIFTY26SEPFUT,23096.3,23100.0,23093.9,23095.0,93535.0,15363140.0,2026-09-29,2026-09-29,SEP 2026
2026-09-25 09:15:00+05:30,NIFTY26SEPFUT,NSE:NIFTY26SEPFUT,23093.6,23149.0,23075.0,23127.9,76570.0,14010100.0,2026-09-29,2026-09-29,SEP 2026
2026-09-25 09:20:00+05:30,NIFTY26SEPFUT,NSE:NIFTY26SEPFUT,23127.4,23147.0,23118.1,23139.6,57265.0,13994890.0,2026-09-29,2026-09-29,SEP 2026
2026-09-25 09:25:00+05:30,NIFTY26SEPFUT,NSE:NIFTY26SEPFUT,23139.0,23160.0,23128.8,23151.3,45305.0,13990080.0,2026-09-29,2026-09-29,SEP 2026
2026-09-25 09:30:00+05:30,NIFTY26SEPFUT,NSE:NIFTY26SEPFUT,23158.0,23165.0,23141.2,23150.0,52130.0,13969215.0,2026-09-29,2026-09-29,SEP 2026
2026-09-25 09:35:00+05:30,NIFTY26SEPFUT,NSE:NIFTY26SEPFUT,23150.0,23151.0,23108.5,23110.0,61880.0,13957385.0,2026-09-29,2026-09-29,SEP 2026
2026-09-25 09:40:00+05:30,NIFTY26SEPFUT,NSE:NIFTY26SEPFUT,23112.5,23117.0,23080.7,23091.4,80015.0,13949195.0,2026-09-29,2026-09-29,SEP 2026
2026-09-25 09:45:00+05:30,NIFTY26SEPFUT,NSE:NIFTY26SEPFUT,23089.8,23100.0,23086.0,23088.1,141310.0,13966420.0,2026-09-29,2026-09-29,SEP 2026
2026-09-25 09:50:00+05:30,NIFTY26SEPFUT,NSE:NIFTY26SEPFUT,23088.1,23099.9,23076.3,23095.0,83395.0,13944775.0,2026-09-29,2026-09-29,SEP 2026
2026-09-25 09:55:00+05:30,NIFTY26SEPFUT,NSE:NIFTY26SEPFUT,23097.9,23111.3,23090.0,23105.0,49075.0,13932100.0,2026-09-29,2026-09-29,SEP 2026
2026-09-25 10:00:00+05:30,NIFTY26SEPFUT,NSE:NIFTY26SEPFUT,23105.0,23126.5,23096.0,23117.0,49205.0,13920400.0,2026-09-29,2026-09-29,SEP 2026
2026-09-25 10:05:00+05:30,NIFTY26SEPFUT,NSE:NIFTY26SEPFUT,23117.0,23141.9,23117.0,23140.0,44980.0,13888745.0,2026-09-29,2026-09-29,SEP 2026
2026-09-25 10:10:00+05:30,NIFTY26SEPFUT,NSE:NIFTY26SEPFUT,23134.5,23150.0,23130.0,23144.0,59735.0,13876395.0,2026-09-29,2026-09-29,SEP 2026
2026-09-25 10:15:00+05:30,NIFTY26SEPFUT,NSE:NIFTY26SEPFUT,23142.6,23147.0,23128.0,23136.0,59410.0,13889330.0,2026-09-29,2026-09-29,SEP 2026
2026-09-25 10:20:00+05:30,NIFTY26SEPFUT,NSE:NIFTY26SEPFUT,23136.0,23140.7,23121.5,23130.0,60905.0,13915135.0,2026-09-29,2026-09-29,SEP 2026
2026-09-25 10:25:00+05:30,NIFTY26SEPFUT,NSE:NIFTY26SEPFUT,23130.0,23136.0,23106.7,23118.0,73060.0,13941135.0,2026-09-29,2026-09-29,SEP 2026
2026-09-25 10:30:00+05:30,NIFTY26SEPFUT,NSE:NIFTY26SEPFUT,23120.0,23128.7,23100.0,23100.0,19890.0,13930605.0,2026-09-29,2026-09-29,SEP 2026
2026-09-25 10:35:00+05:30,NIFTY26SEPFUT,NSE:NIFTY26SEPFUT,23100.0,23120.0,23095.5,23108.5,26715.0,13910975.0,2026-09-29,2026-09-29,SEP 2026
2026-09-25 10:40:00+05:30,NIFTY26SEPFUT,NSE:NIFTY26SEPFUT,23108.5,23120.0,23105.0,23111.0,12285.0,13906815.0,2026-09-29,2026-09-29,SEP 2026
2026-09-25 10:45:00+05:30,NIFTY26SEPFUT,NSE:NIFTY26SEPFUT,23111.0,23111.8,23090.0,23099.8,74880.0,13853060.0,2026-09-29,2026-09-29,SEP 2026
2026-09-25 10:50:00+05:30,NIFTY26SEPFUT,NSE:NIFTY26SEPFUT,23095.0,23105.0,23090.0,23105.0,30160.0,13858975.0,2026-09-29,2026-09-29,SEP 2026
2026-09-25 10:55:00+05:30,NIFTY26SEPFUT,NSE:NIFTY26SEPFUT,23104.8,23114.6,23102.0,23106.5,56225.0,13845000.0,2026-09-29,2026-09-29,SEP 2026
2026-09-25 11:00:00+05:30,NIFTY26SEPFUT,NSE:NIFTY26SEPFUT,23106.9,23136.4,23102.0,23130.8,66625.0,13862485.0,2026-09-29,2026-09-29,SEP 2026
2026-09-25 11:05:00+05:30,NIFTY26SEPFUT,NSE:NIFTY26SEPFUT,23130.8,23140.0,23121.0,23140.0,32500.0,13848510.0,2026-09-29,2026-09-29,SEP 2026
2026-09-25 11:10:00+05:30,NIFTY26SEPFUT,NSE:NIFTY26SEPFUT,23133.0,23140.0,23125.0,23135.5,27820.0,13839605.0,2026-09-29,2026-09-29,SEP 2026
2026-09-25 11:15:00+05:30,NIFTY26SEPFUT,NSE:NIFTY26SEPFUT,23137.0,23145.0,23131.5,23143.3,23400.0,13826410.0,2026-09-29,2026-09-29,SEP 2026
2026-09-25 11:20:00+05:30,NIFTY26SEPFUT,NSE:NIFTY26SEPFUT,23142.3,23149.3,23125.5,23133.3,21970.0,13823615.0,2026-09-29,2026-09-29,SEP 2026
2026-09-25 11:25:00+05:30,NIFTY26SEPFUT,NSE:NIFTY26SEPFUT,23130.0,23133.3,23116.5,23120.0,18850.0,13814905.0,2026-09-29,2026-09-29,SEP 2026
2026-09-25 11:30:00+05:30,NIFTY26SEPFUT,NSE:NIFTY26SEPFUT,23120.0,23136.0,23118.0,23126.2,25805.0,13811135.0,2026-09-29,2026-09-29,SEP 2026
2026-09-25 11:35:00+05:30,NIFTY26SEPFUT,NSE:NIFTY26SEPFUT,23126.2,23133.1,23120.0,23132.0,13325.0,13806845.0,2026-09-29,2026-09-29,SEP 2026
2026-09-25 11:40:00+05:30,NIFTY26SEPFUT,NSE:NIFTY26SEPFUT,23132.0,23134.5,23124.5,23125.3,29640.0,13814840.0,2026-09-29,2026-09-29,SEP 2026
2026-09-25 11:45:00+05:30,NIFTY26SEPFUT,NSE:NIFTY26SEPFUT,23125.3,23138.0,23123.9,23128.0,30095.0,13815360.0,2026-09-29,2026-09-29,SEP 2026
2026-09-25 11:50:00+05:30,NIFTY26SEPFUT,NSE:NIFTY26SEPFUT,23128.0,23139.5,23127.5,23130.0,17030.0,13815425.0,2026-09-29,2026-09-29,SEP 2026
2026-09-25 11:55:00+05:30,NIFTY26SEPFUT,NSE:NIFTY26SEPFUT,23130.0,23138.7,23125.0,23125.0,32110.0,13821405.0,2026-09-29,2026-09-29,SEP 2026
2026-09-25 12:00:00+05:30,NIFTY26SEPFUT,NSE:NIFTY26SEPFUT,23125.0,23125.0,23103.5,23109.9,20475.0,13826150.0,2026-09-29,2026-09-29,SEP 2026
2026-09-25 12:05:00+05:30,NIFTY26SEPFUT,NSE:NIFTY26SEPFUT,23109.0,23113.0,23103.0,23113.0,35100.0,13822575.0,2026-09-29,2026-09-29,SEP 2026
2026-09-25 12:10:00+05:30,NIFTY26SEPFUT,NSE:NIFTY26SEPFUT,23113.0,23122.0,23108.5,23119.4,36400.0,13814645.0,2026-09-29,2026-09-29,SEP 2026
2026-09-25 12:15:00+05:30,NIFTY26SEPFUT,NSE:NIFTY26SEPFUT,23119.4,23122.0,23114.0,23116.9,68705.0,13805610.0,2026-09-29,2026-09-29,SEP 2026
2026-09-25 12:20:00+05:30,NIFTY26SEPFUT,NSE:NIFTY26SEPFUT,23116.9,23116.9,23104.0,23113.0,44590.0,13806585.0,2026-09-29,2026-09-29,SEP 2026
2026-09-25 12:25:00+05:30,NIFTY26SEPFUT,NSE:NIFTY26SEPFUT,23113.0,23116.0,23104.5,23116.0,28795.0,13792285.0,2026-09-29,2026-09-29,SEP 2026
2026-09-25 12:30:00+05:30,NIFTY26SEPFUT,NSE:NIFTY26SEPFUT,23116.0,23129.0,23112.8,23120.0,33865.0,13772330.0,2026-09-29,2026-09-29,SEP 2026
2026-09-25 12:35:00+05:30,NIFTY26SEPFUT,NSE:NIFTY26SEPFUT,23116.0,23120.9,23103.0,23111.0,30485.0,13770185.0,2026-09-29,2026-09-29,SEP 2026
2026-09-25 12:40:00+05:30,NIFTY26SEPFUT,NSE:NIFTY26SEPFUT,23111.0,23112.0,23095.0,23095.0,51935.0,13761865.0,2026-09-29,2026-09-29,SEP 2026
2026-09-25 12:45:00+05:30,NIFTY26SEPFUT,NSE:NIFTY26SEPFUT,23095.0,23098.0,23091.0,23091.0,35230.0,13767975.0,2026-09-29,2026-09-29,SEP 2026
2026-09-25 12:50:00+05:30,NIFTY26SEPFUT,NSE:NIFTY26SEPFUT,23094.0,23094.5,23080.5,23083.2,77090.0,13785070.0,2026-09-29,2026-09-29,SEP 2026
2026-09-25 12:55:00+05:30,NIFTY26SEPFUT,NSE:NIFTY26SEPFUT,23081.2,23085.9,23058.0,23083.5,59930.0,13817375.0,2026-09-29,2026-09-29,SEP 2026
2026-09-25 13:00:00+05:30,NIFTY26SEPFUT,NSE:NIFTY26SEPFUT,23083.5,23095.0,23082.0,23090.0,75140.0,13827060.0,2026-09-29,2026-09-29,SEP 2026
2026-09-25 13:05:00+05:30,NIFTY26SEPFUT,NSE:NIFTY26SEPFUT,23086.6,23091.0,23083.2,23091.0,57525.0,13817700.0,2026-09-29,2026-09-29,SEP 2026
2026-09-25 13:10:00+05:30,NIFTY26SEPFUT,NSE:NIFTY26SEPFUT,23091.0,23098.0,23081.0,23081.0,81965.0,13760110.0,2026-09-29,2026-09-29,SEP 2026
2026-09-25 13:15:00+05:30,NIFTY26SEPFUT,NSE:NIFTY26SEPFUT,23081.5,23088.1,23077.1,23078.0,41795.0,13753480.0,2026-09-29,2026-09-29,SEP 2026
2026-09-25 13:20:00+05:30,NIFTY26SEPFUT,NSE:NIFTY26SEPFUT,23079.0,23082.0,23070.9,23072.5,45370.0,13732355.0,2026-09-29,2026-09-29,SEP 2026
2026-09-25 13:25:00+05:30,NIFTY26SEPFUT,NSE:NIFTY26SEPFUT,23072.5,23082.0,23070.0,23082.0,27365.0,13718380.0,2026-09-29,2026-09-29,SEP 2026
2026-09-25 13:30:00+05:30,NIFTY26SEPFUT,NSE:NIFTY26SEPFUT,23079.5,23082.0,23071.0,23072.0,38610.0,13716430.0,2026-09-29,2026-09-29,SEP 2026
2026-09-25 13:35:00+05:30,NIFTY26SEPFUT,NSE:NIFTY26SEPFUT,23074.2,23079.5,23066.5,23076.0,47840.0,13724620.0,2026-09-29,2026-09-29,SEP 2026
2026-09-25 13:40:00+05:30,NIFTY26SEPFUT,NSE:NIFTY26SEPFUT,23077.0,23093.1,23073.5,23084.9,32435.0,13669565.0,2026-09-29,2026-09-29,SEP 2026
2026-09-25 13:45:00+05:30,NIFTY26SEPFUT,NSE:NIFTY26SEPFUT,23084.9,23097.1,23083.0,23086.5,52325.0,13668005.0,2026-09-29,2026-09-29,SEP 2026
2026-09-25 13:50:00+05:30,NIFTY26SEPFUT,NSE:NIFTY26SEPFUT,23086.5,23089.5,23084.0,23088.5,36530.0,13662545.0,2026-09-29,2026-09-29,SEP 2026
2026-09-25 13:55:00+05:30,NIFTY26SEPFUT,NSE:NIFTY26SEPFUT,23089.0,23111.0,23089.0,23110.5,94315.0,13616135.0,2026-09-29,2026-09-29,SEP 2026
2026-09-25 14:00:00+05:30,NIFTY26SEPFUT,NSE:NIFTY26SEPFUT,23113.0,23241.9,23111.5,23222.0,261170.0,13632450.0,2026-09-29,2026-09-29,SEP 2026
2026-09-25 14:05:00+05:30,NIFTY26SEPFUT,NSE:NIFTY26SEPFUT,23224.6,23237.7,23172.4,23176.0,93535.0,13620815.0,2026-09-29,2026-09-29,SEP 2026
2026-09-25 14:10:00+05:30,NIFTY26SEPFUT,NSE:NIFTY26SEPFUT,23179.9,23190.0,23176.0,23177.5,41145.0,13618800.0,2026-09-29,2026-09-29,SEP 2026
2026-09-25 14:15:00+05:30,NIFTY26SEPFUT,NSE:NIFTY26SEPFUT,23177.5,23200.1,23174.3,23195.3,46865.0,13613145.0,2026-09-29,2026-09-29,SEP 2026
2026-09-25 14:20:00+05:30,NIFTY26SEPFUT,NSE:NIFTY26SEPFUT,23190.0,23195.5,23175.0,23176.5,33605.0,13602290.0,2026-09-29,2026-09-29,SEP 2026
2026-09-25 14:25:00+05:30,NIFTY26SEPFUT,NSE:NIFTY26SEPFUT,23176.5,23197.2,23176.0,23190.0,51220.0,13584805.0,2026-09-29,2026-09-29,SEP 2026
2026-09-25 14:30:00+05:30,NIFTY26SEPFUT,NSE:NIFTY26SEPFUT,23190.0,23209.3,23187.0,23200.9,37570.0,13555360.0,2026-09-29,2026-09-29,SEP 2026
2026-09-25 14:35:00+05:30,NIFTY26SEPFUT,NSE:NIFTY26SEPFUT,23203.0,23209.3,23196.0,23209.0,30680.0,13546065.0,2026-09-29,2026-09-29,SEP 2026
2026-09-25 14:40:00+05:30,NIFTY26SEPFUT,NSE:NIFTY26SEPFUT,23209.0,23209.0,23183.4,23187.0,23725.0,13545675.0,2026-09-29,2026-09-29,SEP 2026
2026-09-25 14:45:00+05:30,NIFTY26SEPFUT,NSE:NIFTY26SEPFUT,23187.0,23195.0,23175.0,23175.0,33150.0,13542750.0,2026-09-29,2026-09-29,SEP 2026
2026-09-25 14:50:00+05:30,NIFTY26SEPFUT,NSE:NIFTY26SEPFUT,23175.0,23184.0,23167.0,23184.0,23010.0,13535340.0,2026-09-29,2026-09-29,SEP 2026
2026-09-25 14:55:00+05:30,NIFTY26SEPFUT,NSE:NIFTY26SEPFUT,23184.0,23188.7,23170.1,23182.0,21060.0,13517140.0,2026-09-29,2026-09-29,SEP 2026
2026-09-25 15:00:00+05:30,NIFTY26SEPFUT,NSE:NIFTY26SEPFUT,23183.0,23185.0,23170.1,23178.0,20670.0,13509535.0,2026-09-29,2026-09-29,SEP 2026
2026-09-25 15:05:00+05:30,NIFTY26SEPFUT,NSE:NIFTY26SEPFUT,23179.4,23185.0,23169.0,23178.9,31005.0,13504920.0,2026-09-29,2026-09-29,SEP 2026
2026-09-25 15:10:00+05:30,NIFTY26SEPFUT,NSE:NIFTY26SEPFUT,23179.9,23188.3,23175.0,23186.0,40365.0,13517010.0,2026-09-29,2026-09-29,SEP 2026
2026-09-25 15:15:00+05:30,NIFTY26SEPFUT,NSE:NIFTY26SEPFUT,23187.0,23195.0,23178.7,23187.5,51220.0,13473265.0,2026-09-29,2026-09-29,SEP 2026
2026-09-25 15:20:00+05:30,NIFTY26SEPFUT,NSE:NIFTY26SEPFUT,23187.5,23209.0,23183.1,23186.9,60060.0,13428610.0,2026-09-29,2026-09-29,SEP 2026
2026-09-25 15:25:00+05:30,NIFTY26SEPFUT,NSE:NIFTY26SEPFUT,23186.7,23194.0,23185.0,23186.0,18720.0,13418210.0,2026-09-29,2026-09-29,SEP 2026
2026-09-25 15:30:00+05:30,NIFTY26SEPFUT,NSE:NIFTY26SEPFUT,23184.8,23187.2,23181.0,23182.1,23270.0,13346255.0,2026-09-29,2026-09-29,SEP 2026
2026-09-25 15:35:00+05:30,NIFTY26SEPFUT,NSE:NIFTY26SEPFUT,23182.6,23190.0,23181.0,23190.0,42120.0,13331370.0,2026-09-29,2026-09-29,SEP 2026
2026-09-28 09:15:00+05:30,NIFTY26SEPFUT,NSE:NIFTY26SEPFUT,23115.0,23124.1,22970.1,22970.1,218530.0,11654500.0,2026-09-29,2026-09-29,SEP 2026
2026-09-28 09:20:00+05:30,NIFTY26SEPFUT,NSE:NIFTY26SEPFUT,22973.1,22980.0,22950.7,22972.6,112450.0,11619075.0,2026-09-29,2026-09-29,SEP 2026
2026-09-28 09:25:00+05:30,NIFTY26SEPFUT,NSE:NIFTY26SEPFUT,22971.3,22972.3,22940.0,22949.1,130195.0,11591775.0,2026-09-29,2026-09-29,SEP 2026
2026-09-28 09:30:00+05:30,NIFTY26SEPFUT,NSE:NIFTY26SEPFUT,22950.0,22954.8,22929.9,22937.7,75270.0,11578060.0,2026-09-29,2026-09-29,SEP 2026
2026-09-28 09:35:00+05:30,NIFTY26SEPFUT,NSE:NIFTY26SEPFUT,22934.4,22940.0,22890.6,22906.9,146900.0,11550955.0,2026-09-29,2026-09-29,SEP 2026
2026-09-28 09:40:00+05:30,NIFTY26SEPFUT,NSE:NIFTY26SEPFUT,22906.9,22919.0,22896.1,22899.5,67015.0,11533470.0,2026-09-29,2026-09-29,SEP 2026
2026-09-28 09:45:00+05:30,NIFTY26SEPFUT,NSE:NIFTY26SEPFUT,22900.0,22927.8,22898.2,22925.0,93340.0,11518325.0,2026-09-29,2026-09-29,SEP 2026
2026-09-28 09:50:00+05:30,NIFTY26SEPFUT,NSE:NIFTY26SEPFUT,22925.0,22926.3,22905.0,22915.9,70070.0,11509160.0,2026-09-29,2026-09-29,SEP 2026
2026-09-28 09:55:00+05:30,NIFTY26SEPFUT,NSE:NIFTY26SEPFUT,22913.9,22930.0,22907.2,22915.1,97305.0,11468600.0,2026-09-29,2026-09-29,SEP 2026
2026-09-28 10:00:00+05:30,NIFTY26SEPFUT,NSE:NIFTY26SEPFUT,22915.1,22923.0,22907.5,22916.5,43875.0,11456770.0,2026-09-29,2026-09-29,SEP 2026
2026-09-28 10:05:00+05:30,NIFTY26SEPFUT,NSE:NIFTY26SEPFUT,22916.5,22918.0,22895.0,22897.0,91390.0,11453195.0,2026-09-29,2026-09-29,SEP 2026
2026-09-28 10:10:00+05:30,NIFTY26SEPFUT,NSE:NIFTY26SEPFUT,22897.0,22919.0,22893.6,22904.2,42315.0,11449750.0,2026-09-29,2026-09-29,SEP 2026
2026-09-28 10:15:00+05:30,NIFTY26SEPFUT,NSE:NIFTY26SEPFUT,22903.5,22907.0,22871.8,22890.0,95290.0,11473085.0,2026-09-29,2026-09-29,SEP 2026
2026-09-28 10:20:00+05:30,NIFTY26SEPFUT,NSE:NIFTY26SEPFUT,22889.5,22899.0,22876.5,22879.5,58110.0,11468860.0,2026-09-29,2026-09-29,SEP 2026
2026-09-28 10:25:00+05:30,NIFTY26SEPFUT,NSE:NIFTY26SEPFUT,22879.5,22890.0,22871.4,22881.1,43225.0,11440390.0,2026-09-29,2026-09-29,SEP 2026
2026-09-28 10:30:00+05:30,NIFTY26SEPFUT,NSE:NIFTY26SEPFUT,22888.0,22895.0,22877.1,22881.0,67145.0,11429860.0,2026-09-29,2026-09-29,SEP 2026
2026-09-28 10:35:00+05:30,NIFTY26SEPFUT,NSE:NIFTY26SEPFUT,22889.5,22893.0,22872.2,22875.0,36400.0,11403860.0,2026-09-29,2026-09-29,SEP 2026
2026-09-28 10:40:00+05:30,NIFTY26SEPFUT,NSE:NIFTY26SEPFUT,22875.0,22880.0,22855.9,22870.5,80340.0,11382995.0,2026-09-29,2026-09-29,SEP 2026
2026-09-28 10:45:00+05:30,NIFTY26SEPFUT,NSE:NIFTY26SEPFUT,22868.4,22880.0,22866.1,22870.0,49010.0,11370775.0,2026-09-29,2026-09-29,SEP 2026
2026-09-28 10:50:00+05:30,NIFTY26SEPFUT,NSE:NIFTY26SEPFUT,22868.9,22878.9,22865.0,22874.8,50115.0,11349845.0,2026-09-29,2026-09-29,SEP 2026
2026-09-28 10:55:00+05:30,NIFTY26SEPFUT,NSE:NIFTY26SEPFUT,22874.8,22886.0,22874.4,22884.0,43355.0,11334310.0,2026-09-29,2026-09-29,SEP 2026
2026-09-28 11:00:00+05:30,NIFTY26SEPFUT,NSE:NIFTY26SEPFUT,22884.0,22884.0,22870.0,22870.5,42120.0,11323845.0,2026-09-29,2026-09-29,SEP 2026
2026-09-28 11:05:00+05:30,NIFTY26SEPFUT,NSE:NIFTY26SEPFUT,22870.5,22880.5,22867.3,22880.4,53365.0,11302005.0,2026-09-29,2026-09-29,SEP 2026
2026-09-28 11:10:00+05:30,NIFTY26SEPFUT,NSE:NIFTY26SEPFUT,22879.8,22882.4,22858.8,22866.6,73450.0,11287380.0,2026-09-29,2026-09-29,SEP 2026
2026-09-28 11:15:00+05:30,NIFTY26SEPFUT,NSE:NIFTY26SEPFUT,22866.6,22877.2,22852.0,22869.0,43160.0,11258975.0,2026-09-29,2026-09-29,SEP 2026
2026-09-28 11:20:00+05:30,NIFTY26SEPFUT,NSE:NIFTY26SEPFUT,22867.5,22878.0,22860.0,22870.0,58890.0,11272820.0,2026-09-29,2026-09-29,SEP 2026
2026-09-28 11:25:00+05:30,NIFTY26SEPFUT,NSE:NIFTY26SEPFUT,22870.0,22885.0,22864.0,22884.0,36270.0,11269830.0,2026-09-29,2026-09-29,SEP 2026
2026-09-28 11:30:00+05:30,NIFTY26SEPFUT,NSE:NIFTY26SEPFUT,22884.1,22897.0,22872.0,22876.8,33150.0,11273665.0,2026-09-29,2026-09-29,SEP 2026
2026-09-28 11:35:00+05:30,NIFTY26SEPFUT,NSE:NIFTY26SEPFUT,22881.1,22890.0,22874.0,22886.1,32240.0,11271130.0,2026-09-29,2026-09-29,SEP 2026
2026-09-28 11:40:00+05:30,NIFTY26SEPFUT,NSE:NIFTY26SEPFUT,22887.7,22900.0,22886.1,22891.5,41665.0,11273600.0,2026-09-29,2026-09-29,SEP 2026
2026-09-28 11:45:00+05:30,NIFTY26SEPFUT,NSE:NIFTY26SEPFUT,22891.5,22901.1,22884.9,22888.6,41145.0,11257805.0,2026-09-29,2026-09-29,SEP 2026
2026-09-28 11:50:00+05:30,NIFTY26SEPFUT,NSE:NIFTY26SEPFUT,22886.0,22892.0,22878.0,22883.0,42380.0,11252410.0,2026-09-29,2026-09-29,SEP 2026
2026-09-28 11:55:00+05:30,NIFTY26SEPFUT,NSE:NIFTY26SEPFUT,22883.0,22883.0,22850.2,22867.2,74555.0,11213995.0,2026-09-29,2026-09-29,SEP 2026
2026-09-28 12:00:00+05:30,NIFTY26SEPFUT,NSE:NIFTY26SEPFUT,22868.2,22883.8,22864.0,22871.3,31785.0,11130665.0,2026-09-29,2026-09-29,SEP 2026
2026-09-28 12:05:00+05:30,NIFTY26SEPFUT,NSE:NIFTY26SEPFUT,22874.2,22885.0,22870.0,22881.4,22100.0,11114805.0,2026-09-29,2026-09-29,SEP 2026
2026-09-28 12:10:00+05:30,NIFTY26SEPFUT,NSE:NIFTY26SEPFUT,22877.0,22884.9,22872.8,22882.7,19695.0,11108630.0,2026-09-29,2026-09-29,SEP 2026
2026-09-28 12:15:00+05:30,NIFTY26SEPFUT,NSE:NIFTY26SEPFUT,22882.7,22886.8,22872.5,22886.8,24180.0,11103235.0,2026-09-29,2026-09-29,SEP 2026
2026-09-28 12:20:00+05:30,NIFTY26SEPFUT,NSE:NIFTY26SEPFUT,22886.8,22895.0,22879.6,22895.0,47385.0,11094525.0,2026-09-29,2026-09-29,SEP 2026
2026-09-28 12:25:00+05:30,NIFTY26SEPFUT,NSE:NIFTY26SEPFUT,22895.0,22907.0,22885.8,22904.6,37245.0,11084125.0,2026-09-29,2026-09-29,SEP 2026
2026-09-28 12:30:00+05:30,NIFTY26SEPFUT,NSE:NIFTY26SEPFUT,22903.1,22906.6,22882.0,22885.5,27040.0,11084580.0,2026-09-29,2026-09-29,SEP 2026
2026-09-28 12:35:00+05:30,NIFTY26SEPFUT,NSE:NIFTY26SEPFUT,22885.5,22895.5,22880.0,22892.9,32435.0,11075025.0,2026-09-29,2026-09-29,SEP 2026
2026-09-28 12:40:00+05:30,NIFTY26SEPFUT,NSE:NIFTY26SEPFUT,22895.0,22899.2,22884.1,22888.0,36075.0,11070085.0,2026-09-29,2026-09-29,SEP 2026
2026-09-28 12:45:00+05:30,NIFTY26SEPFUT,NSE:NIFTY26SEPFUT,22888.0,22893.0,22881.0,22887.5,29055.0,11066185.0,2026-09-29,2026-09-29,SEP 2026
2026-09-28 12:50:00+05:30,NIFTY26SEPFUT,NSE:NIFTY26SEPFUT,22887.5,22891.4,22872.0,22884.5,33345.0,11067160.0,2026-09-29,2026-09-29,SEP 2026
2026-09-28 12:55:00+05:30,NIFTY26SEPFUT,NSE:NIFTY26SEPFUT,22884.5,22885.7,22871.5,22877.5,33410.0,11069045.0,2026-09-29,2026-09-29,SEP 2026
2026-09-28 13:00:00+05:30,NIFTY26SEPFUT,NSE:NIFTY26SEPFUT,22880.0,22885.0,22869.5,22869.5,48815.0,11061895.0,2026-09-29,2026-09-29,SEP 2026
2026-09-28 13:05:00+05:30,NIFTY26SEPFUT,NSE:NIFTY26SEPFUT,22872.6,22875.3,22858.0,22869.0,53885.0,11096150.0,2026-09-29,2026-09-29,SEP 2026
2026-09-28 13:10:00+05:30,NIFTY26SEPFUT,NSE:NIFTY26SEPFUT,22870.0,22885.0,22865.1,22865.1,64285.0,11110320.0,2026-09-29,2026-09-29,SEP 2026
2026-09-28 13:15:00+05:30,NIFTY26SEPFUT,NSE:NIFTY26SEPFUT,22865.1,22880.8,22864.0,22879.0,44980.0,11087505.0,2026-09-29,2026-09-29,SEP 2026
2026-09-28 13:20:00+05:30,NIFTY26SEPFUT,NSE:NIFTY26SEPFUT,22879.0,22888.0,22869.3,22887.0,36595.0,11078665.0,2026-09-29,2026-09-29,SEP 2026
2026-09-28 13:25:00+05:30,NIFTY26SEPFUT,NSE:NIFTY26SEPFUT,22887.0,22900.0,22883.5,22895.0,58110.0,11094525.0,2026-09-29,2026-09-29,SEP 2026
2026-09-28 13:30:00+05:30,NIFTY26SEPFUT,NSE:NIFTY26SEPFUT,22895.0,22898.2,22871.0,22878.3,47255.0,11090755.0,2026-09-29,2026-09-29,SEP 2026
2026-09-28 13:35:00+05:30,NIFTY26SEPFUT,NSE:NIFTY26SEPFUT,22880.0,22893.9,22878.4,22893.0,42185.0,11084775.0,2026-09-29,2026-09-29,SEP 2026
2026-09-28 13:40:00+05:30,NIFTY26SEPFUT,NSE:NIFTY26SEPFUT,22893.0,22894.0,22881.9,22892.0,38090.0,11095500.0,2026-09-29,2026-09-29,SEP 2026
2026-09-28 13:45:00+05:30,NIFTY26SEPFUT,NSE:NIFTY26SEPFUT,22892.0,22894.8,22875.6,22889.0,45760.0,11086335.0,2026-09-29,2026-09-29,SEP 2026
2026-09-28 13:50:00+05:30,NIFTY26SEPFUT,NSE:NIFTY26SEPFUT,22889.0,22891.4,22873.0,22885.0,37375.0,11063585.0,2026-09-29,2026-09-29,SEP 2026
2026-09-28 13:55:00+05:30,NIFTY26SEPFUT,NSE:NIFTY26SEPFUT,22885.0,22894.7,22881.5,22890.0,35100.0,11026405.0,2026-09-29,2026-09-29,SEP 2026
2026-09-28 14:00:00+05:30,NIFTY26SEPFUT,NSE:NIFTY26SEPFUT,22890.0,22893.9,22878.0,22884.5,47060.0,11018995.0,2026-09-29,2026-09-29,SEP 2026
2026-09-28 14:05:00+05:30,NIFTY26SEPFUT,NSE:NIFTY26SEPFUT,22881.0,22883.7,22863.3,22877.5,53040.0,11020360.0,2026-09-29,2026-09-29,SEP 2026
2026-09-28 14:10:00+05:30,NIFTY26SEPFUT,NSE:NIFTY26SEPFUT,22877.5,22884.0,22865.1,22867.6,36140.0,11022895.0,2026-09-29,2026-09-29,SEP 2026
2026-09-28 14:15:00+05:30,NIFTY26SEPFUT,NSE:NIFTY26SEPFUT,22871.4,22871.4,22810.0,22826.0,138645.0,11024585.0,2026-09-29,2026-09-29,SEP 2026
2026-09-28 14:20:00+05:30,NIFTY26SEPFUT,NSE:NIFTY26SEPFUT,22826.0,22841.3,22821.0,22827.5,55965.0,11005345.0,2026-09-29,2026-09-29,SEP 2026
2026-09-28 14:25:00+05:30,NIFTY26SEPFUT,NSE:NIFTY26SEPFUT,22827.5,22835.0,22820.3,22822.0,56355.0,10935275.0,2026-09-29,2026-09-29,SEP 2026
2026-09-28 14:30:00+05:30,NIFTY26SEPFUT,NSE:NIFTY26SEPFUT,22822.0,22840.0,22809.9,22820.0,82420.0,10912915.0,2026-09-29,2026-09-29,SEP 2026
2026-09-28 14:35:00+05:30,NIFTY26SEPFUT,NSE:NIFTY26SEPFUT,22820.0,22825.0,22792.9,22800.0,114465.0,10902255.0,2026-09-29,2026-09-29,SEP 2026
2026-09-28 14:40:00+05:30,NIFTY26SEPFUT,NSE:NIFTY26SEPFUT,22800.0,22811.0,22796.1,22810.0,76960.0,10869950.0,2026-09-29,2026-09-29,SEP 2026
2026-09-28 14:45:00+05:30,NIFTY26SEPFUT,NSE:NIFTY26SEPFUT,22810.0,22834.0,22808.0,22830.0,64350.0,10816455.0,2026-09-29,2026-09-29,SEP 2026
2026-09-28 14:50:00+05:30,NIFTY26SEPFUT,NSE:NIFTY26SEPFUT,22830.0,22836.4,22820.8,22831.7,65520.0,10793510.0,2026-09-29,2026-09-29,SEP 2026
2026-09-28 14:55:00+05:30,NIFTY26SEPFUT,NSE:NIFTY26SEPFUT,22827.0,22833.6,22814.4,22821.5,47645.0,10766470.0,2026-09-29,2026-09-29,SEP 2026
2026-09-28 15:00:00+05:30,NIFTY26SEPFUT,NSE:NIFTY26SEPFUT,22821.5,22824.0,22800.0,22816.6,49335.0,10736310.0,2026-09-29,2026-09-29,SEP 2026
2026-09-28 15:05:00+05:30,NIFTY26SEPFUT,NSE:NIFTY26SEPFUT,22815.1,22819.0,22806.1,22817.2,53300.0,10502115.0,2026-09-29,2026-09-29,SEP 2026
2026-09-28 15:10:00+05:30,NIFTY26SEPFUT,NSE:NIFTY26SEPFUT,22817.5,22828.1,22816.0,22820.3,81055.0,10458890.0,2026-09-29,2026-09-29,SEP 2026
2026-09-28 15:15:00+05:30,NIFTY26SEPFUT,NSE:NIFTY26SEPFUT,22822.0,22824.0,22809.4,22820.0,53625.0,10441665.0,2026-09-29,2026-09-29,SEP 2026
2026-09-28 15:20:00+05:30,NIFTY26SEPFUT,NSE:NIFTY26SEPFUT,22819.0,22823.9,22803.2,22820.4,88010.0,10399610.0,2026-09-29,2026-09-29,SEP 2026
2026-09-28 15:25:00+05:30,NIFTY26SEPFUT,NSE:NIFTY26SEPFUT,22822.4,22825.3,22815.5,22825.1,78910.0,10377185.0,2026-09-29,2026-09-29,SEP 2026
2026-09-28 15:30:00+05:30,NIFTY26SEPFUT,NSE:NIFTY26SEPFUT,22825.1,22827.7,22818.5,22821.0,58305.0,10353265.0,2026-09-29,2026-09-29,SEP 2026
2026-09-28 15:35:00+05:30,NIFTY26SEPFUT,NSE:NIFTY26SEPFUT,22822.0,22825.0,22814.9,22814.9,35035.0,10349755.0,2026-09-29,2026-09-29,SEP 2026
2026-09-29 09:15:00+05:30,NIFTY26SEPFUT,NSE:NIFTY26SEPFUT,22755.5,22761.3,22692.6,22700.0,173420.0,8795540.0,2026-09-29,2026-09-29,SEP 2026
2026-09-29 09:20:00+05:30,NIFTY26SEPFUT,NSE:NIFTY26SEPFUT,22694.5,22702.0,22671.9,22687.5,113620.0,8746725.0,2026-09-29,2026-09-29,SEP 2026
2026-09-29 09:25:00+05:30,NIFTY26SEPFUT,NSE:NIFTY26SEPFUT,22687.5,22688.0,22637.3,22642.0,105755.0,8730670.0,2026-09-29,2026-09-29,SEP 2026
2026-09-29 09:30:00+05:30,NIFTY26SEPFUT,NSE:NIFTY26SEPFUT,22645.0,22655.0,22624.1,22630.0,111410.0,8668530.0,2026-09-29,2026-09-29,SEP 2026
2026-09-29 09:35:00+05:30,NIFTY26SEPFUT,NSE:NIFTY26SEPFUT,22639.2,22639.2,22579.0,22592.0,106015.0,8592415.0,2026-09-29,2026-09-29,SEP 2026
2026-09-29 09:40:00+05:30,NIFTY26SEPFUT,NSE:NIFTY26SEPFUT,22592.4,22643.1,22589.0,22626.0,95290.0,8567130.0,2026-09-29,2026-09-29,SEP 2026
2026-09-29 09:45:00+05:30,NIFTY26SEPFUT,NSE:NIFTY26SEPFUT,22626.5,22629.7,22608.0,22614.4,84630.0,8509410.0,2026-09-29,2026-09-29,SEP 2026
2026-09-29 09:50:00+05:30,NIFTY26SEPFUT,NSE:NIFTY26SEPFUT,22611.0,22620.1,22603.0,22620.1,70460.0,8479510.0,2026-09-29,2026-09-29,SEP 2026
2026-09-29 09:55:00+05:30,NIFTY26SEPFUT,NSE:NIFTY26SEPFUT,22620.1,22634.6,22611.0,22622.0,41730.0,8460075.0,2026-09-29,2026-09-29,SEP 2026
2026-09-29 10:00:00+05:30,NIFTY26SEPFUT,NSE:NIFTY26SEPFUT,22621.8,22622.0,22601.0,22607.6,45630.0,8358740.0,2026-09-29,2026-09-29,SEP 2026
2026-09-29 10:05:00+05:30,NIFTY26SEPFUT,NSE:NIFTY26SEPFUT,22608.8,22616.7,22595.0,22606.4,418665.0,8628165.0,2026-09-29,2026-09-29,SEP 2026
2026-09-29 10:10:00+05:30,NIFTY26SEPFUT,NSE:NIFTY26SEPFUT,22606.4,22607.9,22590.0,22597.0,32890.0,8291660.0,2026-09-29,2026-09-29,SEP 2026
2026-09-29 10:15:00+05:30,NIFTY26SEPFUT,NSE:NIFTY26SEPFUT,22597.0,22608.9,22590.1,22593.1,38025.0,8270665.0,2026-09-29,2026-09-29,SEP 2026
2026-09-29 10:20:00+05:30,NIFTY26SEPFUT,NSE:NIFTY26SEPFUT,22597.1,22605.0,22590.1,22605.0,29510.0,8200725.0,2026-09-29,2026-09-29,SEP 2026
2026-09-29 10:25:00+05:30,NIFTY26SEPFUT,NSE:NIFTY26SEPFUT,22605.0,22620.8,22599.5,22618.2,41470.0,8174855.0,2026-09-29,2026-09-29,SEP 2026
2026-09-29 10:30:00+05:30,NIFTY26SEPFUT,NSE:NIFTY26SEPFUT,22618.2,22620.0,22596.3,22612.0,35100.0,8148075.0,2026-09-29,2026-09-29,SEP 2026
2026-09-29 10:35:00+05:30,NIFTY26SEPFUT,NSE:NIFTY26SEPFUT,22612.0,22617.7,22600.0,22612.0,31785.0,8139625.0,2026-09-29,2026-09-29,SEP 2026
2026-09-29 10:40:00+05:30,NIFTY26SEPFUT,NSE:NIFTY26SEPFUT,22612.0,22629.0,22603.4,22627.6,47320.0,8128705.0,2026-09-29,2026-09-29,SEP 2026
2026-09-29 10:45:00+05:30,NIFTY26SEPFUT,NSE:NIFTY26SEPFUT,22627.6,22627.6,22605.0,22617.0,29185.0,8124350.0,2026-09-29,2026-09-29,SEP 2026
2026-09-29 10:50:00+05:30,NIFTY26SEPFUT,NSE:NIFTY26SEPFUT,22617.0,22628.2,22604.7,22628.2,19630.0,8118175.0,2026-09-29,2026-09-29,SEP 2026
2026-09-29 10:55:00+05:30,NIFTY26SEPFUT,NSE:NIFTY26SEPFUT,22628.2,22640.0,22620.5,22630.0,29705.0,8097700.0,2026-09-29,2026-09-29,SEP 2026
2026-09-29 11:00:00+05:30,NIFTY26SEPFUT,NSE:NIFTY26SEPFUT,22630.0,22636.5,22606.0,22609.0,31070.0,8077225.0,2026-09-29,2026-09-29,SEP 2026
2026-09-29 11:05:00+05:30,NIFTY26SEPFUT,NSE:NIFTY26SEPFUT,22609.0,22635.0,22600.3,22635.0,22295.0,8043100.0,2026-09-29,2026-09-29,SEP 2026
2026-09-29 11:10:00+05:30,NIFTY26SEPFUT,NSE:NIFTY26SEPFUT,22635.0,22718.0,22630.0,22701.3,154050.0,8012550.0,2026-09-29,2026-09-29,SEP 2026
2026-09-29 11:15:00+05:30,NIFTY26SEPFUT,NSE:NIFTY26SEPFUT,22701.3,22713.4,22676.0,22700.0,54015.0,7996625.0,2026-09-29,2026-09-29,SEP 2026
2026-09-29 11:20:00+05:30,NIFTY26SEPFUT,NSE:NIFTY26SEPFUT,22700.0,22710.0,22680.9,22690.0,28470.0,7987525.0,2026-09-29,2026-09-29,SEP 2026
2026-09-29 11:25:00+05:30,NIFTY26SEPFUT,NSE:NIFTY26SEPFUT,22690.0,22710.0,22685.0,22710.0,61035.0,8005790.0,2026-09-29,2026-09-29,SEP 2026
2026-09-29 11:30:00+05:30,NIFTY26SEPFUT,NSE:NIFTY26SEPFUT,22710.0,22748.0,22710.0,22728.5,63570.0,8002865.0,2026-09-29,2026-09-29,SEP 2026
2026-09-29 11:35:00+05:30,NIFTY26SEPFUT,NSE:NIFTY26SEPFUT,22728.5,22739.0,22714.1,22733.6,39130.0,7976215.0,2026-09-29,2026-09-29,SEP 2026
2026-09-29 11:40:00+05:30,NIFTY26SEPFUT,NSE:NIFTY26SEPFUT,22733.6,22749.0,22719.5,22727.6,52000.0,7964255.0,2026-09-29,2026-09-29,SEP 2026
2026-09-29 11:45:00+05:30,NIFTY26SEPFUT,NSE:NIFTY26SEPFUT,22727.6,22735.0,22713.5,22725.0,29380.0,7949110.0,2026-09-29,2026-09-29,SEP 2026
2026-09-29 11:50:00+05:30,NIFTY26SEPFUT,NSE:NIFTY26SEPFUT,22725.0,22737.0,22719.1,22726.0,24830.0,7948980.0,2026-09-29,2026-09-29,SEP 2026
2026-09-29 11:55:00+05:30,NIFTY26SEPFUT,NSE:NIFTY26SEPFUT,22726.0,22739.0,22723.3,22737.0,29510.0,7939295.0,2026-09-29,2026-09-29,SEP 2026
2026-09-29 12:00:00+05:30,NIFTY26SEPFUT,NSE:NIFTY26SEPFUT,22737.8,22764.9,22737.8,22755.0,63960.0,7926425.0,2026-09-29,2026-09-29,SEP 2026
2026-09-29 12:05:00+05:30,NIFTY26SEPFUT,NSE:NIFTY26SEPFUT,22754.3,22764.5,22751.1,22758.0,93860.0,7927465.0,2026-09-29,2026-09-29,SEP 2026
2026-09-29 12:10:00+05:30,NIFTY26SEPFUT,NSE:NIFTY26SEPFUT,22758.0,22760.0,22742.4,22750.1,35425.0,7902245.0,2026-09-29,2026-09-29,SEP 2026
2026-09-29 12:15:00+05:30,NIFTY26SEPFUT,NSE:NIFTY26SEPFUT,22751.4,22753.5,22745.0,22745.0,57460.0,7881055.0,2026-09-29,2026-09-29,SEP 2026
2026-09-29 12:20:00+05:30,NIFTY26SEPFUT,NSE:NIFTY26SEPFUT,22745.0,22745.4,22719.0,22725.0,63635.0,7857265.0,2026-09-29,2026-09-29,SEP 2026
2026-09-29 12:25:00+05:30,NIFTY26SEPFUT,NSE:NIFTY26SEPFUT,22725.0,22726.4,22680.1,22690.0,61295.0,7847190.0,2026-09-29,2026-09-29,SEP 2026
2026-09-29 12:30:00+05:30,NIFTY26SEPFUT,NSE:NIFTY26SEPFUT,22691.5,22692.3,22633.0,22662.5,130845.0,7850570.0,2026-09-29,2026-09-29,SEP 2026
2026-09-29 12:35:00+05:30,NIFTY26SEPFUT,NSE:NIFTY26SEPFUT,22661.9,22685.0,22656.8,22684.0,33410.0,7851090.0,2026-09-29,2026-09-29,SEP 2026
2026-09-29 12:40:00+05:30,NIFTY26SEPFUT,NSE:NIFTY26SEPFUT,22684.0,22719.0,22675.8,22682.2,52260.0,7848620.0,2026-09-29,2026-09-29,SEP 2026
2026-09-29 12:45:00+05:30,NIFTY26SEPFUT,NSE:NIFTY26SEPFUT,22677.3,22690.0,22669.4,22685.4,26910.0,7847060.0,2026-09-29,2026-09-29,SEP 2026
2026-09-29 12:50:00+05:30,NIFTY26SEPFUT,NSE:NIFTY26SEPFUT,22683.8,22698.8,22678.0,22694.3,18785.0,7843810.0,2026-09-29,2026-09-29,SEP 2026
2026-09-29 12:55:00+05:30,NIFTY26SEPFUT,NSE:NIFTY26SEPFUT,22694.2,22723.0,22686.0,22700.0,20670.0,7840950.0,2026-09-29,2026-09-29,SEP 2026
2026-09-29 13:00:00+05:30,NIFTY26SEPFUT,NSE:NIFTY26SEPFUT,22700.0,22706.0,22688.5,22702.4,19825.0,7835750.0,2026-09-29,2026-09-29,SEP 2026
2026-09-29 13:05:00+05:30,NIFTY26SEPFUT,NSE:NIFTY26SEPFUT,22701.1,22718.0,22685.2,22716.6,23010.0,7837245.0,2026-09-29,2026-09-29,SEP 2026
2026-09-29 13:10:00+05:30,NIFTY26SEPFUT,NSE:NIFTY26SEPFUT,22713.3,22718.0,22689.1,22700.7,36205.0,7835490.0,2026-09-29,2026-09-29,SEP 2026
2026-09-29 13:15:00+05:30,NIFTY26SEPFUT,NSE:NIFTY26SEPFUT,22698.4,22699.9,22678.6,22687.3,37700.0,7836270.0,2026-09-29,2026-09-29,SEP 2026
2026-09-29 13:20:00+05:30,NIFTY26SEPFUT,NSE:NIFTY26SEPFUT,22685.4,22686.6,22666.6,22670.5,37895.0,7839065.0,2026-09-29,2026-09-29,SEP 2026
2026-09-29 13:25:00+05:30,NIFTY26SEPFUT,NSE:NIFTY26SEPFUT,22678.9,22680.3,22662.9,22673.8,38870.0,7853300.0,2026-09-29,2026-09-29,SEP 2026
2026-09-29 13:30:00+05:30,NIFTY26SEPFUT,NSE:NIFTY26SEPFUT,22675.0,22680.0,22665.1,22671.7,33800.0,7853300.0,2026-09-29,2026-09-29,SEP 2026
2026-09-29 13:35:00+05:30,NIFTY26SEPFUT,NSE:NIFTY26SEPFUT,22671.7,22672.5,22642.3,22651.0,58110.0,7855575.0,2026-09-29,2026-09-29,SEP 2026
2026-09-29 13:40:00+05:30,NIFTY26SEPFUT,NSE:NIFTY26SEPFUT,22645.6,22658.1,22641.7,22655.7,35100.0,7853755.0,2026-09-29,2026-09-29,SEP 2026
2026-09-29 13:45:00+05:30,NIFTY26SEPFUT,NSE:NIFTY26SEPFUT,22654.5,22678.0,22647.0,22674.0,56615.0,7860775.0,2026-09-29,2026-09-29,SEP 2026
2026-09-29 13:50:00+05:30,NIFTY26SEPFUT,NSE:NIFTY26SEPFUT,22674.0,22697.0,22671.2,22680.0,43550.0,7812480.0,2026-09-29,2026-09-29,SEP 2026
2026-09-29 13:55:00+05:30,NIFTY26SEPFUT,NSE:NIFTY26SEPFUT,22679.2,22690.0,22668.3,22678.6,40300.0,7816380.0,2026-09-29,2026-09-29,SEP 2026
2026-09-29 14:00:00+05:30,NIFTY26SEPFUT,NSE:NIFTY26SEPFUT,22679.1,22682.6,22658.2,22662.3,87490.0,7812285.0,2026-09-29,2026-09-29,SEP 2026
2026-09-29 14:05:00+05:30,NIFTY26SEPFUT,NSE:NIFTY26SEPFUT,22662.3,22683.7,22657.8,22681.8,52780.0,7825025.0,2026-09-29,2026-09-29,SEP 2026
2026-09-29 14:10:00+05:30,NIFTY26SEPFUT,NSE:NIFTY26SEPFUT,22681.8,22690.0,22670.1,22683.3,22425.0,7808645.0,2026-09-29,2026-09-29,SEP 2026
2026-09-29 14:15:00+05:30,NIFTY26SEPFUT,NSE:NIFTY26SEPFUT,22683.3,22695.0,22675.0,22685.0,47515.0,7807670.0,2026-09-29,2026-09-29,SEP 2026
2026-09-29 14:20:00+05:30,NIFTY26SEPFUT,NSE:NIFTY26SEPFUT,22682.1,22693.8,22663.5,22665.6,42510.0,7794605.0,2026-09-29,2026-09-29,SEP 2026
2026-09-29 14:25:00+05:30,NIFTY26SEPFUT,NSE:NIFTY26SEPFUT,22665.0,22685.0,22660.0,22677.0,47320.0,7780175.0,2026-09-29,2026-09-29,SEP 2026
2026-09-29 14:30:00+05:30,NIFTY26SEPFUT,NSE:NIFTY26SEPFUT,22677.0,22710.0,22671.6,22676.8,61750.0,7765875.0,2026-09-29,2026-09-29,SEP 2026
2026-09-29 14:35:00+05:30,NIFTY26SEPFUT,NSE:NIFTY26SEPFUT,22676.8,22692.0,22675.1,22687.1,37505.0,7729865.0,2026-09-29,2026-09-29,SEP 2026
2026-09-29 14:40:00+05:30,NIFTY26SEPFUT,NSE:NIFTY26SEPFUT,22685.5,22697.0,22674.9,22677.1,46800.0,7699250.0,2026-09-29,2026-09-29,SEP 2026
2026-09-29 14:45:00+05:30,NIFTY26SEPFUT,NSE:NIFTY26SEPFUT,22675.6,22685.0,22668.6,22674.1,57655.0,7657260.0,2026-09-29,2026-09-29,SEP 2026
2026-09-29 14:50:00+05:30,NIFTY26SEPFUT,NSE:NIFTY26SEPFUT,22674.1,22694.0,22671.4,22690.0,90740.0,7617805.0,2026-09-29,2026-09-29,SEP 2026
2026-09-29 14:55:00+05:30,NIFTY26SEPFUT,NSE:NIFTY26SEPFUT,22687.8,22695.0,22675.2,22680.0,55965.0,7570810.0,2026-09-29,2026-09-29,SEP 2026
2026-09-29 15:00:00+05:30,NIFTY26SEPFUT,NSE:NIFTY26SEPFUT,22683.9,22687.2,22654.0,22660.0,221975.0,7650045.0,2026-09-29,2026-09-29,SEP 2026
2026-09-29 15:05:00+05:30,NIFTY26SEPFUT,NSE:NIFTY26SEPFUT,22665.0,22695.0,22663.0,22691.5,114725.0,7507045.0,2026-09-29,2026-09-29,SEP 2026
2026-09-29 15:10:00+05:30,NIFTY26SEPFUT,NSE:NIFTY26SEPFUT,22690.9,22714.8,22690.9,22695.0,99060.0,7489170.0,2026-09-29,2026-09-29,SEP 2026
2026-09-29 15:15:00+05:30,NIFTY26SEPFUT,NSE:NIFTY26SEPFUT,22694.1,22705.0,22671.9,22687.9,210990.0,7441330.0,2026-09-29,2026-09-29,SEP 2026
2026-09-29 15:20:00+05:30,NIFTY26SEPFUT,NSE:NIFTY26SEPFUT,22679.1,22681.0,22616.0,22646.3,161655.0,7401030.0,2026-09-29,2026-09-29,SEP 2026
2026-09-29 15:25:00+05:30,NIFTY26SEPFUT,NSE:NIFTY26SEPFUT,22644.7,22715.0,22644.7,22714.3,128310.0,7151885.0,2026-09-29,2026-09-29,SEP 2026
2026-09-29 15:30:00+05:30,NIFTY26SEPFUT,NSE:NIFTY26SEPFUT,22716.0,22716.0,22713.7,22714.2,71630.0,7132905.0,2026-09-29,2026-09-29,SEP 2026
2026-09-29 15:35:00+05:30,NIFTY26SEPFUT,NSE:NIFTY26SEPFUT,22714.2,22715.2,22714.0,22715.2,45370.0,7120295.0,2026-09-29,2026-09-29,SEP 2026
