date,dir,hm1,hm6,aligned_count,atr14,R1.5,R2.0,R3.0,ret5,ret10,ret20
2015-01-09 13:55:00+05:30,-1,1,1,2,19.83214285714309,-1.0,-1.0,-1.0,-0.9983792544570018,-2.0849990995857115,
2015-01-12 13:10:00+05:30,1,1,1,2,8.00000000000026,1.5,2.0,3.0,0.5750000000000268,2.2124999999997916,3.8687499999997383
2015-01-13 11:20:00+05:30,-1,1,0,1,4.714285714285714,-1.0,-1.0,-1.0,-0.8909090909088594,-2.2909090909089365,-1.0712121212119667
2015-01-13 13:15:00+05:30,1,1,1,3,6.060714285714572,-1.0,-1.0,-1.0,-0.6517383618150568,-0.46199175014747706,-12.077784325279456
2015-01-13 14:20:00+05:30,-1,1,1,2,7.839285714285454,1.5,2.0,3.0,6.7289293849660545,3.09977220956744,
2015-01-13 14:25:00+05:30,-1,1,1,3,7.678571428571298,1.5,2.0,3.0,4.883720930232641,1.6474418604650969,
2015-01-15 15:20:00+05:30,-1,1,1,2,12.935714285714052,0.20485919381554707,0.20485919381554707,0.20485919381554707,,,
2015-01-19 11:35:00+05:30,-1,1,1,3,6.292857142856779,-1.0,-1.0,-1.0,-1.2315550510783912,1.4937570942111522,-1.8751418842224672
2015-01-19 13:05:00+05:30,1,1,1,3,6.264285714285377,1.5,-1.0,-1.0,-0.34321550741188134,1.636259977195071,0.37514253135668646
2015-01-19 14:35:00+05:30,-1,1,1,2,5.742857142857117,-1.0,-1.0,-1.0,0.5223880597014949,0.592039800995281,
2015-01-20 11:55:00+05:30,1,1,1,2,5.278571428571403,-1.0,-1.0,-1.0,1.3734776725304534,2.462787550744261,4.745602165087842
2015-01-21 14:15:00+05:30,-1,1,1,2,7.982142857142987,-1.0,-1.0,-1.0,-1.8478747203579118,-3.031767337807648,
2015-01-22 12:30:00+05:30,-1,1,1,2,6.053571428571688,-1.0,-1.0,-1.0,-0.14041297935108651,-0.1238938053097292,1.7179941002948516
2015-01-23 10:20:00+05:30,-1,1,1,3,11.09285714285709,1.5,2.0,0.7301996136510344,1.2665808113328445,1.2034771410174243,0.7301996136510344
2015-01-27 14:25:00+05:30,1,1,1,3,8.13571428571426,1.5,2.0,3.0,2.568920105355539,4.769095697980611,
2015-01-28 11:05:00+05:30,1,1,1,3,6.824999999999818,1.5,2.0,3.0,3.443223443223535,3.7948717948718427,-0.42490842490838293
2015-01-29 11:10:00+05:30,-1,1,0,1,6.732142857142857,-1.0,-1.0,-1.0,-0.2673740053049317,-2.302387267904509,-1.5151193633950635
2015-01-29 12:45:00+05:30,-1,1,0,1,7.807142857142935,-1.0,-1.0,-1.0,0.4419030192132635,-2.728270814272524,0.24336688014633706
2015-01-29 13:35:00+05:30,1,1,1,3,7.860714285714233,-1.0,-1.0,-1.0,-2.1562925942752047,-2.938664243525505,6.729668332576332
2015-01-29 15:00:00+05:30,1,1,1,2,14.010714285714,-1.0,-1.0,-1.0,-0.6709151159826541,,
2015-02-02 13:30:00+05:30,1,1,1,2,9.021428571428519,1.5,2.0,3.0,1.956452889944749,2.028503562945501,0.44338875692795193
2015-02-02 13:35:00+05:30,1,1,1,3,11.628571428571377,-1.0,-1.0,-1.0,-0.09889434889431806,-2.781941031941076,-3.254914004914051
2015-02-03 10:15:00+05:30,-1,1,1,3,11.142857142857272,-1.0,-1.0,-1.0,-1.583974358974308,-0.9961538461538673,4.886538461538307
2015-02-03 11:45:00+05:30,-1,1,1,3,18.110714285713975,1.5,1.090514691382389,1.090514691382389,0.9607572470912998,0.5521593374088046,1.090514691382389
2015-02-03 13:50:00+05:30,1,1,1,3,11.371428571428494,-1.0,-1.0,-1.0,-1.2795226130652715,-2.866834170854163,
2015-02-04 10:05:00+05:30,-1,1,0,1,14.407142857142778,1.5,2.0,-1.0,0.29499256321269374,1.1973227565691686,-0.34357957362424674
2015-02-04 10:10:00+05:30,-1,1,0,1,14.892857142857013,1.5,-1.0,-1.0,-0.3021582733812976,-0.19136690647484625,-0.7889688249400548
2015-02-04 14:55:00+05:30,-1,1,0,0,9.403571428571533,1.5,2.0,3.0,3.9134067603492904,,
2015-02-05 14:55:00+05:30,-1,1,1,3,15.37500000000013,1.5,2.0,3.0,3.9934959349594106,,
2015-02-09 12:45:00+05:30,1,1,1,3,6.674999999999922,-1.0,-1.0,-1.0,-0.8014981273408879,-1.1535580524345794,-4.0074906367041665
2015-02-10 12:10:00+05:30,-1,1,1,3,14.900000000000157,1.5,2.0,2.6744966442952984,0.24161073825505544,0.6275167785235077,2.6744966442952984
2015-02-10 14:50:00+05:30,1,1,1,3,21.757142857142753,-1.0,-1.0,-1.0,-0.6135915955351476,,
2015-02-11 14:25:00+05:30,1,1,1,3,12.192857142857195,-1.0,-1.0,-1.0,0.37316930287047184,-1.0087873462215264,
2015-02-12 10:15:00+05:30,-1,1,1,2,15.396428571428649,-1.0,-1.0,-1.0,-0.6982138714915298,-0.834609139410829,0.1980978891208054
2015-02-18 12:00:00+05:30,-1,1,1,3,7.621428571428623,-1.0,-1.0,-1.0,-0.13776944704770117,-0.15089034676658666,0.12464854732905432
2015-02-18 12:10:00+05:30,-1,1,1,2,7.600000000000104,-1.0,-1.0,-1.0,-0.6776315789473113,-1.4407894736840472,-1.4934210526316065
2015-02-18 12:55:00+05:30,1,1,1,2,6.253571428571637,-1.0,-1.0,-1.0,0.6636207881209933,-0.855511136493462,4.733295259851414
2015-02-18 14:00:00+05:30,1,1,1,3,8.17857142857117,-1.0,-1.0,-1.0,-0.6358078602618954,1.565065502183589,
2015-02-19 10:35:00+05:30,-1,1,1,3,8.632142857142883,1.5,2.0,3.0,5.299958626396343,4.546959040132382,3.521721141911408
2015-02-19 10:40:00+05:30,-1,1,1,3,8.960714285714337,-1.0,-1.0,-1.0,4.436030290952545,3.3758469509764653,2.204065364687114
2015-02-19 14:45:00+05:30,1,1,1,2,13.671428571428546,1.5,2.0,3.0,3.412225705329133,,
2015-02-23 13:50:00+05:30,-1,1,1,3,8.257142857143274,-1.0,-1.0,-1.0,5.2197231833907844,6.10380622837335,
2015-02-24 11:00:00+05:30,-1,1,1,3,9.132142857143403,-1.0,-1.0,-1.0,-1.7246773562767839,-3.2139225655063006,-2.190066484160995
2015-02-24 12:50:00+05:30,-1,1,1,3,7.346428571428727,-1.0,-1.0,-1.0,-3.260087506076841,-4.471560525036415,-1.1025765678172357
2015-02-27 11:25:00+05:30,1,1,0,1,9.525000000000157,1.5,2.0,3.0,1.3333333333333879,2.435695538057779,4.440944881889806
2015-02-27 11:35:00+05:30,1,1,1,3,9.925000000000182,1.5,2.0,3.0,0.8261964735516955,0.10075566750629539,4.387909319899274
2015-02-27 14:55:00+05:30,1,1,0,1,10.603571428571481,1.5,2.0,1.980464802963951,1.428763893566816,,
2015-03-03 11:05:00+05:30,-1,1,0,1,8.87499999999987,1.5,-1.0,-1.0,0.7098591549297109,-0.7887323943662087,-2.5802816901408416
2015-03-03 11:15:00+05:30,-1,1,1,3,8.503571428571377,-1.0,-1.0,-1.0,-0.9760604787903446,-1.7580848383033303,-3.8572028559428193
2015-03-04 10:55:00+05:30,-1,1,0,1,7.632142857143013,1.5,2.0,3.0,0.6354702854469229,1.7295273748245803,2.836686944314592
2015-03-04 11:00:00+05:30,-1,1,1,2,7.714285714285844,-1.0,-1.0,-1.0,0.8425925925925785,0.9138888888887792,2.093518518518436
2015-03-04 12:55:00+05:30,1,1,0,1,10.814285714285429,-1.0,-1.0,-1.0,-0.804491413474329,-0.7582562747689116,-7.152575957728096
2015-03-04 14:25:00+05:30,-1,1,1,2,12.985714285714234,1.5,2.0,3.0,7.184818481848297,6.0566556655666925,
2015-03-05 13:50:00+05:30,1,1,0,1,13.960714285714728,1.5,2.0,3.0,1.8301355845483678,1.189050908160513,
2015-03-05 13:55:00+05:30,1,1,0,1,13.964285714286234,-1.0,-1.0,-1.0,-1.0705882352939997,-0.3186700767262527,
2015-03-11 13:20:00+05:30,-1,1,1,3,9.317857142857454,-1.0,-1.0,-1.0,-2.269835185894864,-3.4181678804136815,-0.8961287849749001
2015-03-11 15:00:00+05:30,-1,1,1,2,13.91785714285717,0.10418270464465049,0.10418270464465049,0.10418270464465049,0.10418270464465049,,
2015-03-13 13:15:00+05:30,-1,1,1,2,8.517857142856753,-1.0,-1.0,-1.0,-1.5320754716980978,4.596226415094507,2.8410901467507395
2015-03-17 12:00:00+05:30,-1,1,1,3,7.796428571428415,1.5,2.0,3.0,2.3151626202475524,2.3344021988091184,8.414109024278732
2015-03-18 11:25:00+05:30,1,1,0,1,9.078571428571584,-1.0,-1.0,-1.0,1.9992132179385567,1.3603461841070192,0.9087332808811803
2015-03-18 14:40:00+05:30,-1,1,1,3,11.224999999999975,-1.0,-1.0,-1.0,-1.327394209354091,,
2015-03-20 11:20:00+05:30,1,1,0,1,10.628571428571506,-1.0,-1.0,-1.0,0.4327956989247623,-1.303091397849316,-2.300403225806332
2015-03-20 12:05:00+05:30,-1,1,1,3,9.196428571428442,-1.0,-1.0,-1.0,-1.7017475728155185,-0.1685436893205094,-1.0003883495146564
2015-03-20 14:15:00+05:30,-1,1,1,2,12.253571428571636,-1.0,-1.0,-1.0,-1.4730399300494639,-0.5794229087728239,
2015-03-24 13:15:00+05:30,-1,1,0,1,6.317857142857325,1.5,2.0,-1.0,1.1475409836065242,-6.339174674957593,2.587902769926495
2015-03-24 14:00:00+05:30,1,1,1,3,10.932142857142935,-1.0,-1.0,-1.0,-0.434498529892189,-5.278013721006236,
2015-03-25 10:20:00+05:30,-1,1,1,3,9.71785714285709,-1.0,-1.0,-1.0,-1.2296949650862596,-1.137081955163474,-0.4270488790885353
2015-03-25 13:25:00+05:30,-1,1,1,3,6.60357142857148,-1.0,-1.0,-1.0,-0.9691725256894993,-2.430502974581001,-0.6057328285559714
2015-03-25 14:20:00+05:30,1,1,1,3,6.842857142857611,-1.0,-1.0,-1.0,-2.4039665970771864,-2.031315240083315,
2015-03-27 13:20:00+05:30,1,1,1,2,12.900000000000157,1.5,2.0,3.0,2.2286821705426085,1.7751937984495627,2.9108527131783437
2015-03-27 13:25:00+05:30,1,1,1,2,13.15714285714291,1.5,2.0,3.0,2.3485342019543602,1.3034744842562103,1.4212812160695394
2015-03-30 11:30:00+05:30,-1,1,0,1,7.671428571428805,-1.0,-1.0,-1.0,-0.6517690875232576,-0.5148975791434683,-3.2392923649906376
2015-03-30 12:45:00+05:30,1,1,1,3,6.40714285714265,1.5,2.0,3.0,1.0769230769230551,4.050167224080228,6.516164994426075
2015-03-31 13:25:00+05:30,1,1,1,3,6.078571428571714,-1.0,-1.0,-1.0,-0.23854289071691226,-5.3631022326672575,-6.745005875440341
2015-04-01 10:15:00+05:30,1,1,1,2,10.55357142857117,-1.0,-1.0,-1.0,-0.6301184433165662,-0.41218274111679587,0.24162436548217048
2015-04-07 11:50:00+05:30,1,1,1,3,14.957142857143092,-1.0,-1.0,-1.0,-4.228748806112637,-4.987583572110739,-4.663323782234884
2015-04-07 14:15:00+05:30,1,1,1,2,8.61428571428561,-1.0,-1.0,-1.0,0.6036484245440387,2.3333333333334036,
2015-04-13 11:40:00+05:30,1,1,1,2,5.389285714285636,1.5,2.0,3.0,2.4121935056329042,6.030483764082261,5.445990722332817
2015-04-13 13:55:00+05:30,-1,1,1,2,6.8071428571424155,-1.0,-1.0,-1.0,-2.0640083945435737,-4.385099685204955,
2015-04-15 13:55:00+05:30,1,1,1,2,5.96785714285735,1.5,2.0,-1.0,-0.016756433273549306,1.0975463794133649,
2015-04-15 15:00:00+05:30,-1,1,1,2,9.939285714285559,1.5,2.0,3.0,3.5213798059648416,,
2015-04-16 12:15:00+05:30,-1,1,1,3,7.235714285714623,1.5,2.0,3.0,2.4392892398813757,4.36722606120419,-0.84304047384009
2015-04-16 12:20:00+05:30,-1,1,1,3,7.446428571428831,1.5,2.0,3.0,0.22158273381289306,2.3702637889686935,0.17458033573155535
2015-04-20 12:00:00+05:30,1,1,1,2,7.7285714285713505,-1.0,-1.0,-1.0,-2.089648798521231,-0.5110905730128029,-3.9593345656190753
2015-04-20 13:10:00+05:30,-1,1,1,3,8.507142857142753,-1.0,-1.0,-1.0,-0.44668345927783765,1.8690176322417937,9.221662468514053
2015-04-21 11:05:00+05:30,1,1,1,2,14.410714285714286,-1.0,-1.0,-1.0,0.43717472118966677,0.3261462205700629,1.023543990086741
2015-04-22 14:35:00+05:30,1,1,1,3,18.849999999999845,1.5,2.0,3.0,2.7586206896551952,4.042440318302459,
2015-04-24 10:40:00+05:30,-1,1,1,2,11.357142857142987,-1.0,-1.0,-1.0,0.10125786163518694,-0.3477987421384249,-0.9905660377358377
2015-04-24 11:55:00+05:30,1,1,1,2,8.360714285714364,1.5,-1.0,-1.0,-0.609995728321268,0.3528406663819718,-1.3395984621954997
2015-04-24 12:00:00+05:30,1,1,1,2,8.567857142857195,-1.0,-1.0,-1.0,-1.1438099208002417,0.24510212588582672,-1.7040433513964472
2015-04-27 12:25:00+05:30,-1,1,1,2,8.214285714285845,-1.0,-1.0,-1.0,-0.5113043478261674,-0.602608695652253,0.8217391304347695
2015-04-30 14:00:00+05:30,1,1,1,3,10.396428571428585,1.5,2.0,-1.0,1.9381655788388494,0.8223978014427321,
2015-05-04 15:05:00+05:30,1,1,1,3,13.210714285714337,1.1278723979453587,1.1278723979453587,1.1278723979453587,,,
2015-05-05 10:25:00+05:30,1,1,1,3,11.682142857142676,-1.0,-1.0,-1.0,0.06848058697655429,-0.16692143075502994,-1.0528890247630234
2015-05-05 11:45:00+05:30,-1,1,0,1,7.87500000000026,1.5,2.0,3.0,0.3746031746032546,0.5714285714285525,4.158730158730021
2015-05-05 11:50:00+05:30,-1,1,1,2,8.053571428571688,1.5,-1.0,-1.0,0.5773835920176745,-0.024833702882347052,3.0669623059866877
2015-05-06 13:35:00+05:30,1,1,0,1,10.949999999999948,-1.0,-1.0,-1.0,0.4246575342466272,-0.9954337899543094,-4.3470319634702905
2015-05-08 13:45:00+05:30,-1,1,1,2,8.578571428571324,-1.0,-1.0,-1.0,-1.9525395503747114,-4.348043297252258,-1.258950874271477
2015-05-11 14:25:00+05:30,-1,1,1,3,7.389285714285636,-1.0,-1.0,-1.0,-2.814886418559868,-3.3832769453842793,
2015-05-13 10:45:00+05:30,-1,1,1,2,10.88571428571439,1.5,2.0,3.0,8.442257217847656,6.453412073490669,7.7211286089237445
2015-05-14 11:45:00+05:30,1,1,0,1,10.664285714285727,-1.0,-1.0,-1.0,-0.4407233757534135,-0.9845947756194715,-0.15941058271925446
2015-05-18 10:50:00+05:30,-1,1,1,2,8.75000000000013,-1.0,-1.0,-1.0,-0.9257142857143136,-1.5142857142856918,-0.7200000000001141
2015-05-18 13:00:00+05:30,1,1,1,3,6.296428571428156,-1.0,-1.0,-1.0,-0.11117413499699792,1.9217243335225895,4.343732274532392
2015-05-19 11:40:00+05:30,1,1,0,1,5.682142857142675,-1.0,-1.0,-1.0,3.1942174732872792,2.4814582023885787,5.781269641735007
2015-05-20 13:30:00+05:30,-1,1,1,2,6.23928571428548,-1.0,-1.0,-1.0,-1.7389811104752237,-2.3239839725244145,-2.5082999427593426
2015-05-22 13:10:00+05:30,1,1,1,3,6.046428571428545,-1.0,-1.0,-1.0,-2.662728883638583,-5.4246898995867365,-4.051978735971666
2015-05-22 13:15:00+05:30,1,1,1,3,6.710714285714338,-1.0,-1.0,-1.0,-1.7434805747736397,-3.568919638105185,-4.828100053219706
2015-05-25 12:35:00+05:30,-1,1,1,3,3.842857142857091,1.5,2.0,3.0,7.078066914498426,11.436802973978038,9.589219330855242
2015-05-25 12:40:00+05:30,-1,1,1,3,4.9178571428571685,-1.0,-1.0,-1.0,2.074074074074211,4.66666666666679,2.7145969498911273
2015-05-29 14:30:00+05:30,1,1,0,1,11.571428571428571,1.5,2.0,3.0,3.305555555555556,3.0722222222223166,
2015-06-01 12:05:00+05:30,-1,1,1,2,7.025000000000026,-1.0,-1.0,-1.0,-0.9608540925266869,-2.2491103202848444,-0.9964412811387864
2015-06-01 13:50:00+05:30,-1,1,1,3,6.257142857142753,-1.0,-1.0,-1.0,-0.8869863013700522,-1.174657534246653,
2015-06-02 13:05:00+05:30,-1,1,1,2,10.942857142857065,-1.0,-1.0,-1.0,-0.7676240208877007,1.3890339425588232,5.016971279373537
2015-06-04 10:25:00+05:30,1,1,0,1,14.089285714285454,-1.0,-1.0,-1.0,-1.0326996197718952,-0.287452471482908,-1.7353612167300572
2015-06-05 13:50:00+05:30,1,1,1,2,8.021428571428649,1.5,2.0,-1.0,1.1843276936776377,1.1905609973285953,
2015-06-08 11:15:00+05:30,-1,1,1,2,7.489285714285805,-1.0,-1.0,-1.0,-0.7944682880304859,-0.37386742966131936,0.4539818788746501
2015-06-08 14:15:00+05:30,1,1,1,2,9.392857142856949,1.5,2.0,-1.0,0.7558935361217274,-1.0326996197718652,
2015-06-08 14:25:00+05:30,1,1,1,3,9.667857142856844,-1.0,-1.0,-1.0,-1.0343553749538554,-3.242704100480374,
2015-06-09 12:45:00+05:30,1,1,1,3,5.964285714285779,-1.0,-1.0,-1.0,-0.6874251497006523,-1.4251497005987868,-3.92335329341307
2015-06-10 14:20:00+05:30,1,1,1,2,7.450000000000078,1.5,2.0,3.0,3.5906040268456,-0.06040268456385542,
2015-06-11 10:15:00+05:30,-1,1,1,2,10.892857142857013,1.5,2.0,3.0,3.102950819672185,5.980983606557499,6.820983606557475
2015-06-11 12:15:00+05:30,1,1,1,3,12.014285714285702,-1.0,-1.0,-1.0,0.5701545778834273,-1.2693222354340084,-2.6343638525565285
2015-06-12 11:15:00+05:30,-1,1,1,3,7.364285714285676,-1.0,-1.0,-1.0,-0.9844810863239625,-4.698351115421994,-2.451018428710028
2015-06-12 12:00:00+05:30,1,1,1,3,7.571428571428571,-1.0,-1.0,-1.0,-0.7264150943396227,-1.208490566037688,-1.9084905660377118
2015-06-15 11:00:00+05:30,1,1,1,2,11.54285714285717,-1.0,-1.0,-1.0,-0.8490099009901129,-0.98329207920795,-3.04084158415844
2015-06-15 14:30:00+05:30,-1,1,1,2,10.982142857142858,-1.0,-1.0,-1.0,-0.18211382113821137,0.7603252032520657,
2015-06-16 10:30:00+05:30,1,1,1,3,8.79285714285704,-1.0,-1.0,-1.0,-0.625507717303013,-0.7392363931762881,-2.0300568643380017
2015-06-17 13:45:00+05:30,1,1,1,3,8.853571428571351,1.5,2.0,3.0,1.0843081887857486,2.1177894312222856,-1.818475191609577
2015-06-18 11:30:00+05:30,-1,1,1,2,6.799999999999922,-1.0,-1.0,-1.0,-1.0294117647058942,-0.933823529411829,-4.110294117647213
2015-06-18 13:00:00+05:30,1,1,1,3,6.917857142857234,-1.0,-1.0,-1.0,-0.2818791946308425,0.6504904491481587,0.7010841507486236
2015-06-23 13:35:00+05:30,1,1,1,2,5.8821428571426235,-1.0,-1.0,-1.0,-0.9180327868852205,0.2805100182151948,-2.091074681238575
2015-06-23 13:45:00+05:30,1,1,1,3,5.514285714285506,-1.0,-1.0,-1.0,-3.409326424870463,-1.215025906735599,-2.031088082901433
2015-06-23 15:15:00+05:30,-1,1,0,1,7.089285714285844,-0.5360201511336454,-0.5360201511336454,-0.5360201511336454,,,
2015-06-25 12:10:00+05:30,1,1,1,3,4.042857142857558,-1.0,-1.0,-1.0,-0.5812720848056839,2.955830388692006,6.183745583038234
2015-06-26 13:10:00+05:30,1,1,1,2,9.38571428571426,1.5,2.0,-1.0,0.49543378995430054,-0.031963470319751074,-0.6818873668188368
2015-06-29 12:35:00+05:30,1,1,1,2,7.910714285714286,-1.0,-1.0,-1.0,0.40451467268632224,1.1313769751693923,9.08893905191869
2015-06-30 12:45:00+05:30,-1,1,1,2,7.564285714285688,-1.0,-1.0,-1.0,-1.8904627006609112,-2.5646836638337662,-1.6657223796034533
2015-07-01 11:40:00+05:30,-1,1,1,2,7.042857142856909,-1.0,-1.0,-1.0,-1.1217038539553608,-2.420892494928983,-4.444219066937164
2015-07-01 13:45:00+05:30,-1,1,1,3,6.103571428571221,-1.0,-1.0,-1.0,-1.0813341135167729,-3.8502047981276912,-3.784669397308556
2015-07-06 14:10:00+05:30,1,1,1,3,8.003571428571117,1.5,2.0,3.0,2.892458723784092,5.7224453369032995,
2015-07-07 11:10:00+05:30,-1,1,0,1,6.096428571428597,1.5,-1.0,-1.0,-1.2712360867018107,-1.6074985354421703,-1.3614528412418199
2015-07-07 11:15:00+05:30,-1,1,1,2,6.657142857142909,-1.0,-1.0,-1.0,-1.494635193133145,-0.9989270386268203,-1.9753218884122203
2015-07-07 14:05:00+05:30,-1,1,1,3,5.810714285714441,1.5,2.0,3.0,3.7775046097111487,0.5937307928704227,
2015-07-08 10:45:00+05:30,-1,1,1,2,8.142857142857533,1.5,2.0,3.0,4.470175438596455,7.018421052631421,10.094736842104869
2015-07-08 13:35:00+05:30,1,1,1,2,10.110714285714234,-1.0,-1.0,-1.0,0.7961850936066115,1.008830801836884,-3.0017661603672328
2015-07-08 15:10:00+05:30,-1,1,1,3,13.52142857142839,0.2588483888008487,0.2588483888008487,0.2588483888008487,,,
2015-07-09 11:35:00+05:30,-1,1,1,2,7.807142857142805,1.5,2.0,2.0942360475753077,-0.32021957913998383,0.6276303751143217,2.0942360475753077
2015-07-09 13:15:00+05:30,-1,1,1,2,6.400000000000156,-1.0,-1.0,-1.0,-1.4140625000001361,-2.7343749999999334,0.1093749999998268
2015-07-10 12:20:00+05:30,-1,1,1,2,5.853571428571221,-1.0,-1.0,-1.0,-3.117754728493094,-3.784014643075118,-0.3758389261743235
2015-07-14 11:00:00+05:30,-1,1,0,1,6.300000000000182,1.5,2.0,-1.0,1.6587301587302263,0.06349206349200391,-0.88095238095224
2015-07-15 12:00:00+05:30,1,1,1,2,4.371428571428753,-1.0,-1.0,-1.0,0.22875816993463102,-2.0130718954245865,-0.1029411764703343
2015-07-16 11:00:00+05:30,-1,1,0,0,5.414285714285922,-1.0,-1.0,-1.0,-1.3944591029021867,-0.8957783641157918,-0.37862796833758194
2015-07-21 14:15:00+05:30,-1,1,0,1,5.742857142857507,1.5,2.0,3.0,3.6654228855717803,10.621890547263009,
2015-07-21 14:20:00+05:30,-1,1,1,2,5.642857142857532,1.5,2.0,3.0,7.2746835443031665,12.07721518987252,
2015-07-23 11:25:00+05:30,-1,1,1,3,6.435714285714312,1.5,2.0,3.0,1.2197558268590971,0.08546059933395984,-1.9112097669255175
2015-07-24 13:20:00+05:30,-1,1,1,2,6.653571428571532,-1.0,-1.0,-1.0,0.3832528180353114,1.2474503488994955,4.095544820182438
2015-07-28 11:05:00+05:30,-1,1,1,3,10.321428571428312,-1.0,-1.0,-1.0,-0.29065743944637407,0.06297577854667914,-0.31003460207620287
2015-07-28 13:00:00+05:30,1,1,1,2,6.546428571428805,-1.0,-1.0,-1.0,-2.8336061102016425,-7.538461538461325,-4.032733224222386
2015-07-28 15:05:00+05:30,-1,1,0,1,13.49999999999987,-0.6851851851851918,-0.6851851851851918,-0.6851851851851918,,,
2015-07-29 12:30:00+05:30,1,1,1,3,6.364285714286,-1.0,-1.0,-1.0,-0.2828282828281558,0.4556677890010447,-1.4534231200897216
2015-07-29 14:30:00+05:30,1,1,1,3,6.303571428571429,1.5,-1.0,-1.0,-1.6657223796033993,0.7456090651556342,
2015-07-29 14:35:00+05:30,1,1,1,3,6.592857142857091,-1.0,-1.0,-1.0,-0.4626218851569897,0.37161430119187927,
2015-08-03 13:05:00+05:30,-1,1,1,2,5.696428571428571,1.5,2.0,-1.0,-0.9391849529781203,-1.2639498432603158,0.8601880877742308
2015-08-03 14:15:00+05:30,1,1,1,2,7.164285714285922,-1.0,-1.0,-1.0,-2.142572283150283,-1.93320039880333,
2015-08-03 14:45:00+05:30,-1,1,1,3,6.532142857142909,-1.0,-1.0,-1.0,-1.0945872061235005,,
2015-08-04 12:05:00+05:30,-1,1,1,2,15.689285714285948,-1.0,-1.0,-1.0,-0.9624402458456724,1.9599362622353453,-1.2173913043478313
2015-08-04 13:45:00+05:30,1,1,1,3,13.74999999999987,0.4909090909090955,0.4909090909090955,0.4909090909090955,-0.2581818181817677,0.18909090909093734,0.4909090909090955
2015-08-05 12:10:00+05:30,-1,1,0,1,5.1178571428573765,-1.0,-1.0,-1.0,-2.295882763433252,-3.087229588276416,-4.220516399162475
2015-08-05 13:45:00+05:30,1,1,1,2,6.375,-1.0,-1.0,-1.0,-2.831372549019494,-3.0745098039216257,-2.643137254902018
2015-08-07 11:10:00+05:30,-1,1,1,2,6.032142857142519,1.5,-1.0,-1.0,-1.0609828300772692,-1.823564239194892,-1.9810538780345714
2015-08-07 11:15:00+05:30,-1,1,1,2,6.171428571428156,-1.0,-1.0,-1.0,-1.8958333333335788,-1.8310185185188186,-3.013888888889151
2015-08-07 15:00:00+05:30,-1,1,1,2,7.224999999999844,-1.0,-1.0,-1.0,-1.9238754325261944,,
2015-08-11 13:55:00+05:30,-1,1,1,3,9.371428571428623,1.5,-1.0,-1.0,-1.9153963414632875,-1.3658536585365002,
2015-08-13 10:10:00+05:30,-1,1,1,2,13.464285714285845,-0.1819628647215377,-0.1819628647215377,-0.1819628647215377,-0.12254641909811503,0.07798408488058181,-0.1819628647215377
2015-08-13 10:15:00+05:30,-1,1,1,2,13.503571428571636,-1.0,-1.0,-1.0,-1.1182226924094252,-0.7923829674689653,-0.8071938640570884
2015-08-13 12:05:00+05:30,-1,1,1,2,6.257142857143013,1.5,2.0,3.0,3.052511415525096,-2.900684931506719,0.10388127853875205
2015-08-13 12:10:00+05:30,-1,1,1,3,7.410714285714415,-1.0,-1.0,-1.0,-4.095421686746965,-4.8713253012047835,-3.0496385542168634
2015-08-13 15:00:00+05:30,-1,1,1,2,14.078571428571454,-1.0,-1.0,-1.0,-2.780821917808188,,
2015-08-17 13:25:00+05:30,-1,1,1,3,9.789285714285663,-1.0,-1.0,-1.0,-0.8478657424297003,-0.398394746442869,-0.2043049981758493
2015-08-18 13:40:00+05:30,-1,1,0,1,9.378571428571117,-1.0,-1.0,-1.0,-1.983244478294088,-3.182787509520327,-2.548362528560594
2015-08-18 14:15:00+05:30,1,1,1,2,9.742857142856987,1.5,-0.4259530791788551,-0.4259530791788551,1.2162756598241036,-0.1488269794720311,
2015-08-19 10:20:00+05:30,1,1,1,3,11.517857142857013,1.5,2.0,3.0,0.7987596899225529,2.322480620155065,3.021395348837338
2015-08-19 14:30:00+05:30,-1,1,1,3,9.474999999999975,-1.0,-1.0,-1.0,-2.2321899736147435,-1.2137203166226944,
2015-08-21 11:30:00+05:30,1,1,1,3,9.014285714285895,-1.0,-1.0,-1.0,0.6212361331220564,-2.1133122028524918,0.5657686212361621
2015-08-21 13:00:00+05:30,1,1,1,3,8.435714285713923,1.5,-1.0,-1.0,0.5334462320067969,-1.1439458086367547,2.198983911939043
2015-08-21 13:05:00+05:30,1,1,1,3,8.785714285713896,-1.0,-1.0,-1.0,-0.5634146341464493,-1.4967479674796997,0.7455284552845032
2015-08-21 14:35:00+05:30,1,1,0,1,11.107142857142858,1.5,2.0,3.0,3.074598070739517,0.4411575562700637,
2015-08-24 12:00:00+05:30,-1,1,1,3,17.250000000000064,1.5,2.0,3.0,0.25797101449279486,-0.0,1.8086956521739486
2015-08-24 13:00:00+05:30,-1,1,1,3,13.903571428571338,1.5,-1.0,-1.0,-0.8307218083740231,1.9779090675571667,6.771641407654783
2015-08-25 12:15:00+05:30,1,1,1,3,30.21071428571427,1.5,2.0,3.0,1.641801631398493,2.785435630689196,3.2223667100129876
2015-08-26 13:40:00+05:30,1,1,1,2,14.435714285714377,-1.0,-1.0,-1.0,-1.1810984661058932,-0.852053438891645,-6.303809995051915
2015-08-27 11:30:00+05:30,-1,1,1,3,8.096428571428532,-1.0,-1.0,-1.0,-0.8275253639170526,-1.5624172915748433,-7.163652404058261
2015-08-31 10:25:00+05:30,1,1,1,2,13.71785714285709,-1.0,-1.0,-1.0,-0.754491017964035,1.206456651913582,0.20775839625100362
2015-08-31 12:00:00+05:30,-1,1,1,3,11.728571428571415,-1.0,-1.0,-1.0,-1.2874543239951604,-1.2831912302070816,1.6498172959805444
2015-08-31 14:55:00+05:30,1,1,1,2,13.960714285714273,-1.0,-1.0,-1.0,-1.6224098234843076,,
2015-09-01 11:10:00+05:30,1,1,1,2,10.717857142857222,-1.0,-1.0,-1.0,-3.377540819726716,-3.750749750083261,-4.814395201599465
2015-09-01 15:15:00+05:30,1,1,1,3,17.514285714285702,-1.0,-1.0,-1.0,,,
2015-09-02 12:00:00+05:30,1,1,0,1,15.885714285714325,-1.0,-1.0,-1.0,-0.8403776978416901,-0.2958633093525058,-2.93660071942443
2015-09-02 14:50:00+05:30,-1,1,1,3,13.507142857142753,1.5,2.0,0.3442622950820103,0.24431517715495982,,
2015-09-03 15:00:00+05:30,-1,1,1,2,9.682142857142935,-1.0,-1.0,-1.0,-1.6112135743268412,,
2015-09-07 13:00:00+05:30,-1,1,0,1,8.29642857142848,1.5,2.0,3.0,1.4102453723633168,0.09040034438226531,5.267326732673303
2015-09-08 11:00:00+05:30,-1,1,1,3,13.028571428571402,-1.0,-1.0,-1.0,-2.4177631578947416,-5.3459429824561235,-6.098135964912279
2015-09-08 11:40:00+05:30,1,1,1,2,13.37857142857131,1.5,2.0,3.0,1.7079551521622807,2.5600640683395848,3.8045915643352974
2015-09-08 15:10:00+05:30,-1,1,1,2,12.274999999999961,-1.0,-1.0,-1.0,,,
2015-09-10 12:55:00+05:30,-1,1,1,2,10.832142857142767,-1.0,-1.0,-1.0,-2.307945928123989,-3.05110451697993,-2.409495548961478
2015-09-10 13:25:00+05:30,1,1,1,2,11.003571428571377,-1.0,-1.0,-1.0,-0.21811100292118013,-2.9535864978903095,1.0451152223304172
2015-09-11 14:55:00+05:30,1,1,1,2,10.29285714285717,-1.0,-1.0,-1.0,-3.71616932685634,,
2015-09-14 10:15:00+05:30,1,1,1,2,15.51071428571439,1.5,0.43195947501725457,0.43195947501725457,1.189500345383356,0.8316831683168613,0.43195947501725457
2015-09-14 12:45:00+05:30,1,1,1,3,7.446428571428571,1.5,2.0,0.946762589928082,2.235971223021656,1.0743405275779376,0.946762589928082
2015-09-14 14:40:00+05:30,1,1,1,3,8.18214285714287,1.5,2.0,1.6071584460934734,2.236577913574877,,
2015-09-15 12:30:00+05:30,1,1,1,2,7.082142857142896,1.5,2.0,-1.0,-0.021180030257263015,1.2072617246596256,-3.6147251638931226
2015-09-15 14:50:00+05:30,1,1,1,3,10.517857142857142,-1.0,-1.0,-1.0,-0.40882852292022104,,
2015-09-16 10:20:00+05:30,-1,1,1,2,8.800000000000052,-1.0,-1.0,-1.0,-0.6306818181818351,-0.6363636363636739,-2.7954545454545703
2015-09-16 15:05:00+05:30,1,1,0,1,8.164285714285663,-1.0,-1.0,-1.0,,,
2015-09-18 11:15:00+05:30,-1,1,1,2,8.232142857142858,-1.0,-1.0,-1.0,-2.241214750542277,-3.7718004338395015,-0.9171366594360307
2015-09-18 14:15:00+05:30,-1,1,1,3,7.253571428571506,1.5,2.0,3.0,3.2673559822746814,4.163466272771964,
2015-09-23 11:45:00+05:30,1,1,1,3,9.17142857142861,-1.0,-1.0,-1.0,-0.872274143302177,1.5428348909657852,2.224299065420611
2015-09-24 11:50:00+05:30,1,1,1,2,4.789285714285792,1.5,2.0,3.0,1.9731543624160375,0.8665175242355551,2.8709917971662473
2015-09-24 12:55:00+05:30,-1,1,1,2,7.474999999999844,1.5,2.0,-1.0,-0.347826086956456,-6.046822742475018,-5.719063545150621
2015-09-24 13:35:00+05:30,1,1,1,3,10.639285714285572,1.5,-1.0,-1.0,0.44645854313528627,-0.2020812353138322,-0.8083249412554143
2015-09-30 12:35:00+05:30,1,1,1,3,8.242857142857181,1.5,2.0,-1.0,0.3396880415943642,-1.0918544194107402,1.3830155979202268
2015-10-01 10:20:00+05:30,-1,1,1,2,11.824999999999948,1.5,2.0,0.11416490486261055,0.8372093023256313,1.1543340380550196,0.11416490486261055
2015-10-01 10:30:00+05:30,-1,1,1,3,10.403571428571338,1.5,2.0,-1.0,2.5279780295227807,1.446618606247797,0.043254376930981865
2015-10-06 11:20:00+05:30,-1,1,1,2,7.117857142857182,1.5,2.0,3.0,0.6603110888108088,1.4189663823380991,1.538384345208195
2015-10-06 13:40:00+05:30,1,1,0,1,9.739285714285675,1.5,2.0,3.0,1.8687202053538576,2.1818848551521905,1.719838650531727
2015-10-09 10:55:00+05:30,-1,1,1,3,5.807142857143195,1.5,2.0,3.0,1.4120541205412485,1.2742927429272923,3.297662976629512
2015-10-13 15:00:00+05:30,1,1,1,2,8.199999999999884,-0.5000000000000514,-0.5000000000000514,-0.5000000000000514,-0.5000000000000514,,
2015-10-14 13:30:00+05:30,1,1,1,2,6.7607142857142595,-1.0,-1.0,-1.0,0.6804014791335722,-1.1980982567353993,-2.8991019545695313
2015-10-16 11:10:00+05:30,-1,1,1,2,4.700000000000143,1.5,2.0,3.0,0.8191489361702652,0.27659574468088133,-0.15957446808510153
2015-10-16 12:10:00+05:30,-1,1,1,2,5.078571428571585,-1.0,-1.0,-1.0,-1.5063291139239328,-2.874824191279692,-3.623066104078579
2015-10-16 12:50:00+05:30,1,1,1,3,4.450000000000143,1.5,-1.0,-1.0,-0.28089887640448535,0.38202247191005917,14.235955056179195
2015-10-16 12:55:00+05:30,1,1,1,3,4.653571428571532,-1.0,-1.0,-1.0,-2.5141980046048586,-0.13967766692260072,15.052954719876714
2015-10-19 11:55:00+05:30,1,1,1,3,4.496428571428753,1.5,2.0,3.0,1.289912629070477,4.892772041302424,2.5798252581413585
2015-10-19 12:00:00+05:30,1,1,1,3,4.528571428571662,-1.0,-1.0,-1.0,0.9495268138803182,3.7318611987378976,2.5283911671924595
2015-10-20 11:25:00+05:30,-1,1,1,3,5.3857142857142595,-1.0,-1.0,-1.0,-2.348806366047689,-2.163129973474744,-2.757294429707966
2015-10-21 11:35:00+05:30,-1,1,1,2,4.350000000000234,1.5,2.0,3.0,2.29885057471252,9.19540229885008,9.080459770114453
2015-10-23 14:30:00+05:30,-1,1,1,2,7.37499999999987,-1.0,-1.0,-1.0,-0.20338983050847814,-1.3288135593222052,
2015-10-26 12:45:00+05:30,-1,1,1,3,4.707142857142961,-1.0,-1.0,-1.0,-1.731411229135324,-2.846737481032113,-0.456752655538994
2015-10-26 13:30:00+05:30,1,1,1,2,5.757142857142883,-1.0,-1.0,-1.0,-1.34615384615384,-1.6153846153844817,-4.429280397022313
2015-10-27 11:35:00+05:30,1,1,1,2,4.892857142857143,-1.0,-1.0,-1.0,-0.7051094890512435,-0.7766423357662746,-1.2058394160583197
2015-10-27 12:30:00+05:30,-1,1,1,2,4.621428571428753,-1.0,-1.0,-1.0,-1.233384853168579,-1.0494590417311038,-1.0170015455951715
2015-10-28 10:40:00+05:30,-1,1,1,3,5.035714285714156,-1.0,-1.0,-1.0,-0.5659574468085975,-0.7148936170213672,-0.01985815602844155
2015-10-28 14:35:00+05:30,-1,1,1,3,6.978571428571546,1.5,2.0,-1.0,-1.8413510747185473,-4.291709314227128,
2015-10-30 10:20:00+05:30,1,1,1,2,9.224999999999909,1.5,0.8509485094850441,0.8509485094850441,1.6747967479674766,0.8997289972899029,0.8509485094850441
2015-10-30 10:30:00+05:30,1,1,1,2,7.77142857142852,1.5,2.0,1.3511029411764797,0.746323529411793,0.714154411764734,1.3511029411764797
2015-10-30 12:45:00+05:30,-1,1,1,3,6.167857142857104,1.5,2.0,3.0,0.9889982628836784,1.6375217139549043,6.833815865663131
2015-11-02 14:10:00+05:30,-1,1,0,1,6.371428571428559,-1.0,-1.0,-1.0,-3.6255605381165137,-6.79596412556058,
2015-11-03 14:15:00+05:30,1,1,1,2,8.764285714285636,-1.0,-1.0,-1.0,-0.05704971475142675,-0.7587612061940381,
2015-11-03 15:20:00+05:30,-1,1,1,2,7.503571428571312,-0.259876249405025,-0.259876249405025,-0.259876249405025,,,
2015-11-04 10:20:00+05:30,-1,1,1,2,8.560714285714246,0.2569879015435761,0.2569879015435761,0.2569879015435761,-0.4380475594493137,0.12849395077173492,0.2569879015435761
2015-11-04 12:35:00+05:30,1,1,1,2,4.257142857142818,-1.0,-1.0,-1.0,0.0,-0.9983221476510159,-3.9580536912752895
2015-11-04 14:55:00+05:30,-1,1,1,2,7.1428571428570775,1.5,2.0,3.0,3.1430000000000033,,
2015-11-04 15:00:00+05:30,-1,1,1,3,7.099999999999909,1.5,2.0,3.0,3.4929577464788153,,
2015-11-05 12:50:00+05:30,-1,1,1,3,4.9821428571429225,1.5,2.0,-1.0,-0.0,1.1340501792115643,3.6329749103942905
2015-11-06 14:25:00+05:30,1,1,1,3,8.882142857143013,1.5,2.0,-1.0,-0.54603940490554,-0.3096099718536335,
2015-11-09 11:50:00+05:30,-1,1,1,2,8.0535714285713,-1.0,-1.0,-1.0,-1.5707317073170532,-1.5148558758314874,-1.6638580931263673
2015-11-09 13:55:00+05:30,1,1,1,3,6.817857142857195,1.5,2.0,3.0,4.0261917234153435,5.544264012572012,
2015-11-10 11:20:00+05:30,1,1,1,3,5.267857142857273,-1.0,-1.0,-1.0,-1.5281355932203358,-3.511864406779574,-7.28949152542348
2015-11-10 11:55:00+05:30,-1,1,1,3,5.61428571428587,1.5,2.0,3.0,1.7099236641221547,2.6539440203560956,5.583969465648765
2015-11-10 12:05:00+05:30,-1,1,1,2,6.475000000000104,1.5,2.0,3.0,1.9305019305018996,1.5984555984554887,2.347490347490282
2015-11-13 10:55:00+05:30,-1,1,1,2,7.446428571428506,1.5,2.0,-1.0,0.9467625899280903,1.463788968825026,-1.107913669064758
2015-11-13 12:10:00+05:30,1,1,1,3,6.524999999999961,1.5,2.0,-0.015325670498140136,0.6973180076628672,1.8773946360153368,-0.015325670498140136
2015-11-16 10:40:00+05:30,1,1,0,1,7.324999999999818,1.5,2.0,3.0,2.8737201365188674,3.14675767918099,6.511945392491604
2015-11-19 11:55:00+05:30,1,1,0,1,5.742857142857117,-1.0,-1.0,-1.0,-0.3134328358209286,0.21766169154228954,1.9067164179104246
2015-11-19 14:10:00+05:30,-1,1,1,2,8.985714285714169,-1.0,-1.0,-1.0,0.6899841017488976,-0.41176470588233804,
2015-11-19 15:05:00+05:30,1,1,1,2,8.317857142857324,1.5,2.0,1.4967797337912723,,,
2015-11-19 15:10:00+05:30,1,1,1,2,8.903571428571597,0.25270758122743203,0.25270758122743203,0.25270758122743203,,,
2015-11-20 10:45:00+05:30,1,1,1,3,9.278571428571468,1.5,2.0,3.0,2.656658968437307,2.5381062355658286,1.7136258660508599
2015-11-20 13:05:00+05:30,1,1,1,2,5.242857142857247,-1.0,-1.0,-1.0,-1.163487738419665,-1.211171662125386,-6.103542234332304
2015-11-23 14:40:00+05:30,1,1,1,2,9.43214285714274,-1.0,-1.0,-1.0,-0.47179098826210497,,
2015-11-27 11:40:00+05:30,-1,1,1,3,5.01071428571413,1.5,2.0,3.0,3.462580185317358,3.0534568781184492,0.8980755523877685
2015-11-30 12:10:00+05:30,1,1,1,2,4.949999999999948,1.5,-1.0,-1.0,0.7979797979799534,-0.8383838383837737,-0.5656565656564246
2015-12-01 12:00:00+05:30,1,1,1,2,9.589285714285584,-1.0,-1.0,-1.0,-0.7664804469274227,-1.7884543761639546,-1.9813780260707905
2015-12-01 12:55:00+05:30,-1,1,1,3,5.774999999999766,-1.0,-1.0,-1.0,-1.3852813852814414,0.07792207792204958,-1.991341991342072
2015-12-02 14:55:00+05:30,1,1,0,1,5.0642857142856235,-1.0,-1.0,-1.0,-2.5571227080395023,,
2015-12-03 13:35:00+05:30,1,1,1,3,3.8035714285713635,1.5,2.0,3.0,0.23661971831000667,0.35492957746489046,-9.109859154929637
2015-12-07 12:35:00+05:30,-1,1,1,2,4.974999999999844,1.5,2.0,3.0,1.1959798994974884,1.9497487437186174,2.2010050251256605
2015-12-10 11:45:00+05:30,1,1,1,3,6.296428571428545,-1.0,-1.0,-1.0,-1.7470221213840118,-0.9846851956891415,-0.35734543391945695
2015-12-10 13:35:00+05:30,-1,1,1,2,5.539285714285662,-1.0,-1.0,-1.0,-6.878143133462412,-5.054803352675741,-9.667311411992387
2015-12-11 14:00:00+05:30,-1,1,1,2,10.42142857142874,1.5,-1.0,-1.0,1.2090472926662252,-0.925976696367325,
2015-12-14 10:05:00+05:30,1,1,1,3,12.264285714285636,1.5,2.0,0.9947582993593392,1.7204426324985846,1.4676761793826536,0.9947582993593392
2015-12-14 10:15:00+05:30,1,1,1,3,13.78571428571422,-1.0,-1.0,-1.0,-0.03626943005181364,-0.3917098445595609,-0.23212435233159412
2015-12-14 12:45:00+05:30,1,1,1,3,5.414285714285858,1.5,2.0,3.0,0.2955145118732423,1.3482849604221614,-5.882585751978803
2015-12-16 14:30:00+05:30,1,1,0,1,8.792857142857233,-1.0,-1.0,-1.0,-0.0056864337936843165,-1.017871649065769,
2015-12-17 10:15:00+05:30,-1,1,1,2,9.550000000000052,-1.0,-1.0,-1.0,-0.7905759162303813,1.3560209424083505,0.05759162303666795
2015-12-18 12:10:00+05:30,-1,1,0,0,4.857142857142857,-1.0,-1.0,-1.0,-0.2882352941175722,-0.7617647058823156,-0.08235294117639569
2015-12-18 14:40:00+05:30,-1,1,1,3,7.29642857142848,-1.0,-1.0,-1.0,3.6456191874693786,,
2015-12-21 12:05:00+05:30,1,1,1,3,4.742857142857182,-1.0,-1.0,-1.0,-0.6009036144579031,0.6114457831324484,3.2680722891565996
2015-12-28 13:10:00+05:30,1,1,1,3,4.214285714285779,1.5,-1.0,-1.0,-0.10677966101690435,0.08305084745771216,5.576271186440592
2015-12-29 11:40:00+05:30,-1,1,1,3,4.039285714285727,1.5,2.0,3.0,1.2254641909813835,3.490716180371207,2.327144120247471
2015-12-29 14:55:00+05:30,-1,1,1,3,4.375000000000065,1.5,-1.0,-1.0,-0.022857142857225673,,
2015-12-29 15:00:00+05:30,-1,1,1,3,4.4821428571429225,-1.0,-1.0,-1.0,-1.0597609561752834,,
2015-12-30 11:10:00+05:30,-1,1,1,3,2.924999999999922,1.5,-1.0,-1.0,-0.10256410256385655,-0.1709401709401755,-0.10256410256385655
2015-12-30 13:10:00+05:30,1,1,1,2,3.0392857142857923,-1.0,-1.0,-1.0,-4.4747356051700935,-2.7967097532314207,-7.9952996474734155
2015-12-31 13:45:00+05:30,1,1,1,2,3.685714285714247,-1.0,-1.0,-1.0,0.3120155038761203,-0.7189922480619244,6.131782945736598
2016-01-01 10:15:00+05:30,1,1,0,0,7.660714285714286,1.5,1.037762237762214,1.037762237762214,-0.11095571095575844,1.5860139860139386,1.037762237762214
2016-01-01 12:20:00+05:30,-1,1,1,2,3.639285714285831,-1.0,-1.0,-1.0,0.5632973503435059,2.088321884200229,-7.322865554464827
2016-01-05 11:00:00+05:30,-1,1,1,3,8.221428571428662,-1.0,-1.0,-1.0,-0.5595134665507528,-0.5838401390095725,-3.49695916594262
2016-01-05 12:10:00+05:30,1,1,1,3,7.539285714285727,-1.0,-1.0,-1.0,0.1459024159166752,1.4192325911889834,-0.0928469919469203
2016-01-05 14:40:00+05:30,-1,1,1,3,6.6678571428571685,-1.0,-1.0,-1.0,-1.2822710230316239,,
2016-01-06 10:25:00+05:30,1,1,1,3,8.539285714285793,0.6089502300292495,0.6089502300292495,0.6089502300292495,-0.14638226683395933,1.0539523212045072,0.6089502300292495
2016-01-06 13:55:00+05:30,-1,1,1,3,8.857142857142858,1.5,2.0,-1.0,0.27096774193544276,0.22580645161290322,
2016-01-08 12:35:00+05:30,1,1,1,3,5.757142857142883,1.5,2.0,3.0,1.8151364764269173,2.3101736972704927,3.352357320099272
2016-01-11 13:15:00+05:30,1,1,0,1,6.960714285714403,1.5,2.0,3.0,1.0271934325294327,6.19189327860423,5.588506926628894
2016-01-11 15:00:00+05:30,-1,1,1,2,12.764285714285636,-0.4543928371572638,-0.4543928371572638,-0.4543928371572638,-0.4543928371572638,,
2016-01-12 13:05:00+05:30,-1,1,1,3,7.807142857142805,-1.0,-1.0,-1.0,-0.21134492223234272,-2.3888380603842325,-0.6084172003659692
2016-01-14 10:35:00+05:30,1,1,0,1,13.528571428571533,1.5,2.0,3.0,1.2713833157339405,1.2492080253432196,3.1858500527983127
2016-01-15 11:35:00+05:30,1,1,0,1,10.207142857143092,-1.0,-1.0,-1.0,-1.5430370888733025,-2.2778166550034467,-0.5633310006997772
2016-01-15 12:20:00+05:30,-1,1,1,2,7.721428571428727,-1.0,-1.0,-1.0,-1.8778908418130982,-3.2571692876964646,-2.389454209065608
2016-01-15 13:00:00+05:30,1,1,1,2,6.746428571428623,-1.0,-1.0,-1.0,-1.0968766543143897,-2.549497088406518,-11.487559555320187
2016-01-18 10:40:00+05:30,1,1,1,3,14.810714285714377,-1.0,-1.0,-1.0,0.03375934410417148,-0.8237279961418332,-2.3462744152399178
2016-01-18 13:15:00+05:30,-1,1,1,3,9.453571428571454,-1.0,-1.0,-1.0,-2.110313562523587,-1.8141292028711316,2.570457121269374
2016-01-20 11:40:00+05:30,-1,1,1,2,7.0607142857140515,1.5,1.5933232169955005,1.5933232169955005,-0.38239757207889435,0.786039453717806,1.5933232169955005
2016-01-29 14:35:00+05:30,1,1,1,2,9.517857142857142,-1.0,-1.0,-1.0,1.0664165103189112,1.3763602251406557,
2016-02-01 11:15:00+05:30,-1,1,1,2,7.892857142857208,-1.0,-1.0,-1.0,-1.4570135746606214,0.02533936651592908,0.42443438914031406
2016-02-02 12:00:00+05:30,1,1,1,2,14.464285714285845,-1.0,-1.0,-1.0,-0.2592592592592569,-1.272098765432125,-2.668641975308643
2016-02-03 12:45:00+05:30,1,1,1,3,7.435714285714182,-1.0,-1.0,-1.0,-0.7127761767531564,0.7598463016331292,1.721421709894381
2016-02-04 10:20:00+05:30,-1,1,1,3,10.700000000000014,-1.0,-1.0,-1.0,-0.3971962616822425,-1.2289719626168718,-2.8364485981308714
2016-02-04 13:35:00+05:30,-1,1,0,1,9.367857142857117,1.5,2.0,3.0,-0.0053373999237708615,0.3736179946626011,1.5371711780403772
2016-02-08 12:15:00+05:30,1,1,1,2,6.6464285714286495,-1.0,-1.0,-1.0,-1.8731864588931557,-1.7001612036539568,-0.030091348737347163
2016-02-08 14:30:00+05:30,-1,1,1,2,10.810714285714182,1.5,2.0,3.0,4.68054179055178,8.593326726131616,
2016-02-08 14:35:00+05:30,-1,1,1,3,11.971428571428467,1.5,2.0,3.0,4.644391408114553,7.050119331742275,
2016-02-09 14:35:00+05:30,1,1,1,2,10.628571428571377,-1.0,-1.0,-1.0,-1.533602150537659,-1.2795698924731587,
2016-02-12 11:25:00+05:30,-1,1,1,3,17.19999999999995,1.5,2.0,3.0,0.44186046511624866,1.7587209302325633,-1.1279069767442211
2016-02-16 14:10:00+05:30,-1,1,1,3,12.36428571428561,-1.0,-1.0,-1.0,2.454650491045688,2.6042749855574883,
2016-02-18 14:40:00+05:30,1,1,1,3,14.421428571428546,1.5,0.024269440317013877,0.024269440317013877,1.1094601287766241,,
2016-02-19 10:25:00+05:30,-1,1,1,3,10.275000000000025,-1.0,-1.0,-1.0,-2.316301703163029,-2.340632603406338,-2.199513381995164
2016-02-19 10:45:00+05:30,1,1,1,2,9.08214285714283,-1.0,-1.0,-1.0,-0.5505308690523021,0.13212740857253247,-0.9138812426268415
2016-02-22 14:30:00+05:30,-1,1,1,2,6.42142857142848,-1.0,-1.0,-1.0,-0.9810901001111353,-1.4872080088986843,
2016-02-23 11:40:00+05:30,-1,1,1,3,6.303571428571494,-1.0,-1.0,-1.0,0.45212464589226004,1.4356940509915155,4.521246458923466
2016-02-24 10:50:00+05:30,-1,1,1,2,7.496428571428559,1.5,2.0,3.0,2.534540257265369,2.221057646498288,-0.42020009528354185
2016-02-24 10:55:00+05:30,-1,1,1,2,7.628571428571377,1.5,2.0,3.0,2.6151685393258366,1.7958801498127224,-1.441947565543081
2016-02-25 14:55:00+05:30,-1,1,1,2,10.953571428571324,1.5,-0.24649494620148557,-0.24649494620148557,0.6253668079556132,,
2016-02-26 12:30:00+05:30,1,1,1,3,8.489285714285804,1.5,2.0,3.0,1.5607909129154232,2.0437526293647665,2.5738325620530236
2016-03-04 13:15:00+05:30,-1,1,1,3,7.328571428571389,-1.0,-1.0,-1.0,-0.9961013645223232,-0.518518518518422,0.02729044834317935
2016-03-08 15:00:00+05:30,1,1,1,3,10.196428571428507,-1.0,-1.0,-1.0,-0.6276707530647668,,
2016-03-11 14:00:00+05:30,-1,1,1,3,10.435714285714377,-1.0,-1.0,-1.0,-1.164271047227881,-1.523613963038966,
2016-03-15 14:40:00+05:30,1,1,1,2,7.00000000000013,-1.0,-1.0,-1.0,-2.9428571428570103,,
2016-03-16 13:10:00+05:30,1,1,0,1,6.0178571428570775,1.5,2.0,3.0,1.2296735905044038,4.270623145400609,10.83442136498525
2016-03-17 14:15:00+05:30,-1,1,0,1,7.146428571428454,1.5,2.0,3.0,2.602698650674629,3.8550724637682046,
2016-03-18 13:30:00+05:30,-1,1,0,1,7.4392857142856235,1.5,-1.0,-1.0,-0.6385021603456631,-1.2433989438310282,-9.066730676908392
2016-03-21 11:25:00+05:30,-1,1,1,2,5.0964285714285325,-1.0,-1.0,-1.0,-0.7456201822002834,-1.1772950245269886,-0.5101611772949214
2016-03-22 14:25:00+05:30,1,1,1,3,10.392857142857208,1.5,2.0,3.0,0.2261168384880061,3.5649484536082428,
2016-03-23 13:15:00+05:30,1,1,1,2,6.264285714285701,-1.0,-1.0,-1.0,0.9737742303307328,2.490307867730964,2.586088939566681
2016-03-23 15:00:00+05:30,1,1,1,3,8.810714285714246,-1.0,-1.0,-1.0,-1.0555330360762314,,
2016-03-28 12:35:00+05:30,-1,1,1,3,5.4714285714285325,1.5,2.0,3.0,-0.10966057441259991,-0.2193211488250336,8.08746736292434
2016-03-28 12:40:00+05:30,-1,1,1,3,5.689285714285688,-1.0,-1.0,-1.0,-0.7030759573132487,0.9491525423728218,7.672316384180762
2016-03-30 11:05:00+05:30,1,1,1,2,5.910714285714091,1.5,2.0,3.0,0.27915407854995045,0.7021148036254931,3.7389728096678585
2016-04-01 12:35:00+05:30,-1,1,1,3,6.839285714285779,1.5,2.0,3.0,1.0234986945169615,1.9227154046998005,-2.4198433420364243
2016-04-04 10:40:00+05:30,-1,1,1,2,7.924999999999922,-1.0,-1.0,-1.0,-0.43533123028389303,-0.8264984227129649,1.1608832807570864
2016-04-04 11:40:00+05:30,-1,1,1,3,6.3321428571428315,-1.0,-1.0,-1.0,-0.844895657078459,-0.2368866328257201,-1.8003384094754151
2016-04-04 14:50:00+05:30,1,1,1,2,5.707142857142896,1.5,2.0,3.0,2.8823529411765785,,
2016-04-06 11:30:00+05:30,1,1,1,3,8.41785714285717,-1.0,-1.0,-1.0,0.047518031395798806,-0.7721680101824329,-0.24946966482821384
2016-04-06 12:30:00+05:30,-1,1,1,2,7.178571428571623,-1.0,-1.0,-1.0,-0.2716417910447434,-1.6786069651741091,1.6368159203979655
2016-04-07 10:45:00+05:30,1,1,1,3,9.464285714285845,-1.0,-1.0,-1.0,-1.3999999999999806,1.363018867924471,0.8241509433961381
2016-04-07 12:30:00+05:30,-1,1,0,1,7.7357142857141685,-1.0,-1.0,-1.0,-1.4995383194829877,0.6528162511541171,0.08402585410891085
2016-04-07 12:35:00+05:30,-1,1,1,2,8.353571428571286,-1.0,-1.0,-1.0,-2.226592560923553,-0.1975203078238162,-0.9277469003847957
2016-04-08 12:30:00+05:30,1,1,0,1,5.564285714285753,-1.0,-1.0,-1.0,0.008985879332510162,-0.0359435173298772,-3.4326059050062963
2016-04-08 13:45:00+05:30,-1,1,1,3,4.928571428571298,-1.0,-1.0,-1.0,1.4811594202897467,-1.5826086956522527,-2.1101449275363984
2016-04-11 10:45:00+05:30,1,1,1,2,7.082142857142636,-1.0,-1.0,-1.0,-1.1931417044882893,-1.4473020675744275,-1.4331820474030466
2016-04-11 14:40:00+05:30,1,1,1,2,11.089285714285845,1.5,2.0,3.0,2.5114331723026586,,
2016-04-13 14:05:00+05:30,-1,1,1,2,6.0464285714287405,-1.0,-1.0,-1.0,-3.8783225044298675,-4.018901358534912,
2016-04-20 13:35:00+05:30,1,1,1,3,8.150000000000025,-1.0,-1.0,-1.0,-0.9202453987730033,-1.5398773006135145,-0.4846625766870927
2016-04-22 12:00:00+05:30,1,1,1,3,5.567857142857195,-1.0,-1.0,-1.0,-1.0327132777421328,-0.34124438742776986,-1.32007697241827
2016-04-22 13:10:00+05:30,1,1,1,2,6.021428571428585,-1.0,-1.0,-1.0,-2.8398576512456057,-1.5278766310795955,-4.135231316726061
2016-04-26 15:00:00+05:30,1,1,1,3,6.492857142857052,-1.0,-1.0,-1.0,-2.3641364136414533,,
2016-04-27 13:20:00+05:30,1,1,1,2,5.25,-1.0,-1.0,-1.0,-3.085714285714251,-3.380952380952381,-1.5619047619047273
2016-04-28 10:40:00+05:30,-1,1,1,2,5.432142857142675,1.5,2.0,3.0,4.869165023011306,9.452991452991837,11.652859960552693
2016-05-02 12:00:00+05:30,1,1,1,3,8.596428571428467,-1.0,-1.0,-1.0,-2.3439966763607067,-3.0826755297050648,-2.0997091815538482
2016-05-03 10:35:00+05:30,-1,1,1,2,10.046428571428676,0.33842872378239897,0.33842872378239897,0.33842872378239897,0.11446853892637568,-0.12939921791683157,0.33842872378239897
2016-05-03 14:35:00+05:30,-1,1,0,1,11.042857142857104,-1.0,-1.0,-1.0,-1.1817593790427114,0.03622250970242514,
2016-05-04 13:40:00+05:30,-1,1,1,3,7.589285714285844,1.5,2.0,3.0,2.3783529411764537,1.8908235294117803,2.7209411764706135
2016-05-05 12:50:00+05:30,-1,1,1,2,8.128571428571377,-1.0,-1.0,-1.0,0.13532513181023895,-0.6397188049208956,-5.20386643233749
2016-05-05 13:55:00+05:30,1,1,1,2,10.282142857142714,1.5,2.0,3.0,1.1573463007989577,2.139631816603017,
2016-05-11 12:15:00+05:30,-1,1,1,3,6.474999999999974,1.5,2.0,3.0,3.7065637065637214,7.544401544401631,3.6833976833977546
2016-05-11 13:55:00+05:30,1,1,1,2,9.721428571428532,-1.0,-1.0,-1.0,0.5606171932402481,-1.013225569434281,
2016-05-12 12:30:00+05:30,-1,1,1,3,4.307142857142805,-1.0,-1.0,-1.0,2.844112769485938,0.6152570480927919,-2.344941956882368
2016-05-13 12:15:00+05:30,-1,1,1,3,6.946428571428702,-1.0,-1.0,-1.0,0.5686375321336392,1.2164524421593341,-0.10796915167094913
2016-05-17 14:10:00+05:30,1,1,1,3,6.107142857142857,-1.0,-1.0,-1.0,-3.373099415204738,-6.574269005847894,
2016-05-17 14:40:00+05:30,-1,1,1,3,8.071428571428507,-1.0,-1.0,-1.0,-0.26637168141599893,,
2016-05-18 11:55:00+05:30,-1,1,1,2,4.525000000000026,-1.0,-1.0,-1.0,-5.259668508287102,-3.4364640883976096,-8.28729281767951
2016-05-18 15:00:00+05:30,1,1,1,3,7.032142857142844,1.5,2.0,0.7607922803454061,0.7607922803454061,,
2016-05-19 13:30:00+05:30,1,1,1,2,8.435714285714182,-1.0,-1.0,-1.0,-0.6519898391193983,-3.971210838272699,-5.808636748518277
2016-05-19 14:10:00+05:30,-1,1,1,3,6.9464285714284415,1.5,2.0,3.0,0.36709511568126696,3.5773778920309676,
2016-05-20 11:00:00+05:30,1,1,1,3,6.321428571428571,1.5,-1.0,-1.0,0.15819209039548024,-0.292655367231696,1.257627118644039
2016-05-24 14:20:00+05:30,-1,1,1,2,7.117857142857052,-1.0,-1.0,-1.0,-1.875564475664774,-1.6507777220271158,
2016-05-25 13:10:00+05:30,1,1,1,3,5.092857142857091,-1.0,-1.0,-1.0,0.11781206171115258,2.1598877980364874,7.363253856942571
2016-05-30 13:10:00+05:30,1,1,1,3,5.928571428571429,-1.0,-1.0,-1.0,-0.3373493975903614,-1.0626506024096691,-0.3373493975903614
2016-05-30 14:30:00+05:30,1,1,1,2,6.585714285714078,-1.0,-1.0,-1.0,-1.4425162689805229,-1.9967462039045631,
2016-06-01 14:15:00+05:30,-1,1,1,2,6.521428571428454,-1.0,-1.0,-1.0,0.3526834611172303,1.1117196056955294,
2016-06-02 10:35:00+05:30,1,1,1,2,7.52142857142852,-1.0,-1.0,-1.0,-1.5954415954416064,-1.6951566951567067,-0.7977207977208032
2016-06-02 12:35:00+05:30,-1,1,1,2,4.832142857142896,-1.0,-1.0,-1.0,-0.9830007390982921,-2.3488543976347533,-4.883961566888243
2016-06-02 14:05:00+05:30,1,1,1,3,5.446428571428702,1.5,2.0,3.0,1.193442622950791,5.893770491803204,
2016-06-03 12:55:00+05:30,1,1,1,2,4.328571428571455,-1.0,-1.0,-1.0,-2.760726072606992,-5.267326732673067,-5.290429042904174
2016-06-06 11:30:00+05:30,-1,1,1,3,5.042857142856909,-1.0,-1.0,-1.0,-0.009915014164522833,-0.17847025495780391,-1.1997167138812919
2016-06-06 14:25:00+05:30,-1,1,1,2,5.339285714285844,1.5,2.0,3.0,1.7605351170567451,0.4214046822742373,
2016-06-06 14:30:00+05:30,-1,1,1,2,6.325000000000208,-1.0,-1.0,-1.0,-0.7747035573123138,-1.6284584980236907,
2016-06-07 11:35:00+05:30,1,1,0,1,8.04285714285704,-1.0,-1.0,-1.0,-0.6962699822380648,0.0,4.009769094138595
2016-06-08 11:55:00+05:30,1,1,1,2,4.700000000000338,-1.0,-1.0,-1.0,-0.7659574468085331,-1.4787234042553676,-0.4148936170214016
2016-06-08 14:20:00+05:30,-1,1,1,3,5.335714285714208,-1.0,-1.0,-1.0,-2.3239625167335665,-3.3547523427041304,
2016-06-16 12:35:00+05:30,1,1,1,2,7.967857142857091,1.5,2.0,3.0,1.236216943074908,1.7633348274316794,3.043478260869585
2016-06-16 14:55:00+05:30,1,1,1,2,9.817857142857065,-1.0,-1.0,-1.0,-0.524554383412117,,
2016-06-17 11:15:00+05:30,-1,1,1,2,5.299999999999922,-1.0,-1.0,-1.0,-0.45283018867918334,-0.679245283018775,-1.5849056603773133
2016-06-20 11:30:00+05:30,1,1,0,1,4.757142857142818,1.5,2.0,3.0,1.0825825825828974,2.2492492492494205,5.644144144144267
2016-06-20 13:25:00+05:30,-1,1,0,1,6.503571428571506,-1.0,-1.0,-1.0,-1.3300384404172814,-2.929159802306278,-4.7819879187259735
2016-06-20 14:00:00+05:30,1,1,1,2,5.528571428571403,1.5,2.0,3.0,1.7364341085272057,1.8992248062015593,
2016-06-21 11:45:00+05:30,1,1,1,3,3.849999999999844,-1.0,-1.0,-1.0,-2.532467532467635,-4.493506493506486,-1.3506493506495942
2016-06-23 12:25:00+05:30,1,1,1,2,3.4142857142855974,1.5,2.0,3.0,5.257322175732611,4.378661087866472,6.2384937238493725
2016-06-27 11:50:00+05:30,1,1,1,2,6.1392857142858315,-1.0,-1.0,-1.0,-1.6695753344967685,0.7655613728911715,-0.20360674810936202
2016-06-28 13:45:00+05:30,-1,1,1,2,6.185714285714312,-1.0,-1.0,-1.0,0.07274826789835366,-0.36374133949191534,-0.040415704387990595
2016-06-29 10:55:00+05:30,-1,1,0,1,4.4464285714284415,1.5,2.0,3.0,1.8666666666667622,1.7879518072291316,-0.8883534136546035
2016-06-30 10:45:00+05:30,-1,1,1,3,4.407142857142909,-1.0,-1.0,-1.0,-1.3047001620745389,0.09076175040510277,-0.10210696920558585
2016-06-30 15:00:00+05:30,-1,1,0,0,8.542857142857299,-1.0,-1.0,-1.0,-0.9247491638795392,,
2016-07-01 13:10:00+05:30,-1,1,0,1,4.785714285714546,1.5,2.0,-1.0,1.253731343283514,-1.2746268656716486,1.441791044775965
2016-07-04 12:50:00+05:30,-1,1,1,3,4.224999999999844,-1.0,-1.0,-1.0,0.2840236686388054,2.3431952662721898,0.8639053254437328
2016-07-05 11:35:00+05:30,1,1,1,2,5.167857142857039,-1.0,-1.0,-1.0,-0.5418106427089233,-2.9509329647547244,-2.7574291637872013
2016-07-05 13:30:00+05:30,-1,1,1,3,5.335714285714208,-1.0,-1.0,-1.0,-0.27175368139203504,0.2436412315932469,-0.9745649263719649
2016-07-07 10:25:00+05:30,-1,1,1,2,6.246428571428623,-1.0,-1.0,-1.0,-1.8330474556890664,-0.05603201829622701,-0.06403659233871156
2016-07-07 14:55:00+05:30,-1,1,1,3,6.2928571428571685,1.5,-1.0,-1.0,-0.9455164585699188,,
2016-07-07 15:00:00+05:30,-1,1,1,3,6.703571428571455,-1.0,-1.0,-1.0,-1.618540223761369,,
2016-07-08 10:30:00+05:30,1,1,0,0,8.689285714285948,-1.0,-1.0,-1.0,-1.2946979038224067,-0.7192766132346704,-0.8861487875049883
2016-07-11 13:20:00+05:30,-1,1,1,3,3.8392857142857144,-1.0,-1.0,-1.0,-1.6018604651161843,-2.3832558139533937,-2.213953488372093
2016-07-11 15:10:00+05:30,1,1,1,3,5.714285714285844,0.2012500000002501,0.2012500000002501,0.2012500000002501,,,
2016-07-12 10:30:00+05:30,1,1,1,2,4.514285714285506,-1.0,-1.0,-1.0,-1.2515822784813926,-0.4430379746835647,1.063291139240394
2016-07-12 13:15:00+05:30,-1,1,1,3,4.253571428571116,-1.0,-1.0,-1.0,-1.798488664987452,-2.832913518052522,-5.959697732998004
2016-07-12 13:25:00+05:30,-1,1,1,2,5.114285714285351,-1.0,-1.0,-1.0,-2.248603351955467,-3.5000000000001776,-7.703910614525617
2016-07-13 13:20:00+05:30,1,1,0,0,6.157142857142779,-1.0,-1.0,-1.0,-0.2761020881668796,0.22737819025545963,0.9744779582366713
2016-07-15 12:45:00+05:30,1,1,1,2,6.464285714285454,1.5,2.0,3.0,4.67182320442019,3.5966850828730728,3.4419889502763814
2016-07-15 12:50:00+05:30,1,1,1,3,7.303571428571169,1.5,2.0,1.088508557457351,2.2317848410757746,2.1290953545232036,1.088508557457351
2016-07-20 11:40:00+05:30,1,1,1,2,5.682142857143065,-1.0,-1.0,-1.0,0.32558139534888936,-0.56316781898188,-0.5015713387806868
2016-07-20 12:40:00+05:30,-1,1,1,2,6.017857142856883,-1.0,-1.0,-1.0,-0.9139465875371314,-1.2130563798221923,-1.653412462908204
2016-07-21 12:00:00+05:30,-1,1,1,2,5.167857142857039,1.5,2.0,3.0,0.9191430545957338,2.9896337249480176,4.266758811333739
2016-07-22 13:55:00+05:30,-1,1,0,1,7.6000000000004935,-1.0,-1.0,-1.0,-3.7302631578945427,-3.7434210526314318,
2016-07-26 13:45:00+05:30,1,1,1,2,5.25000000000013,-1.0,-1.0,-1.0,-0.3238095238096544,-0.5904761904762452,-9.61904761904738
2016-07-27 10:40:00+05:30,-1,1,1,3,8.224999999999843,-1.0,-1.0,-1.0,-0.12158054711246433,6.632218844985061,6.638297872340596
2016-07-28 10:50:00+05:30,1,1,0,1,5.3857142857142595,1.5,0.8541114058356155,0.8541114058356155,0.4270557029179766,0.16710875331558314,0.8541114058356155
2016-07-28 10:55:00+05:30,1,1,1,2,5.482142857142727,-1.0,-1.0,-1.0,-0.44690553745942674,0.12768729641707385,-2.061237785016203
2016-07-29 12:00:00+05:30,-1,1,0,1,5.482142857143117,-1.0,-1.0,-1.0,-0.49250814332258497,-0.21889250814344482,-1.2221498371336252
2016-08-02 14:00:00+05:30,-1,1,1,2,8.382142857142753,1.5,2.0,0.5905411163187989,0.8708990200257055,-0.29228802726872727,
2016-08-03 13:45:00+05:30,1,1,0,1,9.474999999999454,-1.0,-1.0,-1.0,-0.7282321899736183,-0.32717678100269576,-4.110817941952628
2016-08-05 14:10:00+05:30,-1,1,1,2,5.424999999999922,1.5,-1.0,-1.0,-1.9170506912442002,-8.433179723502425,
2016-08-05 14:50:00+05:30,1,1,1,3,6.935714285714312,1.5,2.0,3.0,3.4387229660144576,,
2016-08-08 15:00:00+05:30,1,1,1,2,5.274999999999636,-1.0,-1.0,-1.0,-3.668246445497952,,
2016-08-09 11:55:00+05:30,-1,1,1,3,9.73928571428574,1.5,2.0,3.0,2.166483314998198,2.0586725339199785,1.155115511551152
2016-08-09 12:05:00+05:30,-1,1,1,2,11.23928571428587,-1.0,-1.0,-1.0,0.16460120749923568,-0.12456307594531067,-0.6139180171591584
2016-08-11 11:00:00+05:30,1,1,1,2,7.328571428571585,1.5,2.0,-1.0,1.0029239766082154,1.644249512670431,-2.0672514619882105
2016-08-11 12:25:00+05:30,-1,1,1,3,6.646428571428389,1.5,2.0,3.0,1.9935518538420751,2.5276732939282294,4.002149382052824
2016-08-11 14:40:00+05:30,1,1,1,2,9.8035714285713,1.5,2.0,2.106375227686694,1.8768670309653792,,
2016-08-12 12:45:00+05:30,1,1,1,3,8.210714285714337,-1.0,-1.0,-1.0,0.0608960417572854,-1.5832970856894204,-1.010874293170849
2016-08-16 13:40:00+05:30,-1,1,1,2,5.357142857142987,-1.0,-1.0,-1.0,-0.793333333333314,-6.458666666666578,-5.151999999999942
2016-08-16 14:30:00+05:30,1,1,1,2,7.407142857143039,-1.0,-1.0,-1.0,-0.49951783992269483,-0.9247830279650654,
2016-08-17 15:00:00+05:30,1,1,0,1,7.392857142857403,-1.0,-1.0,-1.0,-0.7236714975845648,,
2016-08-19 11:45:00+05:30,1,1,1,2,3.550000000000312,1.5,-1.0,-1.0,0.6901408450700545,-2.5211267605633636,-4.718309859154515
2016-08-19 12:35:00+05:30,-1,1,0,1,4.578571428571714,1.5,2.0,3.0,4.182527301092101,1.6926677067081628,2.3260530421218575
2016-08-19 12:45:00+05:30,-1,1,1,2,5.175000000000312,1.5,2.0,0.3188405797100554,0.9082125603865594,0.6086956521738061,0.3188405797100554
2016-08-22 11:35:00+05:30,-1,1,1,2,6.203571428571324,-1.0,-1.0,-1.0,0.4594127806560771,0.5480713874495764,-0.8704663212437725
2016-08-22 11:40:00+05:30,-1,1,1,3,5.7285714285713505,-1.0,-1.0,-1.0,-0.0785536159599103,-0.7942643391520036,-2.2693266832918013
2016-08-22 14:50:00+05:30,-1,1,1,2,5.849999999999844,-1.0,-1.0,-1.0,-0.547008547008686,,
2016-08-24 12:15:00+05:30,-1,1,0,1,4.3535714285713505,1.5,-1.0,-1.0,1.4930270713700022,-2.446267432321535,0.6890894175553857
2016-08-24 13:55:00+05:30,-1,1,1,2,5.6357142857142595,-1.0,-1.0,-1.0,-1.1711026615970281,-3.9125475285169995,
2016-08-24 14:30:00+05:30,1,1,1,3,5.839285714285974,1.5,2.0,0.11131498470941287,1.960856269112876,0.6850152905198472,
2016-08-26 10:10:00+05:30,-1,1,1,2,9.721428571428728,1.5,0.5503306392356975,0.5503306392356975,1.0080822924319441,-0.12858192505510446,0.5503306392356975
2016-08-26 14:05:00+05:30,-1,1,1,3,6.8214285714284415,-1.0,-1.0,-1.0,0.2125654450262887,-1.6785340314134845,
2016-08-29 14:10:00+05:30,1,1,1,3,5.596428571428468,1.5,2.0,3.0,3.100191448628074,4.047223994894713,
2016-08-30 12:00:00+05:30,1,1,1,3,3.2107142857144675,1.5,2.0,3.0,3.2547274749722335,5.964404894327146,10.106785317018565
2016-08-31 15:05:00+05:30,-1,1,1,2,8.835714285714207,1.5,0.3282134195636276,0.3282134195636276,,,
2016-09-01 11:30:00+05:30,-1,1,1,2,5.442857142857195,-1.0,-1.0,-1.0,1.6443569553806954,0.808398950131159,-1.9475065616798384
2016-09-01 14:50:00+05:30,-1,1,1,3,9.742857142857117,-0.7030791788856697,-0.7030791788856697,-0.7030791788856697,-0.7697947214076266,,
2016-09-07 13:30:00+05:30,1,1,0,0,5.782142857142779,1.5,2.0,-1.0,0.9944410129709831,-0.02594193946874534,-3.3205682520075825
2016-09-07 14:35:00+05:30,-1,1,1,2,7.37499999999987,1.5,2.0,0.8203389830507632,0.257627118644023,0.8203389830507632,
2016-09-08 10:25:00+05:30,1,1,1,2,8.403571428571272,0.4283892902677946,0.4283892902677946,0.4283892902677946,-0.8805779855503343,0.04759881002970685,0.4283892902677946
2016-09-08 11:35:00+05:30,1,1,0,1,6.353571428571091,-1.0,-1.0,-1.0,-0.21247892074205843,-1.6604834176506253,-0.3147835862844462
2016-09-09 14:10:00+05:30,1,1,1,2,9.349999999999714,-1.0,-1.0,-1.0,-1.37967914438503,-3.267379679144602,
2016-09-09 14:45:00+05:30,-1,1,1,3,8.935714285714052,1.5,2.0,1.8017585931255873,2.394884092726045,,
2016-09-12 11:30:00+05:30,1,1,0,1,5.289285714285272,-1.0,-1.0,-1.0,-0.42538825118166956,0.2079675894666628,-0.18906144496963093
2016-09-14 11:55:00+05:30,1,1,1,2,5.25,1.5,2.0,3.0,1.8285714285714978,1.6571428571426492,0.009523809523670934
2016-09-15 10:15:00+05:30,-1,1,1,3,8.785714285714416,-1.0,-1.0,-1.0,-0.8536585365853532,-1.1609756097561632,-2.578048780487725
2016-09-15 14:10:00+05:30,1,1,1,2,6.121428571428884,-1.0,-1.0,-1.0,-0.23687281213546268,1.2170361726955061,
2016-09-16 12:35:00+05:30,-1,1,1,2,3.725000000000104,-1.0,-1.0,-1.0,-0.6308724832215565,2.026845637583641,15.167785234898906
2016-09-20 14:45:00+05:30,1,1,1,2,7.307142857143195,-1.0,-1.0,-1.0,-0.7869012707722021,,
2016-09-21 12:15:00+05:30,-1,1,1,3,3.464285714285974,-1.0,-1.0,-1.0,-2.092783505154482,1.4144329896905106,7.129896907215645
2016-09-21 13:00:00+05:30,-1,1,1,3,3.9714285714287274,1.5,2.0,3.0,0.8812949640287424,5.249999999999427,7.76798561151012
2016-09-27 12:50:00+05:30,-1,1,1,2,5.350000000000104,1.5,2.0,3.0,1.3084112149532456,2.8691588785046855,7.355140186915813
2016-09-27 12:55:00+05:30,-1,1,1,2,5.871428571428623,-1.0,-1.0,-1.0,-0.8515815085158075,0.8260340632603953,5.186131386861392
2016-09-28 13:55:00+05:30,1,1,1,3,5.23928571428561,-1.0,-1.0,-1.0,0.21949556918875565,-0.744376278118902,
2016-09-29 12:15:00+05:30,-1,1,1,2,6.092857142857091,-1.0,-1.0,-1.0,22.665885111371882,18.529894490035268,18.595545134818327
2016-10-04 11:35:00+05:30,-1,1,1,2,5.225000000000104,-1.0,-1.0,-1.0,0.20095693779889984,0.574162679425826,-1.531100478468869
2016-10-05 12:00:00+05:30,-1,1,1,3,6.339285714285844,-1.0,-1.0,-1.0,-0.5442253521127797,-0.36281690140861544,-2.326760563380234
2016-10-05 15:15:00+05:30,-1,1,1,3,6.028571428571532,0.13270142180112662,0.13270142180112662,0.13270142180112662,,,
2016-10-06 12:00:00+05:30,-1,1,1,2,4.871428571428494,-1.0,-1.0,-1.0,-3.017595307918086,-2.7199413489736504,4.813782991202199
2016-10-07 13:05:00+05:30,-1,1,1,3,6.4607142857144675,-1.0,-1.0,-1.0,-0.9906025428412646,-3.265892758430036,-3.0491984521832722
2016-10-07 14:35:00+05:30,-1,1,1,3,8.632142857142753,-1.0,-1.0,-1.0,-2.166321886636436,-1.946214315266799,
2016-10-14 12:15:00+05:30,-1,1,0,1,5.746428571428623,-1.0,-1.0,-1.0,-3.376009944064543,-3.288999378495867,-1.7576134244873065
2016-10-17 11:10:00+05:30,1,1,1,3,4.88571428571439,-1.0,-1.0,-1.0,-2.5789473684206996,-8.371345029239514,-11.850877192982129
2016-10-17 11:45:00+05:30,-1,1,1,3,5.1678571428571685,1.5,2.0,3.0,5.737387698687192,6.985487214927472,5.95024187975118
2016-10-19 11:25:00+05:30,-1,1,1,3,4.7892857142855325,-1.0,-1.0,-1.0,-0.5637583892619182,-1.8374347501867256,2.0984340044742007
2016-10-20 10:25:00+05:30,-1,1,1,3,6.960714285714338,-1.0,-1.0,-1.0,-0.16521292970748883,-1.1564905079529444,2.945100051308341
2016-10-20 14:50:00+05:30,1,1,1,3,5.739285714285351,-1.0,-1.0,-1.0,-0.8014934660856715,,
2016-10-21 14:20:00+05:30,-1,1,1,2,5.1678571428571685,-1.0,-1.0,-1.0,-6.037318590186352,-6.5404284727019695,
2016-10-24 12:00:00+05:30,1,1,1,2,3.625,1.5,2.0,3.0,-0.02758620689615029,4.206896551724138,6.3172413793107465
2016-10-25 14:05:00+05:30,1,1,1,3,6.00000000000026,-1.0,-1.0,-1.0,-0.15833333333344773,0.024999999999938283,
2016-10-26 10:55:00+05:30,1,1,0,1,5.032142857143039,-1.0,-1.0,-1.0,-1.20227111426561,-1.6891412349183208,-2.464158977998781
2016-10-26 12:35:00+05:30,-1,1,1,2,3.8964285714285194,-1.0,-1.0,-1.0,-0.872593950504043,-2.8744271310726357,-1.4243813015580358
2016-10-27 15:00:00+05:30,1,1,1,3,9.51071428571426,0.3312054074351861,0.3312054074351861,0.3312054074351861,0.3312054074351861,,
2016-10-28 11:15:00+05:30,-1,1,0,1,7.664285714285662,-1.0,-1.0,-1.0,-1.2003727865797862,-1.3895619757690716,0.09133271202222541
2016-11-01 11:15:00+05:30,1,1,1,2,5.38571428571413,1.5,2.0,3.0,0.4641909814323742,1.801061007957747,3.1936339522548693
2016-11-01 14:25:00+05:30,-1,1,1,3,6.85357142857148,1.5,2.0,3.0,-0.5398645127671683,2.6555497655026867,
2016-11-02 10:50:00+05:30,-1,1,1,3,6.032142857142779,-1.0,-1.0,-1.0,-1.8650088809946954,-1.2433392539964636,-1.8650088809946954
2016-11-02 12:35:00+05:30,1,1,1,3,5.535714285714026,1.5,2.0,-1.0,-0.46967741935492646,-0.7677419354839069,0.6412903225805437
2016-11-02 14:55:00+05:30,-1,1,1,2,7.2750000000002855,1.5,2.0,0.9965635738831224,1.7594501718211368,,
2016-11-02 15:00:00+05:30,-1,1,1,3,7.732142857143117,1.5,2.0,0.26512702078535166,0.26512702078535166,,
2016-11-03 13:05:00+05:30,-1,1,1,3,6.935714285714182,1.5,2.0,3.0,1.78063851699287,0.4685890834191625,0.15859938208038438
2016-11-03 15:10:00+05:30,-1,1,1,2,9.742857142857117,0.09750733137837406,0.09750733137837406,0.09750733137837406,,,
2016-11-07 12:25:00+05:30,1,1,1,2,6.089285714285714,-1.0,-1.0,-1.0,0.3530791788855707,0.4023460410555392,0.008211143694895175
2016-11-08 12:15:00+05:30,-1,1,1,3,4.807142857143065,1.5,2.0,-1.0,1.0089153046062729,0.5096582466568901,-0.6136701337293156
2016-11-08 14:00:00+05:30,1,1,1,3,7.467857142857221,1.5,2.0,3.0,1.847919655667272,1.1114299378289245,
2016-11-15 11:25:00+05:30,-1,1,1,3,14.157142857142974,1.5,2.0,-1.0,-0.27194752774970693,-0.9535822401614452,-0.3461150353178322
2016-11-15 11:30:00+05:30,-1,1,1,3,14.003571428571572,-1.0,-1.0,-1.0,-0.6569752614128852,-0.8819178780922754,-1.160418260647782
2016-11-15 13:30:00+05:30,1,1,0,1,10.61428571428574,1.5,-1.0,-1.0,-1.5686406460295714,-0.8432032301480292,-5.1016150740241795
2016-11-16 13:45:00+05:30,-1,1,1,2,12.939285714285559,-1.0,-1.0,-1.0,-1.209494893734531,-0.35937068727578486,3.458459839911717
2016-11-16 13:50:00+05:30,-1,1,1,3,13.817857142856935,-1.0,-1.0,-1.0,-2.5220987335229386,-1.697079348668919,
2016-11-16 15:00:00+05:30,-1,1,1,3,13.05714285714287,-1.0,-1.0,-1.0,1.543216630196977,,
2016-11-17 11:05:00+05:30,1,1,0,1,11.050000000000052,1.5,2.0,-0.4479638009049588,0.35746606334839814,1.5837104072398116,-0.4479638009049588
2016-11-17 12:35:00+05:30,-1,1,0,1,8.103571428571415,1.5,2.0,3.0,0.7033935654474246,1.474658439841432,0.7095636844424869
2016-11-17 15:00:00+05:30,-1,1,1,3,13.92142857142861,-1.0,-1.0,-1.0,-1.9933299127757769,,
2016-11-18 10:40:00+05:30,1,1,1,2,9.05714285714287,-1.0,-1.0,-1.0,-0.20977917981078553,0.02208201892742468,0.436119873817014
2016-11-18 13:40:00+05:30,-1,1,1,2,8.95714285714296,-1.0,-1.0,-1.0,0.21770334928227383,2.5007974481658,2.082137161084465
2016-11-21 13:50:00+05:30,-1,1,1,2,10.335714285714403,-1.0,-1.0,-1.0,-0.595024187975079,-1.170697995853512,
2016-11-21 15:00:00+05:30,-1,1,1,2,12.678571428571429,-1.0,-1.0,-1.0,-2.0783098591549583,,
2016-11-23 10:55:00+05:30,1,1,1,2,10.100000000000039,1.5,0.30693069306925175,0.30693069306925175,0.717821782178215,0.5841584158415459,0.30693069306925175
2016-11-23 11:00:00+05:30,1,1,1,2,10.20714285714296,-1.0,-1.0,-1.0,0.6417074877536852,-0.27431770468851935,-0.6710986703988201
2016-11-23 13:00:00+05:30,1,1,1,3,7.303571428571494,-1.0,-1.0,-1.0,0.2601466992665761,2.197555012224944,3.388753056234689
2016-11-24 14:10:00+05:30,1,1,1,3,9.732142857142728,1.5,2.0,3.0,2.882201834862442,-2.8462385321101107,
2016-11-24 14:15:00+05:30,1,1,1,3,10.474999999999975,1.5,2.0,-1.0,2.0429594272076943,-4.157517899761277,
2016-12-02 10:30:00+05:30,-1,1,1,3,8.474999999999975,-1.0,-1.0,-1.0,-0.2359882005899712,-0.684365781710938,0.442477876106196
2016-12-02 13:20:00+05:30,1,1,1,2,5.114285714285805,-1.0,-1.0,-1.0,4.418994413407636,-1.9748603351955667,-10.382681564245697
2016-12-07 11:05:00+05:30,1,1,1,3,3.9214285714284807,-1.0,-1.0,-1.0,-0.45901639344244805,0.6502732240437773,0.9180327868853599
2016-12-12 11:25:00+05:30,-1,1,1,2,5.117857142857247,-1.0,-1.0,-1.0,-2.7355198883460714,-2.833217027215574,-0.7229588276344611
2016-12-13 12:55:00+05:30,-1,1,1,2,4.371428571428753,-1.0,-1.0,-1.0,-0.8006535947712086,-3.6715686274506614,-5.79901960784298
2016-12-14 11:30:00+05:30,1,1,1,3,5.139285714285636,-1.0,-1.0,-1.0,-0.3502432244612953,-1.3231410701875088,-6.323835997220388
2016-12-14 13:50:00+05:30,1,1,1,3,8.600000000000168,-1.0,-1.0,-1.0,-0.4069767441860385,-0.168604651162872,
2016-12-14 14:50:00+05:30,-1,1,1,2,8.707142857143092,1.5,2.0,1.4872846595569529,2.1361771944216414,,
2016-12-15 12:35:00+05:30,1,1,1,3,8.685714285714377,-1.0,-1.0,-1.0,-1.5312500000000049,-1.0707236842105359,-0.42598684210523774
2016-12-19 10:45:00+05:30,1,1,1,2,6.135714285714455,-1.0,-1.0,-1.0,-1.393480791618152,-0.8800931315483767,-1.2956926658906534
2016-12-19 15:05:00+05:30,-1,1,1,3,4.91071428571435,1.5,2.0,3.0,,,
2016-12-20 10:20:00+05:30,-1,1,1,2,6.267857142857208,-1.0,-1.0,-1.0,-1.1407407407408159,0.1754985754984866,4.243874643874513
2016-12-20 11:15:00+05:30,-1,1,1,2,4.782142857142844,1.5,2.0,3.0,3.0530246452575494,3.7953696788647586,4.150858849887873
2016-12-20 11:20:00+05:30,-1,1,1,3,5.396428571428585,1.5,2.0,3.0,1.519523494374549,1.5009927200530089,1.436135009927197
2016-12-20 13:10:00+05:30,-1,1,1,2,5.367857142857182,-1.0,-1.0,-1.0,-0.22355289421154134,0.27012641383895286,-1.1550232867597714
2016-12-20 14:25:00+05:30,1,1,1,2,5.978571428571546,-1.0,-1.0,-1.0,-0.685782556750346,0.19235364396648258,
2016-12-21 14:50:00+05:30,-1,1,1,2,5.074999999999883,1.5,2.0,3.0,5.251231527093646,,
2016-12-23 10:55:00+05:30,1,1,0,1,5.939285714285688,1.5,2.0,3.0,1.0270595309681956,3.3589897775105073,3.123271196632636
2016-12-23 14:10:00+05:30,-1,1,0,1,9.450000000000143,0.17460317460313346,0.17460317460313346,0.17460317460313346,0.8095238095237588,0.708994708994679,
2016-12-26 12:35:00+05:30,1,1,1,2,5.689285714285688,-1.0,-1.0,-1.0,-0.12303829252978654,3.409918392969192,2.583804143126157
2016-12-27 13:30:00+05:30,1,1,1,2,5.89642857142852,1.5,2.0,3.0,1.6026650514839322,2.4675953967293074,13.389460932768106
2016-12-28 13:05:00+05:30,1,1,1,3,5.078571428571455,-1.0,-1.0,-1.0,-0.5021097046413834,0.47257383966237315,-7.5021097046413825
2017-01-03 13:15:00+05:30,-1,1,0,1,4.957142857142701,1.5,-1.0,-1.0,-0.40345821325649683,-2.9654178674350318,-4.0446685878962345
2017-01-04 10:40:00+05:30,-1,1,1,2,7.467857142857091,-1.0,-1.0,-1.0,-0.35485413677685923,-0.1740793878528494,0.8837876614058371
2017-01-05 10:45:00+05:30,1,1,1,2,4.696428571428571,1.5,2.0,1.8098859315589355,0.542965779467913,0.670722433460386,1.8098859315589355
2017-01-05 12:40:00+05:30,-1,1,1,3,4.01071428571439,-1.0,-1.0,-1.0,-2.8299198575240516,-2.1816562778271917,-1.1593944790737882
2017-01-06 10:30:00+05:30,-1,1,1,2,6.432142857142805,1.5,2.0,3.0,-0.10882842865086358,1.0960577456967309,1.041643531371299
2017-01-06 10:35:00+05:30,-1,1,1,2,6.5428571428571685,1.5,2.0,3.0,1.0775109170304522,1.3526200873362948,1.1004366812225364
2017-01-09 11:25:00+05:30,1,1,0,1,5.089285714285454,-1.0,-1.0,-1.0,-0.29473684210527823,-0.14736842105263911,-1.326315789473752
2017-01-09 12:40:00+05:30,-1,1,1,3,3.0035714285716364,-1.0,-1.0,-1.0,0.5160523186685797,-0.6492271105822315,-2.380499405469393
2017-01-09 14:45:00+05:30,-1,1,0,1,5.157142857142779,-1.0,-1.0,-1.0,0.39750692520797387,,
2017-01-10 10:55:00+05:30,-1,1,1,3,4.442857142857065,-1.0,-1.0,-1.0,-0.47266881028947927,-1.4630225080386108,-0.3713826366562826
2017-01-10 11:40:00+05:30,1,1,1,2,3.335714285713948,-1.0,-1.0,-1.0,-0.9743040685225826,-1.1541755888653222,1.0042826552464634
2017-01-10 15:15:00+05:30,1,1,1,3,4.496428571428494,-0.3780778395553709,-0.3780778395553709,-0.3780778395553709,,,
2017-01-12 10:45:00+05:30,1,1,1,2,8.264285714285636,-1.0,-1.0,-1.0,-0.1573033707866504,-0.5445116681071789,-0.828867761452083
2017-01-12 15:00:00+05:30,1,1,1,2,6.35357142857148,0.12591343451365625,0.12591343451365625,0.12591343451365625,0.12591343451365625,,
2017-01-13 15:00:00+05:30,1,1,1,3,7.199999999999818,-1.0,-1.0,-1.0,-0.6597222222222389,,
2017-01-16 10:15:00+05:30,1,1,1,3,8.414285714285532,-0.49915110356546233,-0.49915110356546233,-0.49915110356546233,0.6358234295416529,0.08913412563667426,-0.49915110356546233
2017-01-16 12:50:00+05:30,1,1,1,3,4.432142857143065,1.5,2.0,3.0,0.8686543110395257,1.9178082191779924,1.6696212731666407
2017-01-17 10:15:00+05:30,-1,1,1,3,7.985714285714364,1.5,2.0,2.4856887298747976,1.4087656529516857,1.9159212880142014,2.4856887298747976
2017-01-17 10:20:00+05:30,-1,1,1,3,8.257142857142883,1.5,2.0,1.7923875432525014,0.33910034602067207,0.442041522491304,1.7923875432525014
2017-01-18 10:55:00+05:30,-1,1,0,1,4.860714285714623,1.5,2.0,3.0,0.030859662013148582,0.33945628214538287,3.5180014695075457
2017-01-18 14:40:00+05:30,1,1,1,2,6.632142857142753,-1.0,-1.0,-1.0,0.5578890683899946,,
2017-01-19 13:00:00+05:30,-1,1,1,2,3.942857142857065,-1.0,-1.0,-1.0,-0.5072463768116042,0.2536231884058021,-0.8496376811595293
2017-01-20 12:40:00+05:30,-1,1,1,3,3.1607142857144157,1.5,2.0,3.0,8.57401129943479,12.924293785310319,16.689265536722477
2017-01-23 11:45:00+05:30,-1,1,0,1,5.274999999999766,1.5,2.0,3.0,1.0900473933649772,3.3364928909954776,4.369668246445554
2017-01-24 11:35:00+05:30,-1,1,1,3,4.171428571428415,-1.0,-1.0,-1.0,-1.8818493150686508,-1.8339041095890225,0.17979452054795192
2017-01-24 13:45:00+05:30,1,1,1,2,5.571428571428571,1.5,2.0,3.0,2.1358974358973706,4.164102564102695,5.761538461538527
2017-01-27 12:20:00+05:30,-1,1,1,3,5.892857142856753,-1.0,-1.0,-1.0,1.0606060606061307,-1.1284848484848613,-2.3503030303032473
2017-01-27 13:55:00+05:30,1,1,1,2,7.974999999999974,-1.0,-1.0,-1.0,-0.4952978056427261,-1.9122257053291598,
2017-01-30 14:20:00+05:30,-1,1,1,3,7.696428571428312,-1.0,-1.0,-1.0,-0.987470997679895,0.12343387470983916,
2017-02-01 12:55:00+05:30,1,1,0,1,16.61428571428613,1.5,2.0,3.0,0.9600171969044675,3.2833190025794097,4.330610490111606
2017-02-02 11:25:00+05:30,-1,1,1,2,7.310714285714572,1.5,2.0,-1.0,0.7523204689789642,0.0752320468980457,-2.263800683927511
2017-02-02 15:10:00+05:30,-1,1,1,2,9.317857142857065,0.7995400536604911,0.7995400536604911,0.7995400536604911,,,
2017-02-02 15:15:00+05:30,-1,1,1,3,9.621428571428623,0.34818114328140193,0.34818114328140193,0.34818114328140193,,,
2017-02-03 10:20:00+05:30,-1,1,1,2,9.33214285714283,-1.0,-1.0,-1.0,-1.264446995790205,-0.8840413318025283,-0.21431305013394628
2017-02-03 13:10:00+05:30,-1,1,1,2,5.085714285714597,-1.0,-1.0,-1.0,-2.5758426966291275,-2.9789325842694088,-2.5856741573031408
2017-02-03 13:55:00+05:30,1,1,0,1,6.335714285714597,1.5,-1.0,-1.0,1.0496054114996143,-0.512965050732782,
2017-02-08 15:10:00+05:30,1,1,1,2,12.317857142857324,0.06900550884302378,0.06900550884302378,0.06900550884302378,,,
2017-02-09 10:10:00+05:30,-1,1,1,3,9.221428571428598,1.5,2.0,3.0,3.54608830364046,3.6165762974436735,3.3617350890782243
2017-02-09 10:15:00+05:30,-1,1,1,3,8.88571428571426,1.5,2.0,3.0,4.304662379421234,3.094855305466247,3.196141479099647
2017-02-09 10:20:00+05:30,-1,1,1,3,9.914285714285663,1.5,2.0,3.0,1.6945244956773522,1.3616714697406411,0.19164265129679425
2017-02-09 12:00:00+05:30,1,1,1,3,6.675000000000052,-1.0,-1.0,-1.0,0.7490636704119792,0.38951310861401117,3.243445692883815
2017-02-10 14:25:00+05:30,1,1,1,3,7.907142857142519,-1.0,-1.0,-1.0,-2.611562782294555,-1.9349593495934867,
2017-02-13 13:20:00+05:30,1,1,1,2,7.325000000000598,1.5,2.0,3.0,1.283276450511791,3.2696245733784237,4.129692832764168
2017-02-14 11:00:00+05:30,-1,1,0,1,5.696428571428312,-1.0,-1.0,-1.0,-0.7548589341691857,-0.2808777429464658,1.3253918495300325
2017-02-14 11:40:00+05:30,-1,1,1,3,4.607142857142468,-1.0,-1.0,-1.0,-1.5193798449613687,-0.3689922480622046,-4.243410852713379
2017-02-14 15:00:00+05:30,1,1,0,1,5.621428571428623,-1.0,-1.0,-1.0,-4.340533672172703,,
2017-02-15 15:05:00+05:30,-1,1,1,2,9.471428571428337,-0.6070889894419457,-0.6070889894419457,-0.6070889894419457,,,
2017-02-17 11:10:00+05:30,1,1,1,3,7.342857142857091,-1.0,-1.0,-1.0,-1.1916342412451446,0.9056420233462603,1.1439688715952894
2017-02-17 13:05:00+05:30,-1,1,1,2,6.425000000000312,1.5,2.0,-1.0,0.45136186770420167,0.35019455252916587,-0.3190661478600766
2017-02-21 12:15:00+05:30,-1,1,1,2,4.567857142857065,-1.0,-1.0,-1.0,-0.49257232212666985,-0.27365129007037214,-1.1712275215012724
2017-02-22 11:55:00+05:30,1,1,1,2,4.246428571428623,1.5,2.0,3.0,1.9192598822538858,-2.519764507990048,-4.474348191757725
2017-02-22 12:00:00+05:30,1,1,1,3,4.467857142857091,-1.0,-1.0,-1.0,0.8393285371702736,-2.5179856115108206,-5.3493205435651285
2017-02-22 13:00:00+05:30,-1,1,0,1,6.628571428571637,1.5,2.0,3.0,2.2553879310342473,0.1282327586204661,2.6023706896550904
2017-02-27 10:25:00+05:30,-1,1,1,2,8.34285714285696,1.5,1.2106164383562346,1.2106164383562346,0.09589041095881899,0.5693493150685056,1.2106164383562346
2017-02-27 14:25:00+05:30,-1,1,1,2,5.73928571428548,1.5,2.0,3.0,2.4915992532669318,3.1537025513380885,
2017-02-28 14:10:00+05:30,1,1,1,2,5.857142857142857,-1.0,-1.0,-1.0,-0.17073170731707318,-1.6219512195121952,
2017-02-28 14:15:00+05:30,1,1,1,2,6.157142857142909,-1.0,-1.0,-1.0,-1.6890951276101356,-1.6647331786542783,
2017-03-03 11:10:00+05:30,-1,1,1,3,6.289285714285662,-1.0,-1.0,-1.0,-0.8188529244746792,-0.4690516751846738,0.007950028392842924
2017-03-06 11:35:00+05:30,-1,1,1,3,3.953571428571325,-1.0,-1.0,-1.0,0.2908762420956699,0.2655826558263812,2.390243902439271
2017-03-06 11:40:00+05:30,-1,1,1,3,4.078571428571195,-1.0,-1.0,-1.0,-0.7478108581434721,-0.19614711033258242,1.3362521891421113
2017-03-10 14:55:00+05:30,1,1,1,3,7.73928571428561,0.012921089063268224,0.012921089063268224,0.012921089063268224,-0.12921089063221217,,
2017-03-14 11:40:00+05:30,-1,1,1,2,4.685714285714312,-1.0,-1.0,-1.0,-0.5975609756099857,-0.4695121951221039,-1.0564024390245397
2017-03-14 12:50:00+05:30,-1,1,0,1,3.732142857142987,-1.0,-1.0,-1.0,-1.7148325358850103,-2.2507177033491064,-3.483253588516625
2017-03-15 14:10:00+05:30,1,1,1,3,5.0035714285717665,-1.0,-1.0,-1.0,-0.14989293361883355,-3.0877944325481166,
2017-03-16 12:40:00+05:30,1,1,1,2,3.349999999999714,-1.0,-1.0,-1.0,0.6268656716419532,-0.19402985074617662,1.6567164179109148
2017-03-16 14:10:00+05:30,1,1,1,2,3.278571428571143,-1.0,-1.0,-1.0,-1.4640522875821598,1.8910675381261934,
2017-03-17 14:20:00+05:30,-1,1,1,2,5.2892857142855325,-1.0,-1.0,-1.0,-0.7184334908844247,-0.491559756921085,
2017-03-20 12:00:00+05:30,1,1,1,3,4.146428571428909,-1.0,-1.0,-1.0,-0.964685615848328,-1.6520241171399108,-1.567614125753533
2017-03-20 13:50:00+05:30,1,1,1,2,4.139285714285636,-1.0,-1.0,-1.0,-1.7031924072474838,-2.7540983606557017,
2017-03-22 11:30:00+05:30,1,1,1,2,3.950000000000078,-1.0,-1.0,-1.0,0.0759493670884219,0.26582278480993715,2.708860759493341
2017-03-22 13:40:00+05:30,-1,1,0,0,4.928571428571429,-1.0,-1.0,-1.0,-1.5217391304347825,3.0637681159417336,5.194202898550429
2017-03-22 14:30:00+05:30,-1,1,1,3,5.574999999999688,1.5,2.0,3.0,3.067264573991268,1.8744394618833171,
2017-03-23 10:40:00+05:30,1,1,0,1,5.174999999999533,1.5,0.04830917874396572,0.04830917874396572,0.1545893719805497,0.5507246376812794,0.04830917874396572
2017-03-28 10:40:00+05:30,1,1,1,2,4.914285714285662,-1.0,-1.0,-1.0,-0.6308139534884528,-1.4447674418605545,-0.5494186046509465
2017-03-28 14:55:00+05:30,-1,1,1,3,4.767857142857532,-1.0,-1.0,-1.0,-5.3168539325839115,,
2017-03-29 11:10:00+05:30,1,1,1,3,3.685714285714052,1.5,2.0,-1.0,2.224806201550726,1.8856589147289993,0.08139534883701706
2017-03-29 12:25:00+05:30,-1,1,1,3,3.8035714285715585,-1.0,-1.0,-1.0,-1.012206572769536,-1.156807511736954,-0.39436619718308513
2017-03-30 13:50:00+05:30,-1,1,1,3,3.98928571428574,-1.0,-1.0,-1.0,-6.655326768128691,-4.286481647269535,
2017-04-06 10:30:00+05:30,-1,1,1,3,5.589285714285454,1.5,-1.0,-1.0,0.2504792332271091,0.8051118210862994,-1.4044728434502842
2017-04-06 10:35:00+05:30,-1,1,1,3,5.667857142856779,-1.0,-1.0,-1.0,-0.6263390044107499,-0.30875866414620756,-2.487712665406651
2017-04-06 12:00:00+05:30,1,1,1,3,4.142857142857013,-1.0,-1.0,-1.0,-1.1706896551725383,-2.8482758620688795,-1.8827586206895388
2017-04-07 11:25:00+05:30,-1,1,1,2,4.310714285714441,-1.0,-1.0,-1.0,-0.0811930405961798,-1.8442419221206412,-1.0439105219552234
2017-04-10 11:05:00+05:30,1,1,1,3,5.210714285714338,-1.0,-1.0,-1.0,-1.8423577793009425,-3.444825222755068,-5.181631254283704
2017-04-10 11:55:00+05:30,-1,1,1,2,4.357142857142987,1.5,2.0,3.0,-0.06885245901664187,1.9278688524588754,3.970491803278403
2017-04-11 11:35:00+05:30,-1,1,1,3,6.303571428570909,-1.0,-1.0,-1.0,-0.8169971671391083,-0.42832861189816773,-1.562606232294804
2017-04-12 14:05:00+05:30,-1,1,0,1,7.403571428571532,-1.0,-1.0,-1.0,0.12831644958981703,1.3034249879401159,
2017-04-13 11:30:00+05:30,1,1,0,1,4.485714285714233,-1.0,-1.0,-1.0,-0.8582802547771612,-2.441082802547961,-3.957006369426798
2017-04-13 12:10:00+05:30,-1,1,1,3,4.3464285714288575,1.5,2.0,3.0,3.4050944946590245,1.1848808545602327,-0.11503697617090451
2017-04-17 11:35:00+05:30,-1,1,1,3,5.671428571428415,-1.0,-1.0,-1.0,-0.0617128463476729,-0.10579345088167914,-1.0755667506298168
2017-04-17 12:50:00+05:30,1,1,0,1,4.057142857142935,-1.0,-1.0,-1.0,-1.3186619718310502,-2.4278169014084936,-4.239436619718408
2017-04-18 14:35:00+05:30,-1,1,1,2,7.989285714286,1.5,2.0,3.0,3.473401877514404,4.725078229771847,
2017-04-19 14:40:00+05:30,-1,1,1,2,8.032142857142778,-1.0,-1.0,-1.0,-1.9670964873278562,,
2017-04-19 15:20:00+05:30,1,1,1,3,8.367857142857117,-0.011950490823773773,-0.011950490823773773,-0.011950490823773773,,,
2017-04-20 10:40:00+05:30,1,1,1,3,6.985714285714623,1.5,2.0,0.035787321063392954,0.23619631901834143,0.22188139059293216,0.035787321063392954
2017-04-20 10:45:00+05:30,1,1,1,3,6.614285714286,-1.0,-1.0,-1.0,-0.7181425485960813,-0.35529157667390576,-0.23434125269966388
2017-04-21 11:05:00+05:30,1,1,1,3,4.10357142857148,-1.0,-1.0,-1.0,-0.18276762402088542,-1.5839860748476737,-3.5335073977371185
2017-04-21 11:55:00+05:30,-1,1,1,2,3.521428571428779,1.5,2.0,3.0,1.6754563894521306,2.371196754563858,10.961460446246921
2017-04-21 12:00:00+05:30,-1,1,1,2,3.767857142857273,1.5,2.0,3.0,1.7781990521328332,7.059715639810279,9.328909952606217
2017-04-27 12:00:00+05:30,-1,1,0,0,4.746428571428753,1.5,-1.0,-1.0,0.7900677200902633,0.9691497366441328,-3.507900677200692
2017-04-28 12:50:00+05:30,1,1,1,3,4.524999999999766,1.5,2.0,3.0,0.872928176795786,1.7900552486189576,0.72928176795608
2017-05-02 14:55:00+05:30,1,1,1,2,6.1464285714286495,0.5775711795466494,0.5775711795466494,0.5775711795466494,0.032539221383034875,,
2017-05-03 11:15:00+05:30,-1,1,1,3,5.067857142857325,-1.0,-1.0,-1.0,0.7103594080338729,0.4735729386891289,1.5193798449609703
2017-05-10 11:35:00+05:30,-1,1,0,1,4.332142857142571,-1.0,-1.0,-1.0,-0.9117889530092965,-1.0849134377578653,-2.135201978565681
2017-05-11 15:00:00+05:30,-1,1,1,3,6.546428571428545,1.5,2.0,2.398254228041583,2.398254228041583,,
2017-05-11 15:05:00+05:30,-1,1,1,3,6.796428571428545,1.5,1.618497109826596,1.618497109826596,,,
2017-05-12 13:30:00+05:30,1,1,1,2,5.596428571428597,-1.0,-1.0,-1.0,-2.028079132099609,-1.027440970006377,-0.1161455009571776
2017-05-16 12:25:00+05:30,1,1,1,2,3.714285714285844,-1.0,-1.0,-1.0,0.40384615384613975,2.732692307692114,7.148076923076477
2017-05-17 12:30:00+05:30,-1,1,1,2,4.696428571428181,-1.0,-1.0,-1.0,-2.8212927756656336,-6.153612167301201,-7.484410646388764
2017-05-19 14:00:00+05:30,1,1,1,3,10.160714285714675,1.5,-1.0,-1.0,-0.9694200351493835,0.5265377855887678,
2017-05-22 13:50:00+05:30,1,1,1,2,6.950000000000078,-1.0,-1.0,-1.0,-0.9136690647479817,-2.589928057553928,
2017-05-23 14:35:00+05:30,-1,1,1,2,8.985714285714234,-1.0,-1.0,-1.0,-0.6232114467409026,1.7694753577106215,
2017-05-25 12:15:00+05:30,1,1,1,2,5.332142857142701,-1.0,-1.0,-1.0,-1.3409243134627975,0.0,1.7347622237107005
2017-05-29 13:40:00+05:30,1,1,1,3,7.196428571428702,1.5,2.0,3.0,2.8277915632751807,1.7022332506203166,-1.0838709677420675
2017-05-29 13:45:00+05:30,1,1,1,3,7.410714285714286,1.5,2.0,3.0,3.4612048192770595,0.9445783132530121,-1.7744578313252521
2017-06-01 10:25:00+05:30,1,1,1,3,9.139285714285766,-1.0,-1.0,-1.0,-0.5087924970693241,-1.433372411098117,-1.6795623290348096
2017-06-05 13:40:00+05:30,1,1,1,3,6.025000000000156,-1.0,-1.0,-1.0,0.22406639004154835,-0.25726141078855624,-1.095435684647335
2017-06-07 11:50:00+05:30,-1,1,1,2,3.742857142857377,1.5,2.0,3.0,1.816793893129463,8.255725190839081,7.320610687022346
2017-06-09 12:30:00+05:30,-1,1,1,2,3.9714285714285973,-1.0,-1.0,-1.0,-3.2985611510792068,-2.555755395683345,-4.607913669064535
2017-06-14 11:20:00+05:30,-1,1,1,3,5.107142857142597,-1.0,-1.0,-1.0,-0.5678321678321254,-0.1174825174825947,-4.395804195804206
2017-06-15 12:55:00+05:30,-1,1,1,3,5.357142857142987,-1.0,-1.0,-1.0,-0.793333333333314,-2.025333333333352,1.399999999999966
2017-06-15 14:15:00+05:30,-1,1,1,3,5.84285714285735,-1.0,-1.0,-1.0,-0.19682151589235128,-1.9682151589241355,
2017-06-19 13:40:00+05:30,1,1,1,3,4.267857142857013,1.5,2.0,3.0,2.108786610878725,6.525523012552159,3.432635983263618
2017-06-22 12:20:00+05:30,-1,1,0,1,4.5107142857142595,-1.0,-1.0,-1.0,0.36579572446547964,-0.5209817893904242,2.061757719714815
2017-06-28 12:20:00+05:30,-1,1,1,3,5.503571428571506,-1.0,-1.0,-1.0,0.5451005840363323,1.2537313432838288,1.9078520441271631
2017-06-29 12:45:00+05:30,-1,1,0,1,6.582142857142961,1.5,2.0,3.0,5.446554530656507,7.573521432447032,1.8838849701575435
2017-06-30 10:15:00+05:30,1,1,1,3,9.057142857142805,0.005520504731981731,0.005520504731981731,0.005520504731981731,0.34227129337543644,0.26498422712929887,0.005520504731981731
2017-07-04 15:05:00+05:30,-1,1,0,1,6.782142857143169,0.6782517114270893,0.6782517114270893,0.6782517114270893,,,
2017-07-05 13:50:00+05:30,-1,1,1,2,3.5035714285713766,-1.0,-1.0,-1.0,-3.3965341488281924,-3.9673802242614324,
2017-07-06 12:25:00+05:30,1,1,1,2,4.089285714285844,-1.0,-1.0,-1.0,-0.6847161572050405,-0.6358078602616327,2.689956331877644
2017-07-07 12:45:00+05:30,-1,1,1,2,3.8535714285714806,-1.0,-1.0,-1.0,-1.1547729379056413,-1.7126969416126756,-5.0861909175162445
2017-07-07 13:40:00+05:30,1,1,1,2,5.860714285714364,1.5,2.0,-1.0,1.305301645338129,0.5886654478977397,-0.1535648994514898
2017-07-11 11:15:00+05:30,1,1,1,2,4.775000000000026,-1.0,-1.0,-1.0,0.43979057591630416,2.167539267015771,3.989528795811725
2017-07-11 14:45:00+05:30,-1,1,1,3,6.324999999999948,1.5,2.0,3.0,1.1620553359684465,,
2017-07-12 15:10:00+05:30,1,1,1,2,4.628571428571377,1.5,2.0,1.8148148148147565,,,
2017-07-12 15:15:00+05:30,1,1,1,3,4.842857142857091,0.5368731563422637,0.5368731563422637,0.5368731563422637,,,
2017-07-14 13:25:00+05:30,-1,1,1,3,4.314285714285428,-1.0,-1.0,-1.0,1.0082781456955154,-1.6572847682119463,-3.9983443708611923
2017-07-19 12:20:00+05:30,1,1,1,2,4.232142857142857,-1.0,-1.0,-1.0,-1.0514767932491171,-2.339240506329458,-2.4101265822786533
2017-07-20 10:10:00+05:30,-1,1,1,2,7.139285714285506,-1.0,-1.0,-1.0,-0.13306653326673912,-1.582791395697793,-0.2941470735368279
2017-07-20 11:10:00+05:30,1,1,1,2,6.149999999999636,-1.0,-1.0,-1.0,-0.8699186991868068,-1.813008130081349,-6.300813008130454
2017-07-24 11:25:00+05:30,-1,1,1,2,4.539285714285403,-1.0,-1.0,-1.0,-1.6302124311566013,-0.46262785208508433,-1.4209284028326732
2017-07-24 13:55:00+05:30,1,1,1,2,3.8785714285712465,1.5,2.0,-1.0,1.3278084714548488,-2.823204419889354,
2017-07-25 11:20:00+05:30,-1,1,1,3,4.5071428571426235,1.5,2.0,2.0301109350237962,1.8526148969886798,1.4976228209192535,2.0301109350237962
2017-07-26 10:35:00+05:30,1,1,1,2,4.2928571428571685,1.5,2.0,3.0,0.11647254575707085,-0.03494176372703651,3.5058236272880867
2017-07-26 11:45:00+05:30,1,1,1,3,3.0892857142855843,1.5,2.0,3.0,1.5375722543353247,3.5283236994225846,-0.8254335260113599
2017-07-27 15:00:00+05:30,-1,1,1,3,10.407142857142519,1.5,2.0,1.0233356211393256,1.0233356211393256,,
2017-08-02 12:00:00+05:30,1,1,1,3,4.032142857142779,-1.0,-1.0,-1.0,-0.9300265721877947,-1.9592559787421975,-0.9424269264834516
2017-08-02 12:45:00+05:30,-1,1,1,2,3.5714285714285716,1.5,2.0,-1.0,1.4280000000001019,-0.7279999999995925,0.7699999999999999
2017-08-02 13:40:00+05:30,1,1,1,3,3.992857142857247,-1.0,-1.0,-1.0,-0.8264758497314599,-4.357781753130386,-5.296958855098161
2017-08-03 14:30:00+05:30,-1,1,1,3,7.585714285714078,1.5,2.0,3.0,0.8502824858755856,2.030131826742004,
2017-08-03 14:35:00+05:30,-1,1,1,3,8.607142857142597,-1.0,-1.0,-1.0,-0.586721991701178,0.2904564315352785,
2017-08-04 10:30:00+05:30,-1,1,0,0,9.671428571428285,0.1964549483012976,0.1964549483012976,0.1964549483012976,0.8685376661742865,0.1550960118168436,0.1964549483012976
2017-08-04 13:40:00+05:30,1,1,1,2,5.714285714285714,1.5,2.0,3.0,3.0625,6.151249999999936,8.61875
2017-08-07 13:25:00+05:30,-1,1,1,2,4.310714285713922,-1.0,-1.0,-1.0,-0.5799502899751939,-2.064623032311606,-1.2062966031481501
2017-08-07 15:10:00+05:30,-1,1,1,3,6.589285714285454,0.7891598915987815,0.7891598915987815,0.7891598915987815,,,
2017-08-09 10:15:00+05:30,1,1,0,1,10.732142857142467,-1.0,-1.0,-1.0,-1.0202995008320517,-1.2485856905158186,-2.245590682196455
2017-08-09 12:25:00+05:30,1,1,1,3,5.428571428571429,-1.0,-1.0,-1.0,-2.321052631578679,-2.256578947368421,-5.4618421052630906
2017-08-09 15:15:00+05:30,-1,1,1,3,12.557142857142676,-0.25085324232079376,-0.25085324232079376,-0.25085324232079376,,,
2017-08-17 11:05:00+05:30,-1,1,1,2,8.464285714285975,1.5,2.0,-1.0,1.8016877637130249,0.23037974683552193,-2.9654008438815933
2017-08-21 10:35:00+05:30,-1,1,1,3,8.696428571428571,1.5,2.0,3.0,-0.22422997946620277,0.02299794661199332,2.328542094455852
2017-08-22 14:00:00+05:30,-1,1,1,3,8.946428571428571,-1.0,-1.0,-1.0,-0.24590818363281586,-1.2518962075849116,
2017-08-24 11:35:00+05:30,1,1,0,1,5.400000000000026,-1.0,-1.0,-1.0,-2.0000000000001923,-0.5740740740741387,0.6388888888886837
2017-08-24 13:35:00+05:30,-1,1,1,2,6.328571428571585,-1.0,-1.0,-1.0,0.08690744920981516,-0.7742663656886984,-0.7031602708804588
2017-08-28 11:05:00+05:30,-1,1,1,2,4.003571428571506,-1.0,-1.0,-1.0,0.11239964317591551,0.2622658340769847,-1.1989295272076452
2017-08-28 13:05:00+05:30,-1,1,0,0,5.064285714285688,1.5,2.0,3.0,1.1156558533144614,1.3723554301835075,0.1974612129760236
2017-08-28 14:35:00+05:30,1,1,1,3,4.942857142857065,-1.0,-1.0,-1.0,0.5361271676299927,-0.15173410404624516,
2017-08-29 11:40:00+05:30,1,1,1,2,5.849999999999844,-1.0,-1.0,-1.0,-0.4957264957264467,-1.8119658119656115,-5.444444444444341
2017-08-30 11:05:00+05:30,1,1,1,3,3.8392857142857144,1.5,2.0,3.0,0.8986046511625064,5.066046511627622,4.5060465116277175
2017-08-31 12:10:00+05:30,1,1,0,1,5.574999999999948,1.5,2.0,-1.0,1.5156950672647187,0.2780269058297948,-0.3677130044841779
2017-09-01 12:20:00+05:30,1,1,1,3,3.3035714285714284,-1.0,-1.0,-1.0,-0.6356756756757859,-0.07567567567567568,3.844324324323994
2017-09-01 15:00:00+05:30,1,1,1,2,6.846428571428597,-1.0,-1.0,-1.0,-1.2415232133541947,,
2017-09-04 12:55:00+05:30,1,1,0,1,11.675000000000052,-1.0,-1.0,-1.0,-0.43683083511780224,-1.002141327623184,0.3897216274089295
2017-09-04 13:50:00+05:30,-1,1,1,3,7.410714285714156,-1.0,-1.0,-1.0,-2.4424096385543086,-4.453012048192849,
2017-09-07 13:40:00+05:30,1,1,1,3,4.360714285714494,1.5,2.0,-1.0,0.7911547911545032,-1.444717444717626,-2.384930384930605
2017-09-08 10:45:00+05:30,-1,1,1,3,6.342857142857221,-1.0,-1.0,-1.0,-1.4268018018016695,-0.9222972972973433,-1.3322072072070188
2017-09-08 14:05:00+05:30,1,1,1,2,7.146428571428909,-1.0,-1.0,-1.0,-2.1829085457270843,-0.17491254372812767,
2017-09-11 10:55:00+05:30,-1,1,1,3,4.235714285714104,-1.0,-1.0,-1.0,-5.264755480607566,-8.251264755481133,-7.708263069140211
2017-09-13 12:05:00+05:30,1,1,1,2,4.110714285714364,-1.0,-1.0,-1.0,1.3866203301478484,1.775847089487634,4.342311033883585
2017-09-15 11:05:00+05:30,-1,1,1,3,5.824999999999428,-1.0,-1.0,-1.0,0.7038626609443376,-1.1416309012876034,-1.8712446351932543
2017-09-15 13:35:00+05:30,-1,1,1,2,4.117857142857117,-1.0,-1.0,-1.0,-4.237640936686665,-4.62619254119673,-6.933217692974715
2017-09-18 11:05:00+05:30,1,1,1,2,3.953571428571325,-1.0,-1.0,-1.0,-0.5058717253839338,-0.10117434507669473,0.9358626919604616
2017-09-20 10:15:00+05:30,-1,1,1,3,7.467857142856961,-0.5490196078429558,-0.5490196078429558,-0.5490196078429558,0.24103299856543178,-0.29459588713520296,-0.5490196078429558
2017-09-20 13:25:00+05:30,-1,1,1,3,3.1785714285714284,-1.0,-1.0,-1.0,-3.5235955056182067,-4.184269662921692,-3.4921348314607887
2017-09-21 12:35:00+05:30,1,1,1,3,5.3214285714284415,-1.0,-1.0,-1.0,-1.2496644295301635,-0.7234899328856502,2.7154362416109414
2017-09-21 13:40:00+05:30,1,1,1,3,5.528571428571403,-1.0,-1.0,-1.0,-0.39793281653760115,1.9534883720929008,2.007751937984571
2017-09-22 12:25:00+05:30,-1,1,1,3,5.996428571428753,-1.0,-1.0,-1.0,-0.6670637284097475,-2.66825491363899,2.318046456224115
2017-09-22 13:50:00+05:30,-1,1,0,1,6.742857142857117,1.5,2.0,3.0,1.9576271186439134,4.664194915254093,
2017-09-22 13:55:00+05:30,-1,1,1,2,7.482142857142857,-1.0,-1.0,-1.0,0.16038186157527626,1.162768496420145,
2017-09-25 11:25:00+05:30,-1,1,1,2,13.285714285714286,-1.0,-1.0,-1.0,-0.564516129032258,-1.4489247311827955,0.060215053763523006
2017-09-26 10:10:00+05:30,-1,1,0,1,13.364285714286,-1.0,-1.0,-1.0,0.21325494388016447,1.6274719401389284,0.7145911277391072
2017-09-26 12:00:00+05:30,1,1,1,2,7.525000000000026,1.5,2.0,3.0,0.5116279069767907,1.401993355481626,2.617940199335636
2017-09-27 12:00:00+05:30,-1,1,0,1,8.442857142856676,-1.0,-1.0,-1.0,1.2732656514383107,1.4686971235194968,2.084602368866271
2017-09-27 14:05:00+05:30,-1,1,0,1,9.485714285714364,1.5,2.0,3.0,2.70406626506018,4.596385542168483,
2017-09-29 13:20:00+05:30,1,1,0,1,4.928571428571298,1.5,2.0,-1.0,0.4463768115939933,1.7855072463767112,-8.400000000000517
2017-10-05 10:30:00+05:30,-1,1,1,3,8.421428571428546,1.5,2.0,1.6089906700592909,-0.035623409669340904,0.23155216284974386,1.6089906700592909
2017-10-05 13:40:00+05:30,1,1,0,1,5.578571428571195,-1.0,-1.0,-1.0,-1.496798975672343,-1.0934699103714298,-4.9743918053779295
2017-10-05 13:45:00+05:30,1,1,1,2,5.735714285714233,-1.0,-1.0,-1.0,-1.5778331257782188,-1.8219178082190044,-5.396014943960008
2017-10-06 12:05:00+05:30,-1,1,1,2,3.6607142857144157,-1.0,-1.0,-1.0,-1.4614634146341938,0.054634146341163335,-1.106341463414893
2017-10-06 13:35:00+05:30,1,1,1,2,4.150000000000156,-1.0,-1.0,-1.0,-1.036144578313477,-2.3493975903613578,5.07228915662614
2017-10-09 11:05:00+05:30,-1,1,1,3,6.071428571428571,1.5,2.0,3.0,-0.08235294117647059,0.9223529411765305,1.8035294117645262
2017-10-09 13:20:00+05:30,1,1,1,3,5.453571428571195,-1.0,-1.0,-1.0,-0.5684348395547735,0.7976424361490797,0.5042567125082076
2017-10-12 12:45:00+05:30,-1,1,1,2,4.014285714285636,1.5,2.0,3.0,1.208185053380897,-0.8469750889678974,-9.66548042704627
2017-10-12 12:50:00+05:30,-1,1,1,3,4.2071428571428315,1.5,-1.0,-1.0,-0.22580645161264518,-1.8777589134124886,-9.864176570458465
2017-10-12 13:45:00+05:30,1,1,1,2,6.035714285714546,1.5,2.0,3.0,3.131360946745367,5.475739644970058,11.854437869821854
2017-10-16 11:50:00+05:30,1,1,0,1,11.939285714285688,-1.0,-1.0,-1.0,-0.04187855219862408,-0.38947053544717347,-0.8291953335327263
2017-10-17 10:35:00+05:30,1,1,1,3,7.092857142857221,1.5,2.0,-1.0,1.5226586102720405,1.7341389728098024,-0.8459214501510481
2017-10-23 10:50:00+05:30,1,1,1,2,9.864285714285481,-1.0,-1.0,-1.0,-1.0238957277335876,-1.7233888486604318,-5.05865314989165
2017-10-23 11:20:00+05:30,-1,1,1,2,6.596428571428468,1.5,2.0,3.0,-0.12127774769886292,5.753113156470152,4.813210611802999
2017-10-24 11:10:00+05:30,-1,1,0,1,6.435714285714312,-1.0,-1.0,-1.0,0.8079911209768024,-0.5049944506104308,-0.13984461709206278
2017-10-26 14:25:00+05:30,-1,1,1,3,8.292857142857299,-1.0,-1.0,-1.0,-0.6029285099052427,-4.8354866494400905,
2017-10-30 10:40:00+05:30,-1,1,1,2,7.017857142857273,-1.0,-1.0,-1.0,-1.011704834605631,-0.021374045801474482,0.5414758269721557
2017-11-01 14:40:00+05:30,1,1,1,2,6.007142857143013,-1.0,-1.0,-1.0,-1.1985731272295785,,
2017-11-02 11:40:00+05:30,-1,1,1,3,5.37500000000013,1.5,2.0,3.0,2.6325581395347526,2.0372093023256674,-0.11162790697680917
2017-11-03 15:20:00+05:30,1,1,0,1,6.4928571428573765,-0.46974697469762094,-0.46974697469762094,-0.46974697469762094,,,
2017-11-06 15:15:00+05:30,-1,1,1,3,7.8535714285713505,1.5,2.0,1.2924056389269831,,,
2017-11-08 11:10:00+05:30,-1,1,1,3,7.789285714285922,-1.0,-1.0,-1.0,-2.747363594681219,-1.9963319578173682,0.19257221458046253
2017-11-08 11:45:00+05:30,1,1,1,3,7.692857142857325,-1.0,-1.0,-1.0,-2.183844011141915,-2.411327762302541,-4.185701021355613
2017-11-10 10:25:00+05:30,1,1,1,3,8.142857142857272,1.5,2.0,-0.4175438596490715,1.7622807017544027,1.228070175438577,-0.4175438596490715
2017-11-10 10:30:00+05:30,1,1,1,3,7.889285714285767,1.5,-1.0,-1.0,0.9126301493887193,0.6020823902218159,-1.6731552738796647
2017-11-14 15:10:00+05:30,-1,1,1,2,8.632142857142883,-0.20273065784029728,-0.20273065784029728,-0.20273065784029728,,,
2017-11-15 10:40:00+05:30,-1,1,1,2,8.492857142857117,-1.0,-1.0,-1.0,-1.624894869638485,-1.1068124474349939,-0.5592935239697242
2017-11-16 11:25:00+05:30,1,1,1,3,5.492857142857247,1.5,2.0,3.0,1.7932379713914497,4.260078023407206,5.0520156046813085
2017-11-16 13:20:00+05:30,-1,1,0,1,6.792857142857299,-1.0,-1.0,-1.0,-0.11041009463722144,-1.5089379600420263,-2.171398527865355
2017-11-17 11:25:00+05:30,-1,1,1,2,5.392857142857013,-1.0,-1.0,-1.0,0.6582781456952452,0.2503311258275508,0.49139072847676557
2017-11-17 11:35:00+05:30,-1,1,1,3,5.8107142857140515,-1.0,-1.0,-1.0,-0.22372464658901062,-1.4456054087277155,-0.9551321450524697
2017-11-17 14:25:00+05:30,-1,1,1,3,5.782142857143169,1.5,2.0,3.0,1.6602841260036794,3.562693020382823,
2017-11-20 14:20:00+05:30,1,1,1,2,5.6500000000002855,1.5,2.0,3.0,1.9646017699114695,1.6460176991148323,
2017-11-21 11:50:00+05:30,-1,1,1,3,4.807142857142935,-1.0,-1.0,-1.0,-1.5705794947996072,-2.7563150074293756,-2.080237741456133
2017-11-21 14:20:00+05:30,-1,1,1,3,6.0107142857142595,1.5,2.0,1.9382055852643567,0.7902554961378525,0.9898989898988126,
2017-11-22 10:10:00+05:30,-1,1,1,3,9.453571428571454,-1.0,-1.0,-1.0,0.11635814129187447,-0.1269361541368352,-2.1843596524368687
2017-11-24 13:20:00+05:30,1,1,1,2,4.335714285714208,1.5,2.0,-1.0,2.2026359143326557,-0.03459637561812867,-1.049423393739974
2017-11-27 12:15:00+05:30,-1,1,1,2,3.5321428571427793,-1.0,-1.0,-1.0,-0.01415571284104811,1.2740141557128692,-4.44489383215348
2017-11-28 10:15:00+05:30,1,1,1,3,7.185714285714441,-1.0,-1.0,-1.0,-0.6053677932403411,-1.3081510934392848,-1.2524850894631936
2017-12-01 10:55:00+05:30,-1,1,1,3,6.964285714286104,1.5,2.0,3.0,3.2882051282048916,3.9989743589741873,3.6543589743588742
2017-12-01 11:05:00+05:30,-1,1,1,3,7.282142857143169,-1.0,-1.0,-1.0,1.8538499264344472,0.10299166257969151,1.1741049534083834
2017-12-01 13:00:00+05:30,1,1,1,2,6.942857142857065,-1.0,-1.0,-1.0,-1.5339506172839155,-4.41460905349794,-10.132716049382621
2017-12-01 13:40:00+05:30,-1,1,1,2,7.503571428571116,1.5,2.0,3.0,2.645406949072029,6.310328415040768,11.674440742504103
2017-12-04 13:50:00+05:30,-1,1,1,2,7.571428571428702,1.5,2.0,3.0,-0.18490566037730727,0.6141509433964081,
2017-12-05 13:50:00+05:30,1,1,1,3,7.774999999999766,1.5,2.0,3.0,2.938906752411711,3.7106109324760426,
2017-12-07 12:00:00+05:30,-1,1,1,3,6.028571428571403,-1.0,-1.0,-1.0,0.5805687203791494,-0.6054502369667669,-2.430094786729808
2017-12-08 13:50:00+05:30,1,1,1,2,7.51071428571374,-1.0,-1.0,-1.0,0.6191155492154031,0.37945791726113165,
2017-12-13 10:55:00+05:30,1,1,1,3,6.939285714285818,1.5,2.0,3.0,4.31600617601651,5.598558929490447,5.20226453937208
2017-12-13 13:50:00+05:30,-1,1,0,1,6.835714285714338,1.5,2.0,3.0,9.421107628004055,11.396029258098084,
2017-12-13 13:55:00+05:30,-1,1,1,2,8.246428571428623,1.5,2.0,3.0,5.46903421394522,7.973148549155428,
2017-12-14 10:45:00+05:30,-1,1,1,3,9.514285714285506,1.5,2.0,3.0,2.0653153153155133,3.00600600600611,3.5578078078079236
2017-12-14 12:30:00+05:30,-1,1,1,3,8.414285714285922,-1.0,-1.0,-1.0,-3.0008488964345608,-3.910016977928769,-6.334465195246153
2017-12-14 13:10:00+05:30,1,1,0,1,9.646428571428649,1.5,2.0,3.0,0.036282858200703844,0.6064420584968859,2.690114772306607
2017-12-15 13:15:00+05:30,-1,1,1,2,6.025000000000026,-1.0,-1.0,-1.0,-0.24896265560165867,-1.1535269709544727,-1.65145228215779
2017-12-19 13:00:00+05:30,-1,1,0,1,5.824999999999818,-1.0,-1.0,-1.0,-1.5965665236050752,-3.9484978540773765,-7.313304721030334
2017-12-19 13:45:00+05:30,1,1,1,2,6.367857142856987,-1.0,-1.0,-1.0,-0.6360067302298509,3.007291082445619,5.60628154795314
2017-12-20 12:25:00+05:30,-1,1,1,2,5.653571428571532,-1.0,-1.0,-1.0,-1.662665824383986,-2.1579279848390027,0.5217940619075674
2017-12-21 14:30:00+05:30,1,1,1,3,6.692857142857195,-1.0,-1.0,-1.0,-0.9413020277480163,-2.8089647812165186,
2017-12-22 11:25:00+05:30,-1,1,1,3,4.842857142856701,-1.0,-1.0,-1.0,-1.497050147492762,-1.7035398230090049,-3.5000000000004694
2017-12-22 11:30:00+05:30,-1,1,1,3,4.921428571428286,-1.0,-1.0,-1.0,-1.8287373004355199,-3.251088534107591,-4.11465892597992
2017-12-28 13:00:00+05:30,1,1,1,2,4.282142857142779,-1.0,-1.0,-1.0,0.29190992493745316,3.1876563803173283,5.067556296914357
2018-01-01 14:10:00+05:30,1,1,1,3,4.721428571428468,1.5,2.0,-1.0,0.7201210287442655,-17.53706505295069,
2018-01-02 15:00:00+05:30,1,1,1,3,11.535714285714546,-0.8148606811146588,-0.8148606811146588,-0.8148606811146588,-0.8148606811146588,,
2018-01-04 15:00:00+05:30,1,1,1,2,8.910714285714546,0.21322645290576459,0.21322645290576459,0.21322645290576459,0.21322645290576459,,
2018-01-05 15:00:00+05:30,1,1,1,3,5.6035714285713505,1.5,2.0,1.3027405991079248,1.3027405991079248,,
2018-01-08 13:20:00+05:30,-1,1,1,3,3.607142857142857,1.5,2.0,3.0,0.36039603960375866,1.1920792079205904,-5.0594059405940595
2018-01-09 12:00:00+05:30,-1,1,1,3,4.471428571428468,1.5,2.0,3.0,2.9185303514380116,1.0623003194888425,3.108626198083058
2018-01-09 12:05:00+05:30,-1,1,1,3,4.6357142857142595,1.5,2.0,-1.0,0.4206471494604757,-0.07550077041610356,0.8197226502309725
2018-01-10 13:55:00+05:30,1,1,1,3,5.4785714285713505,1.5,-1.0,-1.0,0.3833116036506586,-1.0221642764013135,
2018-01-12 10:30:00+05:30,-1,1,1,2,5.728571428571611,-1.0,-1.0,-1.0,-0.2531172069823451,-0.27057356608465244,1.8591022443892224
2018-01-16 10:20:00+05:30,-1,1,1,2,8.992857142857117,-1.0,-1.0,-1.0,0.42811755361402104,-0.32247815726763324,-1.8347895154884881
2018-01-16 12:50:00+05:30,-1,1,1,3,6.478571428571221,1.5,2.0,3.0,2.979051819184107,2.0915104740903625,1.4046306504962423
2018-01-17 12:15:00+05:30,1,1,1,2,5.689285714285688,1.5,2.0,3.0,1.5555555555556266,1.4676710608914705,1.327055869428629
2018-01-17 12:25:00+05:30,1,1,1,2,6.1964285714284415,-1.0,-1.0,-1.0,-0.6374639769450822,-0.7262247838616867,0.37118155619614934
2018-01-18 11:25:00+05:30,-1,1,1,2,7.635714285714649,-1.0,-1.0,-1.0,-0.5565949485500202,-1.938260056127034,-2.5799812909260718
2018-01-19 10:10:00+05:30,1,1,1,3,15.710714285714337,-0.3246192316435775,-0.3246192316435775,-0.3246192316435775,-0.36599227097067394,-0.03500795635367033,-0.3246192316435775
2018-01-22 10:20:00+05:30,-1,1,1,2,13.857142857142597,-1.0,-1.0,-1.0,-0.2453608247422464,-1.3747422680412105,-1.4505154639175792
2018-01-23 11:25:00+05:30,-1,1,0,1,6.296428571428676,-1.0,-1.0,-1.0,-2.0964265456608864,-4.979013045944388,-4.280204197390856
2018-01-29 12:30:00+05:30,-1,1,1,3,5.6142857142857405,-1.0,-1.0,-1.0,-1.1043256997456714,-1.1043256997456714,-0.7213740458017177
2018-01-29 13:25:00+05:30,1,1,0,1,6.460714285714338,1.5,2.0,-1.0,-0.5417357656163583,-2.8402432283029633,-3.242675511332314
2018-01-31 10:30:00+05:30,1,1,1,2,9.710714285714078,-1.0,-1.0,-1.0,-2.512688488415062,-2.559029054799651,-2.8061787421846867
2018-01-31 12:55:00+05:30,-1,1,1,2,8.546428571428416,-1.0,-1.0,-1.0,-1.6322607605517236,-0.6844964479733103,-0.9126619306311514
2018-01-31 14:40:00+05:30,1,1,0,1,12.242857142857506,0.23687281213546774,0.23687281213546774,0.23687281213546774,0.14294049008167603,,
2018-02-01 14:20:00+05:30,-1,1,1,2,24.424999999999923,0.4032753326509885,0.4032753326509885,0.4032753326509885,-0.1617195496417163,0.4483111566018736,
2018-02-02 13:35:00+05:30,-1,1,1,3,11.317857142857195,1.5,2.0,3.0,1.4534553486904962,4.8639949510887455,8.972546544651365
2018-02-05 11:20:00+05:30,1,1,0,1,13.492857142857117,-1.0,-1.0,-1.0,-2.101111699311836,-2.2493382742191947,0.07781895182630938
2018-02-06 12:35:00+05:30,1,1,1,2,10.550000000000312,1.5,2.0,-1.0,1.9099526066349801,0.8957345971562682,13.592417061610938
2018-02-08 14:15:00+05:30,-1,1,1,3,13.075000000000339,1.5,2.0,3.0,1.9999999999999203,0.26003824091774747,
2018-02-08 14:20:00+05:30,-1,1,1,3,14.317857142857585,1.5,2.0,-1.0,-1.337490646046329,-1.7949613369916368,
2018-02-09 12:05:00+05:30,1,1,1,3,9.471428571428337,-1.0,-1.0,-1.0,2.1432880844645315,3.2254901960784346,2.048265460030178
2018-02-09 14:05:00+05:30,1,1,1,3,11.42857142857117,-1.0,-1.0,-1.0,-0.39812500000010453,-3.653125000000083,
2018-02-12 13:30:00+05:30,-1,1,1,3,6.732142857143117,-1.0,-1.0,-1.0,-2.3469496021218172,-5.080106100795398,-6.231299734747608
2018-02-12 14:10:00+05:30,1,1,1,3,8.275000000000286,1.5,2.0,3.0,2.3625377643502836,2.1450151057401072,
2018-02-12 14:15:00+05:30,1,1,1,3,8.871428571428753,1.5,2.0,-0.03381642512069024,1.2793880837359246,2.00644122383261,
2018-02-14 12:30:00+05:30,-1,1,1,3,5.596428571428468,-1.0,-1.0,-1.0,-0.607530312699372,-3.2520740268026733,-4.38672622846198
2018-02-15 11:15:00+05:30,-1,1,1,3,8.207142857142701,-1.0,-1.0,-1.0,-0.4934725848565392,-0.8711923411664254,-6.299390774586805
2018-02-15 13:30:00+05:30,-1,1,1,2,12.575000000000339,1.5,-1.0,-1.0,-0.9781312127237185,-0.43339960238573205,0.2982107355864731
2018-02-16 10:05:00+05:30,-1,1,1,3,12.28214285714304,-1.0,-1.0,-1.0,0.11805757487632695,0.2727537074731282,5.210817097993526
2018-02-19 12:25:00+05:30,-1,1,1,2,9.72857142857174,1.5,2.0,3.0,5.874449339206823,4.363436123347952,4.933920704845657
2018-02-20 10:45:00+05:30,-1,1,1,2,13.171428571428546,1.5,0.11008676789593398,0.11008676789593398,0.9528199566159986,0.2011930585683025,0.11008676789593398
2018-02-21 14:00:00+05:30,1,1,1,2,9.535714285714155,-1.0,-1.0,-1.0,-1.3999999999998667,-1.3370786516854116,
2018-02-21 15:05:00+05:30,1,1,1,3,10.37499999999987,-1.0,-1.0,-1.0,,,
2018-02-22 11:55:00+05:30,-1,1,0,1,4.782142857142909,-1.0,-1.0,-1.0,-0.02091112770732006,-1.1082897684837791,-3.5548917102314777
2018-02-23 11:40:00+05:30,1,1,1,3,6.49999999999987,1.5,2.0,3.0,1.8538461538460789,1.8153846153845397,4.261538461538379
2018-02-27 15:00:00+05:30,1,1,1,2,8.550000000000052,-1.0,-1.0,-1.0,-1.3742690058479448,,
2018-02-28 14:15:00+05:30,1,1,1,3,10.20714285714283,1.5,2.0,3.0,1.3079076277117256,-0.9111266620015088,
2018-03-01 11:20:00+05:30,-1,1,1,3,7.214285714286234,-1.0,-1.0,-1.0,-0.15940594059399749,-0.6514851485149054,-2.287128712871122
2018-03-01 12:15:00+05:30,1,1,1,2,5.61428571428587,-1.0,-1.0,-1.0,0.0,0.54325699745565,2.1106870229007697
2018-03-01 14:10:00+05:30,-1,1,1,2,7.539285714285662,-1.0,-1.0,-1.0,-0.42444339175756035,3.4618664140216215,
2018-03-06 10:25:00+05:30,-1,1,1,3,9.16785714285704,-1.0,-1.0,-1.0,-0.3872224386444553,0.5671990650563735,0.5399298792363498
2018-03-08 13:05:00+05:30,-1,1,1,2,11.464285714285975,-1.0,-1.0,-1.0,-0.6193146417444073,-0.06978193146410941,-3.8467289719624027
2018-03-08 13:10:00+05:30,-1,1,1,2,11.525000000000157,-1.0,-1.0,-1.0,-1.3405639913232552,-0.8069414316703657,-5.106290672451156
2018-03-09 10:50:00+05:30,-1,1,1,3,9.357142857142728,-1.0,-1.0,-1.0,-0.8229007633586733,-0.3954198473281331,-2.0839694656488836
2018-03-09 12:00:00+05:30,1,1,1,2,8.85357142857122,-1.0,-1.0,-1.0,-0.06212182331577245,-0.29931423961271303,-0.20330778539726024
2018-03-14 11:00:00+05:30,-1,1,1,3,7.964285714285585,1.5,2.0,3.0,1.500448430493161,1.6197309417040164,2.900448430493138
2018-03-14 13:00:00+05:30,1,1,1,3,9.264285714285506,-1.0,-1.0,-1.0,0.21588280647648903,1.2521202775636757,3.4595219737858547
2018-03-15 12:15:00+05:30,1,1,1,2,5.800000000000182,1.5,2.0,-1.0,0.08620689655172144,-0.12931034482758216,-2.7844827586208534
2018-03-15 13:55:00+05:30,-1,1,1,3,7.525000000000026,1.5,2.0,-1.0,0.5315614617940181,-0.03322259136212613,
2018-03-15 15:10:00+05:30,-1,1,1,3,11.274999999999896,1.5,1.0776053215077384,1.0776053215077384,,,
2018-03-16 11:30:00+05:30,-1,1,1,2,6.924999999999792,1.5,2.0,3.0,1.22743682310473,3.1913357400723505,3.9277978339349784
2018-03-16 14:00:00+05:30,-1,1,0,1,9.839285714285714,1.5,2.0,3.0,1.3364791288567723,3.9687840290382237,
2018-03-19 12:30:00+05:30,-1,1,1,3,9.178571428571558,1.5,-1.0,-1.0,0.21789883268482182,0.5774319066148967,2.347859922179074
2018-03-19 14:50:00+05:30,1,1,1,3,11.589285714285845,-1.0,-1.0,-1.0,-3.313405238828899,,
2018-03-21 11:35:00+05:30,-1,1,1,2,5.5535714285715585,1.5,2.0,3.0,4.5916398713825295,4.024437299035341,5.726045016077233
2018-03-22 13:10:00+05:30,-1,1,1,3,7.921428571428415,-1.0,-1.0,-1.0,0.6501352569882446,-2.076645626690845,0.3408476104597427
2018-03-22 14:05:00+05:30,1,1,1,2,11.410714285713896,-1.0,-1.0,-1.0,-0.6178403755868118,-3.334585289514917,
2018-03-22 14:55:00+05:30,-1,1,1,2,12.350000000000104,-1.0,-1.0,-1.0,0.2955465587044215,,
2018-03-26 11:05:00+05:30,1,1,1,2,9.410714285714675,-1.0,-1.0,-1.0,-0.35597722960154193,1.2485768500948249,2.79468690702068
2018-03-27 11:25:00+05:30,-1,1,1,2,8.578571428571065,-1.0,-1.0,-1.0,-1.1423813488759003,-3.2289758534554633,-3.141548709408832
2018-03-28 11:20:00+05:30,1,1,1,3,6.4571428571428315,1.5,2.0,3.0,2.2378318584072012,3.5154867256638433,1.9823008849559292
2018-03-28 11:25:00+05:30,1,1,1,3,6.296428571428545,1.5,2.0,3.0,0.6114577424844619,2.5252410663641047,-0.12705615428264694
2018-03-28 13:05:00+05:30,-1,1,1,3,6.674999999999922,-1.0,-1.0,-1.0,-0.5093632958801013,-1.9101123595505842,0.45692883895120723
2018-04-02 12:30:00+05:30,-1,1,1,2,5.675000000000182,-1.0,-1.0,-1.0,-2.0088105726870964,-3.7268722466958515,-5.506607929515242
2018-04-02 12:50:00+05:30,1,1,1,3,5.85357142857148,-1.0,-1.0,-1.0,1.2214765100670413,2.9640024405122327,1.9475289810859489
2018-04-03 11:50:00+05:30,1,1,1,3,7.567857142857065,-1.0,-1.0,-1.0,-1.4865502595564097,0.07928268050972326,-0.6606890042472933
2018-04-03 12:35:00+05:30,1,1,1,2,7.175000000000052,-1.0,-1.0,-1.0,-0.954703832752657,-1.1289198606272202,-0.36236933797914217
2018-04-04 11:20:00+05:30,-1,1,1,3,6.685714285714182,-1.0,-1.0,-1.0,0.41880341880331645,0.18696581196581485,5.526709401709597
2018-04-06 11:45:00+05:30,1,1,1,2,6.660714285714286,-1.0,-1.0,-1.0,-0.5329758713138368,-1.1710455764076706,0.04504021447710256
2018-04-10 10:30:00+05:30,-1,1,1,2,6.775000000000416,1.5,2.0,-1.0,0.07380073800737554,-0.11070110701106331,-0.13284132841349078
2018-04-13 14:15:00+05:30,-1,1,1,3,11.58214285714296,-1.0,-1.0,-1.0,-1.243293246993482,-2.391612704286039,
2018-04-13 15:00:00+05:30,1,1,0,1,11.471428571428467,-0.19178082191771484,-0.19178082191771484,-0.19178082191771484,-0.19178082191771484,,
2018-04-17 11:05:00+05:30,-1,1,0,1,6.428571428571429,-1.0,-1.0,-1.0,1.3533333333331634,0.8555555555555555,4.021111111110884
2018-04-18 13:05:00+05:30,1,1,1,3,5.610714285714364,1.5,2.0,-1.0,0.48122215149598546,-2.1565881604070944,-7.548058561425479
2018-04-20 11:20:00+05:30,-1,1,1,3,7.232142857142857,-1.0,-1.0,-1.0,0.013827160493877465,-0.7604938271604939,-0.3940740740741244
2018-04-20 13:05:00+05:30,-1,1,1,3,5.939285714285428,-1.0,-1.0,-1.0,-2.1467227901384076,-1.8773301262778403,-2.778111846061469
2018-04-20 15:15:00+05:30,1,1,1,3,8.560714285714312,1.2440550688359988,1.2440550688359988,1.2440550688359988,,,
2018-04-23 14:15:00+05:30,-1,1,1,3,8.185714285714182,-1.0,-1.0,-1.0,-0.8856893542757529,3.1151832460733377,
2018-04-24 13:30:00+05:30,1,1,1,3,7.37500000000013,1.5,2.0,3.0,1.1389830508473884,1.1457627118644853,0.6779661016949033
2018-04-25 13:50:00+05:30,-1,1,1,2,7.449999999999818,1.5,2.0,3.0,4.154362416107338,3.1275167785234688,
2018-04-26 10:35:00+05:30,-1,1,1,2,6.599999999999974,-1.0,-1.0,-1.0,-0.5227272727271094,-1.3030303030300876,1.3181818181819336
2018-04-26 11:50:00+05:30,-1,1,1,3,6.26071428571387,-1.0,-1.0,-1.0,-0.5670279520820664,-0.24757558471182267,-0.782658300057039
2018-04-26 15:00:00+05:30,1,1,1,2,9.064285714285429,0.049645390070803146,0.049645390070803146,0.049645390070803146,0.049645390070803146,,
2018-04-27 11:45:00+05:30,-1,1,1,3,5.532142857142909,-1.0,-1.0,-1.0,-1.1568754034860436,-1.6178179470624086,-4.401549386700793
2018-04-30 10:25:00+05:30,1,1,1,3,9.214285714285714,0.792248062015425,0.792248062015425,0.792248062015425,0.09767441860461169,0.33643410852697386,0.792248062015425
2018-05-03 15:10:00+05:30,-1,1,1,2,9.8035714285713,0.5559198542805915,0.5559198542805915,0.5559198542805915,,,
2018-05-04 11:40:00+05:30,-1,1,1,3,6.3142857142859485,-1.0,-1.0,-1.0,0.3959276018099401,-1.1877828054298203,-0.8076923076923354
2018-05-04 11:50:00+05:30,-1,1,1,3,6.8142857142859485,-1.0,-1.0,-1.0,-2.560796645702325,-1.77568134171907,-2.113207547169685
2018-05-10 15:00:00+05:30,-1,1,0,1,7.117857142857507,1.5,1.299548419468072,1.299548419468072,1.299548419468072,,
2018-05-17 14:25:00+05:30,1,1,1,3,7.828571428571455,-1.0,-1.0,-1.0,-1.219890510948808,-7.114963503649472,
2018-05-18 12:35:00+05:30,1,1,1,3,6.214285714285714,-1.0,-1.0,-1.0,-4.481609195402357,-5.101149425287181,-5.310344827586206
2018-05-21 11:45:00+05:30,-1,1,1,3,7.889285714285896,1.5,2.0,3.0,0.3802625622453511,1.2231779085558334,1.850611136260755
2018-05-22 11:05:00+05:30,-1,1,1,3,8.735714285714234,1.5,-1.0,-1.0,0.01144726083405643,0.4807849550287043,-2.0547833197057375
2018-05-22 12:25:00+05:30,1,1,1,2,7.639285714285377,-1.0,-1.0,-1.0,-0.0654511453950473,-1.2697522206637748,-0.6021505376344828
2018-05-22 15:05:00+05:30,1,1,1,2,9.096428571428728,0.41774636827631645,0.41774636827631645,0.41774636827631645,,,
2018-05-23 11:50:00+05:30,1,1,1,2,7.039285714285792,1.5,2.0,-1.0,1.179096905124186,0.05682394723485383,-1.6763064434298676
2018-05-28 11:55:00+05:30,1,1,1,2,5.496428571428623,1.5,2.0,3.0,1.846653671215322,2.8291098115661235,3.4931773879143293
2018-05-28 14:15:00+05:30,1,1,1,3,5.517857142857143,-1.0,-1.0,-1.0,0.14498381877042432,-1.477022653721617,
2018-05-29 12:00:00+05:30,-1,1,1,3,7.482142857142468,1.5,2.0,3.0,0.7484486873509228,0.8219570405730297,2.8267303102628714
2018-05-30 11:45:00+05:30,1,1,1,3,7.221428571428338,-1.0,-1.0,-1.0,-0.540059347180976,1.3847675568744267,3.6834817012860253
2018-05-31 10:05:00+05:30,-1,1,1,2,10.12500000000013,-1.0,-1.0,-1.0,-1.2493827160493307,-2.7259259259257473,-2.6172839506172503
2018-05-31 13:05:00+05:30,1,1,1,3,5.735714285714494,-1.0,-1.0,-1.0,-1.3250311332503268,-1.2727272727270997,0.06973848069731885
2018-06-01 10:30:00+05:30,-1,1,1,3,10.349999999999843,-1.0,-1.0,-1.0,-0.251207729468638,-0.879227053140145,1.8019323671497507
2018-06-01 13:05:00+05:30,-1,1,1,2,9.41785714285717,-1.0,-1.0,-1.0,-1.8581721653393957,-3.259764884338138,-2.229806598407275
2018-06-05 14:55:00+05:30,1,1,1,3,11.23928571428574,-1.0,-1.0,-1.0,-0.10676835081036001,,
2018-06-06 10:55:00+05:30,-1,1,1,2,7.914285714286182,-1.0,-1.0,-1.0,-1.5983754512633974,-4.119133574006793,-4.378158844765038
2018-06-06 11:30:00+05:30,1,1,1,3,7.4928571428573765,-1.0,-1.0,-1.0,0.32697807435661697,-0.0066730219255461565,-0.30695900857949293
2018-06-06 14:30:00+05:30,-1,1,1,2,8.971428571428337,1.5,2.0,-1.0,-5.506369426751696,-5.032643312102001,
2018-06-11 14:15:00+05:30,-1,1,1,2,6.110714285714364,-1.0,-1.0,-1.0,0.21274108708345507,6.815897136177527,
2018-06-13 14:45:00+05:30,-1,1,1,3,7.728571428571221,0.5434380776341199,0.5434380776341199,0.5434380776341199,0.09057301293909843,,
2018-06-20 10:40:00+05:30,1,1,1,2,7.392857142857013,1.5,2.0,3.0,3.4357487922705428,2.5294685990337133,3.422222222222184
2018-06-20 13:45:00+05:30,-1,1,1,3,4.5428571428571685,-1.0,-1.0,-1.0,-0.06603773584929648,-0.7374213836478747,-3.0267295597484107
2018-06-21 12:40:00+05:30,1,1,1,2,5.350000000000104,1.5,2.0,3.0,1.9439252336447541,2.271028037383066,0.009345794392387185
2018-06-21 12:45:00+05:30,1,1,1,3,5.532142857143039,1.5,2.0,-1.0,2.395093608779779,1.4009038089089276,-0.9851517107809196
2018-06-22 10:40:00+05:30,1,1,1,2,7.957142857142961,-1.0,-1.0,-1.0,-1.2127468581689282,-0.21364452423707248,1.319569120287236
2018-06-25 13:00:00+05:30,-1,1,0,1,6.074999999999948,-1.0,-1.0,-1.0,-1.1440329218108292,-1.950617283950694,2.6666666666668095
2018-06-26 10:50:00+05:30,1,1,1,2,8.021428571428649,1.5,2.0,0.9786286731968302,1.1780943900267935,0.29296527159398733,0.9786286731968302
2018-06-27 10:35:00+05:30,-1,1,1,2,9.02142857142826,1.5,2.0,3.0,-0.07759303246227284,0.8091844813936565,3.297703879651737
2018-06-28 11:25:00+05:30,-1,1,1,3,8.48928571428587,1.5,2.0,0.6949936895245552,-0.04122843920912918,1.6373580143036712,0.6949936895245552
2018-06-28 13:40:00+05:30,-1,1,0,1,9.285714285714286,1.5,2.0,3.0,1.421538461538344,5.400769230769191,2.8807692307692307
2018-07-04 10:40:00+05:30,1,1,1,3,8.446428571428442,-1.0,-1.0,-1.0,-1.6219873150104667,0.13023255813957996,1.130655391120654
2018-07-04 13:20:00+05:30,1,1,0,1,6.085714285714338,1.5,2.0,3.0,0.64084507042247,3.877934272300496,5.685446009389683
2018-07-05 10:35:00+05:30,-1,1,0,1,10.185714285714312,-1.0,-1.0,-1.0,-0.9572230014025221,-0.5105189340814166,0.2699859747545575
2018-07-05 14:55:00+05:30,-1,1,1,2,7.78214285714265,1.5,2.0,0.08994951812767735,-0.28269848554369476,,
2018-07-06 11:45:00+05:30,-1,1,1,2,6.796428571428676,-1.0,-1.0,-1.0,1.2580136626380813,0.9784550709405515,-1.5890698896477928
2018-07-06 14:55:00+05:30,-1,1,1,3,9.10357142857161,1.5,2.0,1.5708120831697592,1.83993723028635,,
2018-07-10 15:00:00+05:30,1,1,1,2,7.992857142857247,1.5,0.48793565683640927,0.48793565683640927,0.48793565683640927,,
2018-07-11 15:00:00+05:30,-1,1,0,0,7.8107142857140515,0.7809785093734082,0.7809785093734082,0.7809785093734082,0.7809785093734082,,
2018-07-12 12:40:00+05:30,-1,1,0,1,9.171428571428546,-1.0,-1.0,-1.0,-0.6869158878503898,-0.6705607476635136,2.2133956386294087
2018-07-17 11:15:00+05:30,1,1,1,3,8.40714285714291,-1.0,-1.0,-1.0,-0.3271028037383157,0.029736618521665065,-0.029736618521665065
2018-07-17 13:10:00+05:30,1,1,1,2,5.199999999999948,1.5,2.0,3.0,1.961538461538621,4.259615384615707,6.971153846153916
2018-07-19 11:55:00+05:30,-1,1,0,1,8.21785714285709,-1.0,-1.0,-1.0,0.9430682312038304,-1.5636679704476857,3.4558887440243153
2018-07-19 14:20:00+05:30,1,1,1,2,10.52142857142904,-1.0,-1.0,-1.0,-1.8438560760353584,-1.2926001357773023,
2018-07-20 14:25:00+05:30,1,1,1,2,9.503571428571636,1.5,-1.0,-1.0,0.05261180007515857,-0.7786546411123085,
2018-07-25 12:00:00+05:30,1,1,1,3,5.735714285714364,-1.0,-1.0,-1.0,-0.5491905354918344,1.66500622665023,0.854296388543206
2018-07-26 13:10:00+05:30,1,1,1,3,5.799999999999922,-1.0,-1.0,-1.0,-3.732758620689643,-3.6551724137929646,-7.068965517241475
2018-07-30 10:10:00+05:30,-1,1,1,3,11.199999999999948,-1.0,-1.0,-1.0,-0.25892857142854014,-0.09821428571415625,-1.5758928571428321
2018-07-30 15:00:00+05:30,1,1,1,3,8.032142857142649,-1.0,-1.0,-1.0,-1.7056469542020023,,
2018-08-01 12:10:00+05:30,1,1,1,2,7.653571428571403,-1.0,-1.0,-1.0,-0.7839477368175481,-1.0387307512833464,-2.992067195520499
2018-08-01 13:05:00+05:30,-1,1,1,3,6.267857142857273,-1.0,-1.0,-1.0,-1.0529914529914892,1.1327635327635672,1.3002849002848154
2018-08-02 13:10:00+05:30,-1,1,1,3,6.471428571428207,-1.0,-1.0,-1.0,-0.32450331125835263,0.41721854304649353,1.2207505518763921
2018-08-03 11:15:00+05:30,-1,1,1,3,5.1142857142857405,-1.0,-1.0,-1.0,-0.4986033519555181,-1.388268156424645,-0.26396648044699716
2018-08-03 13:30:00+05:30,1,1,1,3,5.25000000000013,-1.0,-1.0,-1.0,0.8666666666665067,1.7999999999997476,4.3333333333332265
2018-08-06 10:05:00+05:30,-1,1,1,3,10.496428571428364,-1.0,-1.0,-1.0,-1.7005784280368155,-2.44845185437218,-1.9768628785301514
2018-08-06 10:55:00+05:30,1,1,0,0,8.628571428571506,-1.0,-1.0,-1.0,0.35927152317884686,-0.6026490066223846,-1.2574503311256477
2018-08-06 14:30:00+05:30,-1,1,1,2,6.160714285714415,1.5,2.0,-1.0,0.9333333333333137,0.04057971014492668,
2018-08-09 10:55:00+05:30,-1,1,1,2,7.967857142856961,-1.0,-1.0,-1.0,0.3263110712685426,-1.3868220528910205,-0.740475123263082
2018-08-09 12:45:00+05:30,-1,1,1,3,6.564285714285559,-1.0,-1.0,-1.0,-1.4091403699673892,-2.0642002176280716,-1.431991294886001
2018-08-09 13:25:00+05:30,1,1,1,2,6.792857142857039,-1.0,-1.0,-1.0,-0.19873817034705976,0.16929547844369247,-1.8180862250263696
2018-08-16 14:40:00+05:30,-1,1,1,3,8.653571428571533,-1.0,-1.0,-1.0,-0.8435823359470787,,
2018-08-17 15:15:00+05:30,-1,1,1,2,6.485714285714364,-1.0,-1.0,-1.0,,,
2018-08-23 10:10:00+05:30,-1,1,1,3,9.628571428571506,-1.0,-1.0,-1.0,0.43100890207729897,0.1350148367953645,-1.8538575667654125
2018-08-23 14:10:00+05:30,1,1,0,1,6.414285714285662,1.5,-1.0,-1.0,0.9510022271715567,-1.1848552338527893,
2018-08-24 10:15:00+05:30,-1,1,1,3,9.857142857142987,1.5,2.0,1.1413043478260718,0.9637681159420163,0.3499999999998847,1.1413043478260718
2018-08-28 15:15:00+05:30,1,1,1,3,6.553571428571688,-0.0839237057219565,-0.0839237057219565,-0.0839237057219565,,,
2018-08-29 10:20:00+05:30,-1,1,1,2,10.996428571428623,-1.0,-1.0,-1.0,-1.1412796362456281,-1.1594673595323102,0.422864566417633
2018-08-30 14:10:00+05:30,-1,1,0,1,5.982142857142987,-1.0,-1.0,-1.0,-0.7689552238806411,-2.281791044776009,
2018-08-30 14:15:00+05:30,-1,1,1,2,6.067857142857195,-1.0,-1.0,-1.0,-0.09064155385538804,-5.04296645085346,
2018-08-31 12:30:00+05:30,-1,1,1,3,7.171428571428805,-1.0,-1.0,-1.0,0.7250996015934497,-1.0179282868527086,-2.2101593625497795
2018-09-03 10:40:00+05:30,-1,1,0,1,7.810714285714312,1.5,0.12802926383173255,0.12802926383173255,-0.28166438042990477,1.529949702789297,0.12802926383173255
2018-09-06 10:55:00+05:30,1,1,0,1,9.30357142857117,-1.0,-1.0,-1.0,-0.8867562380038635,-4.213435700575816,-4.213435700575816
2018-09-06 11:35:00+05:30,-1,1,1,2,8.86428571428561,1.5,2.0,3.0,0.5527800161162061,0.6712328767124187,2.6567284448027326
2018-09-06 13:35:00+05:30,1,1,0,1,13.110714285714234,1.5,2.0,3.0,1.0983383274311942,3.4132388994824434,3.63443203486787
2018-09-11 11:40:00+05:30,-1,1,1,3,7.835714285714597,-1.0,-1.0,-1.0,-0.5487693710117358,-2.769371011850484,-0.08295350957150907
2018-09-11 12:30:00+05:30,1,1,1,3,8.271428571428519,-1.0,-1.0,-1.0,-1.6321243523316167,-2.6234887737479458,-9.339378238342029
2018-09-11 13:20:00+05:30,-1,1,1,3,8.339285714285845,-1.0,-1.0,-1.0,2.9618843683081737,6.631263383297453,13.430406852248183
2018-09-12 12:00:00+05:30,-1,1,1,3,11.164285714285922,-1.0,-1.0,-1.0,0.846449136276278,2.3557261676262504,-1.7376839411387706
2018-09-14 11:30:00+05:30,-1,1,1,2,6.128571428571506,1.5,2.0,-1.0,0.31818181818163604,-1.8601398601397772,-5.637529137529244
2018-09-14 15:00:00+05:30,1,1,1,2,9.171428571428805,-0.6269470404984264,-0.6269470404984264,-0.6269470404984264,-0.6269470404984264,,
2018-09-17 10:35:00+05:30,-1,1,1,3,10.467857142857351,-1.0,-1.0,-1.0,0.6973729102694491,-0.41078130330954676,-2.2258614807233625
2018-09-17 14:00:00+05:30,1,1,1,3,10.63571428571413,-1.0,-1.0,-1.0,-1.1940899932839981,-2.7783747481530954,
2018-09-17 14:45:00+05:30,-1,1,1,2,10.392857142857142,1.5,1.4529209621993477,1.4529209621993477,0.9573883161512728,,
2018-09-18 11:25:00+05:30,1,1,1,3,11.199999999999948,1.5,-1.0,-1.0,1.4553571428570846,1.1964285714285445,0.4107142857143201
2018-09-18 11:35:00+05:30,1,1,1,3,10.61428571428587,-1.0,-1.0,-1.0,-0.8903095558545274,-0.3014804845221,-1.0127860026917752
2018-09-19 14:20:00+05:30,-1,1,1,3,13.267857142857142,1.5,2.0,-1.0,1.782503364737523,0.8215343203229875,
2018-09-21 11:30:00+05:30,-1,1,1,3,11.70714285714296,1.5,2.0,3.0,1.071995118974913,0.563758389261771,16.357535082367153
2018-09-21 14:10:00+05:30,-1,1,1,3,66.66071428571442,-1.0,-1.0,-1.0,0.6705598714170731,-0.7665684436110406,
2018-09-24 11:25:00+05:30,-1,1,1,2,17.785714285714416,1.5,2.0,3.0,1.619277108433682,3.1963855421686715,2.473895582329299
2018-09-25 12:25:00+05:30,1,1,0,0,17.528571428571144,1.5,-1.0,-1.0,1.226568867155684,-1.2322738386308476,-5.083129584352181
2018-09-26 10:30:00+05:30,-1,1,1,3,17.100000000000104,-1.0,-1.0,-1.0,-0.257309941520445,0.868421052631595,1.198830409356718
2018-09-26 15:05:00+05:30,1,1,1,3,17.564285714285557,-1.0,-1.0,-1.0,,,2018-09-27 12:40:00+05:30,-1,1,1,3,12.178571428571818,1.5,2.0,3.0,0.9196480938416726,2.475659824046812,0.7759530791789205
2018-09-28 13:50:00+05:30,-1,1,1,2,17.910714285714285,1.5,2.0,3.0,0.5136590229311455,1.7112662013957924,
2018-10-04 11:30:00+05:30,-1,1,1,2,14.275000000000157,1.5,2.0,3.0,2.5814360770577904,0.4273204903677966,1.148861646234638
2018-10-04 11:40:00+05:30,-1,1,1,3,15.067857142857195,1.5,-1.0,-1.0,0.5707513628822217,-2.6546575017776632,-0.24887414079165593
2018-10-04 13:15:00+05:30,-1,1,1,2,16.389285714285766,-1.0,-1.0,-1.0,0.9457398125953337,0.03660928306811768,-2.2697755502288453
2018-10-04 15:20:00+05:30,-1,1,1,3,23.174999999999663,0.9946062567421621,0.9946062567421621,0.9946062567421621,,,
2018-10-05 14:00:00+05:30,1,1,0,1,14.14642857142826,-1.0,-1.0,-1.0,0.3675839434486836,-1.0992173693511467,
2018-10-08 15:00:00+05:30,1,1,1,3,30.639285714286025,0.18277188483507237,0.18277188483507237,0.18277188483507237,0.18277188483507237,,
2018-10-09 11:25:00+05:30,1,1,0,0,17.90714285714265,-1.0,-1.0,-1.0,-1.2899880335061165,-1.1392102114080505,-0.7594734742719659
2018-10-09 14:25:00+05:30,1,1,1,3,18.92499999999979,-1.0,-1.0,-1.0,0.7001321003963089,-3.466314398943254,
2018-10-10 12:30:00+05:30,1,1,1,3,13.6892857142853,-1.0,-1.0,-1.0,-1.8664231672320695,0.08765979650396676,0.8546830159143736
2018-10-12 11:20:00+05:30,1,1,1,2,10.22857142857161,-1.0,-1.0,-1.0,0.24930167597757805,-0.816340782122926,0.2004189944133331
2018-10-23 10:15:00+05:30,1,1,1,2,19.153571428571144,-1.0,-1.0,-1.0,-0.3994033190378389,-1.1877680402759825,-1.8168935297408058
2018-10-23 12:15:00+05:30,1,1,1,2,9.032142857142778,-1.0,-1.0,-1.0,-0.4317912218267725,-1.8434163701067374,-8.204033214709483
2018-10-23 12:55:00+05:30,-1,1,1,3,9.685714285714441,-1.0,-1.0,-1.0,-0.8259587020648835,4.243362831858189,3.933628318583857
2018-10-24 13:55:00+05:30,-1,1,1,2,14.242857142856987,1.5,2.0,-1.0,2.250250752256744,-0.6143430290872685,
2018-10-24 14:50:00+05:30,1,1,1,3,24.514285714285897,1.5,1.3563519813519713,1.3563519813519713,0.9708624708625081,,
2018-10-25 12:35:00+05:30,-1,1,1,3,10.632142857143013,-1.0,-1.0,-1.0,-4.260665099092916,-5.854887470607909,-4.53812562982862
2018-10-26 13:00:00+05:30,-1,1,1,2,15.074999999999948,-1.0,-1.0,-1.0,-0.19900497512437879,-0.4112769485904311,1.3930348258706515
2018-10-29 10:45:00+05:30,1,1,1,2,14.453571428571195,-1.0,-1.0,-1.0,-0.6676550531257578,-0.31826043983200464,0.9962935507783452
2018-10-29 14:15:00+05:30,-1,1,0,1,14.871428571428364,-1.0,-1.0,-1.0,-0.9548511047070747,-5.8904899135447755,
2018-10-29 15:00:00+05:30,1,1,1,3,14.78214285714239,1.5,2.0,3.0,1.461222517516256,,
2018-10-30 11:10:00+05:30,-1,1,1,2,12.649999999999896,1.5,2.0,-1.0,0.41897233201575623,-0.8616600790515055,0.2806324110671385
2018-10-30 14:30:00+05:30,-1,1,1,3,12.800000000000052,1.5,-1.0,-1.0,0.05468750000005662,-0.13281249999991418,
2018-11-05 12:10:00+05:30,1,1,1,2,11.62499999999987,-1.0,-1.0,-1.0,0.7225806451614235,0.13763440860218337,-1.8494623655914184
2018-11-05 14:50:00+05:30,-1,1,0,1,9.328571428571454,-1.0,-1.0,-1.0,-5.31163859111802,,
2018-11-06 15:00:00+05:30,1,1,1,2,15.699999999999818,-1.0,-1.0,-1.0,-0.9840764331210768,,
2018-11-09 12:25:00+05:30,-1,1,1,3,7.732142857142597,-1.0,-1.0,-1.0,2.256812933025339,2.677136258660457,3.4078521939953075
2018-11-12 10:15:00+05:30,-1,1,1,2,12.88571428571413,-1.0,-1.0,-1.0,-0.7838137472284191,-0.2987804878049099,-0.5199556541020584
2018-11-12 12:05:00+05:30,-1,1,1,3,9.132142857143013,-1.0,-1.0,-1.0,0.21353148220578586,0.12592882283922277,5.52991787250675
2018-11-13 11:35:00+05:30,1,1,1,2,9.514285714285636,1.5,2.0,3.0,0.8040540540540224,1.6606606606605978,2.9744744744744223
2018-11-13 13:05:00+05:30,1,1,1,2,7.664285714285662,-1.0,-1.0,-1.0,1.2590866728797374,6.054054054054048,5.6691519105311174
2018-11-16 10:55:00+05:30,-1,1,1,2,9.203571428571454,-1.0,-1.0,-1.0,-0.5106713232439622,0.28249902987974385,-2.390376406674421
2018-11-20 12:50:00+05:30,-1,1,1,2,7.389285714285636,-1.0,-1.0,-1.0,-0.7375543740938714,2.3750604156596657,6.536491058482329
2018-11-21 13:50:00+05:30,1,1,1,2,8.503571428571377,-1.0,-1.0,-1.0,1.5111297774045038,1.5699286014280238,
2018-11-22 10:45:00+05:30,-1,1,1,2,8.574999999999948,1.5,-0.1865889212828424,-0.1865889212828424,-0.06413994169108976,-0.4548104956267825,-0.1865889212828424
2018-11-22 12:30:00+05:30,1,1,1,3,6.12500000000013,-1.0,-1.0,-1.0,-2.987755102040634,-8.375510204081337,-9.363265306122013
2018-11-22 14:45:00+05:30,-1,1,1,3,11.185714285714182,1.5,2.0,3.0,2.0159642401022873,,
2018-11-27 12:55:00+05:30,-1,1,1,2,8.149999999999636,-1.0,-1.0,-1.0,-7.233128834356241,-6.907975460123142,-7.64417177914158
2018-11-27 14:05:00+05:30,-1,1,1,3,14.985714285714364,-1.0,-1.0,-1.0,-0.7440419447092187,-3.2397521448998394,
2018-11-28 14:10:00+05:30,-1,1,1,2,8.62500000000026,-1.0,-1.0,-1.0,-2.24347826086954,-1.9826086956521565,
2018-11-29 14:00:00+05:30,1,1,1,3,8.882142857142883,1.5,-1.0,-1.0,0.9738640932850386,1.1765178930439064,
2018-11-30 11:35:00+05:30,-1,1,1,3,7.592857142857221,1.5,2.0,3.0,2.1796801505172856,0.9021636876761867,3.4967074317966698
2018-11-30 11:40:00+05:30,-1,1,1,3,7.73928571428587,1.5,2.0,3.0,0.9044762344254548,0.5103830179970799,2.9653899400090284
2018-11-30 12:50:00+05:30,-1,1,1,2,8.675000000000052,1.5,2.0,0.6455331412104127,0.16138328530255075,0.42074927953886043,0.6455331412104127
2018-12-05 12:20:00+05:30,1,1,1,3,5.824999999999818,-1.0,-1.0,-1.0,-0.7553648068669139,-1.2446351931330861,-2.351931330471989
2018-12-07 11:15:00+05:30,-1,1,0,1,7.314285714285818,-1.0,-1.0,-1.0,1.2783203125000315,0.2939453124999461,-0.04101562499989994
2018-12-07 12:25:00+05:30,1,1,1,2,8.578571428571715,-1.0,-1.0,-1.0,-1.3988343047459981,-4.295587010824,-0.005828476269690177
2018-12-11 10:20:00+05:30,1,1,1,2,28.51071428571413,-1.0,-1.0,-1.0,-0.7383189277214504,1.1644745083301697,1.9799574094951498
2018-12-11 14:30:00+05:30,1,1,1,3,17.90714285714265,-1.0,-1.0,-1.0,0.08376545672118167,0.505384922217857,
2018-12-11 14:35:00+05:30,1,1,1,3,17.928571428571168,-1.0,-1.0,-1.0,-2.532270916334678,-0.36254980079681803,
2018-12-12 12:30:00+05:30,-1,1,1,3,6.4714285714288575,-1.0,-1.0,-1.0,1.4757174392937016,1.4139072847683742,-4.960264900661808
2018-12-12 13:45:00+05:30,1,1,1,3,8.535714285714286,1.5,2.0,3.0,1.4117154811714627,3.098744769874562,7.7205020920501655
2018-12-13 10:55:00+05:30,-1,1,1,2,7.785714285714286,1.5,2.0,-1.0,1.5605504587155496,0.26330275229348454,-0.8027522935779816
2018-12-13 12:20:00+05:30,1,1,1,2,9.628571428571117,1.5,2.0,3.0,0.155786350148373,0.5971810089020965,2.2069732937686175
2018-12-13 14:10:00+05:30,-1,1,1,3,10.58214285714361,1.5,2.0,3.0,-0.033074586567528035,0.10394870064126896,
2018-12-17 14:20:00+05:30,1,1,1,2,6.921428571428415,1.5,2.0,0.5056759545923747,1.5098039215687666,0.859649122807142,
2018-12-17 14:30:00+05:30,1,1,1,3,7.63571428571413,1.5,-1.0,-1.0,0.9298409728719095,0.37324602432185133,
2018-12-19 11:55:00+05:30,1,1,0,1,6.964285714285844,1.5,2.0,3.0,0.4451282051282491,1.5076923076922797,3.5753846153844964
2018-12-20 10:30:00+05:30,-1,1,1,3,11.567857142857195,-1.0,-1.0,-1.0,-1.1151589996912263,-1.750540290213021,-2.001234949058311
2018-12-20 12:20:00+05:30,1,1,1,3,6.525000000000026,1.5,2.0,3.0,2.3141762452107746,3.0114942528734954,0.7203065134100703
2018-12-21 13:15:00+05:30,-1,1,1,2,9.514285714285636,1.5,2.0,3.0,0.6043543543543594,3.6996996996996154,4.26201201201197
2018-12-24 12:35:00+05:30,1,1,1,2,8.110714285714623,-1.0,-1.0,-1.0,-1.2206076618228898,-2.2131219726990246,-3.606340819022307
2018-12-27 10:40:00+05:30,1,1,1,2,10.649999999999896,1.5,-1.0,-1.0,0.5399061032863903,-2.1737089201877806,-1.2582159624412927
2018-12-27 13:50:00+05:30,1,1,1,2,10.085714285714337,-1.0,-1.0,-1.0,-0.6593484419264866,-2.2556657223795917,
2018-12-27 13:55:00+05:30,1,1,1,3,10.757142857143013,-1.0,-1.0,-1.0,-2.4774236387781507,-3.7649402390437703,
2018-12-28 12:10:00+05:30,1,1,1,3,5.807142857142935,-1.0,-1.0,-1.0,-1.455104551045303,-0.9557195571954338,0.008610086101048834
2019-01-03 13:40:00+05:30,-1,1,1,3,11.360714285714364,1.5,2.0,2.354605469977978,0.5237346746306797,0.9550455831499783,2.354605469977978
2019-01-07 14:45:00+05:30,-1,1,1,2,9.299999999999923,1.5,2.0,0.6612903225806116,0.2580645161289953,,
2019-01-09 14:50:00+05:30,1,1,1,3,21.9071428571433,0.5728725138571447,0.5728725138571447,0.5728725138571447,0.917508966416692,,
2019-01-10 11:00:00+05:30,-1,1,1,3,8.078571428571195,1.5,2.0,1.070733863837298,0.24756852343059957,1.0583554376657232,1.070733863837298
2019-01-10 11:10:00+05:30,-1,1,1,2,7.835714285713948,1.5,2.0,0.8933454876937487,0.33819507748401556,1.1549680948039678,0.8933454876937487
2019-01-11 10:20:00+05:30,-1,1,1,2,11.02142857142826,1.5,2.0,3.0,0.3810758263124553,0.5988334413480733,4.223590408295746
2019-01-14 13:40:00+05:30,1,1,1,2,6.057142857143065,-1.0,-1.0,-1.0,0.05778301886798261,1.2877358490564395,3.5247641509433354
2019-01-15 13:15:00+05:30,1,1,1,2,4.2428571428573765,-1.0,-1.0,-1.0,1.4966329966329999,0.2710437710436704,3.582491582491557
2019-01-17 12:00:00+05:30,-1,1,1,2,5.917857142857429,-1.0,-1.0,-1.0,0.5998792999394981,0.05069402534688727,4.8835244417619235
2019-01-17 14:20:00+05:30,1,1,1,3,12.474999999999714,1.5,2.0,-0.6372745490981235,1.2985971943888657,0.733466933867869,
2019-01-21 11:10:00+05:30,-1,1,1,2,7.664285714285403,-1.0,-1.0,-1.0,-0.18266542404469435,-0.06523765144455065,-0.5088536812674476
2019-01-24 11:15:00+05:30,-1,1,1,3,8.435714285714571,-1.0,-1.0,-1.0,0.8475867908551357,-0.10076206604576368,1.7425910245554888
2019-01-24 13:40:00+05:30,-1,1,1,3,8.525000000000025,-1.0,-1.0,-1.0,-3.2375366568915287,-3.149560117302086,-7.067448680351886
2019-01-25 12:20:00+05:30,-1,1,1,3,5.817857142857195,-1.0,-1.0,-1.0,-2.079803560466588,-1.5555555555557292,5.474524248004612
2019-01-25 13:30:00+05:30,-1,1,1,2,7.692857142857195,1.5,2.0,3.0,2.5348189415041613,8.930362116991677,13.41504178272981
2019-01-28 11:15:00+05:30,-1,1,1,3,11.421428571429065,1.5,2.0,0.20137585991253215,1.1207004377736556,-0.284552845528443,0.20137585991253215
2019-01-29 11:45:00+05:30,1,1,1,3,7.953571428571324,-1.0,-1.0,-1.0,-0.24517287831172468,-1.3390211046252567,-6.4122137404581
2019-01-29 15:00:00+05:30,1,1,1,2,14.807142857142546,1.5,2.0,3.0,3.4881813796430783,,
2019-01-30 12:40:00+05:30,1,1,1,3,7.389285714286026,-1.0,-1.0,-1.0,2.4697921701303938,0.4668922184631044,3.099081681971787
2019-01-31 13:00:00+05:30,1,1,1,3,7.960714285714338,1.5,2.0,3.0,2.9394347240916843,4.245850157021195,3.554957379991141
2019-02-01 13:45:00+05:30,-1,1,1,3,23.953571428571454,1.5,2.0,3.0,1.6323244371552244,2.1917399731623655,0.6136871924854926
2019-02-04 11:05:00+05:30,-1,1,1,2,11.007142857143013,-1.0,-1.0,-1.0,-1.1674237508111782,-1.9850746268656767,-0.46787800129781887
2019-02-04 11:55:00+05:30,1,1,0,1,8.353571428571351,-1.0,-1.0,-1.0,-0.047883710987558434,-1.897392047883772,-1.7537409149208791
2019-02-05 11:55:00+05:30,1,1,0,1,8.660714285714286,0.8832989690721229,0.8832989690721229,0.8832989690721229,1.1430927835051126,0.07505154639171056,0.8832989690721229
2019-02-07 11:45:00+05:30,1,1,1,2,7.042857142856909,-1.0,-1.0,-1.0,-2.6693711967548075,-4.9908722109534605,-4.103448275862154
2019-02-08 13:40:00+05:30,1,1,1,2,13.34285714285696,-1.0,-1.0,-1.0,0.554603854389702,-0.5808351177730272,-6.243040685225006
2019-02-11 13:30:00+05:30,-1,1,1,3,7.767857142857013,-1.0,-1.0,-1.0,-1.5383908045975865,-3.7462068965518336,-0.9590804597699906
2019-02-12 10:45:00+05:30,1,1,1,2,8.974999999999843,-1.0,-1.0,-1.0,-0.7688022284122291,-0.01671309192196533,-1.0194986072423171
2019-02-12 12:00:00+05:30,-1,1,1,2,6.889285714285767,-1.0,-1.0,-1.0,-0.8999481596680566,0.8273716951789485,0.5443234836702914
2019-02-15 13:05:00+05:30,1,1,0,1,11.396428571428649,-1.0,-1.0,-1.0,0.12723284236906665,2.5139454716389356,1.890943277969212
2019-02-18 10:50:00+05:30,-1,1,1,2,10.725000000000104,1.5,-1.0,-1.0,0.6759906759906694,1.179487179487134,-1.4312354312354512
2019-02-18 12:30:00+05:30,1,1,1,2,8.62499999999987,-1.0,-1.0,-1.0,0.4811594202898201,-0.6028985507247311,-1.2405797101450307
2019-02-19 10:40:00+05:30,-1,1,1,2,8.903571428571402,-1.0,-1.0,-1.0,-1.0332932210189376,-1.6285599679101532,-0.19655034095467366
2019-02-19 12:40:00+05:30,1,1,1,3,7.73928571428587,1.5,2.0,3.0,3.088140286109955,0.9884633133365779,-2.2418089524686176
2019-02-20 14:55:00+05:30,1,1,1,2,13.196428571428442,1.5,2.0,3.0,4.008660351826805,,
2019-02-20 15:00:00+05:30,1,1,1,2,14.403571428571402,1.5,2.0,1.8398214728489992,1.8398214728489992,,
2019-02-21 13:05:00+05:30,1,1,1,2,6.289285714285792,-1.0,-1.0,-1.0,-1.1289040318001575,0.2544009085747282,-0.35775127768313014
2019-02-22 10:10:00+05:30,1,1,1,3,8.953571428571454,-1.0,-1.0,-1.0,0.07259672915831576,-0.7818109293976843,-0.7818109293976843
2019-02-22 13:50:00+05:30,1,1,1,2,6.51071428571387,-1.0,-1.0,-1.0,1.1673066374109917,0.39166209544725794,
2019-02-26 13:35:00+05:30,-1,1,0,1,10.321428571428312,-1.0,-1.0,-1.0,-1.6615916955017367,-3.381314878892783,0.22768166089969497
2019-02-27 14:35:00+05:30,-1,1,0,1,16.8571428571426,-1.0,-1.0,-1.0,-1.4830508474576498,-0.415254237288142,
2019-02-28 15:00:00+05:30,-1,1,1,2,10.810714285714312,-1.0,-1.0,-1.0,-0.9990089197224278,,
2019-03-01 10:25:00+05:30,-1,1,0,1,8.664285714285532,-1.0,-1.0,-1.0,0.05193734542465226,-0.2539159109644301,0.25391591096464006
2019-03-06 10:20:00+05:30,-1,1,1,2,12.514285714285506,-1.0,-1.0,-1.0,-1.8618721461186942,-2.5570776255708187,-3.0125570776255337
2019-03-07 12:15:00+05:30,-1,1,1,3,5.089285714285974,-1.0,-1.0,-1.0,2.2792982456139903,0.30456140350861344,-4.371929824561181
2019-03-07 12:20:00+05:30,-1,1,1,3,5.200000000000208,-1.0,-1.0,-1.0,0.41346153846145195,-0.6153846153843809,-6.721153846153367
2019-03-07 15:00:00+05:30,-1,1,1,3,7.814285714285818,1.5,2.0,1.5420475319928066,1.5420475319928066,,
2019-03-08 11:20:00+05:30,1,1,0,1,6.35357142857148,1.5,-1.0,-1.0,-0.23608768971332017,0.6846543001686858,-2.604834176503518
2019-03-12 13:45:00+05:30,-1,1,1,2,5.842857142857221,-1.0,-1.0,-1.0,-1.189486552567346,-4.792176039119741,-2.387530562347281
2019-03-14 10:10:00+05:30,-1,1,1,3,11.61428571428561,-1.0,-1.0,-1.0,0.22386223862241955,-0.4391143911437901,0.39175891758927334
2019-03-14 10:15:00+05:30,-1,1,1,3,12.22857142857122,0.5724299065420658,0.5724299065420658,0.5724299065420658,0.196261682243113,-0.3434579439251503,0.5724299065420658
2019-03-14 13:05:00+05:30,-1,1,1,3,7.089285714285844,-1.0,-1.0,-1.0,-3.09622166246856,-2.383879093199154,-3.5758186397984746
2019-03-18 10:20:00+05:30,-1,1,1,2,15.232142857143117,1.5,2.0,3.0,2.202579132473537,2.6522860492379143,4.0769050410314875
2019-03-18 11:50:00+05:30,-1,1,1,3,12.557142857142805,-1.0,-1.0,-1.0,-1.3936291240045564,-0.5295790671218473,-1.4732650739476738
2019-03-18 15:10:00+05:30,1,1,1,3,13.403571428571533,1.5,1.3541167066347903,1.3541167066347903,,,
2019-03-19 13:40:00+05:30,1,1,1,2,6.8214285714284415,1.5,2.0,3.0,2.0230366492145917,3.7382198952880294,7.549738219895432
2019-03-20 13:40:00+05:30,-1,1,1,3,6.7285714285713505,-1.0,-1.0,-1.0,-1.9989384288745955,-2.26645435244164,-0.13375796178338697
2019-03-22 10:25:00+05:30,-1,1,1,3,10.235714285714234,1.5,2.0,3.0,4.650383810188475,4.586880669923332,5.617585484996539
2019-03-22 10:30:00+05:30,-1,1,1,3,9.83214285714283,1.5,2.0,3.0,3.1224119142752333,4.444605884489548,4.3988376316745486
2019-03-22 10:35:00+05:30,-1,1,1,3,11.267857142857142,-1.0,-1.0,-1.0,-0.0,0.10206022187001526,0.7055467511886542
2019-03-25 11:05:00+05:30,-1,1,1,3,7.22857142857174,1.5,2.0,2.0750988142291593,1.673913043478239,1.2658102766799886,2.0750988142291593
2019-03-25 11:10:00+05:30,-1,1,1,3,7.635714285714649,-1.0,-1.0,-1.0,0.6875584658559074,-0.31431244153408144,1.0346117867164606
2019-03-26 10:45:00+05:30,-1,1,1,3,8.039285714285793,-1.0,-1.0,-1.0,-0.5286539315859566,0.3731674811194988,-0.21768103065304098
2019-03-27 11:30:00+05:30,-1,1,0,1,8.910714285714546,-1.0,-1.0,-1.0,0.4545090180361814,-3.1030060120239167,-1.806813627254497
2019-03-29 14:25:00+05:30,1,1,1,3,9.02142857142826,-1.0,-1.0,-1.0,0.38242280285045016,0.23277909738722177,
2019-04-01 14:00:00+05:30,1,1,0,1,6.160714285714546,1.5,2.0,3.0,0.9576811594201904,-0.535652173913198,
2019-04-02 11:20:00+05:30,1,1,1,3,8.025000000000286,1.5,-1.0,-1.0,0.20560747663546136,1.2710280373832228,-1.4454828660436074
2019-04-04 10:15:00+05:30,-1,1,1,3,10.77142857142839,-1.0,-1.0,-1.0,-0.09748010610089873,-0.9608753315650368,0.863395225464138
2019-04-05 15:10:00+05:30,1,1,1,3,9.46785714285709,1.5,2.0,3.0,,,
2019-04-05 15:15:00+05:30,1,1,1,3,10.071428571428571,0.9531914893617383,0.9531914893617383,0.9531914893617383,,,
2019-04-09 12:45:00+05:30,1,1,0,1,8.36428571428561,1.5,-1.0,-1.0,0.029888983774552035,0.08966695132365611,7.095644748078697
2019-04-09 12:50:00+05:30,1,1,0,1,9.025000000000025,-1.0,-1.0,-1.0,-0.11080332409972268,-0.22160664819944537,5.451523545706436
2019-04-10 10:45:00+05:30,-1,1,1,2,8.289285714285793,1.5,0.10857389056458641,0.10857389056458641,0.7117621714779802,1.4717794054287683,0.10857389056458641
2019-04-11 10:05:00+05:30,-1,1,1,3,10.089285714285845,-1.0,-1.0,-1.0,-1.6651327433629184,-2.195398230088431,-0.1486725663716795
2019-04-11 13:15:00+05:30,1,1,1,3,6.953571428571324,-1.0,-1.0,-1.0,-4.458140729327237,-5.177195685670339,-1.8479712378018263
2019-04-11 14:25:00+05:30,1,1,0,1,11.789285714285922,1.5,1.4631929718266934,1.4631929718266934,-0.2162980914873625,1.200242350802735,
2019-04-12 12:45:00+05:30,1,1,1,3,6.9892857142857405,-1.0,-1.0,-1.0,0.6223811957077656,2.5825242718445462,6.259580991313211
2019-04-15 12:00:00+05:30,1,1,1,3,5.01071428571413,1.5,2.0,-1.0,0.139700641482687,0.5288667141838355,0.6386315039203362
2019-04-16 12:15:00+05:30,-1,1,0,1,5.2071428571428315,-1.0,-1.0,-1.0,-2.0452674897118746,-3.869684499314078,-5.4444444444445415
2019-04-16 13:55:00+05:30,1,1,1,3,7.192857142857455,-1.0,-1.0,-1.0,-0.8411122144986257,-0.2780536246275947,
2019-04-18 12:50:00+05:30,1,1,1,2,5.48928571428587,-1.0,-1.0,-1.0,-1.794404684450243,1.1203643461287243,0.9290826284971121
2019-04-22 12:45:00+05:30,-1,1,1,2,5.564285714285818,1.5,2.0,3.0,2.309370988446749,-0.15275994865218062,2.65982028241317
2019-04-22 14:30:00+05:30,-1,1,1,2,9.407142857142649,1.5,2.0,3.0,1.0949126803340394,3.433561123766134,
2019-04-23 14:35:00+05:30,-1,1,1,2,10.378571428571247,1.5,2.0,3.0,2.6159669649002173,2.090846524432141,
2019-04-24 10:55:00+05:30,-1,1,1,2,7.4357142857140515,-1.0,-1.0,-1.0,-1.9029779058597613,-2.7838616714696816,-3.2142170989433763
2019-04-25 14:50:00+05:30,-1,1,1,2,13.446428571428442,1.5,2.0,3.0,5.85657370517934,,
2019-04-25 15:00:00+05:30,-1,1,1,3,17.51071428571426,-0.09993881297165015,-0.09993881297165015,-0.09993881297165015,-0.09993881297165015,,
2019-05-02 14:50:00+05:30,-1,1,1,2,12.314285714285688,1.5,1.112529002320247,1.112529002320247,0.7552204176333532,,
2019-05-03 11:20:00+05:30,-1,1,0,0,6.521428571428779,1.5,2.0,-1.0,0.7590361445781217,0.7207009857610364,0.47535596933163465
2019-05-03 12:30:00+05:30,1,1,0,1,6.6035714285713505,-1.0,-1.0,-1.0,-1.166035694970378,-2.082206598161193,-1.855056787452699
2019-05-03 13:20:00+05:30,-1,1,0,0,5.88571428571439,1.5,-1.0,-1.0,0.34830097087365663,-0.24635922330109014,4.1456310679610295
2019-05-07 11:45:00+05:30,1,1,0,1,7.114285714286,1.5,2.0,3.0,1.3985943775098306,1.1526104417668686,-1.3072289156627515
2019-05-08 11:15:00+05:30,-1,1,1,3,7.685714285714182,1.5,-1.0,-1.0,0.8782527881041011,-0.37081784386622335,0.7156133828996379
2019-05-09 11:30:00+05:30,-1,1,1,2,8.085714285714337,1.5,2.0,3.0,1.490282685512493,2.980565371024761,5.8127208480565
2019-05-09 14:20:00+05:30,1,1,1,2,13.757142857143013,1.5,2.0,-1.0,-0.4252336448598347,-0.8722741433021708,
2019-05-10 12:50:00+05:30,-1,1,1,2,7.971428571428338,-1.0,-1.0,-1.0,-0.9973118279571097,1.6245519713263037,-1.110215053763519
2019-05-10 14:05:00+05:30,1,1,1,3,14.6785714285713,-1.0,-1.0,-1.0,-0.616545012165406,-1.045742092457455,
2019-05-13 10:05:00+05:30,1,1,1,3,16.599999999999973,-1.0,-1.0,-1.0,-0.09638554216869677,-0.5813253012049079,-1.4849397590362348
2019-05-14 11:35:00+05:30,-1,1,1,3,8.53214285714304,-1.0,-1.0,-1.0,-0.5625784847215436,-1.5646714106320727,-6.346588530765833
2019-05-15 13:50:00+05:30,1,1,1,2,18.77142857142852,-1.0,-1.0,-1.0,0.013318112633181164,-0.5273972602739547,
2019-05-15 14:00:00+05:30,1,1,1,3,19.100000000000104,-1.0,-1.0,-1.0,-2.8010471204188327,-2.0942408376963235,
2019-05-16 10:20:00+05:30,-1,1,0,1,10.653571428571272,-1.0,-1.0,-1.0,0.02346630908481429,0.25343613811606264,-1.8256788467984493
2019-05-20 15:00:00+05:30,1,1,1,3,16.66428571428566,-1.0,-1.0,-1.0,-0.29404200600083635,,
2019-05-21 10:40:00+05:30,-1,1,1,2,15.028571428571533,-1.0,-1.0,-1.0,-0.8550380228137064,-0.2927756653992133,0.06653992395437217
2019-05-21 11:45:00+05:30,-1,1,1,3,10.274999999999896,-1.0,-1.0,-1.0,-1.2360097323600037,1.6934306569342883,6.6618004866181435
2019-05-22 12:35:00+05:30,-1,1,1,3,9.492857142856858,-1.0,-1.0,-1.0,-1.142964635063839,-3.4025583145222225,-4.650865312264962
2019-05-23 13:05:00+05:30,1,1,0,1,26.28928571428592,-1.0,-1.0,-1.0,-0.6504551012090836,-2.656975954354021,-4.264094552370582
2019-05-23 13:50:00+05:30,-1,1,1,3,22.346428571428596,1.5,-1.0,-1.0,-1.1388844494166033,0.194661978584002,
2019-05-27 11:20:00+05:30,1,1,1,2,9.192857142856935,1.5,2.0,3.0,2.1864801864802756,2.583527583527642,2.164724164724372
2019-05-28 11:55:00+05:30,-1,1,1,3,11.085714285714468,-1.0,-1.0,-1.0,-0.7712628865980239,1.362113402061702,-0.5682989690722541
2019-05-29 10:40:00+05:30,1,1,1,2,9.057142857142935,-1.0,-1.0,-1.0,0.3312302839116691,0.40299684542582387,-1.9432176656151654
2019-05-30 11:50:00+05:30,-1,1,1,2,6.010714285714,-1.0,-1.0,-1.0,-5.490196078431634,-5.773024361259748,-8.351752822341274
2019-06-03 14:00:00+05:30,1,1,1,3,10.25,1.5,2.0,3.0,2.03414634146345,1.5463414634146697,
2019-06-04 14:35:00+05:30,-1,1,0,1,10.082142857143221,-1.0,-1.0,-1.0,2.191994332270591,0.004959263195110084,
2019-06-06 13:30:00+05:30,-1,1,0,1,11.96785714285696,1.5,2.0,3.0,1.123843628767458,4.43688451208589,3.384064458370687
2019-06-07 10:15:00+05:30,1,1,1,3,21.482142857142858,-1.0,-1.0,-1.0,-1.8364089775561436,-1.3755610972569086,-1.9458021612635588
2019-06-11 10:45:00+05:30,-1,1,1,3,10.167857142857429,-1.0,-1.0,-1.0,-1.485072005619945,-2.67017913593245,-2.861959957850324
2019-06-12 14:05:00+05:30,1,1,1,3,9.978571428571351,1.5,-1.0,-1.0,-0.17036506800275522,-0.7365783822475335,
2019-06-14 10:45:00+05:30,-1,1,1,3,10.557142857143065,1.5,-1.0,-1.0,-0.08051420838974871,0.4215155615697494,-1.1792963464139465
2019-06-17 10:55:00+05:30,1,1,1,2,9.721428571428728,-1.0,-1.0,-1.0,-2.350477590007347,-3.106539309331399,-5.210139603232796
2019-06-17 11:30:00+05:30,-1,1,1,3,8.0714285714287,1.5,2.0,3.0,0.4212389380532709,1.3194690265488318,3.679646017699146
2019-06-18 12:30:00+05:30,1,1,0,1,8.382142857142883,-1.0,-1.0,-1.0,-0.8470387729016173,-4.044311887515922,-2.063911376225092
2019-06-18 14:15:00+05:30,1,1,1,3,12.371428571428753,-1.0,-1.0,-1.0,-3.2696304849883164,-2.0894919168589743,
2019-06-18 14:50:00+05:30,-1,1,1,3,14.025000000000286,-1.0,-1.0,-1.0,-3.3761140819963917,,
2019-06-19 11:05:00+05:30,-1,1,0,1,7.610714285714494,1.5,2.0,3.0,3.5410605349601116,5.078366963866782,7.7982167996244245
2019-06-19 11:10:00+05:30,-1,1,1,2,7.832142857142961,1.5,2.0,3.0,3.1600547195622015,5.394436844505172,6.9393524851800725
2019-06-21 10:45:00+05:30,-1,1,1,3,10.932142857142415,-1.0,-1.0,-1.0,-0.9421757595556723,-0.7820973538059108,-2.099313949689629
2019-06-21 11:45:00+05:30,1,1,1,2,9.078571428571454,1.5,-1.0,-1.0,-0.06608969315503595,-0.9142407553106962,0.5617623918175051
2019-06-21 13:55:00+05:30,-1,1,1,2,11.367857142857247,1.5,2.0,-1.0,0.28589381087024557,-0.49261702796107054,
2019-06-21 14:55:00+05:30,1,1,1,3,15.128571428571247,-1.0,-1.0,-1.0,-1.9796978281398263,,
2019-06-24 11:45:00+05:30,1,1,0,1,7.496428571428363,1.5,2.0,-1.0,1.0805145307289972,0.1000476417341619,0.2801333968557019
2019-06-28 12:00:00+05:30,-1,1,1,2,8.071428571428312,-1.0,-1.0,-1.0,-1.6168141592919973,-1.8707964601770963,-3.2460176991150136
2019-07-02 10:05:00+05:30,-1,1,1,3,11.48928571428535,-1.0,-1.0,-1.0,-0.7528753497048444,0.7702828722411164,0.4525955859495619
2019-07-02 13:00:00+05:30,1,1,1,3,6.857142857142987,1.5,2.0,3.0,1.574999999999864,3.0260416666666092,3.9593749999998717
2019-07-03 12:30:00+05:30,1,1,1,3,5.957142857142961,-1.0,-1.0,-1.0,0.36930455635503173,1.3345323741008182,1.4184652278178431
2019-07-05 13:05:00+05:30,-1,1,1,3,18.482142857143117,-1.0,-1.0,-1.0,1.2390338164250836,-0.5897584541062523,-0.3138164251208276
2019-07-09 11:05:00+05:30,1,1,1,3,11.735714285714234,-1.0,-1.0,-1.0,2.8800973828362255,4.345709068776647,2.2325015216068884
2019-07-10 10:25:00+05:30,-1,1,1,2,14.325000000000468,1.5,2.0,2.809773123909158,2.0279232111691674,0.8132635253053582,2.809773123909158
2019-07-10 12:00:00+05:30,-1,1,1,2,9.310714285714312,-1.0,-1.0,-1.0,-0.46720368239359356,2.985807441503753,-0.3866513233602221
2019-07-10 13:20:00+05:30,1,1,1,3,11.435714285714182,-1.0,-1.0,-1.0,-1.5128044971892067,-1.4953154278576344,-1.3860087445347102
2019-07-15 10:45:00+05:30,-1,1,1,3,11.885714285714519,-1.0,-1.0,-1.0,-0.8413461538461373,-1.40925480769228,-0.3533653846152859
2019-07-15 12:15:00+05:30,-1,1,1,2,7.171428571428676,-1.0,-1.0,-1.0,-2.991035856573763,-4.636454183266865,-4.134462151394565
2019-07-18 11:05:00+05:30,-1,1,0,0,5.878571428571377,1.5,2.0,3.0,1.7776427703525088,1.3098420413124074,3.555285540704708
2019-07-18 15:00:00+05:30,-1,1,1,3,9.232142857142728,1.5,2.0,0.5794970986460823,0.5794970986460823,,
2019-07-19 11:05:00+05:30,-1,1,1,3,13.83214285714296,1.5,0.7735605473792079,0.7735605473792079,0.22773044151817495,-0.26026336173511344,0.7735605473792079
2019-07-19 11:10:00+05:30,-1,1,1,3,14.057142857142935,1.5,0.9639227642275852,0.9639227642275852,-0.39837398373986105,-0.152947154471518,0.9639227642275852
2019-07-22 10:15:00+05:30,1,1,0,1,19.91785714285691,-1.0,-1.0,-1.0,-1.149722072798991,-0.2585619508696279,-2.1136811906043107
2019-07-22 13:45:00+05:30,1,1,1,2,10.492857142856858,1.5,2.0,-1.0,1.5248468345813893,-1.8536419332880707,-0.18584070796467617
2019-07-23 11:55:00+05:30,1,1,1,2,7.121428571428494,-1.0,-1.0,-1.0,-0.6178535606820018,0.32296890672006184,1.2848545636910362
2019-07-23 13:20:00+05:30,1,1,0,1,8.925000000000312,-1.0,-1.0,-1.0,0.2072829131650958,1.4733893557422046,-5.462184873949389
2019-07-25 10:30:00+05:30,-1,1,1,2,13.049999999999793,-1.0,-1.0,-1.0,-1.4252873563218895,-0.5823754789272402,2.850574712643779
2019-07-25 15:00:00+05:30,-1,1,1,3,15.585714285714207,-1.0,-1.0,-1.0,-0.9335472043995914,,
2019-07-26 10:45:00+05:30,1,1,1,2,11.910714285714546,1.5,2.0,3.0,1.6287856071963356,3.7571214392802776,2.3760119940028854
2019-07-26 10:50:00+05:30,1,1,1,3,11.975000000000234,1.5,2.0,3.0,1.3027139874739089,1.841336116910133,0.6388308977035062
2019-07-29 11:25:00+05:30,-1,1,0,1,9.046428571428676,1.5,2.0,3.0,5.786814054480625,4.924595341492164,3.8965653375443687
2019-07-29 11:30:00+05:30,-1,1,1,2,9.64642857142878,-1.0,-1.0,-1.0,4.664938911514153,4.462791558681798,1.7623102554609023
2019-07-29 13:00:00+05:30,1,1,1,2,11.40714285714304,1.5,2.0,-1.0,0.315591734502059,2.1127113337506214,-0.09204758922990008
2019-07-30 10:15:00+05:30,-1,1,1,3,13.960714285714337,1.5,2.0,3.0,0.29368124840115056,0.02507035047329279,1.8122281913533589
2019-07-30 14:15:00+05:30,-1,1,1,3,11.342857142857222,1.5,2.0,3.0,5.408690176322413,8.710327455919431,
2019-07-30 14:20:00+05:30,-1,1,1,3,13.360714285714364,1.5,2.0,3.0,2.548516439454622,3.7759957230685943,
2019-08-01 13:10:00+05:30,-1,1,1,3,10.117857142857247,-1.0,-1.0,-1.0,-0.8400988351570686,2.016237204376929,4.126367807977367
2019-08-02 10:45:00+05:30,1,1,1,2,15.08214285714283,-1.0,-1.0,-1.0,-0.4011366327256236,1.5979161733365175,4.107506511958258
2019-08-05 13:35:00+05:30,-1,1,0,1,16.367857142856987,-1.0,-1.0,-1.0,-0.7484180667684993,-0.8064586515383458,-1.756491381191376
2019-08-06 14:05:00+05:30,1,1,1,3,12.410714285713896,1.5,2.0,-1.0,1.0434532374101633,0.12489208633088054,
2019-08-07 11:10:00+05:30,1,1,1,2,10.639285714285766,-1.0,-1.0,-1.0,-0.43705941591134334,-3.56226921785829,-2.3215844243033437
2019-08-07 13:35:00+05:30,-1,1,0,1,14.789285714285663,1.5,2.0,3.0,0.8418256459792842,1.0751026322144202,4.770345327215739
2019-08-08 10:15:00+05:30,1,1,1,2,16.085714285713816,-1.0,-1.0,-1.0,-0.012433392540010071,-1.2650976909414449,-1.3707815275311914
2019-08-08 13:30:00+05:30,1,1,1,3,10.48928571428587,-1.0,-1.0,-1.0,0.4051753489955677,-0.7340823970038037,10.706162751106342
2019-08-09 13:40:00+05:30,-1,1,1,3,10.79285714285717,-1.0,-1.0,-1.0,1.68166776968891,3.1039046988749095,3.502316346790129
2019-08-13 10:25:00+05:30,1,1,1,2,17.189285714285948,1.5,-1.0,-1.0,0.36359858715977067,-1.3147724911697518,-1.5474755869520052
2019-08-14 12:00:00+05:30,-1,1,0,1,12.903571428571402,-1.0,-1.0,-1.0,-1.7747024633268507,-1.6158317187932782,-3.913645170218663
2019-08-19 13:30:00+05:30,-1,1,1,2,8.189285714285688,1.5,2.0,3.0,1.892716964675104,3.0710859136502053,7.094635848233822
2019-08-19 13:35:00+05:30,-1,1,1,3,9.25,1.5,2.0,3.0,0.1945945945947126,5.562162162162241,6.243243243243243
2019-08-20 12:05:00+05:30,-1,1,1,2,8.62499999999987,-1.0,-1.0,-1.0,-0.9159420289856898,-0.23768115942041998,-3.710144927536288
2019-08-20 14:40:00+05:30,-1,1,1,2,13.732142857142597,-1.0,-1.0,-1.0,-0.7573472041612362,,
2019-08-21 13:20:00+05:30,-1,1,0,1,9.346428571428467,1.5,2.0,3.0,0.711501719526144,2.4394344669468353,3.6484524264423768
2019-08-22 13:45:00+05:30,-1,1,1,2,13.982142857142987,1.5,2.0,3.0,2.2850574712642686,2.7928480204341493,6.5798212005107946
2019-08-27 12:25:00+05:30,1,1,1,3,9.367857142857376,-1.0,-1.0,-1.0,-3.4693099504383427,-2.7274113610368347,-4.937094929469949
2019-08-28 15:00:00+05:30,1,1,1,3,15.817857142857065,-1.0,-1.0,-1.0,-0.7459923233235071,,
2019-08-30 10:15:00+05:30,-1,1,1,3,17.992857142857115,1.5,2.0,3.0,0.47240968638348624,1.7479158396188383,3.768161969035297
2019-08-30 12:20:00+05:30,1,1,1,3,16.43928571428569,1.5,2.0,3.0,0.20986313273945165,1.094938083858355,4.045187920921145
2019-08-30 15:00:00+05:30,1,1,1,3,17.849999999999714,1.5,1.117647058823588,1.117647058823588,1.117647058823588,,
2019-09-04 13:00:00+05:30,1,1,1,3,13.332142857142701,1.5,2.0,-1.0,0.8025716581838304,0.543798553442278,0.7763193142245207
2019-09-04 13:10:00+05:30,1,1,1,3,13.289285714285663,-1.0,-1.0,-1.0,0.7901101854340261,0.5380274119861368,-0.5342649825314701
2019-09-04 14:15:00+05:30,-1,1,0,1,13.550000000000052,-1.0,-1.0,-1.0,-1.5313653136531307,-2.981549815498117,
2019-09-04 15:00:00+05:30,1,1,0,0,16.014285714286025,-1.0,-1.0,-1.0,-1.223907225691346,,
2019-09-05 11:10:00+05:30,-1,1,1,3,10.050000000000052,1.5,2.0,3.0,2.582089552238684,4.557213930348163,4.9751243781094265
2019-09-06 10:55:00+05:30,1,1,1,2,10.514285714286027,-1.0,-1.0,-1.0,-0.5658967391303141,0.9558423913044232,1.1175271739130102
2019-09-06 15:00:00+05:30,1,1,0,1,10.046428571428546,1.5,0.1293992179167427,0.1293992179167427,0.1293992179167427,,
2019-09-09 10:05:00+05:30,1,1,1,3,16.078571428571195,1.5,1.6015104398045545,1.6015104398045545,1.144380275433135,1.2780986228342692,1.6015104398045545
2019-09-11 14:55:00+05:30,-1,1,1,2,8.021428571428519,-1.0,-1.0,-1.0,0.8851291184328205,,
2019-09-12 10:20:00+05:30,-1,1,1,3,10.203571428571454,-1.0,-1.0,-1.0,-0.8085404270213491,1.798389919496006,1.1172558627931013
2019-09-13 11:55:00+05:30,1,1,1,2,10.028571428571402,-1.0,-1.0,-1.0,-0.6880341880341536,-1.3611111111110785,0.6531339031338323
2019-09-13 12:40:00+05:30,-1,1,1,2,9.828571428571454,-1.0,-1.0,-1.0,-1.1598837209301924,-2.930232558139453,-7.3052325581394415
2019-09-16 11:00:00+05:30,1,1,1,3,11.910714285713896,-1.0,-1.0,-1.0,-1.364317841079505,-1.956221889055628,-3.236581709145625
2019-09-16 11:55:00+05:30,-1,1,1,3,10.485714285714494,1.5,2.0,3.0,1.5163487738420707,1.6975476839237762,2.522479564032717
2019-09-16 14:45:00+05:30,-1,1,1,2,11.628571428570988,-1.0,-1.0,-1.0,-1.9305896805898164,,
2019-09-17 15:10:00+05:30,-1,1,0,1,15.453571428571454,-1.0,-1.0,-1.0,,,
2019-09-19 11:35:00+05:30,1,1,1,2,9.924999999999661,-1.0,-1.0,-1.0,-0.9722921914357647,-2.4231738035264576,-5.133501259445909
2019-09-19 12:10:00+05:30,-1,1,1,2,9.099999999999714,-1.0,-1.0,-1.0,2.1208791208791076,1.6593406593407516,2.928571428571481
2019-09-19 14:40:00+05:30,-1,1,1,2,12.410714285714155,-1.0,-1.0,-1.0,-1.4302158273381445,,
2019-09-23 10:45:00+05:30,1,1,1,3,23.328571428571454,1.5,2.0,3.0,1.6567666870789783,3.1570728720146777,4.022963870177598
2019-09-23 10:50:00+05:30,1,1,1,3,22.975000000000104,1.5,2.0,3.0,1.5342763873775773,2.39825897714908,3.275299238302488
2019-09-24 12:15:00+05:30,1,1,0,1,16.732142857142726,-1.0,-1.0,-1.0,-1.3955176093917083,0.08665955176087461,-1.386552828175081
2019-09-25 13:15:00+05:30,-1,1,1,3,13.01071428571426,1.5,2.0,3.0,1.9407082075212776,2.1712874004941027,3.589349437276893
2019-09-26 12:00:00+05:30,-1,1,1,3,11.903571428571272,1.5,2.0,3.0,3.6627662766277416,1.810381038103773,0.7728772877286914
2019-09-26 12:05:00+05:30,-1,1,1,3,13.992857142856987,1.5,-1.0,-1.0,-1.3506891271056551,-1.5865237366002458,-2.8371618172536546
2019-09-27 13:05:00+05:30,1,1,1,3,9.58214285714283,-1.0,-1.0,-1.0,0.19828550130447245,1.8367499068207662,-4.383153186731283
2019-09-30 13:15:00+05:30,1,1,1,3,13.721428571428728,-1.0,-1.0,-1.0,-0.7178552837064213,-0.5283706402915088,1.7673086933888398
2019-09-30 14:15:00+05:30,1,1,1,2,13.857142857142858,1.5,2.0,0.8010309278350778,-0.1768041237113927,-0.032474226804176214,
2019-10-01 13:20:00+05:30,-1,1,1,3,17.246428571428364,1.5,2.0,3.0,4.722716918616684,9.86581072685866,3.6355353075170647
2019-10-03 11:10:00+05:30,1,1,0,1,15.367857142857247,-1.0,-1.0,-1.0,-1.1647687659771937,0.5465953985591174,-0.6246804554961849
2019-10-07 10:55:00+05:30,-1,1,1,3,17.714285714285843,-1.0,-1.0,-1.0,-1.5467741935483552,-1.1883064516128534,-2.35403225806454
2019-10-07 15:00:00+05:30,-1,1,1,3,17.68571428571431,-1.0,-1.0,-1.0,0.29402261712433203,,
2019-10-10 11:15:00+05:30,-1,1,1,2,13.046428571428416,-1.0,-1.0,-1.0,-0.9082945524225655,0.2644401861484301,-0.7396660279222366
2019-10-11 10:30:00+05:30,-1,1,1,2,17.403571428571663,1.5,2.0,3.0,3.7635953211573474,1.8157192694438709,3.3671249743484264
2019-10-11 10:40:00+05:30,-1,1,1,3,20.567857142857324,1.5,2.0,3.0,0.7244313248827681,0.009723910401058156,0.41812814724771163
2019-10-11 14:00:00+05:30,1,1,1,3,16.83571428571434,-1.0,-1.0,-1.0,-1.0988544760288468,-3.4569367840474423,
2019-10-15 12:40:00+05:30,-1,1,1,3,9.464285714285975,-1.0,-1.0,-1.0,-0.17433962264146619,-1.0724528301886114,-5.372830188679136
2019-10-16 15:10:00+05:30,1,1,1,3,11.949999999999948,0.012552301255199736,0.012552301255199736,0.012552301255199736,,,
2019-10-17 11:00:00+05:30,-1,1,1,2,8.617857142856987,1.5,-1.0,-1.0,1.1719850808121193,0.15084956485694273,-3.7712391214256793
2019-10-23 12:35:00+05:30,-1,1,1,2,7.935714285714182,1.5,-1.0,-1.0,-0.5922592259226916,0.5859585958595478,0.989198919892048
2019-10-23 13:35:00+05:30,1,1,0,1,11.557142857143065,-1.0,-1.0,-1.0,-0.7398022249691788,-2.1545117428923897,-3.028430160692158
2019-10-24 12:00:00+05:30,1,1,1,3,11.910714285714025,-1.0,-1.0,-1.0,-0.9949025487256895,1.1586206896552893,-4.349025487256406
2019-10-24 14:40:00+05:30,1,1,1,3,16.83214285714283,-1.0,-1.0,-1.0,-1.20899639295557,,
2019-10-25 10:20:00+05:30,-1,1,1,2,21.15357142857153,-1.0,-1.0,-1.0,-0.10400135066692567,-0.6121897686983262,-0.17491136248526062
2019-10-25 13:50:00+05:30,1,1,1,2,13.371428571428364,1.5,2.0,3.0,0.7366452991453378,5.549145299145303,
2019-10-29 12:15:00+05:30,1,1,1,3,8.671428571428676,-1.0,-1.0,-1.0,-0.2018121911037867,1.0436573311366415,3.724876441515522
2019-10-30 11:10:00+05:30,-1,1,1,3,10.139285714285895,-1.0,-1.0,-1.0,-1.7506164142303315,-3.121521662557147,-2.8996125396265415
2019-10-31 10:45:00+05:30,1,1,1,2,9.442857142857454,-1.0,-1.0,-1.0,0.2329803328291163,-0.5612708018153356,-1.7155824508319004
2019-10-31 12:40:00+05:30,1,1,1,2,9.042857142856779,-1.0,-1.0,-1.0,0.1714060031594841,0.6413902053711934,1.2551342812007227
2019-11-01 13:05:00+05:30,-1,1,1,2,9.560714285714312,-1.0,-1.0,-1.0,-1.380649981322258,-1.5009338812101538,-3.148300336197075
2019-11-06 11:20:00+05:30,1,1,1,2,8.753571428571506,1.5,2.0,3.0,6.123215014279873,8.733578131374955,9.344757241942107
2019-11-06 15:00:00+05:30,-1,1,0,1,10.796428571428546,1.5,1.1022163413827013,1.1022163413827013,1.1022163413827013,,
2019-11-07 12:30:00+05:30,-1,1,1,2,7.757142857142883,1.5,2.0,-1.0,-4.982504604051736,-3.24861878453047,-5.3047882136281626
2019-11-07 12:35:00+05:30,-1,1,1,3,8.646428571428649,-1.0,-1.0,-1.0,-5.487814952498792,-4.684014869888434,-6.228004956629478
2019-11-08 10:35:00+05:30,-1,1,1,3,11.100000000000234,-1.0,-1.0,-1.0,-0.9414414414414871,-0.11711711711721297,-2.5450450450449913
2019-11-08 12:10:00+05:30,1,1,1,2,8.235714285714364,1.5,2.0,3.0,0.9167389418906228,5.379011274934813,-0.1639202081526879
2019-11-11 12:55:00+05:30,1,1,1,2,8.32142857142883,-1.0,-1.0,-1.0,-1.3879828326178951,0.10815450643793975,0.5167381974250078
2019-11-11 15:05:00+05:30,1,1,0,1,11.496428571428494,1.5,-0.09133271202230453,-0.09133271202230453,,,
2019-11-13 13:20:00+05:30,-1,1,0,0,8.200000000000077,1.5,2.0,3.0,0.1707317073170272,0.3048780487804849,4.695121951219468
2019-11-13 14:30:00+05:30,-1,1,1,3,10.899999999999896,1.5,2.0,3.0,3.6146788990825702,2.8532110091743728,
2019-11-14 10:40:00+05:30,1,1,1,3,12.335714285714078,1.5,2.0,3.0,2.796757382744691,1.4105385060799016,-2.5697741748698184
2019-11-14 12:00:00+05:30,-1,1,1,2,10.857142857142728,1.5,2.0,-1.0,1.26184210526324,0.8381578947368856,-0.08289473684207274
2019-11-14 14:55:00+05:30,1,1,1,3,12.699999999999818,-1.0,-1.0,-1.0,-0.3740157480315014,,
2019-11-18 11:30:00+05:30,-1,1,1,2,8.139285714285636,-1.0,-1.0,-1.0,0.25186485300584077,0.399297937691974,-1.9473453268976022
2019-11-19 10:30:00+05:30,1,1,1,3,8.35357142857122,1.5,2.0,3.0,0.7960666951688519,1.011543394612977,2.8849935870028904
2019-11-19 10:35:00+05:30,1,1,1,3,7.949999999999818,1.5,2.0,3.0,0.13836477987403395,-0.37735849056604637,2.4150943396225597
2019-11-19 10:40:00+05:30,1,1,1,3,8.267857142856883,-1.0,-1.0,-1.0,-0.4898488120951798,0.24190064794817176,1.5663066954642801
2019-11-19 14:45:00+05:30,-1,1,1,2,7.753571428571637,-1.0,-1.0,-1.0,-3.61123906034076,,
2019-11-22 11:30:00+05:30,-1,1,1,3,9.496428571428753,-1.0,-1.0,-1.0,-0.37908988341484867,-0.6792027077849452,0.963520120345938
2019-11-22 13:35:00+05:30,1,1,1,3,7.9928571428573765,-1.0,-1.0,-1.0,0.7756925826629328,-0.30652368185888457,0.15013404825723173
2019-11-22 14:45:00+05:30,-1,1,1,2,9.550000000000052,-1.0,-1.0,-1.0,-1.77486910994752,,
2019-11-26 12:20:00+05:30,1,1,0,1,7.478571428571221,1.5,2.0,-1.0,2.647564469914016,1.8051575931232593,-0.6685768863419479
2019-11-27 14:25:00+05:30,1,1,1,2,7.050000000000182,1.5,2.0,3.0,0.24113475177288862,3.0567375886523003,
2019-11-29 13:15:00+05:30,-1,1,1,3,7.925000000000052,-1.0,-1.0,-1.0,0.037854889589813305,0.3911671924288359,-0.384858044164173
2019-12-02 10:15:00+05:30,-1,1,1,3,17.342857142857092,1.5,0.42092257001653866,0.42092257001653866,0.9485172981878537,1.1099670510708435,0.42092257001653866
2019-12-02 12:25:00+05:30,-1,1,0,1,8.38571428571426,-1.0,-1.0,-1.0,1.4787052810902508,2.3850085178875715,-1.663543441226451
2019-12-02 12:30:00+05:30,-1,1,1,2,7.810714285714182,-1.0,-1.0,-1.0,1.8308184727937127,2.035665294924535,-1.606767261088177
2019-12-02 13:50:00+05:30,1,1,1,3,8.16785714285717,-1.0,-1.0,-1.0,-1.3589855706165683,-0.06121556624398756,
2019-12-03 10:55:00+05:30,-1,1,1,2,8.289285714285532,-1.0,-1.0,-1.0,0.5187419215856666,1.9603619129685912,2.7746660922016986
2019-12-03 12:45:00+05:30,-1,1,1,2,7.721428571428468,-1.0,-1.0,-1.0,0.05180388529135044,-2.402405180388467,0.4921369102684181
2019-12-05 11:45:00+05:30,-1,1,1,2,12.539285714285793,-1.0,-1.0,-1.0,-1.4275135289091048,-2.6716035317573175,-3.373397892338286
2019-12-06 13:00:00+05:30,-1,1,1,3,10.403571428571533,-1.0,-1.0,-1.0,0.33642293168554416,2.2059732234808203,4.738757294884881
2019-12-09 11:05:00+05:30,1,1,1,3,11.817857142857324,-1.0,-1.0,-1.0,-0.401934119069199,-0.3977032336053743,-0.23692958597772545
2019-12-09 13:45:00+05:30,-1,1,1,3,9.878571428571506,1.5,2.0,3.0,1.8575560375994438,0.657989877078809,1.5943600867678833
2019-12-09 13:50:00+05:30,-1,1,1,3,10.525000000000025,1.5,2.0,1.4204275534440733,2.650831353919199,0.6935866983372214,
2019-12-11 10:45:00+05:30,-1,1,1,3,7.867857142856987,1.5,2.0,3.0,0.2351339083069052,2.465728551974814,2.8152519291877125
2019-12-11 14:15:00+05:30,-1,1,1,3,8.48928571428561,1.5,2.0,-1.0,0.2591501893143505,-7.456457719814898,
2019-12-11 15:00:00+05:30,1,1,1,3,11.103571428571351,1.5,2.0,3.0,2.35509810228384,,
2019-12-11 15:05:00+05:30,1,1,1,3,12.63571428571413,-0.015828151497935303,-0.015828151497935303,-0.015828151497935303,,,
2019-12-12 13:05:00+05:30,1,1,1,3,5.935714285714312,1.5,2.0,3.0,1.1456077015645592,1.0697954271962058,6.94103489771369
2019-12-12 13:10:00+05:30,1,1,1,3,6.00000000000013,-1.0,-1.0,-1.0,-0.14166666666672423,1.2916666666666388,5.174999999999767
2019-12-13 12:10:00+05:30,1,1,1,3,6.660714285714286,-1.0,-1.0,-1.0,0.1126005361930295,2.214477211796247,2.792493297587186
2019-12-17 15:00:00+05:30,1,1,0,1,7.307142857143195,1.5,2.0,3.0,2.1896383186704753,,
2019-12-19 11:00:00+05:30,1,1,1,2,8.414285714285793,1.5,2.0,3.0,1.5747028862478631,2.662139219015212,3.4940577249574796
2019-12-20 10:20:00+05:30,-1,1,1,2,11.721428571428728,-1.0,-1.0,-1.0,-0.8062157221207095,-0.9683120048750943,-0.7038391224862794
2019-12-23 14:25:00+05:30,-1,1,0,1,8.174999999999793,-1.0,-1.0,-1.0,-0.15290519877676229,-5.8287461773701335,
2019-12-23 14:30:00+05:30,-1,1,1,2,7.924999999999792,-1.0,-1.0,-1.0,-1.1293375394320686,-6.794952681388237,
2019-12-24 14:40:00+05:30,-1,1,1,3,7.525000000000026,-1.0,-1.0,-1.0,0.9833887043188851,,
2019-12-26 13:05:00+05:30,-1,1,0,1,6.0821428571428315,1.5,2.0,3.0,0.34527304756318516,1.2742219612448673,2.35936582501475
2019-12-26 15:00:00+05:30,-1,1,1,3,10.121428571428364,-1.0,-1.0,-1.0,-0.7755822159492403,,
2019-12-27 11:45:00+05:30,-1,1,0,1,5.849999999999974,-1.0,-1.0,-1.0,-2.2905982905982385,-1.9914529914529382,-4.803418803418887
2019-12-27 14:05:00+05:30,-1,1,1,3,6.432142857142935,-1.0,-1.0,-1.0,-1.026096612992826,0.9716823986673953,
2019-12-30 11:00:00+05:30,-1,1,1,2,6.89642857142852,1.5,2.0,3.0,2.697048161574387,4.342827550492111,6.80787156913532
2019-12-30 14:25:00+05:30,1,1,1,2,8.52142857142839,-1.0,-1.0,-1.0,-0.850796311818962,0.8625314333613352,
2019-12-31 11:45:00+05:30,1,1,1,3,6.4464285714284415,1.5,2.0,-1.0,0.2792243767311947,-0.8066481994461125,0.17839335180050117
2019-12-31 11:50:00+05:30,1,1,1,3,7.357142857142857,-1.0,-1.0,-1.0,-1.8009708737864079,-2.623300970873935,-1.658252427184565
2020-01-03 10:15:00+05:30,1,1,1,3,11.007142857142883,-1.0,-1.0,-1.0,-2.2121998702141745,-2.493835171966316,-3.6476314081766326
2020-01-03 11:45:00+05:30,-1,1,1,3,6.839285714285585,1.5,-1.0,-1.0,0.4751958224543171,-0.058485639686631986,-0.35822454308078716
2020-01-06 11:00:00+05:30,-1,1,1,3,9.460714285714598,1.5,2.0,3.0,3.0018875047188165,4.354850887127151,5.211023027557512
2020-01-07 12:45:00+05:30,1,1,1,2,7.710714285714208,-1.0,-1.0,-1.0,-6.763316350162133,-8.326076887447835,-6.062992125984313
2020-01-14 12:55:00+05:30,-1,1,1,3,5.110714285714233,-1.0,-1.0,-1.0,-0.6261355695319447,-0.782669461914753,-1.0272536687631133
2020-01-16 10:20:00+05:30,-1,1,1,3,9.046428571428676,1.5,2.0,3.0,0.6300829056455528,4.432688511646258,3.0509277536518016
2020-01-16 10:25:00+05:30,-1,1,1,3,8.432142857142935,-1.0,-1.0,-1.0,0.38542990258364745,3.0834392206691796,2.0279542566709265
2020-01-17 11:15:00+05:30,-1,1,1,2,7.11428571428587,1.5,2.0,3.0,2.2279116465863478,3.204819277108517,1.7148594377510686
2020-01-17 11:25:00+05:30,-1,1,1,3,6.907142857143039,1.5,2.0,-1.0,0.5139607032056722,2.0413650465356765,-0.8252326783868469
2020-01-21 11:40:00+05:30,1,1,0,1,9.292857142856779,1.5,-1.0,-1.0,1.4634896233665418,-0.9523443504996921,-0.7747886241353892
2020-01-23 13:55:00+05:30,-1,1,1,2,7.532142857143039,-1.0,-1.0,-1.0,-0.8231389284021631,-0.3584637268848675,
2020-01-29 11:25:00+05:30,-1,1,1,3,9.207142857143092,-1.0,-1.0,-1.0,-1.5096974398757947,-1.8029480217222589,-0.3258339798293168
2020-01-29 12:30:00+05:30,-1,1,1,2,7.110714285714494,-1.0,-1.0,-1.0,-0.6680060271220297,0.2531391260674489,-1.5469613259668056
2020-01-29 13:30:00+05:30,-1,1,0,1,8.003571428571506,1.5,2.0,3.0,-2.4801427933955997,-3.4672021419009034,-0.03123605533244057
2020-01-30 12:15:00+05:30,-1,1,1,3,7.735714285714233,-1.0,-1.0,-1.0,-0.10987996306537126,2.107109879963221,2.2234533702678836
2020-01-31 12:40:00+05:30,1,1,0,1,11.360714285714234,1.5,2.0,3.0,0.07041810751329686,1.016661427224084,3.468091795032992
2020-01-31 15:00:00+05:30,-1,1,1,2,17.142857142857142,1.5,0.3820833333332909,0.3820833333332909,0.3820833333332909,,
2020-02-01 14:55:00+05:30,-1,1,1,3,29.889285714285766,1.5,2.0,2.0107539729955874,2.091050304695898,,
2020-02-03 12:45:00+05:30,1,1,1,2,17.264285714285897,-1.0,-1.0,-1.0,-0.8746379809680488,-1.0715763342987061,-0.3301613570541327
2020-02-04 13:15:00+05:30,1,1,1,3,10.864285714285481,1.5,2.0,2.365548980933547,0.8007889546350252,0.49704142011832037,2.365548980933547
2020-02-07 14:30:00+05:30,1,1,0,1,9.603571428571351,-1.0,-1.0,-1.0,-0.5154332465601394,-1.1870583860170785,
2020-02-10 15:05:00+05:30,1,1,1,2,9.564285714285559,0.2613890963405569,0.2613890963405569,0.2613890963405569,,,
2020-02-13 11:45:00+05:30,-1,1,1,3,5.532142857143169,-1.0,-1.0,-1.0,-0.1626856036154895,0.15364751452522862,0.35248547449946005
2020-02-13 14:15:00+05:30,1,1,0,1,6.76071428571413,-1.0,-1.0,-1.0,0.5620707871103121,2.1447437929213384,
2020-02-14 14:35:00+05:30,-1,1,1,3,9.857142857142858,1.5,-1.0,-1.0,-0.9384057971014492,-0.3347826086957629,
2020-02-17 12:15:00+05:30,-1,1,1,3,7.653571428571793,1.5,2.0,3.0,1.6985534297712679,2.8810079328042475,2.7764815678953414
2020-02-18 12:55:00+05:30,1,1,1,3,7.1214285714282335,-1.0,-1.0,-1.0,-3.2577733199601364,-3.0892678034103773,1.3340020060181175
2020-02-19 13:35:00+05:30,-1,1,1,3,8.217857142857481,-1.0,-1.0,-1.0,-0.7301173402868018,-0.20078226857882622,-3.589743589743442
2020-02-28 12:05:00+05:30,-1,1,1,3,13.753571428571506,-1.0,-1.0,-1.0,-1.8686055569980924,-3.908075824461157,-3.762659049597486
2020-02-28 14:15:00+05:30,-1,1,1,3,17.682142857142935,-1.0,-1.0,-1.0,0.025449404160816636,4.453645728135711,
2020-03-02 12:45:00+05:30,-1,1,0,0,12.846428571428337,-1.0,-1.0,-1.0,-0.33861551292747405,-2.475396163469688,0.973033083124844
2020-03-03 10:20:00+05:30,-1,1,1,2,32.007142857143016,1.5,2.0,1.4324927471546571,1.7277393438964204,1.0466413746931436,1.4324927471546571
2020-03-03 12:25:00+05:30,1,1,1,3,20.253571428571508,-1.0,-1.0,-1.0,0.9405748545229722,-2.066302239463949,3.1796861223769755
2020-03-03 13:45:00+05:30,1,1,1,2,25.692857142856806,-1.0,-1.0,-1.0,-0.09924937447870526,1.3641923825410667,1.9694189602446883
2020-03-04 12:55:00+05:30,-1,1,0,1,17.01071428571413,1.5,2.0,3.0,1.7577157253831566,4.952760865001095,4.802855343271134
2020-03-05 10:40:00+05:30,1,1,1,3,17.84285714285722,1.5,2.0,3.0,1.9923939151320562,3.0236188951161207,3.452361889511615
2020-03-05 10:45:00+05:30,1,1,1,3,19.392857142857274,-1.0,-1.0,-1.0,-0.20368324125224438,1.1550644567219825,1.165377532228372
2020-03-09 12:45:00+05:30,-1,1,1,3,15.128571428571506,-1.0,-1.0,-1.0,7.922096317280436,8.483947119924437,2.8026440037771096
2020-03-11 15:05:00+05:30,-1,1,1,2,26.96071428571408,0.3022916942641298,0.3022916942641298,0.3022916942641298,,,
2020-03-12 12:20:00+05:30,1,1,1,2,37.235714285714494,-1.0,-1.0,-1.0,0.21887588720505327,-0.5357759447535174,-0.7962785344331337
2020-03-13 12:05:00+05:30,1,1,1,3,80.17142857142842,1.5,2.0,3.0,1.8285816108339352,2.8376692801140466,3.4588382038488925
2020-03-16 13:45:00+05:30,-1,1,1,2,34.95357142857171,-1.0,-1.0,-1.0,3.501788086236806,2.966792684172827,5.252682129355235
2020-03-16 13:55:00+05:30,-1,1,1,2,35.225000000000236,1.5,2.0,3.0,3.8012775017743237,1.5259048970901246,
2020-03-17 11:05:00+05:30,-1,1,1,2,45.84285714285709,1.5,-0.17996260517295126,-0.17996260517295126,0.6980367715799323,-0.616235587410409,-0.17996260517295126
2020-03-17 13:45:00+05:30,-1,1,1,3,31.378571428571245,1.5,2.0,3.0,0.4620987935351723,1.8993853858411336,8.741634418392984
2020-03-18 13:40:00+05:30,1,1,1,3,42.94642857142857,-1.0,-1.0,-1.0,-1.5554261954261785,-1.5391268191268277,-2.5811226611226696
2020-03-18 15:00:00+05:30,-1,1,1,2,47.828571428571585,-1.0,-1.0,-1.0,-2.0071684587813556,,
2020-03-23 12:45:00+05:30,1,1,1,3,46.07499999999988,-1.0,-1.0,-1.0,-1.3597395550732654,-0.9278350515463941,-1.4096581660336602
2020-03-24 12:35:00+05:30,1,1,1,2,46.34642857142847,1.5,2.0,0.46389766509979297,0.11651383216459131,1.77036294983433,0.46389766509979297
2020-03-31 11:40:00+05:30,1,1,1,2,26.189285714285557,1.5,2.0,1.3268784944770298,1.0424110186826459,1.3440610936861126,1.3268784944770298
2020-04-07 11:00:00+05:30,1,1,1,2,27.917857142857038,1.5,2.0,3.0,2.215427913521833,2.1079698093898123,4.568760394013105
2020-04-08 11:40:00+05:30,-1,1,1,2,49.91428571428605,1.5,2.0,1.213079564968531,0.5609616485403511,0.19733829421866653,1.213079564968531
2020-04-09 10:50:00+05:30,-1,1,1,3,33.19642857142844,-1.0,-1.0,-1.0,-0.9835395373856841,-2.8436793975255514,-4.34233458848844
2020-04-09 11:35:00+05:30,1,1,1,2,32.39642857142839,-1.0,-1.0,-1.0,-0.5000551207143897,0.4259728806085126,1.7316723624738388
2020-04-09 14:55:00+05:30,1,1,1,3,24.110714285714103,1.5,0.4645237742556241,0.4645237742556241,0.6739742260405917,,
2020-04-13 10:40:00+05:30,1,1,1,3,30.735714285714494,-1.0,-1.0,-1.0,-0.5319544503834617,0.33674180804091125,1.304671159656057
2020-04-15 12:50:00+05:30,-1,1,1,2,18.85357142857122,1.5,2.0,3.0,1.204015912104617,2.7077097935214915,11.146429247963733
2020-04-16 14:25:00+05:30,1,1,1,2,19.214285714285843,-1.0,-1.0,-1.0,-1.082527881040847,-2.1104089219330335,
2020-04-16 15:00:00+05:30,-1,1,0,1,20.90714285714304,-1.0,-1.0,-1.0,-1.819952169456818,,
2020-04-20 13:20:00+05:30,1,1,1,3,18.53214285714304,-1.0,-1.0,-1.0,0.013490075158990039,-0.33185584891113534,-1.5081904027750275
2020-04-21 12:25:00+05:30,-1,1,1,3,16.47857142857109,1.5,2.0,3.0,2.166449934980583,2.2999566536627905,1.1408755960121162
2020-04-21 12:30:00+05:30,-1,1,1,3,17.81428571428543,1.5,2.0,0.3368083400160439,1.557738572574203,1.6980753809142213,0.3368083400160439
2020-04-22 14:15:00+05:30,1,1,1,3,22.517857142857014,1.5,2.0,1.4099920697858923,1.4033306899286522,0.5884218873909629,
2020-04-27 12:25:00+05:30,1,1,1,2,13.850000000000234,-1.0,-1.0,-1.0,-0.8231046931407541,-0.4187725631768357,-2.382671480144364
2020-04-27 13:30:00+05:30,-1,1,1,3,12.24999999999987,1.5,2.0,3.0,1.4530612244897518,3.4816326530612316,4.269387755102026
2020-04-28 12:20:00+05:30,-1,1,1,3,13.282142857142778,-1.0,-1.0,-1.0,-3.5574079053509218,-4.385587523527856,-4.77709061575687
2020-04-29 14:05:00+05:30,1,1,1,3,13.26071428571426,1.5,2.0,3.0,2.692162671693971,4.577430649070759,
2020-04-30 14:55:00+05:30,-1,1,0,1,18.582142857142962,-1.0,-1.0,-1.0,-5.1231981549106385,,
2020-05-04 11:20:00+05:30,-1,1,0,1,17.867857142856987,-1.0,-1.0,-1.0,-0.6184289426344858,-1.432740355786561,-0.0671597041775348
2020-05-05 11:20:00+05:30,-1,1,1,2,16.40714285714265,-1.0,-1.0,-1.0,0.10666086199390645,0.9325206791467915,-0.8014801915541891
2020-05-05 13:00:00+05:30,1,1,1,3,21.37499999999974,-1.0,-1.0,-1.0,-0.2877192982456005,-0.4070175438596881,-5.169590643274916
2020-05-06 14:20:00+05:30,-1,1,1,2,23.46785714285722,-1.0,-1.0,-1.0,0.26206056916753806,-1.5595799726069195,
2020-05-07 11:30:00+05:30,1,1,1,2,16.453571428571713,-1.0,-1.0,-1.0,-0.8539179509442669,-1.9813327545040034,-0.25222487519001247
2020-05-07 13:40:00+05:30,-1,1,1,3,17.785714285714416,-1.0,-1.0,-1.0,-0.5510040160643144,-0.6184738955823248,-0.6690763052208581
2020-05-08 13:05:00+05:30,1,1,0,1,13.235714285714105,-1.0,-1.0,-1.0,-0.8650836481382211,-3.022126281705384,-5.262277388019473
2020-05-08 13:50:00+05:30,-1,1,0,0,13.632142857143142,1.5,2.0,3.0,2.0796436992402243,2.1933455593397233,
2020-05-12 11:30:00+05:30,-1,1,1,3,14.582142857142571,-1.0,-1.0,-1.0,0.2434484447709566,-0.8640705363703578,-2.698506000489914
2020-05-12 14:15:00+05:30,1,1,1,2,20.34285714285735,1.5,2.0,3.0,2.50210674157299,1.0495084269662993,
2020-05-15 13:45:00+05:30,1,1,1,2,14.189285714285688,-1.0,-1.0,-1.0,1.790083060659557,1.5645607853008343,0.7858041782029733
2020-05-18 13:25:00+05:30,-1,1,1,2,14.399999999999896,-1.0,-1.0,-1.0,-2.9687500000000213,-1.2881944444445297,2.017361111111075
2020-05-19 11:15:00+05:30,-1,1,1,3,22.68571428571418,-1.0,-1.0,-1.0,-1.1813602015113887,-1.2474811083123964,-0.13003778337534755
2020-05-20 13:25:00+05:30,-1,1,1,2,12.867857142857506,-1.0,-1.0,-1.0,-2.1837357757424036,-5.338884263113977,-9.127393838467743
2020-05-20 14:00:00+05:30,1,1,1,2,14.28214285714317,1.5,2.0,3.0,5.139284821205163,5.457864466116461,
2020-05-20 14:05:00+05:30,1,1,1,2,16.364285714286,1.5,2.0,3.0,4.0484504583150756,2.9209951986032454,
2020-05-22 13:45:00+05:30,1,1,1,3,15.182142857143194,-1.0,-1.0,-1.0,1.6137379440131374,-0.00658668548579187,2.1143260409315223
2020-05-27 10:25:00+05:30,1,1,0,1,18.40357142857153,1.5,2.0,3.0,2.464195614205323,1.6328352416068812,2.317484960217316
2020-05-28 14:10:00+05:30,-1,1,1,3,15.939285714286077,-1.0,-1.0,-1.0,-1.1324221375756645,-2.2773918888640092,
2020-06-02 10:20:00+05:30,-1,1,1,3,25.046428571428805,-1.0,-1.0,-1.0,-2.038214744046795,-1.804648509910179,-2.635106231284732
2020-06-02 12:00:00+05:30,1,1,0,1,13.360714285714753,1.5,2.0,3.0,-0.1422079657845174,3.446672012830755,2.53728949478751
2020-06-02 13:55:00+05:30,1,1,1,2,15.610714285714364,-1.0,-1.0,-1.0,-0.28826355525051334,-0.16975520475872882,
2020-06-04 11:00:00+05:30,-1,1,1,2,16.596428571428728,1.5,2.0,3.0,1.4852593070798006,3.5037658704540013,4.401549386701122
2020-06-05 10:25:00+05:30,-1,1,1,3,24.939285714285298,-1.0,-1.0,-1.0,-0.5874266074753653,-1.9186596018903517,-2.3877989402836293
2020-06-05 11:15:00+05:30,1,1,0,1,19.557142857142416,-1.0,-1.0,-1.0,-0.23776479181892562,0.5701241782322806,0.9510591672753305
2020-06-08 14:15:00+05:30,-1,1,1,2,24.953571428571326,-1.0,-1.0,-1.0,-1.2863890081580276,-1.248318305424423,
2020-06-09 12:35:00+05:30,-1,1,0,1,15.153571428571663,1.5,2.0,3.0,1.9137402781050847,4.87013905255703,8.522743341974861
2020-06-11 10:45:00+05:30,-1,1,1,3,13.449999999999948,-1.0,-1.0,-1.0,1.4312267657992621,0.8401486988848428,2.6579925650557725
2020-06-12 10:35:00+05:30,1,1,1,3,21.110714285714234,-1.0,-1.0,-1.0,0.21789883268475652,2.3826763660970784,0.6489595669091023
2020-06-12 10:40:00+05:30,1,1,1,3,20.439285714285557,-1.0,-1.0,-1.0,-0.2715359077407509,2.4315918224706974,-0.2666433688625224
2020-06-16 10:50:00+05:30,1,1,0,1,17.15714285714265,-1.0,-1.0,-1.0,-0.6731890091589999,-3.3251457119067425,-5.956702747710356
2020-06-16 11:30:00+05:30,-1,1,0,0,15.84285714285683,1.5,2.0,3.0,0.28719567177644967,3.4936880072137977,8.12037871956743
2020-06-17 11:30:00+05:30,1,1,1,3,23.38571428571452,-1.0,-1.0,-1.0,0.2244960293219281,1.3640806353084618,2.4459376908979906
2020-06-18 11:20:00+05:30,1,1,1,3,14.310714285714312,1.5,2.0,3.0,-0.12927377090094858,2.9034190167206826,3.4903918143248487
2020-06-19 11:10:00+05:30,1,1,1,3,16.164285714285793,1.5,2.0,3.0,1.8621299160406675,4.132567388422496,3.8077772867874993
2020-06-23 11:50:00+05:30,1,1,1,3,14.067857142857065,-1.0,-1.0,-1.0,-0.31987814166032164,0.3127697385122886,2.6336633663367257
2020-06-24 10:45:00+05:30,-1,1,1,3,14.085714285714207,1.5,2.0,3.0,1.7464503042596704,3.159229208924967,-1.6115618661258213
2020-06-24 12:15:00+05:30,1,1,1,3,18.70714285714283,1.5,-1.0,-1.0,0.3928980526918871,-0.7376861397479576,-5.901489117983952
2020-06-24 13:10:00+05:30,-1,1,1,3,23.150000000000414,1.5,2.0,3.0,1.84233261339088,2.341252699783928,5.622030237580877
2020-06-25 10:25:00+05:30,1,1,1,2,23.18928571428569,1.5,2.0,-1.0,0.5433543816417059,1.060834745110057,-1.0047743724010956
2020-06-25 10:30:00+05:30,1,1,1,3,22.342857142857092,-1.0,-1.0,-1.0,0.2349744245524302,-0.44980818414319096,-2.557864450127867
2020-06-25 13:35:00+05:30,1,1,0,1,24.432142857142935,1.5,2.0,3.0,1.2401695658529117,2.1222043560882993,-0.3438093845928798
2020-06-26 14:20:00+05:30,1,1,1,3,18.275000000000027,-1.0,-1.0,-1.0,-1.2010943912448087,0.13953488372098974,
2020-06-29 11:20:00+05:30,-1,1,1,2,15.960714285714078,-1.0,-1.0,-1.0,-0.6672633698815051,-1.0024614007608097,-4.081897516223013
2020-06-30 10:15:00+05:30,-1,1,0,1,16.317857142856933,-1.0,-1.0,-1.0,-1.0938936309915006,-0.24513022543226404,1.0203545633617768
2020-06-30 11:25:00+05:30,-1,1,0,1,12.178571428571558,1.5,-1.0,-1.0,1.8885630498533523,1.486217008797668,-0.8703812316715749
2020-06-30 12:30:00+05:30,1,1,1,2,13.214285714285975,-1.0,-1.0,-1.0,-0.25351351351353607,1.2486486486486241,-0.25351351351353607
2020-07-01 11:25:00+05:30,1,1,0,1,12.453571428571845,1.5,2.0,3.0,0.20476053914533193,2.605678233438311,4.4685976484081955
2020-07-01 14:45:00+05:30,-1,1,1,3,15.964285714285845,-1.0,-1.0,-1.0,-2.3239373601789746,,
2020-07-03 12:40:00+05:30,-1,1,1,2,10.235714285714105,1.5,2.0,3.0,0.1025819958130882,1.856245638520619,0.4005582693650112
2020-07-03 15:15:00+05:30,1,1,1,3,10.889285714285636,-1.0,-1.0,-1.0,,,
2020-07-07 12:15:00+05:30,1,1,1,2,14.639285714285766,1.5,2.0,3.0,0.9050988045864813,1.6633325201268792,0.30739204684069177
2020-07-07 12:20:00+05:30,1,1,1,3,15.539285714285793,1.5,2.0,0.1801884624223839,0.20271202022521115,0.8784187543093264,0.1801884624223839
2020-07-08 12:30:00+05:30,1,1,0,0,12.621428571428494,1.5,2.0,1.7391058290889194,0.47538200339558867,-0.6972269383134724,1.7391058290889194
2020-07-08 14:40:00+05:30,-1,1,1,3,18.985714285714494,1.5,2.0,1.9040632054175672,-0.09480812641089166,,
2020-07-09 12:25:00+05:30,1,1,1,2,11.396428571428519,-1.0,-1.0,-1.0,-0.32905045440300995,-2.075211532434951,0.1798809150737412
2020-07-09 13:35:00+05:30,1,1,1,3,13.982142857143247,-1.0,-1.0,-1.0,-1.0084291187739443,-0.5399744572158995,0.9977011494251815
2020-07-10 10:30:00+05:30,-1,1,1,3,12.296428571428546,1.5,2.0,3.0,0.08132442637234986,1.5776938716235578,2.3218123729305296
2020-07-10 12:55:00+05:30,1,1,1,3,13.432142857142935,1.5,2.0,-1.0,0.5695293804838835,0.5211379952140358,0.3834086679074421
2020-07-10 15:00:00+05:30,1,1,1,2,13.53214285714291,-1.0,-1.0,-1.0,-0.22908419107933206,,
2020-07-13 12:55:00+05:30,-1,1,1,2,13.639285714285506,-1.0,-1.0,-1.0,-0.7881644409531411,1.8879287771668263,0.7405079863839081
2020-07-16 11:00:00+05:30,-1,1,1,2,19.882142857142753,-1.0,-1.0,-1.0,-0.6186455900843927,-2.208011496317579,-1.0687982755523677
2020-07-16 13:30:00+05:30,1,1,1,3,15.521428571428649,-1.0,-1.0,-1.0,-0.8568798895535614,-0.28025770823748175,4.261849976990291
2020-07-20 13:10:00+05:30,1,1,1,2,9.557142857142676,1.5,-1.0,-1.0,-2.62107623318383,1.1038863976085058,1.0201793721973287
2020-07-20 14:10:00+05:30,1,1,1,2,17.43928571428582,-1.0,-1.0,-1.0,-0.6565635879581558,-0.6393610485357115,
2020-07-22 10:25:00+05:30,1,1,0,1,18.47857142857109,0.8144568998840112,0.8144568998840112,0.8144568998840112,0.26246617703906583,0.9795129493622332,0.8144568998840112
2020-07-22 12:15:00+05:30,1,1,1,3,10.242857142857247,-1.0,-1.0,-1.0,-0.5906555090656515,-4.500697350069725,-5.4135285913528755
2020-07-23 15:20:00+05:30,1,1,1,3,14.02142857142878,0.28171166581767376,0.28171166581767376,0.28171166581767376,,,
2020-07-24 11:35:00+05:30,1,1,1,3,15.26071428571439,-1.0,-1.0,-1.0,0.15071378422660922,-0.8256494266322416,-1.3597004446524599
2020-07-24 13:45:00+05:30,1,1,1,2,12.371428571428494,1.5,2.0,3.0,2.57043879907617,0.9578521939954164,3.6657043879908144
2020-07-27 14:20:00+05:30,-1,1,0,0,17.003571428571377,-1.0,-1.0,-1.0,-1.9642932157109696,0.8262969964293883,
2020-07-29 12:20:00+05:30,-1,1,0,1,11.914285714285532,-1.0,-1.0,-1.0,0.32733812949637736,-0.1384892086330651,1.418465227817737
2020-08-03 12:25:00+05:30,-1,1,1,3,11.682142857142676,1.5,2.0,3.0,0.7190461632529637,1.0571690614491458,3.9033934576583
2020-08-04 12:55:00+05:30,-1,1,0,1,13.142857142857272,-1.0,-1.0,-1.0,-1.2364130434782488,-0.8483695652173553,-3.8271739130433855
2020-08-04 14:30:00+05:30,1,1,1,2,12.028571428571272,1.5,2.0,2.2820665083136293,1.9910926365796588,2.065914489311221,
2020-08-05 10:45:00+05:30,-1,1,1,2,14.214285714285584,1.5,2.0,3.0,-0.4080402010049777,2.6170854271357538,4.52361809045238
2020-08-06 15:20:00+05:30,1,1,1,3,18.68571428571418,-0.17392966360856368,-0.17392966360856368,-0.17392966360856368,,,
2020-08-10 12:10:00+05:30,-1,1,1,2,8.949999999999818,1.5,2.0,2.0391061452514383,1.1731843575419232,0.3519553072627396,2.0391061452514383
2020-08-11 12:55:00+05:30,1,1,1,3,11.14642857142826,1.5,2.0,0.60557513617432,0.6997757129126455,0.5786606856777489,0.60557513617432
2020-08-11 15:00:00+05:30,-1,1,0,1,11.682142857142805,-0.3424029348823005,-0.3424029348823005,-0.3424029348823005,-0.3424029348823005,,
2020-08-13 13:45:00+05:30,1,1,1,2,10.850000000000104,-1.0,-1.0,-1.0,-0.958525345622077,-2.069124423963013,-0.4930875576035478
2020-08-13 15:20:00+05:30,1,1,0,1,10.860714285714753,0.05524498520226723,0.05524498520226723,0.05524498520226723,,,
2020-08-18 11:10:00+05:30,-1,1,1,2,9.132142857143142,-1.0,-1.0,-1.0,-0.08760265936636265,2.2448181462650845,0.22995698083695093
2020-08-19 11:15:00+05:30,-1,1,1,3,9.560714285714441,-1.0,-1.0,-1.0,-1.1348524467687906,-1.4747852073216428,-1.95592080687341
2020-08-20 10:30:00+05:30,1,1,0,1,10.521428571428649,-1.0,-1.0,-1.0,-0.8886625933469391,-0.9361846571622816,-1.0312287847929666
2020-08-20 14:00:00+05:30,-1,1,1,2,14.328571428571454,-1.0,-1.0,-1.0,-1.8878364905284877,-2.292622133599224,
2020-08-25 15:00:00+05:30,1,1,1,3,11.717857142857351,0.8192624199939208,0.8192624199939208,0.8192624199939208,0.8192624199939208,,
2020-08-26 11:30:00+05:30,-1,1,1,2,10.03214285714304,-1.0,-1.0,-1.0,-0.847276610893541,-1.2808828764685072,-2.2776788892844375
2020-08-26 14:00:00+05:30,1,1,1,3,9.625,1.5,2.0,3.0,0.36363636363636365,2.654545454545568,
2020-08-31 10:15:00+05:30,-1,1,1,2,21.650000000000027,1.5,2.0,3.0,0.5519630484988782,1.7944572748268044,7.840646651270198
2020-08-31 12:55:00+05:30,-1,1,1,2,23.774999999999768,1.5,2.0,3.0,3.560462670872785,5.051524710830769,8.37013669821249
2020-08-31 13:00:00+05:30,-1,1,1,3,21.62499999999974,1.5,2.0,3.0,2.964161849711035,2.400000000000012,8.501734104046362
2020-09-01 13:45:00+05:30,-1,1,1,2,22.85357142857161,-1.0,-1.0,-1.0,-0.7438662290982907,1.837787154242836,-1.1092358180965847
2020-09-02 11:15:00+05:30,1,1,1,3,17.535714285714157,-1.0,-1.0,-1.0,0.22240325865578536,-0.618737270875789,-1.605295315682272
2020-09-02 12:15:00+05:30,-1,1,1,2,14.642857142857013,-1.0,-1.0,-1.0,-0.4643902439025177,-0.28682926829273514,-0.5565853658536386
2020-09-03 11:30:00+05:30,-1,1,1,2,10.589285714285584,-1.0,-1.0,-1.0,-0.6232715008432124,0.8310286677908353,-2.4317032040472477
2020-09-03 12:50:00+05:30,1,1,1,2,12.228571428571481,1.5,-1.0,-1.0,0.6869158878504346,0.6542056074766327,0.07768691588790963
2020-09-07 11:15:00+05:30,1,1,1,3,14.646428571428649,-1.0,-1.0,-1.0,-0.15020726652040978,-1.3791758107779015,-1.15045110948551
2020-09-07 13:20:00+05:30,1,1,1,3,12.328571428571454,-1.0,-1.0,-1.0,-1.4519119351100487,-0.08516801853991764,-0.8354577056778072
2020-09-07 15:10:00+05:30,1,1,1,2,19.503571428571117,1.0485259110053644,1.0485259110053644,1.0485259110053644,,,
2020-09-09 11:40:00+05:30,-1,1,1,3,11.414285714285922,1.5,2.0,3.0,2.3742177722152578,-0.09637046307887867,-1.45431789737172
2020-09-10 12:40:00+05:30,1,1,0,1,11.535714285714416,-1.0,-1.0,-1.0,-3.138080495355907,-4.043962848297136,-2.60061919504641
2020-09-10 14:15:00+05:30,1,1,1,2,17.13571428571452,1.5,2.0,2.3926636098373995,0.5485619007919679,2.0804501875781076,
2020-09-14 12:25:00+05:30,-1,1,1,3,9.571428571428571,-1.0,-1.0,-1.0,-0.031343283582013534,2.0634328358208958,9.888805970149216
2020-09-15 11:30:00+05:30,1,1,1,2,12.514285714285895,1.5,2.0,-1.0,-0.399543378995428,0.6952054794521029,-0.7831050228309807
2020-09-15 11:35:00+05:30,1,1,1,2,12.69642857142883,-1.0,-1.0,-1.0,0.46075949367090535,0.02756680731367085,-0.8270042194092658
2020-09-15 14:00:00+05:30,1,1,0,1,15.64642857142878,0.8500342387582165,0.8500342387582165,0.8500342387582165,0.37069162291709074,0.10865099292391875,
2020-09-17 11:15:00+05:30,-1,1,1,2,8.899999999999766,1.5,2.0,3.0,2.550561797752958,5.0000000000001315,1.8033707865168196
2020-09-17 11:20:00+05:30,-1,1,1,3,9.203571428571065,1.5,2.0,3.0,1.6786961583235798,3.596429957314889,1.309274350019375
2020-09-18 11:30:00+05:30,1,1,0,1,8.996428571428234,-1.0,-1.0,-1.0,0.02223104406498472,0.266772528781232,-0.20563715760227125
2020-09-22 11:10:00+05:30,-1,1,1,3,24.40357142857153,-1.0,-1.0,-1.0,-1.0428801404946837,-1.8030147812088317,-2.7946729108737194
2020-09-24 11:30:00+05:30,1,1,1,3,14.464285714285714,-1.0,-1.0,-1.0,-2.0602469135803223,-3.3254320987654573,-0.5046913580247668
2020-09-25 10:15:00+05:30,-1,1,1,3,26.92857142857156,-1.0,-1.0,-1.0,-0.8188328912466534,-1.9087533156498446,-2.577188328912441
2020-09-25 14:10:00+05:30,1,1,1,3,20.992857142856987,1.5,2.0,0.5287512759441333,0.6859476012248942,1.140864239537214,
2020-09-28 14:55:00+05:30,-1,1,1,3,12.785714285714416,-1.0,-1.0,-1.0,-1.474301675977667,,
2020-09-29 13:45:00+05:30,1,1,0,1,17.039285714285533,1.5,2.0,-1.0,0.1349821840284643,1.942569691888428,-1.0299727520436717
2020-09-30 10:25:00+05:30,1,1,1,3,20.299999999999663,-1.0,-1.0,-1.0,0.4408866995073427,-0.5000000000000799,-0.866995073891658
2020-09-30 11:25:00+05:30,-1,1,1,3,19.52142857142865,-1.0,-1.0,-1.0,0.12038053421150735,-0.2868642517380343,-2.102817416758189
2020-10-05 11:05:00+05:30,1,1,0,1,12.142857142856883,-1.0,-1.0,-1.0,-1.2105882352942035,-2.4582352941177295,-3.5576470588236653
2020-10-06 14:00:00+05:30,1,1,1,2,9.99999999999987,-1.0,-1.0,-1.0,0.3149999999999677,3.2949999999999338,
2020-10-07 11:00:00+05:30,-1,1,1,3,14.196428571428571,-1.0,-1.0,-1.0,-0.3169811320754717,-1.0319496855345656,-2.412578616352201
2020-10-09 12:10:00+05:30,-1,1,0,1,14.632142857142883,1.5,2.0,1.0798144984134217,-0.4783988284110316,-0.37588479375152484,1.0798144984134217
2020-10-12 13:15:00+05:30,-1,1,1,2,19.171428571428546,-1.0,-1.0,-1.0,-1.0510432190760832,-2.6706408345753023,-2.0968703427720228
2020-10-13 11:25:00+05:30,-1,1,1,2,13.267857142856883,1.5,2.0,3.0,-0.5916554508748708,1.0815612382233302,3.316285329744345
2020-10-14 11:15:00+05:30,-1,1,1,2,11.707142857143221,-1.0,-1.0,-1.0,-0.22635753508232917,-1.7126296522268523,-2.8145210494203527
2020-10-14 12:00:00+05:30,1,1,1,3,11.221428571428858,-1.0,-1.0,-1.0,0.6549968173138285,0.6549968173138285,-1.194143857415596
2020-10-14 13:55:00+05:30,1,1,1,2,11.357142857142987,-1.0,-1.0,-1.0,4.472955974842652,6.374842767295492,
2020-10-16 11:35:00+05:30,-1,1,1,3,17.86428571428587,-1.0,-1.0,-1.0,-1.8444622151139791,-1.6905237904838324,-3.562974810075918
2020-10-19 11:05:00+05:30,-1,1,1,3,15.660714285714155,1.5,2.0,-0.26818700114029953,0.09258836944120816,1.0791334093500429,-0.26818700114029953
2020-10-19 14:00:00+05:30,1,1,1,2,12.121428571429012,-1.0,-1.0,-1.0,-0.020624631703004555,-0.1979964643488137,
2020-10-20 13:00:00+05:30,-1,1,1,2,9.435714285714312,-1.0,-1.0,-1.0,-0.37093111279333735,0.9856169568509835,1.9394398183195654
2020-10-21 10:30:00+05:30,-1,1,1,3,9.382142857143013,-1.0,-1.0,-1.0,-0.54891511229554,-0.5382565664256879,-2.6326608298439624
2020-10-21 12:05:00+05:30,1,1,1,3,8.257142857142753,-1.0,-1.0,-1.0,-0.6176470588235813,-2.5008650519033218,-15.961937716263309
2020-10-21 15:00:00+05:30,1,1,1,3,31.64642857142839,0.24489335289470854,0.24489335289470854,0.24489335289470854,0.24489335289470854,,
2020-10-22 14:35:00+05:30,-1,1,1,3,20.482142857142986,-1.0,-1.0,-1.0,-2.7853530950304615,-3.3224062772449305,
2020-10-27 14:20:00+05:30,1,1,1,2,14.807142857142415,-1.0,-1.0,-1.0,0.1215629522430804,0.3849493487698365,
2020-10-28 13:55:00+05:30,-1,1,1,2,20.514285714285638,-1.0,-1.0,-1.0,-1.13091922005575,-1.6915041782730222,
2020-11-02 13:05:00+05:30,1,1,0,1,17.814285714285557,-1.0,-1.0,-1.0,-0.9683239775461192,-0.13472333600639616,4.841619887730596
2020-11-04 10:15:00+05:30,-1,1,1,3,28.00000000000026,-1.0,-1.0,-1.0,-0.8392857142857065,-0.9392857142857446,-1.9017857142856966
2020-11-04 13:10:00+05:30,-1,1,1,3,20.503571428571508,1.5,2.0,-1.0,0.2731231492771461,-2.3069151715728524,-4.721128723218897
2020-11-05 11:55:00+05:30,-1,1,0,1,9.574999999999948,-1.0,-1.0,-1.0,-1.3733681462140688,-2.167101827676252,-3.3002610966058
2020-11-05 12:30:00+05:30,1,1,0,1,11.267857142857272,1.5,2.0,-1.0,1.3844690966719657,0.7188589540412285,-0.13312202852614743
2020-11-06 10:50:00+05:30,-1,1,1,2,12.814285714285948,-1.0,-1.0,-1.0,-1.4437012263098956,-3.2697881828317152,-4.654960981047966
2020-11-10 14:10:00+05:30,-1,1,1,3,18.31071428571431,-1.0,-1.0,-1.0,-2.8507899356348108,-5.248293348937013,
2020-11-11 13:15:00+05:30,-1,1,1,2,22.09285714285722,-1.0,-1.0,-1.0,-3.0733915292595912,-5.637568703524116,-7.328160362107944
2020-11-12 13:15:00+05:30,-1,1,1,2,18.764285714285897,1.5,-1.0,-1.0,1.6733917015606798,-1.668062428625754,-1.1351351351350853
2020-11-13 10:15:00+05:30,1,1,1,3,17.921428571428805,1.5,2.0,3.0,1.5288959744917892,1.6432841769629527,0.627740135512148
2020-11-13 10:20:00+05:30,1,1,1,3,21.357142857143117,-1.0,-1.0,-1.0,-1.1307692307691999,-1.367224080267576,-1.9548494983277354
2020-11-13 11:25:00+05:30,-1,1,0,1,21.25,-1.0,-1.0,-1.0,-0.9811764705882524,-0.29411764705882354,-0.6400000000000171
2020-11-17 10:35:00+05:30,-1,1,1,3,16.246428571428623,-0.6309078918443594,-0.6309078918443594,-0.6309078918443594,0.6586062870959958,0.4801055176961506,-0.6309078918443594
2020-11-17 11:40:00+05:30,1,1,1,2,13.267857142857142,-1.0,-1.0,-1.0,-0.8969044414535392,0.2637954239569314,1.2662180349933527
2020-11-17 14:35:00+05:30,-1,1,0,1,11.414285714286182,-1.0,-1.0,-1.0,-3.0356695869835733,-3.368585732164973,
2020-11-19 10:50:00+05:30,-1,1,1,2,14.325000000000077,-1.0,-1.0,-1.0,-1.5357766143106375,-3.0226876090749766,-2.827225130890037
2020-11-19 11:35:00+05:30,1,1,1,2,13.160714285714416,-1.0,-1.0,-1.0,-0.9839891451830823,0.39131614653999564,-2.2605156037991634
2020-11-19 12:50:00+05:30,-1,1,1,2,9.299999999999923,1.5,2.0,3.0,0.24193548387096975,3.3655913978494123,13.779569892473194
2020-11-20 10:50:00+05:30,-1,1,1,3,19.564285714285557,1.5,2.0,-1.0,1.4746257758306256,0.9558232931727356,-0.879152975538562
2020-11-23 11:25:00+05:30,1,1,1,3,19.25,-1.0,-1.0,-1.0,-0.36623376623372844,-1.1636363636363447,1.1272727272727652
2020-11-25 13:50:00+05:30,-1,1,1,2,19.653571428571144,1.5,2.0,3.0,2.9104125022714746,3.2258767944757687,
2020-11-26 12:45:00+05:30,1,1,1,3,17.721428571428596,1.5,2.0,3.0,1.8565094719871815,2.6521563885529993,2.496977025392983
2020-12-01 13:05:00+05:30,1,1,1,3,11.853571428571351,-1.0,-1.0,-1.0,-0.995480566435772,0.2530882796022915,2.429647484181937
2020-12-02 11:30:00+05:30,-1,1,1,3,10.664285714285922,-1.0,-1.0,-1.0,-0.48292029470859676,-1.565974547890021,3.2257200267915973
2020-12-03 12:15:00+05:30,-1,1,1,3,10.996428571429012,1.5,-1.0,-1.0,-0.9503085417343574,0.5092562520298924,-0.677492692432647
2020-12-03 12:20:00+05:30,-1,1,1,3,11.671428571428935,-1.0,-1.0,-1.0,-2.4847001223989436,-0.49694002447972635,-1.4822521419827557
2020-12-04 14:40:00+05:30,1,1,1,3,13.932142857142935,1.5,2.0,2.300435785696041,0.6675211484235558,,
2020-12-07 14:45:00+05:30,1,1,0,1,15.560714285714312,1.5,1.1278402570576767,1.1278402570576767,1.3463392242369048,,
2020-12-08 15:05:00+05:30,-1,1,0,1,12.97857142857122,0.3582828838746363,0.3582828838746363,0.3582828838746363,,,
2020-12-10 11:40:00+05:30,-1,1,1,2,12.064285714286077,1.5,-1.0,-1.0,-0.2776791000592284,0.3149792776790303,-1.7945529899349393
2020-12-10 12:45:00+05:30,1,1,1,2,10.36428571428587,-1.0,-1.0,-1.0,0.06271536871119758,-1.6257753273604518,1.5196416264644843
2020-12-10 14:30:00+05:30,1,1,1,2,14.59285714285709,1.5,2.0,3.0,2.1037689672050233,1.6240822320116786,
2020-12-10 14:35:00+05:30,1,1,1,3,15.59285714285709,1.5,0.5547411818598045,0.5547411818598045,0.5226752175904502,0.5547411818598045,
2020-12-14 12:30:00+05:30,1,1,0,1,10.310714285714052,-1.0,-1.0,-1.0,-3.9861447869762254,-1.1395912712158207,1.226879113266359
2020-12-16 10:55:00+05:30,1,1,1,2,11.064285714285948,-1.0,-1.0,-1.0,-1.522918011620401,-0.8766946417042082,-1.256294383473149
2020-12-16 12:00:00+05:30,1,1,1,2,8.642857142857142,-1.0,-1.0,-1.0,-0.052066115702563524,-4.263636363636406,0.856198347107396
2020-12-18 12:35:00+05:30,-1,1,1,2,9.11428571428574,-1.0,-1.0,-1.0,-1.234326018808774,-3.9114420062695414,-6.873824451410599
2020-12-18 13:25:00+05:30,1,1,0,1,10.642857142857013,1.5,2.0,3.0,0.7375838926174929,2.3959731543624456,3.5093959731544397
2020-12-21 12:30:00+05:30,-1,1,0,1,11.421428571428935,1.5,2.0,3.0,3.646654158849133,3.5240775484676803,11.228893058160994
2020-12-23 11:25:00+05:30,-1,1,1,2,14.082142857142701,-1.0,-1.0,-1.0,-2.098402231803167,-3.341110829317764,-1.494800913010363
2020-12-24 11:00:00+05:30,-1,1,1,3,12.596428571428598,-1.0,-1.0,-1.0,1.5917210093563323,1.0042529061525065,-2.8976467252622564
2020-12-28 10:35:00+05:30,-1,1,1,2,13.960714285714728,-1.0,-1.0,-1.0,-1.1926323867997595,-1.0243028907649472,-2.639549756971035
2020-12-29 10:30:00+05:30,-1,1,1,3,10.474999999999714,1.5,2.0,3.0,4.606205250596784,3.5990453460622205,3.417661097852226
2020-12-30 10:55:00+05:30,1,1,1,3,12.817857142857065,-1.0,-1.0,-1.0,0.13262747283371598,-0.2457509055446931,-4.0997492337698205
2021-01-01 11:50:00+05:30,-1,1,1,2,6.63571428571439,1.5,-1.0,-1.0,-1.0624327233583235,-3.3153928955866,-2.4262648008611576
2021-01-01 15:00:00+05:30,-1,1,1,3,6.6321428571426235,1.5,2.0,3.0,2.058158319871051,,
2021-01-05 13:15:00+05:30,-1,1,1,3,9.349999999999975,1.5,2.0,3.0,-3.3315508021390077,-5.652406417112354,-5.3903743315507775
2021-01-07 10:20:00+05:30,-1,1,1,2,15.34285714285709,-0.4366852886406448,-0.4366852886406448,-0.4366852886406448,-0.14990689013042546,0.029329608938476453,-0.4366852886406448
2021-01-07 13:35:00+05:30,-1,1,0,1,11.142857142857013,-1.0,-1.0,-1.0,-1.4673076923077422,-1.6557692307691523,3.805128205128217
2021-01-07 15:00:00+05:30,-1,1,1,2,14.735714285714364,1.5,2.0,0.8889966068830764,0.8889966068830764,,
2021-01-08 11:50:00+05:30,1,1,1,2,9.70714285714283,-1.0,-1.0,-1.0,0.046357615894114815,0.7262693156734036,-0.9271523178807972
2021-01-08 13:35:00+05:30,-1,1,1,2,9.57142857142883,-1.0,-1.0,-1.0,-1.645522388059657,-2.9358208955223466,-8.776119402984838
2021-01-11 10:20:00+05:30,-1,1,1,3,22.714285714285715,-1.0,-1.0,-1.0,-1.10062893081761,-1.3559748427672635,-0.6119496855345752
2021-01-12 10:10:00+05:30,-1,1,1,2,15.771428571428649,-1.0,-1.0,-1.0,-1.5566123188406413,-0.4184782608695862,-2.0321557971015087
2021-01-13 10:15:00+05:30,-1,1,1,2,13.689285714285688,-1.0,-1.0,-1.0,0.9204278632924885,0.6464909992173511,4.85050873989054
2021-01-14 12:25:00+05:30,1,1,1,2,12.514285714286027,-1.0,-1.0,-1.0,-0.8190639269406188,-1.310502283104961,0.09189497716891841
2021-01-19 11:45:00+05:30,1,1,1,2,14.621428571428364,1.5,2.0,1.4430874450415696,0.33854421104060173,-0.10258915486077332,1.4430874450415696
2021-01-25 12:30:00+05:30,1,1,1,2,20.51071428571413,1.5,-1.0,-1.0,0.3217830402229002,0.6776945847118991,-3.088629636078657
2021-01-28 14:25:00+05:30,-1,1,0,0,29.517857142857014,-1.0,-1.0,-1.0,0.39806412583182266,-1.9073200241984725,
2021-01-29 11:40:00+05:30,-1,1,1,2,20.246428571428364,1.5,-1.0,-1.0,0.6322102663609706,-1.0470982536602143,1.0125242547186557
2021-01-29 13:00:00+05:30,-1,1,1,3,22.83214285714257,-1.0,-1.0,-1.0,-0.3416236508681891,0.39856092601276777,-1.3139371187236204
2021-01-29 15:00:00+05:30,-1,1,1,2,41.764285714285506,-0.38310244569865076,-0.38310244569865076,-0.38310244569865076,-0.38310244569865076,,
2021-02-02 10:25:00+05:30,-1,1,1,3,44.42857142857156,1.5,0.42315112540191163,0.42315112540191163,0.8935691318327702,-0.057395498392307356,0.42315112540191163
2021-02-03 12:15:00+05:30,1,1,1,3,17.503571428571767,-1.0,-1.0,-1.0,0.06284431748614294,1.1883289124667789,1.0997755560089564
2021-02-04 14:00:00+05:30,1,1,1,3,20.267857142857142,1.5,2.0,1.0558590308369864,1.2754185022026612,1.0262555066078936,
2021-02-08 12:05:00+05:30,-1,1,1,2,14.235714285714494,1.5,2.0,-1.0,0.05268439538384268,-0.3863522328148463,-1.4681384846963905
2021-02-08 12:10:00+05:30,-1,1,1,3,14.617857142857247,1.5,2.0,-1.0,-1.1321768873687448,-1.292939164427161,-2.1104324456389056
2021-02-10 10:15:00+05:30,-1,1,1,3,32.51071428571413,-1.0,-1.0,-1.0,0.582884763264827,-0.1445677249258717,-1.9501263319785227
2021-02-10 14:30:00+05:30,1,1,0,0,23.650000000000155,-1.0,-1.0,-1.0,-1.369978858350927,2.9513742071881106,
2021-02-12 13:40:00+05:30,-1,1,1,3,13.403571428571533,1.5,2.0,3.0,4.3272049027444375,2.238209432454019,1.3653077537968974
2021-02-16 11:25:00+05:30,-1,1,1,3,14.442857142857065,-1.0,-1.0,-1.0,0.7200791295746573,-0.9070227497527502,4.895153313550891
2021-02-16 14:30:00+05:30,1,1,1,2,22.44642857142844,-1.0,-1.0,-1.0,-0.1782020684168666,0.14033412887834726,
2021-02-17 12:20:00+05:30,1,1,0,1,12.653571428571533,1.5,-1.0,-1.0,-1.2407564211120992,-4.974880045159486,-6.3341800733842
2021-02-18 10:25:00+05:30,1,1,0,1,18.19999999999995,-1.0,-1.0,-1.0,-0.9780219780220407,-2.354395604395631,-5.01648351648359
2021-02-18 14:20:00+05:30,1,1,1,3,18.325000000000077,-1.0,-1.0,-1.0,0.035470668485655305,-1.757162346521079,
2021-02-18 15:20:00+05:30,-1,1,1,3,17.546428571428546,-0.7380419295746405,-0.7380419295746405,-0.7380419295746405,,,
2021-02-22 11:15:00+05:30,-1,1,1,3,22.535714285714416,1.5,2.0,3.0,1.2136291600634006,2.2076069730586245,3.2836767036449888
2021-02-22 14:45:00+05:30,1,1,1,3,26.72857142857109,-1.0,-1.0,-1.0,-2.8115980758952652,,
2021-02-22 15:15:00+05:30,-1,1,1,3,28.428571428571168,0.47311557788947717,0.47311557788947717,0.47311557788947717,,,
2021-02-23 11:30:00+05:30,-1,1,1,2,22.55357142857156,1.5,2.0,3.0,0.5231987331749449,0.9909738717338965,-0.42343626286623753
2021-02-23 11:35:00+05:30,-1,1,1,3,23.535714285714544,1.5,2.0,-1.0,0.09984825493172908,0.23156297420336677,-0.03823975720787487
2021-02-25 11:35:00+05:30,-1,1,1,3,12.403571428571663,-1.0,-1.0,-1.0,1.0883961992513471,-0.16527497840477554,-3.5110855168441018
2021-02-25 15:00:00+05:30,-1,1,1,3,21.785714285714416,-0.12393442622945736,-0.12393442622945736,-0.12393442622945736,-0.12393442622945736,,
2021-03-04 10:30:00+05:30,1,1,0,1,27.350000000000104,-1.0,-1.0,-1.0,-0.4186471663619329,1.517367458866539,1.7148080438756657
2021-03-04 12:35:00+05:30,1,1,1,3,17.71071428571434,1.5,-1.0,-1.0,0.084694494857834,-1.3240572696108457,-0.6916717080056443
2021-03-05 15:05:00+05:30,1,1,0,1,31.56428571428569,0.3389907218827446,0.3389907218827446,0.3389907218827446,,,
2021-03-08 10:40:00+05:30,-1,1,1,3,25.18928571428569,-1.0,-1.0,-1.0,-1.0698993336169307,-2.280731603572979,-1.224727066496542
2021-03-08 12:05:00+05:30,-1,1,0,1,20.100000000000104,-1.0,-1.0,-1.0,-1.1542288557213327,1.1840796019900979,2.2910447761194455
2021-03-08 14:20:00+05:30,1,1,1,3,22.742857142857247,-1.0,-1.0,-1.0,-0.8969849246230955,-3.374685929648226,
2021-03-09 12:15:00+05:30,-1,1,1,3,12.635714285714,1.5,2.0,3.0,1.1950254381006775,3.4624081401922773,3.434708875070854
2021-03-09 12:20:00+05:30,-1,1,1,3,13.789285714285402,1.5,2.0,3.0,1.3089873089874178,4.652162652162863,2.9370629370630037
2021-03-10 14:05:00+05:30,1,1,1,2,14.067857142857065,-1.0,-1.0,-1.0,-0.16704747397819383,-1.3648134044172948,
2021-03-12 12:20:00+05:30,-1,1,1,3,12.092857142857222,-1.0,-1.0,-1.0,1.5463673951564265,2.323685764914218,13.975191966922532
2021-03-15 11:00:00+05:30,-1,1,1,2,27.967857142857092,-1.0,-1.0,-1.0,-0.23419742050827594,0.1376580257949309,1.2907674626484638
2021-03-16 11:25:00+05:30,-1,1,1,3,20.160714285714157,-1.0,-1.0,-1.0,0.590256864481828,-0.6968999114260092,1.2301151461470947
2021-03-17 11:20:00+05:30,1,1,1,2,15.36428571428522,1.5,2.0,3.0,1.1129707112971305,-2.544862854486391,-4.767549976755151
2021-03-17 11:25:00+05:30,1,1,1,3,16.453571428570935,-1.0,-1.0,-1.0,-1.881050575211735,-4.698068157152367,-5.983503364445633
2021-03-17 12:05:00+05:30,-1,1,1,3,17.73928571428574,1.5,2.0,2.401449567143162,0.4763438695389975,1.4064827863902143,2.401449567143162
2021-03-17 14:00:00+05:30,-1,1,1,3,19.4285714285713,1.5,2.0,3.0,0.1518382352941561,0.3654411764706094,
2021-03-18 12:50:00+05:30,-1,1,1,2,15.02142857142878,1.5,2.0,3.0,8.291488349976182,11.100808368996518,16.203518782691145
2021-03-18 12:55:00+05:30,-1,1,1,2,15.385714285714519,1.5,2.0,3.0,7.269730733518948,8.904363974001722,14.266480965645094
2021-03-18 15:10:00+05:30,1,1,0,1,38.75714285714288,-0.06321415407295373,-0.06321415407295373,-0.06321415407295373,,,
2021-03-23 11:30:00+05:30,-1,1,1,3,32.296428571428805,-1.0,-1.0,-1.0,-0.817427844741772,-0.3189207121530217,-1.9646135132146494
2021-03-23 15:15:00+05:30,-1,1,1,3,21.925000000000313,-0.5815279361459438,-0.5815279361459438,-0.5815279361459438,,,
2021-03-24 14:00:00+05:30,1,1,0,1,19.028571428571663,-1.0,-1.0,-1.0,-0.9433183183183449,-5.089714714714671,
2021-03-25 12:00:00+05:30,-1,1,1,3,17.182142857142804,1.5,2.0,-1.0,-0.0058199958427754385,0.014549989607150326,-5.537726044481393
2021-03-25 14:45:00+05:30,1,1,1,3,35.90357142857114,-1.0,-1.0,-1.0,-4.851885009449974,-3.531682084949825,-3.531682084949825