index,tradingsymbol,datetime,swing,close,salma,atr14,prior_state_duration_bars,recent_20bar_flips,prior_10bar_move,prior_20bar_move,prior_10bar_abs_move_atr,prior_20bar_abs_move_atr,mfe_20bar,mae_20bar,mfe_20bar_atr,mae_20bar_atr
0,NIFTY26APRFUT,2026-04-01 11:30:00+05:30,UP,22916.0,22879.3706562,39.6624208,11,0,10.3,-89.0,0.25969166,2.24393767,83.9,66.0,2.11535247,1.66404366
1,NIFTY26APRFUT,2026-04-01 11:50:00+05:30,DOWN,22855.0,22890.65028958,38.78027646,4,1,-1.0,-109.0,0.0257863,2.81070714,5.0,164.0,0.12893152,4.22895386
2,NIFTY26APRFUT,2026-04-01 12:00:00+05:30,UP,22948.7,22891.46682103,41.9227894,2,2,80.0,22.9,1.90826997,0.54624228,70.3,196.7,1.67689223,4.69195878
3,NIFTY26APRFUT,2026-04-01 13:20:00+05:30,DOWN,22920.0,22979.86264369,34.67967846,16,2,-35.0,9.3,1.00923658,0.26816858,188.0,10.0,5.42104219,0.28835331
4,NIFTY26APRFUT,2026-04-01 14:20:00+05:30,UP,22830.3,22835.3434255,41.42719488,12,1,-49.7,-129.7,1.19969503,3.13079368,18.6,98.3,0.44898044,2.37283746
5,NIFTY26APRFUT,2026-04-01 14:35:00+05:30,DOWN,22787.0,22836.09991279,40.49280144,3,2,-21.9,-200.1,0.54083687,4.94161908,55.0,43.0,1.35826611,1.06191714
6,NIFTY26APRFUT,2026-04-01 15:20:00+05:30,UP,22800.0,22790.77180331,34.54391372,9,2,-25.4,30.0,0.73529595,0.86845979,30.0,8.5,0.86845979,0.24606361
7,NIFTY26APRFUT,2026-04-02 09:15:00+05:30,DOWN,22344.9,22777.60626124,69.29602765,2,3,-437.3,-467.4,6.31060704,6.74497537,68.2,45.1,0.9841834,0.65083096
8,NIFTY26APRFUT,2026-04-02 10:45:00+05:30,UP,22295.7,22306.01646222,42.94029245,18,2,-10.8,-504.3,0.25151203,11.74421438,91.3,18.7,2.12620816,0.43548842
9,NIFTY26APRFUT,2026-04-02 11:20:00+05:30,DOWN,22290.0,22313.67162907,35.8231916,7,1,-15.0,-68.0,0.41872316,1.89821166,13.0,200.0,0.36289341,5.58297547
10,NIFTY26APRFUT,2026-04-02 11:45:00+05:30,UP,22322.4,22304.4902771,31.61444576,5,2,-10.6,34.5,0.33528976,1.09127328,259.6,10.4,8.21143606,0.32896354
11,NIFTY26APRFUT,2026-04-06 09:25:00+05:30,DOWN,22672.8,22746.93923512,57.44043374,47,0,-46.2,27.8,0.80431148,0.48397963,31.0,153.7,0.53968952,2.67581545
12,NIFTY26APRFUT,2026-04-06 10:15:00+05:30,UP,22725.4,22694.44862665,58.80822358,10,1,52.6,6.4,0.89443273,0.10882832,64.6,98.4,1.09848583,1.67323537
13,NIFTY26APRFUT,2026-04-06 11:00:00+05:30,DOWN,22680.0,22728.21085541,50.42208946,9,2,-60.0,-30.0,1.18995465,0.59497733,53.0,134.0,1.05112661,2.65756539
14,NIFTY26APRFUT,2026-04-06 11:40:00+05:30,UP,22720.0,22692.16629006,47.08530075,8,2,18.0,48.4,0.38228491,1.02792165,279.7,12.9,5.94028275,0.27397085
15,NIFTY26APRFUT,2026-04-07 09:15:00+05:30,DOWN,22843.6,23035.67009548,51.2945587,46,0,-158.6,-122.4,3.09194589,2.38621801,7.4,187.4,0.14426481,3.65340895
16,NIFTY26APRFUT,2026-04-07 10:05:00+05:30,UP,22967.3,22918.8813312,53.01336661,10,1,123.7,-34.9,2.33337379,0.65832454,63.7,82.3,1.20158375,1.55243866
17,NIFTY26APRFUT,2026-04-07 10:55:00+05:30,DOWN,22901.0,22984.79815249,51.55446806,10,2,-66.3,57.4,1.28601851,1.11338555,16.0,147.9,0.31035137,2.86881051
18,NIFTY26APRFUT,2026-04-07 11:25:00+05:30,UP,22991.5,22940.73082443,46.01617675,6,2,4.3,109.1,0.0934454,2.37090536,57.4,41.5,1.24738742,0.90185676
19,NIFTY26APRFUT,2026-04-07 12:20:00+05:30,DOWN,22959.0,22988.65362831,41.94296618,11,2,-31.8,-55.2,0.75817242,1.31607287,9.0,156.4,0.2145771,3.72887314
20,NIFTY26APRFUT,2026-04-07 12:50:00+05:30,UP,22984.0,22982.3507728,34.91870298,6,2,-8.0,72.0,0.22910358,2.06193226,131.4,34.0,3.76302637,0.97369023
21,NIFTY26APRFUT,2026-04-07 12:55:00+05:30,DOWN,22958.0,22981.4297034,34.88879562,1,3,-42.0,13.0,1.20382487,0.37261246,8.0,157.4,0.22929998,4.51147703
22,NIFTY26APRFUT,2026-04-07 13:15:00+05:30,UP,23013.7,22979.71153999,34.50776478,4,3,43.7,18.0,1.26638165,0.52162173,133.3,38.7,3.86289871,1.12148672
23,NIFTY26APRFUT,2026-04-07 14:20:00+05:30,DOWN,23050.0,23061.78239566,39.63480287,13,3,-5.9,60.0,0.14885907,1.51382108,9.9,134.4,0.24978048,3.39095921
24,NIFTY26APRFUT,2026-04-07 14:40:00+05:30,UP,23080.0,23061.19050233,38.91629802,4,2,-1.0,100.0,0.02569617,2.56961749,104.4,11.9,2.68268066,0.30578448
25,NIFTY26APRFUT,2026-04-08 10:25:00+05:30,DOWN,23951.0,23940.52902117,55.58740027,24,0,-2.0,799.7,0.03597938,14.38635367,8.0,108.6,0.14391751,1.95368014
26,NIFTY26APRFUT,2026-04-08 10:30:00+05:30,UP,23962.6,23941.20389855,53.11687168,1,1,7.0,816.0,0.13178487,15.3623505,97.0,19.6,1.82616176,0.36899763
27,NIFTY26APRFUT,2026-04-08 11:45:00+05:30,DOWN,24030.8,24030.06604059,35.7495443,15,2,-1.1,89.0,0.03076962,2.48954222,82.5,9.2,2.30772172,0.25734594
28,NIFTY26APRFUT,2026-04-08 12:55:00+05:30,UP,24028.7,23995.17813695,30.2518033,14,1,12.6,-12.0,0.4165041,0.39667057,41.1,28.7,1.3585967,0.94870378
29,NIFTY26APRFUT,2026-04-08 14:00:00+05:30,DOWN,24021.9,24031.18228979,26.18036457,13,1,-0.7,11.0,0.0267376,0.42016222,21.9,68.1,0.83650478,2.60118608
30,NIFTY26APRFUT,2026-04-08 14:25:00+05:30,UP,24040.0,24025.70941328,24.58049009,5,2,-16.6,35.6,0.67533234,1.4483031,50.0,25.0,2.03413357,1.01706678
31,NIFTY26APRFUT,2026-04-09 09:15:00+05:30,DOWN,23975.0,24052.97512068,36.81425918,13,2,-94.4,-42.4,2.56422381,1.15172764,145.0,54.5,3.93869124,1.48040464
32,NIFTY26APRFUT,2026-04-09 10:30:00+05:30,UP,23925.0,23905.06700354,40.5811783,15,1,-5.0,-130.0,0.12320983,3.20345553,44.3,55.0,1.09163908,1.35530811
33,NIFTY26APRFUT,2026-04-09 10:45:00+05:30,DOWN,23885.2,23906.0029714,38.16175245,3,2,22.8,-171.3,0.59745684,4.48878757,15.2,84.1,0.39830456,2.2037772
34,NIFTY26APRFUT,2026-04-09 11:05:00+05:30,UP,23927.0,23901.00303782,36.57491961,4,2,-2.8,-97.9,0.07655519,2.67669761,42.3,61.3,1.15653022,1.67601189
35,NIFTY26APRFUT,2026-04-09 11:20:00+05:30,DOWN,23900.1,23902.13382898,36.61486822,3,3,-24.9,-29.9,0.68005161,0.81660816,35.1,69.2,0.95862697,1.88994262
36,NIFTY26APRFUT,2026-04-09 11:25:00+05:30,UP,23910.7,23902.55916244,35.92094906,1,4,10.7,22.3,0.29787632,0.62080765,58.6,45.7,1.63136002,1.2722381
37,NIFTY26APRFUT,2026-04-09 12:35:00+05:30,DOWN,23923.0,23942.00147739,31.94413739,14,3,-26.9,26.5,0.84209505,0.82957319,122.0,12.0,3.81916715,0.37565578
38,NIFTY26APRFUT,2026-04-09 14:55:00+05:30,UP,23823.0,23805.89369495,30.28770346,28,0,-36.1,-44.0,1.19190285,1.45273477,66.0,16.0,2.17910216,0.52826719
39,NIFTY26APRFUT,2026-04-10 10:55:00+05:30,DOWN,24045.0,24050.38833171,28.48155214,27,0,40.0,47.0,1.40441784,1.65019096,45.0,35.3,1.57997007,1.23939875
40,NIFTY26APRFUT,2026-04-10 12:05:00+05:30,UP,24058.4,24033.02764483,24.97907561,14,1,23.7,-1.5,0.94879412,0.06005026,21.9,19.7,0.8767338,0.78866009
41,NIFTY26APRFUT,2026-04-10 12:55:00+05:30,DOWN,24054.1,24055.98146338,22.10284931,10,1,-4.3,19.4,0.19454505,0.87771489,78.5,44.9,3.5515783,2.0314123
42,NIFTY26APRFUT,2026-04-10 13:05:00+05:30,UP,24058.0,24055.95701823,21.02337517,2,2,4.1,27.0,0.19502102,1.28428474,41.0,82.4,1.95021017,3.91944677
43,NIFTY26APRFUT,2026-04-10 13:10:00+05:30,DOWN,24048.3,24055.71576396,21.64313409,1,3,-19.3,2.4,0.89173776,0.11088967,72.7,50.7,3.35903292,2.34254428
44,NIFTY26APRFUT,2026-04-10 13:40:00+05:30,UP,24069.0,24051.1884009,19.48233251,6,4,19.4,16.0,0.99577399,0.8212569,51.0,93.4,2.61775637,4.79408715
45,NIFTY26APRFUT,2026-04-10 14:20:00+05:30,DOWN,23992.0,24066.41330937,29.23282307,8,4,-55.6,-58.0,1.90197163,1.98407112,7.0,128.0,0.23945686,4.37863971
46,NIFTY26APRFUT,2026-04-10 14:55:00+05:30,UP,24045.3,24029.10344012,28.8999508,7,2,-38.8,-1.2,1.34256284,0.04152256,74.7,9.5,2.58477949,0.32872028
47,NIFTY26APRFUT,2026-04-13 09:15:00+05:30,DOWN,23650.0,24070.19460319,59.48376723,7,2,-371.7,-413.5,6.24876361,6.95147633,12.0,139.8,0.20173571,2.35022102
48,NIFTY26APRFUT,2026-04-13 10:15:00+05:30,UP,23715.0,23695.11977033,42.88766699,12,2,51.9,-330.1,1.2101381,7.69685141,133.0,9.3,3.10112462,0.21684556
49,NIFTY26APRFUT,2026-04-13 13:00:00+05:30,DOWN,23815.0,23859.67700916,27.97978084,33,0,-33.0,35.0,1.17942311,1.25090329,1.9,120.0,0.06790618,4.28881129
50,NIFTY26APRFUT,2026-04-13 13:20:00+05:30,UP,23864.0,23852.57290393,27.73640464,4,1,-1.0,70.0,0.0360537,2.52375897,71.0,13.9,2.55981267,0.50114642
51,NIFTY26APRFUT,2026-04-13 14:20:00+05:30,DOWN,23878.0,23885.04058581,27.09515388,12,2,7.0,7.7,0.25834878,0.28418366,38.8,46.0,1.43199039,1.69772057
52,NIFTY26APRFUT,2026-04-13 14:30:00+05:30,UP,23911.0,23885.53771305,27.37898473,2,3,51.0,52.2,1.86274256,1.90657179,13.0,71.8,0.47481673,2.62244932
53,NIFTY26APRFUT,2026-04-13 15:05:00+05:30,DOWN,23869.3,23898.05888978,28.8851804,7,2,-5.7,9.3,0.19733302,0.32196441,30.1,8.7,1.04205685,0.30119251
54,NIFTY26APRFUT,2026-04-15 09:15:00+05:30,UP,24259.6,23887.28982167,57.78719858,5,3,368.0,350.3,6.36819242,6.06189621,39.4,79.6,0.68181191,1.37746771
55,NIFTY26APRFUT,2026-04-15 10:50:00+05:30,DOWN,24245.0,24273.11659309,35.01920308,19,1,-13.0,396.2,0.3712249,11.31379258,44.6,19.2,1.27358695,0.54827061
56,NIFTY26APRFUT,2026-04-15 11:45:00+05:30,UP,24255.0,24224.55026293,28.48930014,11,1,11.0,-14.0,0.38610987,0.49141256,9.2,49.8,0.32292826,1.74802469
57,NIFTY26APRFUT,2026-04-15 12:30:00+05:30,DOWN,24238.4,24250.85857388,21.71502137,9,2,-3.6,-6.6,0.16578386,0.30393707,33.2,21.6,1.52889557,0.99470314
58,NIFTY26APRFUT,2026-04-15 13:15:00+05:30,UP,24253.1,24236.76128229,22.49715126,9,2,8.1,28.1,0.36004559,1.24904703,25.9,47.9,1.15125687,2.12915846
59,NIFTY26APRFUT,2026-04-15 13:20:00+05:30,DOWN,24208.1,24236.17045318,24.46164046,1,3,-30.3,-33.9,1.23867408,1.38584328,2.9,70.9,0.11855296,2.89841559
60,NIFTY26APRFUT,2026-04-15 13:55:00+05:30,UP,24244.9,24226.49126836,25.28155052,7,3,18.3,0.5,0.72384801,0.01977727,34.1,24.9,1.34880968,0.98490795
61,NIFTY26APRFUT,2026-04-15 15:10:00+05:30,DOWN,24239.0,24256.19365689,21.01146423,15,1,-11.5,8.4,0.54732026,0.39978175,19.0,1.0,0.90426825,0.04759307
62,NIFTY26APRFUT,2026-04-16 09:15:00+05:30,UP,24370.0,24248.87069027,28.47219986,4,2,125.0,146.0,4.39024735,5.12780891,20.0,104.0,0.70243958,3.6526858
63,NIFTY26APRFUT,2026-04-16 09:55:00+05:30,DOWN,24271.6,24323.04670561,32.53249671,8,2,41.6,13.6,1.27872141,0.41804354,6.5,58.4,0.19980022,1.79512813
64,NIFTY26APRFUT,2026-04-16 10:40:00+05:30,UP,24316.4,24306.71262978,29.19895434,9,2,8.3,80.9,0.28425675,2.77064716,13.6,163.9,0.4657701,5.61321471
65,NIFTY26APRFUT,2026-04-16 11:25:00+05:30,DOWN,24294.0,24315.03934895,24.11074409,9,2,-6.0,-29.0,0.24885171,1.20278329,168.7,6.0,6.9968807,0.24885171
66,NIFTY26APRFUT,2026-04-16 13:45:00+05:30,UP,24162.8,24138.60465952,26.05843119,28,0,7.8,-17.1,0.29932731,0.65621755,87.2,22.8,3.34632578,0.87495674
67,NIFTY26APRFUT,2026-04-16 15:10:00+05:30,DOWN,24187.1,24221.6145321,28.71342111,17,1,15.9,51.3,0.55374802,1.78662096,12.1,17.9,0.42140572,0.62340186
68,NIFTY26APRFUT,2026-04-17 09:45:00+05:30,UP,24215.0,24198.54840578,34.66850567,10,1,27.9,43.8,0.804765,1.26339452,99.0,7.2,2.85561775,0.20768129
69,NIFTY26APRFUT,2026-04-17 10:55:00+05:30,DOWN,24262.0,24269.88292717,29.2295553,14,1,3.0,55.0,0.10263584,1.88165709,20.0,69.4,0.68423894,2.37430913
70,NIFTY26APRFUT,2026-04-17 11:15:00+05:30,UP,24279.3,24265.61750135,27.69311039,4,2,-7.8,79.3,0.2816585,2.86352811,52.1,13.5,1.88133436,0.48748587
71,NIFTY26APRFUT,2026-04-17 12:10:00+05:30,DOWN,24290.9,24292.78974948,24.01698031,11,2,0.8,23.3,0.03330977,0.97014694,25.1,39.1,1.04509392,1.62801482
72,NIFTY26APRFUT,2026-04-17 13:10:00+05:30,UP,24296.0,24278.41180004,18.8269337,12,1,-2.0,6.4,0.10623079,0.33993852,79.0,16.8,4.19611612,0.89233862
73,NIFTY26APRFUT,2026-04-20 09:35:00+05:30,DOWN,24341.7,24369.97767921,33.32527389,32,0,-19.2,25.7,0.5761393,0.77118646,58.7,114.5,1.76142588,3.43583073
74,NIFTY26APRFUT,2026-04-20 10:05:00+05:30,UP,24388.0,24342.56725724,36.46883427,6,1,54.0,38.4,1.48071637,1.05295387,83.4,28.2,2.28688418,0.77326299
75,NIFTY26APRFUT,2026-04-20 11:15:00+05:30,DOWN,24433.0,24429.82788522,31.00028174,14,2,21.0,91.3,0.6774132,2.94513452,10.0,57.0,0.32257771,1.83869297
76,NIFTY26APRFUT,2026-04-20 11:20:00+05:30,UP,24465.4,24430.97641595,31.70740447,1,2,29.2,162.4,0.92092054,5.12183204,24.6,50.2,0.77584402,1.58322641
77,NIFTY26APRFUT,2026-04-20 12:10:00+05:30,DOWN,24431.9,24459.32412088,24.69208799,10,2,-33.5,-4.3,1.35670989,0.17414485,81.9,58.1,3.31685194,2.35298044
78,NIFTY26APRFUT,2026-04-20 12:30:00+05:30,UP,24469.9,24452.25287621,23.52117673,4,3,4.9,43.9,0.20832291,1.86640322,20.1,119.9,0.85454908,5.09753408
79,NIFTY26APRFUT,2026-04-20 13:05:00+05:30,DOWN,24415.1,24459.94311163,24.40559545,7,2,-20.0,-54.9,0.81948421,2.24948414,65.1,12.9,2.66742109,0.52856731
80,NIFTY26APRFUT,2026-04-20 14:20:00+05:30,UP,24397.1,24374.6756524,28.81562214,15,1,9.1,-62.3,0.31580092,2.16202169,30.9,96.4,1.07233499,3.34540755
81,NIFTY26APRFUT,2026-04-20 14:55:00+05:30,DOWN,24383.6,24389.12702178,27.09678029,7,1,25.6,-19.0,0.94476169,0.70119032,82.9,30.4,3.05940407,1.12190451
82,NIFTY26APRFUT,2026-04-20 15:00:00+05:30,UP,24397.0,24389.17064496,27.33272456,1,2,23.2,16.4,0.84879939,0.60001336,0.0,96.3,0.0,3.5232492
83,NIFTY26APRFUT,2026-04-20 15:05:00+05:30,DOWN,24375.0,24388.59212402,27.63752995,1,3,0.0,-3.9,0.0,0.14111247,74.3,5.0,2.68837339,0.18091342
84,NIFTY26APRFUT,2026-04-21 09:20:00+05:30,UP,24448.2,24359.84228666,35.65065423,6,4,68.2,74.5,1.91300837,2.08972322,118.0,16.2,3.30989718,0.45440961
85,NIFTY26APRFUT,2026-04-21 11:30:00+05:30,DOWN,24523.0,24547.90543025,21.97204047,26,0,-8.3,26.4,0.37775281,1.20152701,8.0,57.0,0.36409909,2.59420604
86,NIFTY26APRFUT,2026-04-21 12:05:00+05:30,UP,24545.3,24538.16433954,19.89896335,7,1,-6.2,53.3,0.31157402,2.67853149,34.7,24.5,1.74380943,1.23121992
87,NIFTY26APRFUT,2026-04-21 12:50:00+05:30,DOWN,24539.8,24558.10163743,20.17781018,9,2,-9.4,-15.3,0.46585828,0.75825869,19.0,50.2,0.94162844,2.48788147
88,NIFTY26APRFUT,2026-04-21 13:25:00+05:30,UP,24553.7,24543.14512231,18.3051927,7,2,-7.3,17.7,0.39879394,0.96693874,50.3,32.9,2.74785417,1.79730422
89,NIFTY26APRFUT,2026-04-21 13:45:00+05:30,DOWN,24541.5,24547.25544932,20.18130229,4,3,2.5,-3.8,0.12387704,0.1882931,8.5,62.5,0.42118194,3.09692601
90,NIFTY26APRFUT,2026-04-21 13:50:00+05:30,UP,24554.1,24547.50502092,19.93978069,1,3,24.0,-13.9,1.20362407,0.69709894,49.9,21.1,2.50253505,1.05818616
91,NIFTY26APRFUT,2026-04-21 14:05:00+05:30,DOWN,24536.0,24549.55220629,19.78319905,3,4,-11.1,-31.6,0.56108216,1.59731497,3.0,68.0,0.15164383,3.43726006
92,NIFTY26APRFUT,2026-04-21 14:15:00+05:30,UP,24564.8,24549.02183797,20.47837061,2,5,11.1,3.8,0.54203531,0.18556164,39.2,22.8,1.9142148,1.11336983
93,NIFTY26APRFUT,2026-04-22 09:15:00+05:30,DOWN,24465.0,24575.44639725,27.79869856,15,3,-88.7,-89.1,3.19079686,3.20518602,140.0,13.9,5.03620699,0.50002341
94,NIFTY26APRFUT,2026-04-22 10:40:00+05:30,UP,24391.0,24360.02401954,26.95869653,17,1,6.2,-194.1,0.22998145,7.199903,48.7,20.0,1.80646716,0.74187563
95,NIFTY26APRFUT,2026-04-22 11:45:00+05:30,DOWN,24395.0,24417.59614834,24.75471124,13,1,-22.9,39.9,0.92507643,1.6118144,31.0,44.7,1.25228688,1.80571688
96,NIFTY26APRFUT,2026-04-22 12:00:00+05:30,UP,24439.7,24414.9148734,24.52831654,3,2,29.7,101.2,1.21084543,4.12584369,0.0,75.7,0.0,3.08622892
97,NIFTY26APRFUT,2026-04-22 12:15:00+05:30,DOWN,24400.0,24414.83278201,24.10459601,3,3,-23.0,20.0,0.95417488,0.82971729,36.0,40.0,1.49349112,1.65943457
98,NIFTY26APRFUT,2026-04-22 13:00:00+05:30,UP,24415.0,24404.76127797,25.61540539,9,3,0.0,-15.0,0.0,0.58558511,31.0,51.0,1.21020923,1.99098938
99,NIFTY26APRFUT,2026-04-22 13:20:00+05:30,DOWN,24367.0,24408.31026759,26.17849837,4,4,-37.1,-38.0,1.41719359,1.45157295,0.9,79.0,0.03437936,3.01774376
100,NIFTY26APRFUT,2026-04-22 13:40:00+05:30,UP,24415.0,24403.98158835,24.43313963,4,4,13.7,-24.7,0.56071386,1.01092207,31.0,53.0,1.26876859,2.169185
101,NIFTY26APRFUT,2026-04-22 14:10:00+05:30,DOWN,24398.0,24408.37196531,24.98470096,6,3,31.0,-6.1,1.2407593,0.24414941,36.0,20.0,1.44088176,0.80048987
102,NIFTY26APRFUT,2026-04-22 14:50:00+05:30,UP,24405.0,24397.82499084,22.47515413,8,3,4.9,-19.0,0.21801853,0.84537796,13.0,43.0,0.5784165,1.91322381
103,NIFTY26APRFUT,2026-04-22 15:00:00+05:30,DOWN,24370.0,24398.25048341,23.87347473,2,4,-28.0,3.0,1.1728498,0.12566248,8.0,24.9,0.33509994,1.04299857
104,NIFTY26APRFUT,2026-04-23 10:00:00+05:30,UP,24279.4,24227.37484504,37.98916017,15,2,-105.6,-123.6,2.77974031,3.25355968,8.6,124.4,0.22638037,3.27461832
105,NIFTY26APRFUT,2026-04-23 10:35:00+05:30,DOWN,24196.5,24250.63786187,34.40714929,7,1,-48.5,-188.5,1.40959077,5.47851257,41.5,12.7,1.20614468,0.36910934
106,NIFTY26APRFUT,2026-04-23 11:50:00+05:30,UP,24198.4,24176.52812957,26.66897133,15,1,-1.6,-51.7,0.05999481,1.93858246,81.6,52.3,3.05973556,1.96108051
107,NIFTY26APRFUT,2026-04-23 12:30:00+05:30,DOWN,24159.0,24188.98550846,25.26748442,8,1,-8.9,-22.2,0.35223134,0.87859953,12.9,121.0,0.51053757,4.78876322
108,NIFTY26APRFUT,2026-04-23 13:05:00+05:30,UP,24192.8,24180.71301346,23.26388132,7,2,-6.2,15.1,0.26650755,0.64907484,87.2,52.8,3.74829973,2.26961268
109,NIFTY26APRFUT,2026-04-23 13:50:00+05:30,DOWN,24221.2,24221.28320278,27.33788334,9,2,34.3,21.2,1.25466919,0.77548067,81.2,28.8,2.97023727,1.05348317
110,NIFTY26APRFUT,2026-04-23 14:00:00+05:30,UP,24222.4,24221.37534649,27.40409329,2,3,26.9,17.4,0.98160518,0.63494164,7.6,82.4,0.27733083,3.00685008
111,NIFTY26APRFUT,2026-04-23 14:05:00+05:30,DOWN,24205.4,24220.53128338,27.20380091,1,4,-21.8,35.4,0.80135861,1.30128875,65.4,2.6,2.40407582,0.09557488
112,NIFTY26APRFUT,2026-04-23 15:25:00+05:30,UP,24168.0,24162.89937025,23.66124164,16,3,12.0,-37.3,0.50715851,1.57641769,,,,
113,NIFTY26APRFUT,2026-04-24 09:15:00+05:30,DOWN,24140.4,24162.4613565,29.60686724,1,4,-4.6,-80.8,0.15536936,2.72909658,205.4,4.6,6.93757966,0.15536936
114,NIFTY26APRFUT,2026-04-24 11:30:00+05:30,UP,23969.8,23947.858529,26.55026156,27,0,20.7,-5.2,0.77965334,0.19585494,0.3,99.7,0.01129932,3.75514191
115,NIFTY26APRFUT,2026-04-24 11:50:00+05:30,DOWN,23932.3,23952.1789029,24.78990317,4,1,-14.3,-80.3,0.57684776,3.23922201,70.2,32.3,2.83179807,1.30294982
116,NIFTY26APRFUT,2026-04-24 12:15:00+05:30,UP,23955.7,23946.00272931,22.45952769,5,2,-4.3,-7.3,0.1914555,0.3250291,5.7,105.7,0.25378984,4.70624322
117,NIFTY26APRFUT,2026-04-24 12:20:00+05:30,DOWN,23926.0,23945.82686965,23.65527571,1,3,-43.8,-23.1,1.85159541,0.97652635,76.0,15.6,3.21281396,0.65947234
118,NIFTY26APRFUT,2026-04-24 14:20:00+05:30,UP,23890.1,23872.98129436,24.92243676,24,0,21.1,-16.9,0.84662668,0.67810384,64.9,9.4,2.60407923,0.37717018
119,NIFTY26APRFUT,2026-04-24 15:10:00+05:30,DOWN,23914.0,23925.86875158,27.63193222,10,1,23.9,45.0,0.86494132,1.62855061,3.5,35.0,0.12666505,1.26665047
120,NIFTY26APRFUT,2026-04-24 15:20:00+05:30,UP,23932.7,23925.74064482,28.01477829,2,2,-4.5,81.7,0.16062951,2.91631792,4.3,7.7,0.15349042,0.27485493
121,NIFTY26APRFUT,2026-04-27 10:30:00+05:30,DOWN,24035.0,24092.36602927,36.69250002,17,2,-31.7,119.0,0.86393677,3.24316958,54.8,73.0,1.49349322,1.98950739
122,NIFTY26APRFUT,2026-04-27 10:55:00+05:30,UP,24086.0,24070.90959815,34.43786073,5,1,-15.1,41.0,0.43847091,1.19055014,14.0,105.8,0.40652932,3.07220012
123,NIFTY26APRFUT,2026-04-27 11:10:00+05:30,DOWN,24067.7,24072.14698098,34.22980322,3,2,-18.4,33.6,0.53754326,0.98160074,87.5,32.3,2.55625191,0.94362214
124,NIFTY26APRFUT,2026-04-27 11:15:00+05:30,UP,24085.1,24072.45130088,34.02053156,1,3,15.1,58.1,0.44384962,1.70779225,14.9,104.9,0.43797082,3.08343213
125,NIFTY26APRFUT,2026-04-27 11:25:00+05:30,DOWN,24044.0,24072.40726644,33.99831548,2,4,8.2,-61.0,0.24118842,1.79420654,63.8,58.6,1.87656356,1.72361481
126,NIFTY26APRFUT,2026-04-27 12:10:00+05:30,UP,24050.1,24032.1545405,30.48138713,9,5,-21.5,15.1,0.70534848,0.49538428,89.9,9.1,2.94934084,0.29854284
127,NIFTY26APRFUT,2026-04-27 14:30:00+05:30,DOWN,24087.1,24121.56254684,22.05227808,28,0,-31.9,7.1,1.44656257,0.3219622,2.1,52.9,0.09522826,2.39884514
128,NIFTY26APRFUT,2026-04-27 14:50:00+05:30,UP,24130.0,24115.72094823,23.14173819,4,1,7.0,22.0,0.30248376,0.95066325,10.0,26.7,0.43211966,1.15375949
129,NIFTY26APRFUT,2026-04-28 09:15:00+05:30,DOWN,24085.0,24119.10667147,31.23025095,8,2,-37.9,-37.0,1.21356694,1.18474873,14.0,94.0,0.4482833,3.00990217
130,NIFTY26APRFUT,2026-04-28 09:45:00+05:30,UP,24118.2,24107.56677164,32.53954387,6,3,-6.9,-6.1,0.21204968,0.18746421,60.8,68.2,1.86849577,2.09591137
131,NIFTY26APRFUT,2026-04-28 10:40:00+05:30,DOWN,24137.0,24149.66551193,26.00946504,11,2,15.6,25.0,0.59978166,0.96118855,135.9,42.0,5.22502096,1.61479676
132,NIFTY26APRFUT,2026-04-28 10:55:00+05:30,UP,24166.6,24150.19917022,24.34540623,3,3,10.2,81.6,0.41897021,3.35176169,1.4,176.6,0.05750572,7.25393523
133,NIFTY26APRFUT,2026-04-28 11:10:00+05:30,DOWN,24144.8,24152.22417568,23.66773232,3,3,-17.9,43.8,0.75630397,1.8506209,154.8,5.2,6.54055057,0.21970842
134,NIFTY26APRFUT,2026-04-28 13:05:00+05:30,UP,24036.8,24021.8768632,25.00373489,23,0,-1.3,-18.2,0.05199223,0.72789126,17.6,71.8,0.70389484,2.871571
135,NIFTY26APRFUT,2026-04-28 13:35:00+05:30,DOWN,23984.3,24025.94806355,26.81951407,6,1,-44.4,-73.7,1.65551098,2.74799908,13.3,64.6,0.49590757,2.4086939
136,NIFTY26APRFUT,2026-04-28 14:30:00+05:30,UP,24015.0,24001.37014857,25.94041906,11,2,8.7,-8.6,0.33538394,0.33152895,33.9,41.3,1.30684088,1.59210998
137,NIFTY26APRFUT,2026-04-28 15:10:00+05:30,DOWN,23976.6,24021.06356456,25.32672717,8,2,-33.4,-22.6,1.31876495,0.89233796,0.6,22.3,0.02369039,0.88049276
138,NIFTY26AUGFUT,2026-08-03 11:35:00+05:30,DOWN,24666.5,24670.92077858,11.56652144,12,0,0.3,19.6,0.02593693,1.69454577,35.5,22.7,3.0692028,1.96256066
139,NIFTY26AUGFUT,2026-08-03 11:50:00+05:30,UP,24678.0,24670.60682588,11.07818791,3,1,-0.1,25.0,0.00902675,2.25668676,11.2,47.0,1.01099567,4.24257111
140,NIFTY26AUGFUT,2026-08-03 12:35:00+05:30,DOWN,24657.0,24675.37135876,11.83810599,9,2,-12.5,-11.9,1.05591215,1.00522837,26.0,13.0,2.19629728,1.09814864
141,NIFTY26AUGFUT,2026-08-03 13:30:00+05:30,UP,24654.8,24644.25969556,13.17793499,11,2,-10.2,-23.2,0.77402112,1.76051863,9.6,30.3,0.72849047,2.29929803
142,NIFTY26AUGFUT,2026-08-03 14:05:00+05:30,DOWN,24646.1,24651.5115339,11.68657902,7,2,2.1,-28.9,0.1796933,2.47292214,21.6,18.9,1.84827399,1.61723974
143,NIFTY26AUGFUT,2026-08-03 14:40:00+05:30,UP,24661.7,24647.02867137,10.73986895,7,2,11.7,22.7,1.08939877,2.11361983,3.3,37.2,0.30726632,3.46372942
144,NIFTY26AUGFUT,2026-08-03 15:05:00+05:30,DOWN,24630.0,24650.58723539,11.46672287,5,3,-7.7,-20.1,0.67150834,1.75289838,5.0,35.0,0.43604437,3.05231062
145,NIFTY26AUGFUT,2026-08-03 15:35:00+05:30,UP,24664.9,24644.19956456,12.6137828,6,3,9.7,20.6,0.76900008,1.63313419,,,,
146,NIFTY26AUGFUT,2026-08-04 10:25:00+05:30,DOWN,24660.0,24681.12537957,15.2698349,15,1,-1.9,25.0,0.12442833,1.63721482,104.6,1.7,6.85010681,0.11133061
147,NIFTY26AUGFUT,2026-08-04 11:20:00+05:30,UP,24645.0,24645.53603752,14.74695648,11,1,-5.0,-33.0,0.33905301,2.23774987,5.0,112.0,0.33905301,7.59478745
148,NIFTY26AUGFUT,2026-08-04 11:25:00+05:30,DOWN,24638.1,24645.44094182,14.61503102,1,2,-8.0,-52.1,0.54738166,3.56482309,108.1,6.7,7.39649474,0.45843214
149,NIFTY26AUGFUT,2026-08-04 14:15:00+05:30,UP,24540.0,24519.26581006,23.03387746,34,0,20.0,-14.6,0.86828629,0.63384899,29.9,19.3,1.298088,0.83789627
150,NIFTY26AUGFUT,2026-08-05 10:15:00+05:30,DOWN,24691.1,24697.92219635,26.6499507,29,0,-16.9,156.1,0.63414751,5.85742172,51.1,48.9,1.91745195,1.8349002
151,NIFTY26AUGFUT,2026-08-05 10:55:00+05:30,UP,24722.0,24683.34198243,26.4622286,8,1,37.0,2.9,1.39821935,0.10959017,18.0,119.0,0.68021482,4.49697574
152,NIFTY26AUGFUT,2026-08-05 11:30:00+05:30,DOWN,24660.0,24703.24419641,24.44510239,7,2,-20.0,-22.0,0.8181598,0.89997578,81.0,25.0,3.31354718,1.02269975
153,NIFTY26AUGFUT,2026-08-05 14:05:00+05:30,UP,24607.3,24597.02963501,19.46721319,31,0,-11.6,-37.7,0.59587368,1.93658947,67.7,27.3,3.47764209,1.40235789
154,NIFTY26AUGFUT,2026-08-05 14:20:00+05:30,DOWN,24588.0,24597.07111425,19.01270677,3,1,-6.1,-19.0,0.32083806,0.99933167,3.0,87.0,0.15778921,4.57588712
155,NIFTY26AUGFUT,2026-08-05 14:50:00+05:30,UP,24605.6,24594.26422336,18.25597573,6,2,-1.7,-2.8,0.09312019,0.15337444,69.4,8.4,3.80149498,0.46012331
156,NIFTY26AUGFUT,2026-08-06 10:10:00+05:30,DOWN,24715.6,24722.62324293,23.51488072,21,0,0.6,105.6,0.02551576,4.49077336,19.6,42.7,0.83351475,1.81587143
157,NIFTY26AUGFUT,2026-08-06 10:30:00+05:30,UP,24723.1,24718.6160598,22.30568274,4,1,-4.7,76.1,0.21070864,3.41168665,35.2,27.1,1.57807319,1.21493703
158,NIFTY26AUGFUT,2026-08-06 11:00:00+05:30,DOWN,24718.0,24720.98185772,19.53691448,6,2,2.4,3.0,0.12284437,0.15355547,17.0,40.3,0.87014764,2.06276175
159,NIFTY26AUGFUT,2026-08-06 11:05:00+05:30,UP,24728.5,24721.21145416,19.1057063,1,3,24.1,11.0,1.26140325,0.57574422,29.8,27.5,1.55974344,1.43936055
160,NIFTY26AUGFUT,2026-08-06 11:45:00+05:30,DOWN,24718.0,24737.60752619,18.25991669,8,4,-2.2,13.4,0.12048248,0.73384782,18.3,32.0,1.00219515,1.7524724
161,NIFTY26AUGFUT,2026-08-06 12:00:00+05:30,UP,24741.9,24736.15756526,17.84815487,3,4,4.3,14.8,0.24092126,0.82921737,2.1,42.2,0.11765922,2.36439006
162,NIFTY26AUGFUT,2026-08-06 12:05:00+05:30,DOWN,24734.0,24736.1478082,17.57328667,1,5,-15.5,6.9,0.88202055,0.39264141,34.3,6.0,1.95182612,0.34142731
163,NIFTY26AUGFUT,2026-08-06 12:40:00+05:30,UP,24732.0,24731.12805032,15.16065844,7,5,-4.0,14.0,0.26384078,0.92344274,16.0,39.4,1.05536313,2.59883172
164,NIFTY26AUGFUT,2026-08-06 12:45:00+05:30,DOWN,24726.0,24730.81240752,14.74918284,1,5,-23.1,-2.5,1.56618846,0.16950092,33.4,24.0,2.26453224,1.62720879
165,NIFTY26AUGFUT,2026-08-06 13:55:00+05:30,UP,24732.1,24714.22189514,18.46201181,14,2,18.3,2.1,0.99122459,0.11374708,17.9,10.6,0.96955847,0.57415195
166,NIFTY26AUGFUT,2026-08-06 14:50:00+05:30,DOWN,24732.0,24736.83756487,14.13928739,11,1,-8.0,22.0,0.56579938,1.55594829,10.0,18.0,0.70724922,1.2730486
167,NIFTY26AUGFUT,2026-08-06 15:15:00+05:30,UP,24746.5,24733.78458258,14.39359537,5,2,1.0,24.0,0.06947534,1.66740827,3.5,16.5,0.24316371,1.14634319
168,NIFTY26AUGFUT,2026-08-07 09:15:00+05:30,DOWN,24675.0,24736.97964609,19.41895528,5,2,-57.0,-65.0,2.93527634,3.34724495,35.0,32.0,1.80236267,1.64787444
169,NIFTY26AUGFUT,2026-08-07 11:30:00+05:30,UP,24659.0,24642.58137753,19.30271065,27,0,13.0,-39.0,0.67348054,2.02044162,4.7,44.0,0.24348912,2.2794726
170,NIFTY26AUGFUT,2026-08-07 11:55:00+05:30,DOWN,24639.0,24648.76439154,18.05745438,5,1,-1.0,-11.6,0.05537879,0.64239398,24.0,9.5,1.32909099,0.52609852
171,NIFTY26AUGFUT,2026-08-07 12:40:00+05:30,UP,24631.7,24628.52997786,16.13297096,9,2,1.7,4.7,0.10537427,0.29132886,28.3,30.7,1.75417163,1.9029353
172,NIFTY26AUGFUT,2026-08-07 13:10:00+05:30,DOWN,24622.1,24632.35125384,15.19073155,6,3,2.1,-36.9,0.13824219,2.42911277,21.1,37.9,1.38900486,2.49494238
173,NIFTY26AUGFUT,2026-08-07 13:50:00+05:30,UP,24654.0,24629.73296878,17.49578613,8,2,24.0,33.0,1.37175888,1.88616846,9.0,53.0,0.51440958,3.02930086
174,NIFTY26AUGFUT,2026-08-07 14:05:00+05:30,DOWN,24620.0,24631.78348745,20.02654597,3,3,4.3,-8.0,0.21471501,0.39946978,19.0,43.0,0.94874074,2.14715009
175,NIFTY26AUGFUT,2026-08-07 14:40:00+05:30,UP,24629.0,24624.09693864,18.58528922,7,3,-25.0,-1.0,1.3451499,0.053806,34.0,8.0,1.82940387,0.43044797
176,NIFTY26AUGFUT,2026-08-10 09:30:00+05:30,DOWN,24615.0,24651.39944175,19.45325182,15,1,-35.0,0.0,1.79918506,0.0,15.0,75.0,0.77107931,3.85539655
177,NIFTY26AUGFUT,2026-08-10 10:15:00+05:30,UP,24645.0,24615.84449633,18.56639647,9,1,14.0,6.0,0.75405047,0.32316449,45.0,5.0,2.42373366,0.26930374
178,NIFTY26AUGFUT,2026-08-10 11:40:00+05:30,DOWN,24662.0,24673.03600507,17.65772518,17,1,-3.0,45.9,0.16989731,2.59942884,6.9,36.8,0.39076381,2.08407366
179,NIFTY26AUGFUT,2026-08-10 12:10:00+05:30,UP,24681.4,24670.34256467,16.78425412,6,1,1.4,23.8,0.08341151,1.41799569,17.4,24.4,1.03668592,1.45374348
180,NIFTY26AUGFUT,2026-08-10 12:55:00+05:30,DOWN,24675.0,24681.41920602,15.34408633,9,2,0.0,-3.0,0.0,0.19551506,30.0,17.5,1.95515063,1.14050453
181,NIFTY26AUGFUT,2026-08-10 13:35:00+05:30,UP,24677.0,24671.85850796,14.95991349,8,2,3.3,9.0,0.22058951,0.60160776,15.5,36.4,1.03610225,2.43316915
182,NIFTY26AUGFUT,2026-08-10 14:10:00+05:30,DOWN,24665.2,24678.78746058,15.25336781,7,2,-4.7,-19.8,0.30812867,1.29807399,24.6,9.8,1.61275859,0.64248107
183,NIFTY26AUGFUT,2026-08-10 15:20:00+05:30,UP,24663.5,24655.65612449,14.79716518,14,1,10.3,-22.0,0.69607927,1.48677127,9.1,8.5,0.61498266,0.57443435
184,NIFTY26AUGFUT,2026-08-11 09:15:00+05:30,DOWN,24576.0,24655.44263421,19.24965469,4,2,-72.6,-92.6,3.77149622,4.8104759,51.0,0.0,2.64939817,0.0
185,NIFTY26AUGFUT,2026-08-11 10:30:00+05:30,UP,24552.0,24545.2257813,18.47735039,15,2,13.7,-103.1,0.7414483,5.57980435,6.1,42.0,0.33013391,2.27305318
186,NIFTY26AUGFUT,2026-08-11 11:00:00+05:30,DOWN,24518.0,24546.73123381,16.57964268,6,1,-29.3,-43.9,1.76722747,2.64782546,8.0,19.0,0.48251945,1.14598368
187,NIFTY26AUGFUT,2026-08-11 11:45:00+05:30,UP,24534.9,24519.92306072,14.53869752,9,2,-13.1,-15.1,0.90104358,1.03860748,21.0,24.9,1.444421,1.71267061
188,NIFTY26AUGFUT,2026-08-11 12:10:00+05:30,DOWN,24520.0,24522.41234488,15.13664362,5,3,4.0,-32.0,0.26425938,2.11407501,10.0,35.9,0.66064844,2.3717279
189,NIFTY26AUGFUT,2026-08-11 12:35:00+05:30,UP,24527.0,24520.68571429,14.75929136,5,3,-7.9,-21.0,0.53525605,1.42283254,28.9,7.0,1.95808859,0.47427751
190,NIFTY26AUGFUT,2026-08-11 14:00:00+05:30,DOWN,24532.0,24541.53507344,13.7491226,17,1,-9.5,12.0,0.69095318,0.87278297,8.0,32.0,0.58185531,2.32742124
191,NIFTY26AUGFUT,2026-08-11 14:50:00+05:30,UP,24545.0,24536.03304922,12.60616848,10,1,13.0,3.5,1.03124118,0.27764185,19.0,21.0,1.50719864,1.66585113
192,NIFTY26AUGFUT,2026-08-11 15:30:00+05:30,DOWN,24536.5,24544.92287171,13.04138199,8,2,0.5,3.5,0.0383395,0.26837647,12.5,3.0,0.95848738,0.23003697
193,NIFTY26AUGFUT,2026-08-12 12:30:00+05:30,UP,24395.0,24378.00724839,17.68021266,41,0,10.0,-41.9,0.56560406,2.369881,9.2,24.0,0.52035573,1.35744974
194,NIFTY26AUGFUT,2026-08-12 12:55:00+05:30,DOWN,24376.2,24383.42902057,15.96102666,5,1,-1.7,-23.8,0.10650944,1.49113215,5.2,53.8,0.32579358,3.37071049
195,NIFTY26AUGFUT,2026-08-12 13:15:00+05:30,UP,24393.0,24382.60204884,14.80112147,4,2,9.0,17.9,0.60806203,1.20936782,95.9,21.0,6.47923877,1.41881141
196,NIFTY26AUGFUT,2026-08-12 13:55:00+05:30,DOWN,24382.4,24388.78499413,15.4353298,8,3,0.4,0.8,0.02591457,0.05182915,9.9,106.5,0.64138571,6.89975539
197,NIFTY26AUGFUT,2026-08-12 14:25:00+05:30,UP,24400.0,24384.51239648,14.84898177,6,3,5.6,21.5,0.37713024,1.44791073,88.9,8.0,5.9869425,0.53875748
198,NIFTY26AUGFUT,2026-08-13 09:20:00+05:30,DOWN,24416.5,24464.55580812,21.32358012,16,1,-53.4,31.8,2.50426991,1.4913068,31.1,18.9,1.45847929,0.88634272
199,NIFTY26AUGFUT,2026-08-13 10:10:00+05:30,UP,24425.0,24421.21128908,20.13219243,10,1,8.5,-44.9,0.42220936,2.23025883,23.0,39.6,1.14244885,1.96699888
200,NIFTY26AUGFUT,2026-08-13 10:25:00+05:30,DOWN,24391.0,24420.30780214,20.82369781,3,2,-26.0,-73.1,1.24857747,3.51042359,5.6,123.0,0.26892438,5.9067319
201,NIFTY26AUGFUT,2026-08-13 10:55:00+05:30,UP,24412.9,24408.24437443,18.55986825,6,3,-5.1,-8.1,0.27478643,0.43642551,101.1,22.9,5.44723694,1.23384497
202,NIFTY26AUGFUT,2026-08-13 11:10:00+05:30,DOWN,24397.0,24408.53096994,19.0326642,3,3,-13.0,2.0,0.68303627,0.1050825,6.0,117.0,0.31524751,6.14732645
203,NIFTY26AUGFUT,2026-08-13 11:25:00+05:30,UP,24414.9,24407.93028562,18.5580041,3,4,15.9,-10.1,0.85677317,0.54423956,99.1,5.2,5.34001391,0.28020255
204,NIFTY26AUGFUT,2026-08-13 12:50:00+05:30,DOWN,24465.5,24478.24197376,18.52298494,17,2,-29.5,68.5,1.59261588,3.69810806,15.0,33.5,0.80980469,1.8085638
205,NIFTY26AUGFUT,2026-08-13 13:40:00+05:30,UP,24482.1,24461.90030289,17.02959032,10,1,16.6,-12.9,0.97477389,0.75750501,16.9,27.2,0.99239029,1.59721987
206,NIFTY26AUGFUT,2026-08-13 14:15:00+05:30,DOWN,24465.0,24478.45133679,16.51786967,7,2,8.0,-7.5,0.48432396,0.45405371,10.1,25.0,0.611459,1.51351237
207,NIFTY26AUGFUT,2026-08-13 15:30:00+05:30,UP,24474.0,24464.58507938,13.88670181,15,1,0.4,-20.0,0.02880454,1.44022679,1.5,8.9,0.10801701,0.64090092
208,NIFTY26AUGFUT,2026-08-14 09:15:00+05:30,DOWN,24394.9,24462.67714767,18.18496227,2,2,-65.3,-90.1,3.59087905,4.95464322,24.6,24.9,1.35276607,1.36926322
209,NIFTY26AUGFUT,2026-08-14 10:05:00+05:30,UP,24418.0,24404.4365284,18.67987308,10,2,23.1,-42.2,1.2366251,2.25911599,1.8,48.0,0.0963604,2.56961061
210,NIFTY26AUGFUT,2026-08-14 10:25:00+05:30,DOWN,24400.1,24407.38153259,16.17074539,4,3,-8.9,-63.9,0.55037661,3.95158037,30.1,8.7,1.86138606,0.53800859
211,NIFTY26AUGFUT,2026-08-14 11:50:00+05:30,UP,24385.1,24383.77465991,16.61106903,17,1,2.7,-27.2,0.16254222,1.63746234,35.8,4.2,2.15518941,0.25284345
212,NIFTY26AUGFUT,2026-08-14 13:30:00+05:30,DOWN,24396.0,24411.03912062,12.81750852,20,1,1.0,10.9,0.07801828,0.85039928,1.4,81.0,0.1092256,6.31948088
213,NIFTY26AUGFUT,2026-08-14 13:40:00+05:30,UP,24430.0,24411.25118107,13.54774969,2,1,17.0,45.0,1.25482094,3.32158484,47.0,0.0,3.46921083,0.0
214,NIFTY26AUGFUT,2026-08-14 14:40:00+05:30,DOWN,24454.9,24456.26533551,13.86129336,12,2,-1.9,47.9,0.13707235,3.45566599,13.8,15.0,0.99557809,1.0821501
215,NIFTY26AUGFUT,2026-08-14 14:55:00+05:30,UP,24457.6,24455.0702948,14.09120317,3,3,0.6,46.6,0.04257976,3.30702776,6.0,16.5,0.42579757,1.1709433
216,NIFTY26AUGFUT,2026-08-14 15:10:00+05:30,DOWN,24448.3,24455.10510951,13.47444365,3,4,-8.7,52.3,0.64566673,3.88142185,7.2,10.3,0.53434488,0.76441004
217,NIFTY26AUGFUT,2026-08-17 11:30:00+05:30,UP,24315.0,24305.16252427,13.75984938,33,0,15.7,-32.5,1.14100086,2.36194446,110.0,5.0,7.99427355,0.36337607
218,NIFTY26AUGFUT,2026-08-17 13:55:00+05:30,DOWN,24416.0,24418.16704789,16.30177454,29,0,1.0,74.0,0.06134302,4.53938311,46.0,9.8,2.82177869,0.60116155
219,NIFTY26AUGFUT,2026-08-17 14:05:00+05:30,UP,24419.8,24418.10808979,15.31887702,2,1,3.0,67.9,0.19583681,4.43243979,6.0,49.8,0.39167362,3.25089104
220,NIFTY26AUGFUT,2026-08-17 14:10:00+05:30,DOWN,24410.0,24417.76753933,15.51752867,1,2,-3.9,55.0,0.25132868,3.54437882,40.0,15.8,2.57773005,1.01820337
221,NIFTY26AUGFUT,2026-08-17 14:50:00+05:30,UP,24421.0,24410.70288172,15.7368663,8,3,1.3,-1.1,0.08260857,0.06989956,4.8,51.0,0.30501625,3.24079769
222,NIFTY26AUGFUT,2026-08-17 15:20:00+05:30,DOWN,24398.1,24414.80209932,15.25803972,6,4,-6.0,-31.8,0.39323531,2.08414715,28.1,7.0,1.84165204,0.45877453
223,NIFTY26AUGFUT,2026-08-18 10:35:00+05:30,UP,24261.3,24257.54716863,17.49109666,20,1,-3.7,-136.8,0.21153619,7.82112195,7.9,51.6,0.45165836,2.95007231
224,NIFTY26AUGFUT,2026-08-18 10:40:00+05:30,DOWN,24254.9,24257.50257791,18.32030405,1,1,-18.2,-136.8,0.99343329,7.46712498,45.2,4.1,2.46720796,0.22379541
225,NIFTY26AUGFUT,2026-08-18 11:45:00+05:30,UP,24243.0,24237.48862718,16.21746768,13,2,7.0,-13.0,0.43163336,0.8016048,21.0,17.0,1.29490007,1.04825244
226,NIFTY26AUGFUT,2026-08-18 12:45:00+05:30,DOWN,24245.0,24251.31828073,14.81032976,12,1,-8.5,-2.4,0.57392375,0.16204906,20.0,12.0,1.35040882,0.81024529
227,NIFTY26AUGFUT,2026-08-18 13:15:00+05:30,UP,24253.0,24248.62159813,14.56694777,6,2,-6.9,12.0,0.47367507,0.82378273,3.4,28.0,0.23340511,1.9221597
228,NIFTY26AUGFUT,2026-08-18 13:20:00+05:30,DOWN,24245.0,24248.50551734,14.54073722,1,3,-13.8,0.8,0.94905779,0.05501784,20.0,24.9,1.37544608,1.71243037
229,NIFTY26AUGFUT,2026-08-18 14:30:00+05:30,UP,24243.9,24240.78080551,15.13139452,14,2,4.9,-7.1,0.32383003,0.46922311,26.0,28.9,1.71828181,1.90993632
230,NIFTY26AUGFUT,2026-08-18 15:10:00+05:30,DOWN,24231.0,24243.28342093,15.4662131,8,1,-10.0,-9.4,0.64657069,0.60777644,16.0,10.9,1.0345131,0.70476205
231,NIFTY26AUGFUT,2026-08-19 11:25:00+05:30,UP,24117.4,24112.75363225,14.65268235,32,0,8.9,-30.6,0.60739732,2.08835483,23.6,16.0,1.6106266,1.09195024
232,NIFTY26AUGFUT,2026-08-19 11:40:00+05:30,DOWN,24110.0,24112.84723856,14.27661921,3,1,-4.9,-47.9,0.34321851,3.35513607,9.0,31.0,0.63040135,2.17138242
233,NIFTY26AUGFUT,2026-08-19 11:45:00+05:30,UP,24127.0,24113.10112538,14.82828927,1,2,8.6,-23.0,0.5799725,1.55108924,14.0,27.0,0.94414128,1.8208439
234,NIFTY26AUGFUT,2026-08-19 12:15:00+05:30,DOWN,24119.1,24121.33993228,15.30689141,6,3,1.7,10.6,0.11106109,0.69249854,20.1,10.9,1.31313403,0.71209756
235,NIFTY26AUGFUT,2026-08-19 12:25:00+05:30,UP,24125.5,24121.1559431,15.8084931,2,4,18.5,14.5,1.17025702,0.91722847,9.5,26.5,0.60094279,1.67631411
236,NIFTY26AUGFUT,2026-08-19 12:30:00+05:30,DOWN,24115.0,24120.8933247,16.14360074,1,5,5.0,0.1,0.30972025,0.0061944,16.0,21.0,0.99110479,1.30082504
237,NIFTY26AUGFUT,2026-08-19 13:00:00+05:30,UP,24128.9,24116.3587802,16.69340398,6,6,18.4,10.4,1.10223176,0.62300056,27.1,38.9,1.62339569,2.3302617
238,NIFTY26AUGFUT,2026-08-19 13:20:00+05:30,DOWN,24101.2,24117.84267452,16.38485295,4,6,-13.8,-8.8,0.84224131,0.53708141,11.2,54.8,0.68355816,3.34455244
239,NIFTY26AUGFUT,2026-08-19 14:05:00+05:30,UP,24128.0,24108.88051122,15.53666639,9,4,12.8,2.5,0.82385756,0.16090968,28.0,38.0,1.8021884,2.44582712
240,NIFTY26AUGFUT,2026-08-19 14:25:00+05:30,DOWN,24103.7,24111.59114771,16.4932067,4,3,-7.3,-10.3,0.44260647,0.62449954,3.7,52.3,0.22433479,3.17100252
241,NIFTY26AUGFUT,2026-08-19 14:40:00+05:30,UP,24111.6,24111.15365702,18.43588744,3,4,1.6,-17.3,0.08678725,0.93838716,21.3,11.6,1.15535529,0.62920757
242,NIFTY26AUGFUT,2026-08-19 14:45:00+05:30,DOWN,24100.4,24110.69753442,18.96189548,1,4,-3.6,-27.6,0.18985444,1.45555069,-0.6,32.5,-0.03164241,1.71396367
243,NIFTY26AUGFUT,2026-08-19 15:00:00+05:30,UP,24122.3,24110.66762039,17.78836894,3,5,-2.6,21.1,0.14616292,1.18616834,10.6,14.3,0.59589499,0.80389608
244,NIFTY26AUGFUT,2026-08-20 10:35:00+05:30,DOWN,24265.0,24271.2212376,16.36508377,24,0,1.0,146.2,0.06110571,8.93365424,7.3,32.3,0.44607165,1.97371431
245,NIFTY26AUGFUT,2026-08-20 10:55:00+05:30,UP,24275.0,24270.71172068,15.4032163,4,1,6.0,30.6,0.38952904,1.98659808,22.3,17.3,1.44774958,1.12314205
246,NIFTY26AUGFUT,2026-08-20 11:15:00+05:30,DOWN,24260.1,24271.39990002,14.23744171,4,2,-8.3,0.1,0.5829699,0.00702373,2.4,91.9,0.16856961,6.45481132
247,NIFTY26AUGFUT,2026-08-20 11:35:00+05:30,UP,24283.9,24269.6862272,14.031507,4,3,8.4,14.9,0.59865273,1.06189592,68.1,8.6,4.85336322,0.61290637
248,NIFTY26AUGFUT,2026-08-20 13:50:00+05:30,DOWN,24318.0,24326.9191373,12.3216856,27,0,-6.0,29.5,0.48694636,2.39415296,33.0,10.6,2.678205,0.86027191
249,NIFTY26AUGFUT,2026-08-20 14:35:00+05:30,UP,24319.0,24317.11742568,12.95294791,9,1,-9.0,-12.0,0.69482253,0.92643004,7.0,34.3,0.54041752,2.64804585
250,NIFTY26AUGFUT,2026-08-20 14:40:00+05:30,DOWN,24311.5,24317.10105641,13.06345163,1,2,-6.5,-12.5,0.49757141,0.95686809,26.8,11.6,2.05152518,0.88797359
251,NIFTY26AUGFUT,2026-08-21 09:50:00+05:30,UP,24302.0,24285.64467217,17.41436428,19,2,7.0,-17.0,0.40196701,0.9762056,13.0,29.1,0.74651017,1.6710343
252,NIFTY26AUGFUT,2026-08-21 10:05:00+05:30,DOWN,24275.0,24286.21536518,17.33686528,3,1,-24.4,-33.0,1.40740553,1.90345829,2.1,40.0,0.12112916,2.30722217
253,NIFTY26AUGFUT,2026-08-21 10:20:00+05:30,UP,24296.6,24285.82165275,17.74092311,3,2,28.6,1.4,1.61209199,0.07891359,18.4,8.6,1.03715009,0.48475493
254,NIFTY26AUGFUT,2026-08-21 11:35:00+05:30,DOWN,24302.0,24306.65014334,11.84802268,15,2,0.9,14.0,0.07596204,1.18163177,26.1,8.0,2.20289923,0.67521815
255,NIFTY26AUGFUT,2026-08-21 13:05:00+05:30,UP,24301.5,24288.28071042,10.46293937,18,1,8.8,-8.2,0.84106384,0.78371858,8.5,25.5,0.81239121,2.43717364
256,NIFTY26AUGFUT,2026-08-21 13:35:00+05:30,DOWN,24284.5,24293.66195075,11.83130107,6,1,-3.5,-5.8,0.29582545,0.49022504,8.5,20.5,0.71843324,1.73269194
257,NIFTY26AUGFUT,2026-08-21 14:20:00+05:30,UP,24295.0,24288.92470348,11.73386199,9,2,6.0,10.0,0.5113406,0.85223433,10.0,13.7,0.85223433,1.16756103
258,NIFTY26AUGFUT,2026-08-21 14:55:00+05:30,DOWN,24285.2,24292.95710294,11.52415621,7,2,1.2,-16.6,0.1041291,1.44045253,3.9,14.2,0.33841957,1.23219434
259,NIFTY26AUGFUT,2026-08-24 09:15:00+05:30,UP,24338.0,24289.89147882,13.06079812,9,2,44.0,48.0,3.36885997,3.67511997,7.0,69.0,0.535955,5.28298496
260,NIFTY26AUGFUT,2026-08-24 09:55:00+05:30,DOWN,24304.6,24314.70015504,13.5119389,8,2,18.8,19.1,1.39136212,1.41356471,109.3,17.4,8.08914256,1.28775005
261,NIFTY26AUGFUT,2026-08-24 10:30:00+05:30,UP,24313.2,24309.29802597,12.3510741,7,2,0.6,25.2,0.04857877,2.04030838,6.8,117.9,0.5505594,9.5457285
262,NIFTY26AUGFUT,2026-08-24 10:55:00+05:30,DOWN,24269.0,24309.62646142,14.10530555,5,3,-36.4,-69.0,2.58058926,4.89177634,73.7,21.0,5.2249843,1.4888015
263,NIFTY26AUGFUT,2026-08-24 12:20:00+05:30,UP,24215.0,24211.35870755,14.43002283,17,1,14.6,-99.0,1.01177941,6.86069601,3.0,41.4,0.20789988,2.86901833
264,NIFTY26AUGFUT,2026-08-24 12:35:00+05:30,DOWN,24210.0,24211.9223,13.67134117,3,2,-7.0,-59.0,0.51201999,4.31559708,36.4,5.0,2.66250396,0.36572857
265,NIFTY26AUGFUT,2026-08-24 14:25:00+05:30,UP,24206.1,24193.32911325,14.58330529,22,0,6.3,-5.6,0.43200083,0.38400074,12.9,18.1,0.88457313,1.24114524
266,NIFTY26AUGFUT,2026-08-24 15:15:00+05:30,DOWN,24205.0,24209.64736846,14.20737573,10,1,-1.1,5.2,0.07742457,0.36600707,17.0,13.0,1.19656158,0.91501768
267,NIFTY26AUGFUT,2026-08-25 10:50:00+05:30,UP,24168.0,24149.80895739,16.13790773,24,0,9.2,-20.1,0.57008629,1.24551462,37.0,17.8,2.29273835,1.10299305
268,NIFTY26AUGFUT,2026-08-25 12:40:00+05:30,DOWN,24169.1,24185.39251663,13.30099144,22,0,-5.9,15.3,0.44357596,1.15029019,32.9,24.9,2.47349983,1.8720409
269,NIFTY26AUGFUT,2026-08-25 13:50:00+05:30,UP,24192.5,24147.39399154,13.87415658,14,1,36.5,4.8,2.63079055,0.34596698,154.5,37.5,11.13581204,2.702867
270,NIFTY26JULFUT,2026-06-30 13:15:00+05:30,DOWN,24027.0,24040.29984319,20.60937819,2,0,-3.0,,0.1455648,,69.1,51.0,3.35284254,2.47460159
271,NIFTY26JULFUT,2026-06-30 13:45:00+05:30,UP,24033.0,24033.29378018,21.49195522,6,1,-11.9,9.0,0.55369555,0.41876134,45.0,81.0,2.09380671,3.76885207
272,NIFTY26JULFUT,2026-06-30 13:55:00+05:30,DOWN,24017.5,24033.08174859,21.38847159,2,2,-12.1,-3.1,0.56572532,0.14493789,65.5,60.5,3.06239741,2.82862662
273,NIFTY26JULFUT,2026-06-30 14:30:00+05:30,UP,24050.0,24009.12240328,29.61204752,7,3,2.0,2.0,0.06754008,0.06754008,9.0,98.0,0.30393035,3.30946382
274,NIFTY26JULFUT,2026-06-30 15:05:00+05:30,DOWN,23997.1,24031.6240325,30.85612394,7,3,28.1,-36.9,0.91067822,1.19587282,4.9,50.0,0.15880154,1.62042388
275,NIFTY26JULFUT,2026-07-01 09:15:00+05:30,UP,24022.5,24022.63810665,30.15784853,5,3,-27.5,-11.1,0.91186876,0.36806339,110.5,20.5,3.66405448,0.67975671
276,NIFTY26JULFUT,2026-07-01 09:20:00+05:30,DOWN,24010.9,24022.4084788,29.06085935,1,4,-26.5,-6.6,0.91187943,0.2271096,8.9,122.1,0.30625385,4.20152751
277,NIFTY26JULFUT,2026-07-01 09:35:00+05:30,UP,24032.1,24021.61879908,28.453793,3,4,50.1,55.3,1.76074944,1.94350187,100.9,11.1,3.54610016,0.39010616
278,NIFTY26JULFUT,2026-07-01 10:45:00+05:30,DOWN,24064.0,24093.27106878,29.27397401,14,3,-10.5,36.0,0.35868038,1.22976129,9.0,78.6,0.30744032,2.68497881
279,NIFTY26JULFUT,2026-07-01 11:15:00+05:30,UP,24113.0,24079.61591239,26.36424808,6,2,0.0,80.9,0.0,3.06854949,29.6,40.6,1.12273257,1.53996427
280,NIFTY26JULFUT,2026-07-01 12:50:00+05:30,DOWN,24114.1,24119.6324887,22.85821735,19,1,6.1,-3.9,0.26686246,0.17061698,30.8,26.5,1.34743666,1.1593205
281,NIFTY26JULFUT,2026-07-01 13:40:00+05:30,UP,24117.1,24104.56218668,21.56044269,10,1,3.0,9.1,0.13914371,0.42206926,23.5,47.1,1.08995907,2.18455626
282,NIFTY26JULFUT,2026-07-01 14:30:00+05:30,DOWN,24101.0,24116.89393424,20.24003719,10,2,-16.1,-13.1,0.79545308,0.64723201,31.0,28.6,1.53161774,1.41304088
283,NIFTY26JULFUT,2026-07-02 09:15:00+05:30,UP,24184.0,24099.21873878,26.16796855,12,1,79.0,79.0,3.01895808,3.01895808,63.0,34.0,2.40752353,1.29929841
284,NIFTY26JULFUT,2026-07-02 10:10:00+05:30,DOWN,24156.0,24212.24516938,26.04242159,11,1,-59.1,56.5,2.26937421,2.16953711,14.0,42.0,0.53758442,1.61275325
285,NIFTY26JULFUT,2026-07-02 10:55:00+05:30,UP,24190.0,24182.99082057,22.9393257,9,2,4.1,6.0,0.17873237,0.26155956,40.0,48.0,1.74373042,2.0924765
286,NIFTY26JULFUT,2026-07-02 11:15:00+05:30,DOWN,24182.0,24185.14133635,20.9589463,4,2,-8.0,-58.0,0.38169858,2.76731469,40.0,48.0,1.90849289,2.29019147
287,NIFTY26JULFUT,2026-07-02 12:00:00+05:30,UP,24191.0,24167.49072848,20.14250796,9,2,16.0,12.2,0.79434001,0.60568426,39.0,10.3,1.93620378,0.51135638
288,NIFTY26JULFUT,2026-07-02 13:00:00+05:30,DOWN,24210.5,24210.85376287,20.54856069,12,1,12.5,33.8,0.60831511,1.64488406,6.0,59.7,0.29199125,2.90531298
289,NIFTY26JULFUT,2026-07-02 13:10:00+05:30,UP,24222.5,24211.1402425,19.63676917,2,2,12.3,61.4,0.62637595,3.12678728,57.5,14.5,2.92818027,0.73841068
290,NIFTY26JULFUT,2026-07-02 13:50:00+05:30,DOWN,24216.0,24220.02165821,16.94344631,8,2,5.5,18.0,0.32460929,1.06235766,5.0,66.0,0.29509935,3.89531143
291,NIFTY26JULFUT,2026-07-02 14:05:00+05:30,UP,24227.8,24219.46079231,15.90610479,3,3,0.8,4.8,0.05029515,0.30177093,54.2,15.3,3.40749673,0.96189483
292,NIFTY26JULFUT,2026-07-02 15:25:00+05:30,DOWN,24272.0,24269.17438775,17.60781613,16,2,7.0,64.0,0.39755072,3.63474945,,,,
293,NIFTY26JULFUT,2026-07-03 09:15:00+05:30,UP,24372.3,24273.17125232,25.85725783,1,3,102.3,156.3,3.956336,6.0447245,63.7,2.3,2.46352496,0.08894988
294,NIFTY26JULFUT,2026-07-03 10:20:00+05:30,DOWN,24411.2,24410.51553979,21.31548275,13,2,-21.1,135.2,0.98989079,6.34280732,15.9,31.5,0.74593666,1.47779904
295,NIFTY26JULFUT,2026-07-03 10:30:00+05:30,UP,24419.0,24410.99353015,19.62814584,2,3,4.9,147.9,0.24964151,7.53509788,29.9,23.7,1.52332269,1.20744976
296,NIFTY26JULFUT,2026-07-03 11:10:00+05:30,DOWN,24398.0,24418.70869502,17.10641309,8,2,-13.2,-34.3,0.77164043,2.00509597,1.5,50.9,0.08768641,2.97549227
297,NIFTY26JULFUT,2026-07-03 11:40:00+05:30,UP,24424.0,24410.25078497,15.81669043,6,3,2.0,24.0,0.1264487,1.51738444,24.9,38.8,1.57428636,2.45310485
298,NIFTY26JULFUT,2026-07-03 12:40:00+05:30,DOWN,24422.0,24437.08837746,12.67796189,12,2,-9.1,-8.1,0.71778099,0.63890396,87.9,13.0,6.93329107,1.02540141
299,NIFTY26JULFUT,2026-07-03 15:10:00+05:30,UP,24353.0,24346.60414455,21.30895968,30,0,0.3,-17.0,0.01407858,0.79778648,11.5,13.0,0.53967909,0.61007202
300,NIFTY26JULFUT,2026-07-06 12:55:00+05:30,DOWN,24490.4,24495.25891923,13.20112594,48,0,10.0,30.7,0.75751114,2.32555921,30.4,24.6,2.30283387,1.86347741
301,NIFTY26JULFUT,2026-07-06 13:10:00+05:30,UP,24507.0,24495.51028935,12.14492482,3,1,11.0,32.2,0.90572813,2.65131324,8.0,65.7,0.65871136,5.40966708
302,NIFTY26JULFUT,2026-07-06 13:45:00+05:30,DOWN,24489.1,24499.411407,13.01975506,7,2,-1.3,8.7,0.09984827,0.66821534,47.8,9.9,3.67134403,0.76038297
303,NIFTY26JULFUT,2026-07-06 15:05:00+05:30,UP,24490.0,24462.69806957,17.38223906,16,1,27.7,-13.0,1.59358066,0.74788984,5.0,14.0,0.28764994,0.80541983
304,NIFTY26JULFUT,2026-07-07 10:50:00+05:30,DOWN,24521.0,24526.02712371,17.39517649,24,0,-4.0,41.1,0.2299488,2.36272394,20.0,44.3,1.14974401,2.54668299
305,NIFTY26JULFUT,2026-07-07 11:05:00+05:30,UP,24539.8,24524.08911106,17.04358701,3,1,6.2,42.2,0.36377319,2.47600461,25.5,48.8,1.49616392,2.86324704
306,NIFTY26JULFUT,2026-07-07 12:15:00+05:30,DOWN,24525.3,24551.40572181,14.9190193,14,2,-35.5,-3.7,2.37951297,0.24800558,55.5,14.7,3.72008366,0.98531946
307,NIFTY26JULFUT,2026-07-07 13:55:00+05:30,UP,24499.9,24486.5885396,16.43192301,20,1,6.8,-25.4,0.41382862,1.54577161,10.1,94.0,0.61465721,5.72057208
308,NIFTY26JULFUT,2026-07-07 14:30:00+05:30,DOWN,24493.2,24495.12077563,15.8966047,7,1,-0.5,-9.1,0.03145326,0.57244929,87.3,16.8,5.49173875,1.05682945
309,NIFTY26JULFUT,2026-07-07 14:35:00+05:30,UP,24500.0,24495.15710403,15.9682758,1,2,10.3,-6.2,0.64502894,0.38826985,8.3,94.1,0.5197806,5.89293429
310,NIFTY26JULFUT,2026-07-07 15:00:00+05:30,DOWN,24465.2,24496.14162052,17.66932998,5,3,-34.8,-14.8,1.96951441,0.83760958,59.3,4.8,3.35609783,0.27165716
311,NIFTY26JULFUT,2026-07-08 10:15:00+05:30,UP,24280.5,24267.98629062,24.14927464,18,1,14.5,-223.4,0.60043211,9.25079545,49.5,28.9,2.04975101,1.19672332
312,NIFTY26JULFUT,2026-07-08 11:35:00+05:30,DOWN,24295.0,24311.57447991,20.81218732,16,1,-6.1,18.9,0.2930975,0.90812175,80.0,0.0,3.84390159,0.0
313,NIFTY26JULFUT,2026-07-08 12:55:00+05:30,UP,24255.0,24238.57403123,20.38867187,16,1,-5.0,-55.5,0.24523422,2.72209982,20.0,355.0,0.98093687,17.41162947
314,NIFTY26JULFUT,2026-07-08 13:35:00+05:30,DOWN,24245.7,24252.43488439,18.09520158,8,1,6.5,-41.8,0.35921125,2.31000466,404.0,9.3,22.32636085,0.51394841
315,NIFTY26JULFUT,2026-07-08 15:15:00+05:30,UP,23935.1,23899.72825263,37.49887099,20,1,27.2,-310.6,0.72535517,8.28291604,8.9,42.7,0.23734048,1.13870095
316,NIFTY26JULFUT,2026-07-09 10:25:00+05:30,DOWN,24066.3,24079.87373434,34.36936132,17,1,-12.8,171.3,0.37242473,4.98409029,40.7,114.6,1.18419425,3.33436513
317,NIFTY26JULFUT,2026-07-09 10:40:00+05:30,UP,24120.0,24078.74646379,39.86978382,3,2,36.0,184.9,0.90293943,4.63759725,22.3,94.4,0.55932082,2.36770785
318,NIFTY26JULFUT,2026-07-09 10:50:00+05:30,DOWN,24074.1,24078.51648987,42.17088503,2,2,-8.8,181.4,0.20867478,4.30154596,48.5,68.2,1.15008257,1.61722952
319,NIFTY26JULFUT,2026-07-09 11:25:00+05:30,UP,24130.0,24065.90717995,37.59927116,7,3,55.6,56.8,1.47875207,1.51066758,4.2,72.3,0.11170429,1.92290961
320,NIFTY26JULFUT,2026-07-09 12:35:00+05:30,DOWN,24080.0,24107.20623946,26.26555681,14,1,-14.5,29.0,0.55205378,1.10410757,22.3,48.0,0.84902065,1.82748838
321,NIFTY26JULFUT,2026-07-09 13:15:00+05:30,UP,24100.5,24085.52476826,24.274144,8,1,-12.0,-3.6,0.49435317,0.14830595,27.5,50.4,1.13289268,2.07628331
322,NIFTY26JULFUT,2026-07-09 14:00:00+05:30,DOWN,24075.5,24100.24052536,22.37324634,9,2,-19.5,-42.4,0.87157669,1.8951206,115.5,38.5,5.16241578,1.72080526
323,NIFTY26JULFUT,2026-07-09 14:30:00+05:30,UP,24107.0,24090.72087073,22.77099716,6,2,-5.9,9.0,0.25910152,0.39523961,2.0,147.0,0.08783102,6.45558027
324,NIFTY26JULFUT,2026-07-09 14:35:00+05:30,DOWN,24080.0,24090.68573749,23.21592594,1,3,-29.0,-6.7,1.24914251,0.28859499,120.0,3.9,5.16886556,0.16798813
325,NIFTY26JULFUT,2026-07-10 09:15:00+05:30,UP,24194.7,24021.38895643,39.8298012,11,3,129.7,103.1,3.2563557,2.58851405,55.3,9.3,1.38840763,0.23349351
326,NIFTY26JULFUT,2026-07-10 10:30:00+05:30,DOWN,24217.3,24237.65078798,24.59199145,15,1,-12.7,218.3,0.51642829,8.87687361,29.2,24.7,1.18737842,1.00439202
327,NIFTY26JULFUT,2026-07-10 12:00:00+05:30,UP,24210.9,24205.91387198,20.40242124,18,1,5.9,-26.6,0.28918136,1.30376683,33.1,24.2,1.62235646,1.18613373
328,NIFTY26JULFUT,2026-07-10 12:10:00+05:30,DOWN,24190.4,24205.79625345,20.11892444,2,2,-20.7,-26.9,1.02888204,1.33704961,3.7,53.6,0.18390645,2.66415832
329,NIFTY26JULFUT,2026-07-10 12:25:00+05:30,UP,24220.7,24203.4230633,20.47542893,3,2,18.7,-12.7,0.91328978,0.62025563,23.3,29.6,1.1379493,1.44563516
330,NIFTY26JULFUT,2026-07-10 13:15:00+05:30,DOWN,24207.3,24223.4013814,17.80628181,10,3,-13.4,5.3,0.75254341,0.29764777,16.2,62.7,0.90979128,3.52122923
331,NIFTY26JULFUT,2026-07-10 13:40:00+05:30,UP,24235.0,24215.09660693,17.82081126,5,4,6.2,24.1,0.34790784,1.35235145,35.0,35.0,1.96399589,1.96399589
332,NIFTY26JULFUT,2026-07-10 14:15:00+05:30,DOWN,24212.1,24218.37866285,17.08891145,7,2,2.1,-10.9,0.1228867,0.63784051,2.1,57.9,0.1228867,3.38816198
333,NIFTY26JULFUT,2026-07-10 14:20:00+05:30,UP,24231.0,24218.5672141,17.71827492,1,3,25.8,0.5,1.4561237,0.02821945,39.0,21.0,2.20111722,1.18521696
334,NIFTY26JULFUT,2026-07-13 09:15:00+05:30,DOWN,24051.0,24232.41541853,34.2344458,14,2,-189.0,-172.4,5.52075536,5.03586362,21.0,127.7,0.61341726,3.73016116
335,NIFTY26JULFUT,2026-07-13 10:00:00+05:30,UP,24128.0,24097.69502741,31.59879636,9,1,-121.9,-112.0,3.85774188,3.5444388,55.8,25.1,1.76589005,0.79433405
336,NIFTY26JULFUT,2026-07-13 11:25:00+05:30,DOWN,24145.0,24153.48089532,26.77771395,17,1,-6.0,29.8,0.22406692,1.11286572,4.0,148.8,0.14937795,5.55685972
337,NIFTY26JULFUT,2026-07-13 11:30:00+05:30,UP,24159.1,24153.554612,25.9150201,1,2,-1.4,30.1,0.05402272,1.16148858,134.7,18.1,5.19775788,0.69843666
338,NIFTY26JULFUT,2026-07-13 11:35:00+05:30,DOWN,24148.0,24153.28431766,25.47109009,1,3,-7.0,17.4,0.27482137,0.68312742,7.0,145.8,0.27482137,5.72413664
339,NIFTY26JULFUT,2026-07-13 11:50:00+05:30,UP,24165.0,24152.16975066,24.34868255,3,3,10.0,49.1,0.41069984,2.01653621,128.8,15.0,5.28981392,0.61604976
340,NIFTY26JULFUT,2026-07-13 13:25:00+05:30,DOWN,24194.0,24238.11629539,26.0041739,19,1,-44.0,41.4,1.69203606,1.59205211,0.0,81.0,0.0,3.11488457
341,NIFTY26JULFUT,2026-07-13 14:10:00+05:30,UP,24243.6,24223.97443764,23.62919883,9,1,17.6,18.6,0.74484117,0.78716169,31.4,12.6,1.32886435,0.53323856
342,NIFTY26JULFUT,2026-07-13 15:10:00+05:30,DOWN,24252.3,24256.14671867,21.73473831,12,1,-6.3,30.3,0.28985856,1.39408166,21.3,5.7,0.979998,0.26225298
343,NIFTY26JULFUT,2026-07-14 10:35:00+05:30,UP,24094.9,24081.29773424,31.17641977,20,1,14.1,-157.4,0.45226489,5.04868747,50.1,34.9,1.60698375,1.11943579
344,NIFTY26JULFUT,2026-07-14 11:40:00+05:30,DOWN,24095.0,24123.95930151,25.58487126,13,1,-19.0,11.1,0.74262637,0.43385014,50.4,18.0,1.96991415,0.70354077
345,NIFTY26JULFUT,2026-07-14 13:15:00+05:30,UP,24073.0,24064.52124677,20.94018611,19,1,20.8,-36.9,0.9933054,1.76216199,7.3,62.5,0.34861199,2.98469171
346,NIFTY26JULFUT,2026-07-14 13:35:00+05:30,DOWN,24025.0,24066.15223856,22.93187358,4,1,-42.0,-73.8,1.83151193,3.2182281,14.5,30.0,0.63230769,1.30822281
347,NIFTY26JULFUT,2026-07-14 15:10:00+05:30,UP,24031.8,24028.20807682,20.49458912,19,1,-0.2,-23.2,0.00975867,1.1320061,0.0,22.8,0.0,1.11248876
348,NIFTY26JULFUT,2026-07-14 15:20:00+05:30,DOWN,24021.0,24028.21143785,19.79278348,2,1,-18.0,-18.0,0.90942237,0.90942237,12.0,5.9,0.60628158,0.29808844
349,NIFTY26JULFUT,2026-07-15 09:15:00+05:30,UP,24154.1,24032.30352396,27.75347147,2,2,125.6,111.9,4.52555999,4.03192805,74.1,-0.9,2.66993627,-0.03242838
350,NIFTY26JULFUT,2026-07-15 10:50:00+05:30,DOWN,24204.9,24208.22146184,20.04964199,19,1,13.5,182.9,0.67332873,9.1223574,46.6,15.1,2.32423103,0.75313065
351,NIFTY26JULFUT,2026-07-15 11:35:00+05:30,UP,24200.0,24192.20214983,21.40966901,9,1,-3.4,7.0,0.15880675,0.32695508,0.0,206.9,0.0,9.66385795
352,NIFTY26JULFUT,2026-07-15 11:45:00+05:30,DOWN,24180.0,24191.37081787,21.44609216,2,2,-6.2,-25.5,0.28909696,1.18902781,186.9,15.6,8.71487442,0.72740525
353,NIFTY26JULFUT,2026-07-15 13:55:00+05:30,UP,24080.0,24060.41851178,30.05361853,26,0,37.9,-113.9,1.26107943,3.78989305,25.0,34.2,0.83184659,1.13796613
354,NIFTY26JULFUT,2026-07-15 14:55:00+05:30,DOWN,24058.1,24081.69009308,24.92003949,12,1,-31.9,-21.9,1.28009428,0.87881081,12.3,25.3,0.49357867,1.01524719
355,NIFTY26JULFUT,2026-07-16 09:15:00+05:30,UP,24178.0,24075.63280933,28.79958812,7,2,81.1,136.9,2.81601249,4.7535402,21.0,56.1,0.72917709,1.94794452
356,NIFTY26JULFUT,2026-07-16 10:30:00+05:30,DOWN,24145.0,24147.70346269,24.24588446,15,1,-10.0,83.0,0.41244113,3.42326138,12.0,75.0,0.49492936,3.09330848
357,NIFTY26JULFUT,2026-07-16 10:45:00+05:30,UP,24175.5,24148.52878263,23.48622746,3,2,20.5,101.6,0.87285197,4.32593954,44.5,25.4,1.89472746,1.08148488
358,NIFTY26JULFUT,2026-07-16 11:40:00+05:30,DOWN,24177.0,24183.71948283,20.21903977,11,2,-7.2,24.0,0.3561,1.18699999,52.0,14.8,2.57183331,0.73198333
359,NIFTY26JULFUT,2026-07-16 14:15:00+05:30,UP,24115.8,24091.0571956,21.35507016,31,0,-8.1,-44.7,0.37930102,2.09317973,19.0,30.8,0.88971845,1.44228044
360,NIFTY26JULFUT,2026-07-16 15:05:00+05:30,DOWN,24085.7,24105.66917887,21.77072031,10,1,-30.1,-38.2,1.38259091,1.75465026,0.0,19.3,0.0,0.88651178
361,NIFTY26JULFUT,2026-07-17 09:15:00+05:30,UP,24180.0,24101.76169363,26.05414811,5,2,67.0,106.0,2.57156748,4.06845004,95.0,10.5,3.6462524,0.40300684
362,NIFTY26JULFUT,2026-07-17 10:55:00+05:30,DOWN,24231.5,24243.64339831,25.20358399,20,1,21.5,51.5,0.85305328,2.04336018,28.6,28.5,1.13475925,1.13079156
363,NIFTY26JULFUT,2026-07-17 11:40:00+05:30,UP,24244.0,24222.14401317,23.00666007,9,1,9.0,50.0,0.39119107,2.17328373,31.0,14.0,1.34743591,0.60851944
364,NIFTY26JULFUT,2026-07-17 13:00:00+05:30,DOWN,24249.0,24250.21463322,20.25060951,16,1,-0.7,31.4,0.03456686,1.55057061,69.0,115.9,3.40730485,5.72328452
365,NIFTY26JULFUT,2026-07-17 14:10:00+05:30,UP,24255.0,24221.27687293,21.80036372,14,1,23.5,0.0,1.07796367,0.0,109.9,2.9,5.0412003,0.1330253
366,NIFTY26JULFUT,2026-07-20 09:15:00+05:30,DOWN,24208.0,24309.81655679,31.52418422,16,1,-97.6,11.5,3.09603571,0.36479929,66.0,12.0,2.0936307,0.38066013
367,NIFTY26JULFUT,2026-07-20 10:15:00+05:30,UP,24212.7,24172.68332222,28.19106494,12,1,33.7,-91.3,1.19541422,3.23861479,7.3,56.7,0.25894729,2.01127556
368,NIFTY26JULFUT,2026-07-20 11:10:00+05:30,DOWN,24195.0,24202.27462287,22.36770076,11,1,0.0,31.0,0.0,1.38592698,74.0,5.0,3.30834183,0.22353661
369,NIFTY26JULFUT,2026-07-20 13:00:00+05:30,UP,24183.6,24156.92584696,22.49870811,22,0,17.8,-6.4,0.79115654,0.28446078,99.3,12.6,4.41358675,0.56003216
370,NIFTY26JULFUT,2026-07-20 14:40:00+05:30,DOWN,24248.0,24263.41159357,19.26735132,20,1,-2.0,64.4,0.10380254,3.34244178,12.5,21.0,0.64876587,1.08992667
371,NIFTY26JULFUT,2026-07-20 15:20:00+05:30,UP,24268.0,24253.69354601,17.00806051,8,1,6.0,27.6,0.35277391,1.62275998,1.0,6.3,0.05879565,0.3704126
372,NIFTY26JULFUT,2026-07-21 09:30:00+05:30,DOWN,24230.3,24257.94738478,24.50671542,5,2,-19.2,-42.6,0.78345872,1.73829904,67.7,9.7,2.76250811,0.39580988
373,NIFTY26JULFUT,2026-07-21 11:15:00+05:30,UP,24190.0,24186.87379786,19.97131365,21,0,-13.0,-40.0,0.65093365,2.00287276,7.0,45.0,0.35050273,2.25323185
374,NIFTY26JULFUT,2026-07-21 11:40:00+05:30,DOWN,24171.5,24186.75817891,20.24031348,5,1,-1.8,-52.4,0.08893143,2.58889271,36.5,25.5,1.80333175,1.25986191
375,NIFTY26JULFUT,2026-07-21 12:30:00+05:30,UP,24188.9,24179.15677224,17.56688101,10,2,17.4,15.6,0.99050025,0.88803471,8.1,53.9,0.46109494,3.06827376
376,NIFTY26JULFUT,2026-07-21 12:45:00+05:30,DOWN,24174.0,24179.90503317,16.62151516,3,3,-6.0,-16.6,0.36097792,0.99870558,39.0,21.0,2.34635649,1.26342273
377,NIFTY26JULFUT,2026-07-21 13:25:00+05:30,UP,24177.5,24164.82356674,17.16759765,8,2,-9.5,-0.7,0.55336805,0.04077449,17.5,25.5,1.01936219,1.48535634
378,NIFTY26JULFUT,2026-07-21 14:05:00+05:30,DOWN,24169.5,24177.5515362,16.34934049,8,3,3.7,-10.0,0.22630882,0.61164547,17.5,23.5,1.07037957,1.43736685
379,NIFTY26JULFUT,2026-07-21 14:50:00+05:30,UP,24178.5,24168.76703345,15.95138674,9,2,6.4,19.5,0.40121904,1.22246425,14.5,12.1,0.90901188,0.75855474
380,NIFTY26JULFUT,2026-07-22 09:15:00+05:30,DOWN,24083.3,24173.90005275,23.18740905,8,2,-90.7,-98.7,3.91160564,4.25662047,118.3,11.7,5.1019068,0.50458419
381,NIFTY26JULFUT,2026-07-22 11:05:00+05:30,UP,24007.2,23999.09336515,21.8585488,22,0,-13.8,-43.8,0.63133194,2.00379268,31.8,62.2,1.45480838,2.84556859
382,NIFTY26JULFUT,2026-07-22 11:55:00+05:30,DOWN,24003.0,24022.88535526,19.04560249,10,1,-4.2,-18.0,0.22052335,0.94510006,58.0,11.0,3.04532241,0.57756115
383,NIFTY26JULFUT,2026-07-22 12:50:00+05:30,UP,24000.0,23978.77193239,23.08496224,11,1,6.0,0.0,0.25990946,0.0,14.0,50.0,0.6064554,2.16591214
384,NIFTY26JULFUT,2026-07-22 13:10:00+05:30,DOWN,23962.0,23980.26025197,23.83374392,4,2,-18.1,-76.0,0.75942748,3.18875625,7.0,52.0,0.29370123,2.1817806
385,NIFTY26JULFUT,2026-07-22 13:35:00+05:30,UP,23997.1,23973.010782,23.01169227,5,3,-5.9,-5.9,0.2563914,0.2563914,7.9,42.1,0.34330374,1.82950474
386,NIFTY26JULFUT,2026-07-22 14:00:00+05:30,DOWN,23962.9,23975.41231747,20.73255537,5,3,0.9,-17.2,0.04340999,0.82961312,7.9,42.1,0.38104324,2.03062282
387,NIFTY26JULFUT,2026-07-22 15:05:00+05:30,UP,23985.0,23969.40991164,19.29943089,13,2,7.0,20.0,0.362705,1.03629999,20.0,6.0,1.03629999,0.31089
388,NIFTY26JULFUT,2026-07-23 09:15:00+05:30,DOWN,23928.0,23980.67752272,24.96549911,5,2,-41.0,-45.0,1.64226639,1.8024875,35.7,62.0,1.42997341,2.48342722
389,NIFTY26JULFUT,2026-07-23 10:05:00+05:30,UP,23976.6,23936.16634794,25.8179515,10,2,48.6,7.6,1.88241116,0.29436882,19.4,40.6,0.75141515,1.57254924
390,NIFTY26JULFUT,2026-07-23 11:20:00+05:30,DOWN,23951.1,23977.39918296,19.43622182,15,1,-15.5,37.1,0.79748009,1.90880719,116.1,13.9,5.97338315,0.71515957
391,NIFTY26JULFUT,2026-07-23 13:40:00+05:30,UP,23843.0,23835.27010674,20.88655536,28,0,-2.0,-96.4,0.09575538,4.61540921,55.3,31.9,2.6476362,1.52729828
392,NIFTY26JULFUT,2026-07-23 14:45:00+05:30,DOWN,23822.0,23854.89314224,21.81621277,13,1,-38.0,-3.0,1.74182386,0.13751241,10.9,70.5,0.49962842,3.23154164
393,NIFTY26JULFUT,2026-07-23 15:05:00+05:30,UP,23875.7,23845.42739992,22.8804262,4,2,28.9,39.7,1.26308836,1.73510754,16.8,8.5,0.73425206,0.37149658
394,NIFTY26JULFUT,2026-07-24 09:20:00+05:30,DOWN,23743.0,23855.12542894,33.17961597,6,2,-79.0,-117.0,2.38097994,3.52626143,103.0,3.9,3.10431562,0.11754205
395,NIFTY26JULFUT,2026-07-24 10:45:00+05:30,UP,23683.1,23662.58572203,28.51475215,17,1,1.1,-205.7,0.03857652,7.21380985,141.0,33.1,4.94480889,1.16080265
396,NIFTY26JULFUT,2026-07-24 11:10:00+05:30,DOWN,23656.0,23667.14072457,25.41423323,5,1,-8.9,-58.0,0.35019746,2.28218571,1.0,188.0,0.03934803,7.39742956
397,NIFTY26JULFUT,2026-07-24 11:15:00+05:30,UP,23683.1,23667.14912137,25.741788,1,2,19.1,-4.3,0.7419842,0.16704356,164.8,15.4,6.40204169,0.59824904
398,NIFTY26JULFUT,2026-07-24 13:30:00+05:30,DOWN,23792.0,23817.10915168,26.45637263,27,0,-28.0,68.7,1.05834615,2.59672786,31.1,62.0,1.17552018,2.34348075
399,NIFTY26JULFUT,2026-07-24 14:00:00+05:30,UP,23845.0,23805.31287446,28.52433274,6,1,22.4,76.5,0.78529444,2.68192076,9.0,65.0,0.31552009,2.2787562
400,NIFTY26JULFUT,2026-07-24 14:30:00+05:30,DOWN,23804.0,23817.83220763,25.18671411,6,2,34.0,-22.4,1.34991805,0.88935777,24.0,38.0,0.95288333,1.50873194
401,NIFTY26JULFUT,2026-07-24 15:20:00+05:30,UP,23815.5,23807.36281115,24.12731932,10,2,11.5,45.5,0.47663811,1.88582906,15.4,5.0,0.63828061,0.20723396
402,NIFTY26JULFUT,2026-07-27 10:10:00+05:30,DOWN,23949.3,23948.06569654,26.12908889,13,1,0.6,142.3,0.02296291,5.44603758,46.9,42.2,1.79493438,1.61505823
403,NIFTY26JULFUT,2026-07-27 10:55:00+05:30,UP,23955.0,23931.87788806,25.06600625,9,1,29.7,20.0,1.18487164,0.79789336,36.5,18.4,1.45615539,0.73406189
404,NIFTY26JULFUT,2026-07-27 12:10:00+05:30,DOWN,23975.0,23974.02353792,18.82413905,15,1,12.6,41.0,0.66935332,2.17805446,34.5,23.8,1.83275314,1.26433405
405,NIFTY26JULFUT,2026-07-27 13:00:00+05:30,UP,23984.0,23968.37547442,16.3268058,10,1,9.0,21.6,0.55124071,1.3229777,51.0,43.5,3.12369735,2.66433009
406,NIFTY26JULFUT,2026-07-27 13:30:00+05:30,DOWN,23944.0,23975.55714776,16.52026025,6,2,-21.4,-33.2,1.29537911,2.00965357,3.5,91.0,0.21186107,5.5083878
407,NIFTY26JULFUT,2026-07-27 13:55:00+05:30,UP,23985.0,23971.09855607,16.27189915,5,2,10.5,11.7,0.64528424,0.719031,60.0,4.4,3.68733849,0.27040482
408,NIFTY26JULFUT,2026-07-28 09:30:00+05:30,DOWN,23996.0,24023.89379597,21.62883304,22,0,-13.8,-16.0,0.6380372,0.73975327,33.7,36.1,1.55810533,1.66906832
409,NIFTY26JULFUT,2026-07-28 10:40:00+05:30,UP,24016.0,23993.36174162,20.7830684,14,1,5.2,-11.0,0.25020367,0.529277,24.0,17.4,1.15478617,0.83721997
410,NIFTY26JULFUT,2026-07-28 11:25:00+05:30,DOWN,24010.0,24019.00482919,17.01459307,9,1,2.8,-4.9,0.16456462,0.28798808,12.0,30.0,0.70527693,1.76319233
411,NIFTY26JULFUT,2026-07-28 11:45:00+05:30,UP,24039.9,24016.29333322,17.04697763,4,2,13.3,59.9,0.78019695,3.51381936,0.0,76.9,0.0,4.51106358
412,NIFTY26JULFUT,2026-07-28 12:30:00+05:30,DOWN,24016.0,24019.53684441,15.95188299,9,2,-13.7,-12.0,0.85883278,0.75226229,53.0,10.7,3.32249177,0.67076721
413,NIFTY26JULFUT,2026-07-28 13:55:00+05:30,UP,23996.0,23983.81242979,13.75776258,17,1,-5.9,-21.7,0.4288488,1.57729136,9.0,48.4,0.65417614,3.5180139
414,NIFTY26JULFUT,2026-07-28 14:25:00+05:30,DOWN,23987.0,23990.34062904,13.2424654,6,1,8.9,-28.0,0.67208029,2.1144099,39.4,12.0,2.97527679,0.90617567
415,NIFTY26JULFUT,2026-07-28 15:25:00+05:30,UP,23983.2,23977.93308914,15.96085248,12,2,-5.9,2.9,0.36965444,0.18169456,,,,
416,NIFTY26JUNFUT,2026-06-01 10:50:00+05:30,UP,23664.4,23617.82075791,36.86000749,3,0,57.5,,1.55995628,,28.6,114.4,0.77590869,3.10363475
417,NIFTY26JUNFUT,2026-06-01 11:30:00+05:30,DOWN,23616.9,23655.65143243,31.37124754,8,1,4.3,-39.6,0.13706819,1.26230237,106.9,23.1,3.40757886,0.73634305
418,NIFTY26JUNFUT,2026-06-01 12:50:00+05:30,UP,23585.5,23578.90366471,24.58481159,16,1,22.9,-88.5,0.93146941,3.59978354,7.0,133.5,0.28472864,5.43018194
419,NIFTY26JUNFUT,2026-06-01 13:00:00+05:30,DOWN,23558.6,23579.31538776,25.80067938,2,2,-26.6,-92.4,1.0309806,3.58130104,106.6,9.4,4.13167415,0.36433149
420,NIFTY26JUNFUT,2026-06-02 10:00:00+05:30,UP,23393.7,23374.86613058,32.6507874,39,0,-66.2,-98.1,2.02751619,3.00452172,56.3,45.7,1.72430757,1.39965997
421,NIFTY26JUNFUT,2026-06-02 10:55:00+05:30,DOWN,23381.9,23410.66215752,31.92233501,11,1,3.9,38.0,0.12217151,1.19038911,23.2,63.1,0.72676388,1.97667244
422,NIFTY26JUNFUT,2026-06-02 11:20:00+05:30,UP,23445.0,23394.79923991,31.57205523,5,2,21.0,71.4,0.66514517,2.26149357,130.0,86.3,4.11756533,2.73342991
423,NIFTY26JUNFUT,2026-06-02 11:40:00+05:30,DOWN,23378.0,23401.45558237,31.9511732,4,3,-3.9,-15.7,0.12206125,0.49137476,19.3,221.0,0.60404668,6.91680392
424,NIFTY26JUNFUT,2026-06-02 12:30:00+05:30,UP,23426.4,23375.23314987,30.39721958,10,3,48.4,44.5,1.59225089,1.46394968,219.2,16.4,7.21118586,0.53952303
425,NIFTY26JUNFUT,2026-06-02 14:30:00+05:30,DOWN,23617.0,23622.44419203,27.89859037,24,0,14.1,81.0,0.50540188,2.9033725,101.0,11.3,3.6202546,0.40503839
426,NIFTY26JUNFUT,2026-06-02 15:15:00+05:30,UP,23621.8,23576.53013612,31.80461846,9,1,10.8,18.7,0.33957332,0.58796492,3.2,20.6,0.10061432,0.64770467
427,NIFTY26JUNFUT,2026-06-03 09:15:00+05:30,DOWN,23356.6,23582.82047267,46.05019925,3,2,-179.4,-262.3,3.89574862,5.69595798,86.6,11.6,1.88055647,0.25189902
428,NIFTY26JUNFUT,2026-06-03 12:25:00+05:30,UP,23306.4,23257.14136691,31.71826633,38,0,41.0,5.5,1.29263055,0.17340166,226.2,-0.2,7.13153732,-0.00630551
429,NIFTY26JUNFUT,2026-06-03 15:10:00+05:30,DOWN,23510.0,23551.09454284,38.18349177,33,0,-42.1,92.0,1.10257072,2.4094182,21.5,10.0,0.56307056,0.26189328
430,NIFTY26JUNFUT,2026-06-04 09:55:00+05:30,UP,23470.8,23432.07407383,42.69046648,12,1,-32.2,-83.1,0.75426676,1.94657044,44.2,58.2,1.03535997,1.36330204
431,NIFTY26JUNFUT,2026-06-04 10:40:00+05:30,DOWN,23475.4,23482.68113349,35.6331113,9,1,17.4,-31.1,0.48830987,0.87278374,62.8,49.6,1.76240574,1.39196377
432,NIFTY26JUNFUT,2026-06-04 11:35:00+05:30,UP,23504.6,23459.12277392,34.76227163,11,2,24.6,33.8,0.70766376,0.97231851,20.4,145.4,0.58684312,4.18269558
433,NIFTY26JUNFUT,2026-06-04 12:30:00+05:30,DOWN,23464.3,23489.93577949,29.825254,11,1,-36.3,-14.6,1.21708938,0.48951804,105.1,29.7,3.52385934,0.9958004
434,NIFTY26JUNFUT,2026-06-04 13:55:00+05:30,UP,23431.4,23417.5995085,30.60690039,17,1,-25.2,-55.8,0.82334375,1.82311829,112.4,0.9,3.67237448,0.02940513
435,NIFTY26JUNFUT,2026-06-04 15:00:00+05:30,DOWN,23478.0,23487.12555829,30.94939493,13,1,6.0,62.1,0.19386486,2.00650126,14.9,62.0,0.48143106,2.00327018
436,NIFTY26JUNFUT,2026-06-04 15:15:00+05:30,UP,23507.6,23486.90515726,29.33167662,3,2,26.1,81.6,0.88982298,2.7819753,32.4,6.6,1.10460784,0.22501271
437,NIFTY26JUNFUT,2026-06-05 10:35:00+05:30,DOWN,23440.0,23535.02976333,40.7690762,19,1,-76.0,-60.0,1.86415801,1.47170369,48.9,136.7,1.19943851,3.35303158
438,NIFTY26JUNFUT,2026-06-05 11:05:00+05:30,UP,23560.0,23479.43213163,41.09417579,6,1,12.6,39.0,0.30661279,0.9490396,10.0,124.8,0.24334349,3.03692671
439,NIFTY26JUNFUT,2026-06-05 11:50:00+05:30,DOWN,23477.9,23498.20389133,36.78888592,9,2,-47.1,-62.1,1.28027797,1.6880098,112.9,52.1,3.06886162,1.41618858
440,NIFTY26JUNFUT,2026-06-05 12:10:00+05:30,UP,23503.5,23491.23275481,35.40424226,4,3,18.5,3.6,0.52253625,0.10168273,26.5,153.5,0.74849787,4.33563862
441,NIFTY26JUNFUT,2026-06-05 12:35:00+05:30,DOWN,23463.5,23497.9251958,33.90219258,5,3,-41.5,-6.5,1.22410962,0.19172801,113.5,6.5,3.34786606,0.19172801
442,NIFTY26JUNFUT,2026-06-05 14:05:00+05:30,UP,23409.2,23388.86096367,29.68643334,18,1,-16.5,-95.8,0.55580944,3.22706332,103.8,39.2,3.49654668,1.3204685
443,NIFTY26JUNFUT,2026-06-08 09:15:00+05:30,DOWN,23208.1,23443.77862831,49.87295627,17,1,-280.7,-171.9,5.62830081,3.44675778,28.1,76.9,0.56343161,1.54191782
444,NIFTY26JUNFUT,2026-06-08 10:15:00+05:30,UP,23241.9,23236.57712039,40.39221824,12,1,17.9,-228.1,0.44315467,5.64712734,43.1,16.9,1.06703721,0.41839742
445,NIFTY26JUNFUT,2026-06-08 11:15:00+05:30,DOWN,23231.0,23257.54968098,31.62237426,12,1,-4.0,6.4,0.12649272,0.20238835,0.0,122.6,0.0,3.87700174
446,NIFTY26JUNFUT,2026-06-08 11:45:00+05:30,UP,23265.5,23247.91047046,26.36455238,6,2,-12.5,22.6,0.47412146,0.8572116,88.1,15.5,3.34160803,0.58791061
447,NIFTY26JUNFUT,2026-06-08 13:15:00+05:30,DOWN,23296.0,23306.53150395,23.2068318,18,1,7.5,38.5,0.32318069,1.65899423,96.0,2.0,4.13671288,0.08618152
448,NIFTY26JUNFUT,2026-06-08 14:45:00+05:30,UP,23226.9,23216.8161566,23.50983935,18,1,-4.5,-75.7,0.19140922,3.21992843,23.1,84.0,0.98256733,3.5729721
449,NIFTY26JUNFUT,2026-06-08 15:00:00+05:30,DOWN,23175.0,23217.84010235,27.55241146,3,1,-35.0,-110.0,1.27030623,3.99239102,32.1,23.0,1.16505229,0.83477267
450,NIFTY26JUNFUT,2026-06-09 09:20:00+05:30,UP,23269.0,23195.02238867,32.41616746,7,2,42.1,37.6,1.29873465,1.15991503,21.0,106.7,0.64782489,3.2915674
451,NIFTY26JUNFUT,2026-06-09 10:05:00+05:30,DOWN,23227.0,23250.17922242,31.28559376,9,3,-27.9,-8.0,0.89178426,0.25570875,82.0,18.0,2.62101466,0.57534468
452,NIFTY26JUNFUT,2026-06-09 11:45:00+05:30,UP,23220.0,23188.09227816,28.24194731,20,1,21.9,-7.0,0.77544228,0.24785826,50.0,13.2,1.77041616,0.46738987
453,NIFTY26JUNFUT,2026-06-09 12:55:00+05:30,DOWN,23220.0,23244.10542437,22.82009073,14,1,-0.6,29.0,0.02629262,1.27081002,-1.0,79.0,-0.04382104,3.46186178
454,NIFTY26JUNFUT,2026-06-09 13:15:00+05:30,UP,23245.0,23240.98774055,22.15737482,4,2,-2.0,45.0,0.0902634,2.03092651,98.4,20.0,4.44095931,0.90263401
455,NIFTY26JUNFUT,2026-06-09 13:20:00+05:30,DOWN,23232.6,23240.69960641,21.86041948,1,3,-27.4,29.6,1.25340687,1.35404538,7.6,110.8,0.3476603,5.06852122
456,NIFTY26JUNFUT,2026-06-09 13:35:00+05:30,UP,23260.5,23241.28670601,21.59148746,3,3,19.9,31.0,0.92165952,1.43575101,82.9,34.9,3.8394761,1.61637775
457,NIFTY26JUNFUT,2026-06-09 14:00:00+05:30,DOWN,23238.0,23248.48672804,20.13767246,5,4,-21.4,-2.0,1.06268488,0.09931634,0.0,111.0,0.0,5.51205708
458,NIFTY26JUNFUT,2026-06-09 14:10:00+05:30,UP,23259.0,23248.98049681,19.82278901,2,5,26.4,-1.0,1.33180048,0.05044699,90.0,18.0,4.54022892,0.90804578
459,NIFTY26JUNFUT,2026-06-10 10:10:00+05:30,DOWN,23342.0,23380.53087435,25.98453863,27,0,-18.0,40.4,0.69271963,1.55477073,15.0,102.0,0.57726636,3.92541124
460,NIFTY26JUNFUT,2026-06-10 10:50:00+05:30,UP,23385.3,23363.22340261,25.86079022,8,1,5.3,38.3,0.20494347,1.48100656,58.7,5.3,2.26984557,0.20494347
461,NIFTY26JUNFUT,2026-06-10 12:15:00+05:30,DOWN,23425.0,23428.85852596,21.56132745,17,1,0.0,69.0,0.0,3.20017402,74.9,31.0,3.47381209,1.43775934
462,NIFTY26JUNFUT,2026-06-10 13:00:00+05:30,UP,23449.0,23402.19386255,23.53798938,9,1,17.1,39.6,0.72648516,1.68238669,7.0,178.8,0.29739159,7.5962308
463,NIFTY26JUNFUT,2026-06-10 13:35:00+05:30,DOWN,23394.0,23421.65212805,23.84013744,7,2,9.0,-44.8,0.3775146,1.8791838,173.0,13.7,7.25666957,0.57466112
464,NIFTY26JUNFUT,2026-06-11 10:10:00+05:30,UP,23174.6,23154.78036058,35.38420689,34,0,27.0,-77.4,0.76305229,2.18741656,124.3,14.5,3.51286664,0.40978734
465,NIFTY26JUNFUT,2026-06-11 13:15:00+05:30,DOWN,23288.0,23313.33943672,26.90982835,37,0,-18.5,49.5,0.68748116,1.83947662,102.0,19.4,3.79043666,0.72092619
466,NIFTY26JUNFUT,2026-06-11 14:30:00+05:30,UP,23272.6,23262.61228061,24.89001849,15,1,15.6,-32.4,0.62675727,1.30172663,4.4,111.4,0.17677769,4.47568973
467,NIFTY26JUNFUT,2026-06-11 14:35:00+05:30,DOWN,23242.0,23262.3174985,26.46930288,1,2,-25.2,-98.0,0.95204623,3.702402,80.8,5.0,3.05259267,0.18889806
468,NIFTY26JUNFUT,2026-06-12 09:15:00+05:30,UP,23464.0,23216.5552921,43.01851065,11,2,244.1,197.0,5.67430151,4.579424,8.0,102.4,0.18596646,2.38037065
469,NIFTY26JUNFUT,2026-06-12 10:05:00+05:30,DOWN,23380.0,23404.49568308,33.97807678,10,1,-84.0,160.1,2.4721823,4.71186174,18.4,33.8,0.54152565,0.99475907
470,NIFTY26JUNFUT,2026-06-12 10:35:00+05:30,UP,23400.0,23388.16024266,30.77071648,6,2,-6.0,194.0,0.19499058,6.30469557,20.0,35.0,0.64996862,1.13744508
471,NIFTY26JUNFUT,2026-06-12 10:50:00+05:30,DOWN,23385.3,23389.06487559,28.9860292,3,3,-2.7,157.4,0.09314832,5.43020222,18.3,34.7,0.63133863,1.19712844
472,NIFTY26JUNFUT,2026-06-12 10:55:00+05:30,UP,23398.0,23389.32670585,27.89416997,1,4,18.0,-66.0,0.64529613,2.36608582,22.0,43.0,0.78869527,1.54154076
473,NIFTY26JUNFUT,2026-06-12 11:05:00+05:30,DOWN,23385.2,23389.51487226,26.74548329,2,4,22.2,-38.4,0.83004669,1.43575644,50.2,34.8,1.87695244,1.30115428
474,NIFTY26JUNFUT,2026-06-12 11:10:00+05:30,UP,23406.0,23390.0342879,26.84937734,1,5,8.3,-34.0,0.30913194,1.26632359,14.0,71.0,0.52142736,2.64438162
475,NIFTY26JUNFUT,2026-06-12 11:20:00+05:30,DOWN,23386.0,23390.08054918,26.53900393,2,6,-8.1,-19.0,0.30521115,0.7159274,51.0,34.0,1.92169985,1.28113324
476,NIFTY26JUNFUT,2026-06-12 11:35:00+05:30,UP,23399.9,23389.08281373,24.78531036,3,7,20.2,9.9,0.81499887,0.39943014,20.1,64.9,0.81096422,2.61848648
477,NIFTY26JUNFUT,2026-06-12 12:10:00+05:30,DOWN,23373.0,23400.30215461,23.00527214,7,7,-13.0,-21.1,0.56508786,0.91718107,38.0,194.0,1.65179528,8.4328496
478,NIFTY26JUNFUT,2026-06-12 13:15:00+05:30,UP,23383.7,23364.07790486,20.71054882,13,2,-10.3,-16.2,0.4973311,0.78221008,276.3,23.7,13.34102744,1.14434437
479,NIFTY26JUNFUT,2026-06-15 10:15:00+05:30,DOWN,23940.0,23951.94692318,32.87909923,39,0,-9.7,291.0,0.29502025,8.85060743,5.0,89.7,0.15207229,2.72817693
480,NIFTY26JUNFUT,2026-06-15 10:25:00+05:30,UP,23970.0,23951.06758802,31.72738658,2,1,22.9,270.5,0.72177391,8.52575737,59.7,15.0,1.88165514,0.47277767
481,NIFTY26JUNFUT,2026-06-15 11:20:00+05:30,DOWN,23979.0,23995.69229021,25.5118717,11,2,2.1,9.0,0.08231462,0.35277694,59.0,20.0,2.31264882,0.78394875
482,NIFTY26JUNFUT,2026-06-15 13:10:00+05:30,UP,23951.0,23939.04685858,23.82685534,22,0,12.5,-29.0,0.52461812,1.21711403,33.0,49.0,1.38499183,2.05650302
483,NIFTY26JUNFUT,2026-06-15 13:40:00+05:30,DOWN,23941.2,23945.58659202,23.71374215,6,1,4.2,-38.8,0.17711249,1.63618208,60.2,42.8,2.53861241,1.80486065
484,NIFTY26JUNFUT,2026-06-15 14:15:00+05:30,UP,23950.0,23943.61531212,23.11923802,7,2,-2.0,13.0,0.08650804,0.56230227,34.0,69.0,1.4706367,2.98452743
485,NIFTY26JUNFUT,2026-06-15 14:55:00+05:30,DOWN,23923.0,23956.07979603,23.18264889,8,2,-19.9,-20.0,0.85840061,0.86271418,42.0,18.6,1.81169978,0.80232419
486,NIFTY26JUNFUT,2026-06-16 09:20:00+05:30,UP,23952.6,23931.69861224,26.28555433,8,2,-12.7,-7.4,0.48315511,0.28152345,46.4,23.6,1.76522813,0.89783155
487,NIFTY26JUNFUT,2026-06-16 10:05:00+05:30,DOWN,23939.9,23959.30822135,25.11610201,9,2,-23.8,-27.0,0.94759927,1.07500758,10.9,59.1,0.43398454,2.35307214
488,NIFTY26JUNFUT,2026-06-16 10:30:00+05:30,UP,23968.2,23953.42211846,23.20401947,5,2,15.8,52.1,0.68091651,2.24530065,30.8,38.2,1.32735624,1.6462665
489,NIFTY26JUNFUT,2026-06-16 11:10:00+05:30,DOWN,23954.4,23977.22269556,21.2548029,8,2,-5.6,-15.4,0.26346986,0.72454212,34.4,15.6,1.61845773,0.73395176
490,NIFTY26JUNFUT,2026-06-16 12:35:00+05:30,UP,23948.0,23942.8283257,21.16648181,17,1,-10.4,-40.5,0.49134287,1.91340254,70.8,18.0,3.3449111,0.85040113
491,NIFTY26JUNFUT,2026-06-16 12:50:00+05:30,DOWN,23935.4,23942.97420407,21.61992002,3,2,-0.5,-19.0,0.02312682,0.87881916,4.0,83.4,0.18501456,3.85755359
492,NIFTY26JUNFUT,2026-06-16 13:00:00+05:30,UP,23953.8,23943.14031144,21.35289022,2,2,17.2,-6.1,0.80551156,0.28567561,65.0,16.4,3.0440844,0.76804591
493,NIFTY26JUNFUT,2026-06-16 14:45:00+05:30,DOWN,23985.8,23998.73430919,20.40188989,21,0,-4.2,29.7,0.20586328,1.45574749,0.8,29.2,0.03921205,1.43123996
494,NIFTY26JUNFUT,2026-06-16 15:00:00+05:30,UP,24001.4,23997.69001055,19.93759187,3,1,-9.6,23.4,0.48150248,1.1736623,13.6,9.2,0.68212852,0.46143988
495,NIFTY26JUNFUT,2026-06-17 11:05:00+05:30,DOWN,24067.1,24083.10496646,18.16804472,28,0,-12.9,37.2,0.71003788,2.0475511,29.1,32.4,1.60171336,1.78335096
496,NIFTY26JUNFUT,2026-06-17 11:25:00+05:30,UP,24090.0,24081.7360272,17.35497775,4,1,5.0,15.0,0.28810178,0.86430534,9.5,62.0,0.54739338,3.57246208
497,NIFTY26JUNFUT,2026-06-17 11:40:00+05:30,DOWN,24078.1,24083.59042465,18.25462322,3,2,-5.0,23.1,0.27390322,1.26543286,54.1,6.9,2.96363279,0.37798644
498,NIFTY26JUNFUT,2026-06-17 13:30:00+05:30,UP,24056.6,24045.41701879,18.48622009,22,0,1.6,-10.1,0.08655095,0.5463529,51.4,31.6,2.78044942,1.70938136
499,NIFTY26JUNFUT,2026-06-17 14:10:00+05:30,DOWN,24052.0,24059.47464401,19.03085468,8,1,-2.9,7.4,0.15238412,0.38884223,27.0,56.0,1.41874868,2.94258986
500,NIFTY26JUNFUT,2026-06-17 14:45:00+05:30,UP,24058.1,24051.1371366,18.74838616,7,2,-0.9,20.4,0.04800413,1.08809365,49.9,8.1,2.66156242,0.43203719
501,NIFTY26JUNFUT,2026-06-18 10:25:00+05:30,DOWN,24116.1,24128.90953474,21.50085904,23,0,26.1,15.1,1.21390499,0.70229752,83.4,6.4,3.87891478,0.29766253
502,NIFTY26JUNFUT,2026-06-18 12:00:00+05:30,UP,24095.2,24065.4619336,20.98272773,19,1,23.8,-24.8,1.13426625,1.1819245,58.6,7.2,2.79277322,0.34313937
503,NIFTY26JUNFUT,2026-06-18 13:55:00+05:30,DOWN,24136.5,24139.82794141,17.31843798,23,0,1.4,27.5,0.0808387,1.58790302,50.5,73.5,2.91596737,4.24403171
504,NIFTY26JUNFUT,2026-06-18 14:55:00+05:30,UP,24147.6,24112.09355441,20.46238441,12,1,38.6,17.6,1.88638818,0.86011482,62.4,17.6,3.04949798,0.86011482
505,NIFTY26JUNFUT,2026-06-19 09:20:00+05:30,DOWN,24008.0,24162.90416201,34.23927655,8,2,-97.0,-128.5,2.83300378,3.75299986,28.0,41.8,0.81777429,1.22082019
506,NIFTY26JUNFUT,2026-06-19 10:10:00+05:30,UP,24048.0,24016.21226272,27.92923841,10,2,40.0,-57.0,1.43219086,2.04087198,1.8,68.0,0.06444859,2.43472446
507,NIFTY26JUNFUT,2026-06-19 10:30:00+05:30,DOWN,24000.0,24020.36502525,26.37132388,4,2,-6.4,-200.0,0.24268785,7.58399544,20.0,18.7,0.75839954,0.70910357
508,NIFTY26JUNFUT,2026-06-19 11:30:00+05:30,UP,24005.0,23996.89624949,21.26058118,12,2,-6.0,-16.2,0.28221242,0.76197353,20.0,53.0,0.94070806,2.49287635
509,NIFTY26JUNFUT,2026-06-19 11:50:00+05:30,DOWN,23980.6,23997.7144584,20.74320749,4,3,-6.8,-67.4,0.32781815,3.24925641,28.6,44.4,1.37876459,2.14045971
510,NIFTY26JUNFUT,2026-06-19 12:15:00+05:30,UP,24004.6,23994.12423091,19.10469845,5,2,5.6,-7.4,0.29312161,0.38733927,20.4,52.6,1.06780016,2.75324942
511,NIFTY26JUNFUT,2026-06-19 12:45:00+05:30,DOWN,23991.0,24004.59622984,19.96685446,6,3,-2.2,-4.0,0.1101826,0.20033201,39.0,55.0,1.95323706,2.75456508
512,NIFTY26JUNFUT,2026-06-19 13:35:00+05:30,UP,23985.0,23971.38312662,18.88873518,10,2,-6.0,-8.2,0.31764964,0.43412118,91.0,36.2,4.81768626,1.91648618
513,NIFTY26JUNFUT,2026-06-19 14:50:00+05:30,DOWN,23978.3,24022.87954362,22.85627778,15,1,-49.7,5.3,2.1744573,0.23188378,29.5,106.7,1.29067385,4.66830168
514,NIFTY26JUNFUT,2026-06-19 15:05:00+05:30,UP,24061.1,24014.73804211,29.03179383,3,2,16.1,90.1,0.55456442,3.10349407,23.9,13.3,0.82323539,0.45811844
515,NIFTY26JUNFUT,2026-06-22 11:50:00+05:30,DOWN,24156.0,24167.8499987,13.18113084,36,0,-9.5,-4.0,0.72072724,0.3034641,25.7,9.0,1.94975684,0.68279422
516,NIFTY26JUNFUT,2026-06-22 13:30:00+05:30,UP,24149.3,24145.09824013,13.04456721,20,1,4.3,-6.7,0.32963915,0.51362379,19.6,32.2,1.50254122,2.46846058
517,NIFTY26JUNFUT,2026-06-22 13:35:00+05:30,DOWN,24140.3,24145.06053574,12.87709813,1,1,-5.8,-23.7,0.45041204,1.84047677,25.1,28.6,1.94919692,2.22099729
518,NIFTY26JUNFUT,2026-06-22 13:40:00+05:30,UP,24148.0,24145.14786734,13.38587683,1,2,3.5,-0.8,0.26146961,0.05976448,20.9,35.5,1.5613471,2.65204891
519,NIFTY26JUNFUT,2026-06-22 14:10:00+05:30,DOWN,24144.9,24147.59275836,13.24459447,6,3,4.2,-5.1,0.3171105,0.38506275,32.5,24.0,2.45383126,1.81206001
520,NIFTY26JUNFUT,2026-06-22 14:25:00+05:30,UP,24157.0,24146.79113243,13.97863486,3,4,16.7,10.9,1.19468032,0.77976141,11.9,44.6,0.85129915,3.19058338
521,NIFTY26JUNFUT,2026-06-22 15:05:00+05:30,DOWN,24118.3,24154.44003323,16.33369422,8,5,-26.7,-29.7,1.63465776,1.81832717,5.9,21.6,0.36121651,1.32241976
522,NIFTY26JUNFUT,2026-06-23 09:40:00+05:30,UP,24135.0,24115.92611267,19.16774273,10,2,16.7,-10.0,0.87125543,0.52170984,20.5,28.6,1.06950517,1.49209014
523,NIFTY26JUNFUT,2026-06-23 10:30:00+05:30,DOWN,24140.0,24143.01157512,18.40813729,10,2,5.0,21.7,0.27161901,1.1788265,154.5,9.9,8.39302736,0.53780564
524,NIFTY26JUNFUT,2026-06-23 11:20:00+05:30,UP,24143.4,24131.64556495,17.71628695,10,2,3.4,8.4,0.1919138,0.47413998,0.6,213.2,0.03386714,12.03412434
525,NIFTY26JUNFUT,2026-06-23 11:35:00+05:30,DOWN,24127.3,24132.58918656,17.03865977,3,2,3.8,-15.5,0.22302224,0.90969596,199.2,-1.3,11.69106037,-0.07629708
526,NIFTY26JUNFUT,2026-06-23 14:15:00+05:30,UP,23921.0,23915.32110622,27.38645211,32,0,-12.0,-69.2,0.43817286,2.52679682,37.0,111.0,1.35103298,4.05309894
527,NIFTY26JUNFUT,2026-06-23 15:00:00+05:30,DOWN,23862.5,23933.50676139,30.02165004,9,1,-75.5,-92.5,2.51485178,3.0811098,52.5,35.0,1.74873799,1.16582533
528,NIFTY26JUNFUT,2026-06-24 09:30:00+05:30,UP,23880.0,23860.81070988,31.30715248,9,2,-53.5,-39.0,1.70887467,1.24572173,119.9,70.0,3.82979577,2.23591079
529,NIFTY26JUNFUT,2026-06-24 09:50:00+05:30,DOWN,23826.1,23864.11411621,32.95646038,4,2,-16.1,-108.9,0.48852334,3.30435971,0.8,173.8,0.02427445,5.27362459
530,NIFTY26JUNFUT,2026-06-24 10:05:00+05:30,UP,23915.0,23862.30910706,34.80796044,3,3,44.4,-40.0,1.27557028,1.14916242,110.4,7.0,3.17168827,0.20110342
531,NIFTY26JUNFUT,2026-06-24 12:30:00+05:30,DOWN,23988.6,24008.01111168,24.09187594,29,0,-34.4,33.6,1.42786722,1.39466101,4.4,129.0,0.18263418,5.35450209
532,NIFTY26JUNFUT,2026-06-24 12:55:00+05:30,UP,24016.6,24005.31051834,24.46577355,5,1,12.0,38.8,0.49048112,1.58588895,101.0,7.6,4.12821609,0.31063804
533,NIFTY26JUNFUT,2026-06-24 14:05:00+05:30,DOWN,24060.0,24080.79085281,24.74565941,14,2,-10.0,49.8,0.40411128,2.01247415,32.1,29.0,1.2971972,1.1719227
534,NIFTY26JUNFUT,2026-06-25 09:15:00+05:30,UP,24129.7,24059.49246064,33.36927637,17,1,66.3,42.6,1.98685759,1.27662343,80.3,4.2,2.40640519,0.12586428
535,NIFTY26JUNFUT,2026-06-25 12:35:00+05:30,DOWN,24230.0,24247.47216891,21.9393511,40,0,11.0,26.3,0.50138219,1.19875925,112.9,3.6,5.14600452,0.16408872
536,NIFTY26JUNFUT,2026-06-25 13:40:00+05:30,UP,24219.9,24207.4862655,22.2876164,13,1,5.4,-51.1,0.24228701,2.29275303,4.5,139.8,0.20190584,6.27254155
537,NIFTY26JUNFUT,2026-06-25 13:55:00+05:30,DOWN,24190.0,24209.43204453,21.22149899,3,2,-19.0,-74.8,0.89531847,3.52472745,109.9,14.8,5.17871052,0.69740597
538,NIFTY26JUNFUT,2026-06-29 10:20:00+05:30,UP,24116.0,24083.9546891,30.683511,32,0,76.0,10.9,2.47690038,0.35523966,23.0,106.0,0.74958827,3.45462421
539,NIFTY26JUNFUT,2026-06-29 10:55:00+05:30,DOWN,24084.8,24107.82835686,30.15243998,7,1,-1.4,-19.5,0.04643074,0.64671383,137.8,26.8,4.57011108,0.88881696
540,NIFTY26JUNFUT,2026-06-29 13:10:00+05:30,UP,23980.1,23976.93075104,25.09939628,27,0,-23.7,-64.9,0.94424582,2.58571956,19.9,30.1,0.79284776,1.19923203
541,NIFTY26JUNFUT,2026-06-29 13:40:00+05:30,DOWN,23968.4,23978.09625752,25.95043738,6,1,-1.6,-57.1,0.06165599,2.20034827,37.0,49.5,1.42579485,1.9074823
542,NIFTY26JUNFUT,2026-06-29 14:05:00+05:30,UP,23976.0,23973.15876475,24.47644684,5,2,4.6,-14.0,0.18793577,0.57197844,41.9,44.6,1.71184977,1.8221599
543,NIFTY26JUNFUT,2026-06-29 14:25:00+05:30,DOWN,23968.0,23975.6632265,24.24477817,4,3,-10.9,-2.0,0.44958135,0.08249199,36.6,49.9,1.50960342,2.05817515
544,NIFTY26JUNFUT,2026-06-29 14:30:00+05:30,UP,23990.9,23976.15788659,25.58443687,1,4,22.5,20.9,0.87944089,0.81690287,27.0,59.5,1.05532907,2.32563258
545,NIFTY26JUNFUT,2026-06-29 14:55:00+05:30,DOWN,23953.6,23979.261522,26.29192899,5,4,-22.4,-17.8,0.85197248,0.67701385,22.2,64.3,0.84436558,2.44561744
546,NIFTY26JUNFUT,2026-06-30 10:15:00+05:30,UP,23908.5,23894.8031959,31.43792147,19,1,-6.5,-56.0,0.20675667,1.78128825,111.5,31.9,3.54667213,1.01469813
547,NIFTY26JUNFUT,2026-06-30 11:00:00+05:30,DOWN,23885.8,23907.91186282,28.88256422,9,1,-14.2,-34.2,0.4916461,1.18410539,4.4,134.2,0.15234104,4.64640186
548,NIFTY26JUNFUT,2026-06-30 11:10:00+05:30,UP,23949.3,23906.85634699,30.45588445,2,2,47.3,61.8,1.55306604,2.02916451,70.7,29.3,2.32139047,0.96204725
549,NIFTY26JUNFUT,2026-06-30 12:00:00+05:30,DOWN,23941.1,23954.82183117,31.28286291,10,2,-8.2,39.1,0.26212435,1.2498856,21.1,33.9,0.6744907,1.08366041
550,NIFTY26JUNFUT,2026-06-30 12:40:00+05:30,UP,23964.7,23943.62870473,27.22196809,8,3,8.1,78.9,0.2975538,2.89839441,9.3,96.7,0.34163584,3.55227806
551,NIFTY26JUNFUT,2026-06-30 13:10:00+05:30,DOWN,23938.9,23955.31282321,23.95664599,6,2,-11.1,-21.1,0.46333698,0.88075768,70.9,51.3,2.95951278,2.1413682
552,NIFTY26JUNFUT,2026-06-30 13:45:00+05:30,UP,23950.0,23945.60788794,21.78296307,7,2,-14.0,14.6,0.64270411,0.67024858,40.2,111.4,1.84547896,5.11408846
553,NIFTY26JUNFUT,2026-06-30 13:55:00+05:30,DOWN,23932.8,23946.04597658,21.13837122,2,3,-12.2,-7.2,0.57714948,0.34061281,94.2,57.4,4.45635092,2.71544101
554,NIFTY26JUNFUT,2026-06-30 14:30:00+05:30,UP,23950.0,23921.90285649,28.79322432,7,3,-7.0,-15.0,0.24311275,0.5209559,19.8,111.4,0.68766178,3.86896579
555,NIFTY26JUNFUT,2026-06-30 15:00:00+05:30,DOWN,23853.4,23935.49359109,31.56499103,6,3,-36.6,-81.6,1.15951245,2.58514251,14.8,28.3,0.46887389,0.8965629
556,NIFTY26MAYFUT,2026-05-04 10:45:00+05:30,UP,24332.2,24289.03000637,47.01406656,2,0,-5.8,,0.12336733,,5.5,150.1,0.11698626,3.19266149
557,NIFTY26MAYFUT,2026-05-04 11:55:00+05:30,DOWN,24315.0,24324.83719869,32.57407512,14,1,16.1,55.0,0.49425809,1.6884593,243.0,6.4,7.45992017,0.19647526
558,NIFTY26MAYFUT,2026-05-04 13:55:00+05:30,UP,24160.0,24151.03702927,39.79367503,24,0,-40.0,-72.4,1.00518487,1.81938461,71.0,29.0,1.78420314,0.72875903
559,NIFTY26MAYFUT,2026-05-04 14:55:00+05:30,DOWN,24188.7,24190.48358299,38.68912598,12,1,33.7,3.2,0.87104578,0.08271058,27.7,36.3,0.71596345,0.93824813
560,NIFTY26MAYFUT,2026-05-04 15:05:00+05:30,UP,24204.8,24190.51337635,37.59419536,2,2,-12.3,99.8,0.32717817,2.65466514,20.2,19.7,0.53731699,0.52401707
561,NIFTY26MAYFUT,2026-05-05 09:15:00+05:30,DOWN,24107.5,24195.32984405,45.50976877,5,3,-81.1,-62.5,1.78203498,1.37333152,132.5,7.5,2.91146283,0.16479978
562,NIFTY26MAYFUT,2026-05-05 11:35:00+05:30,UP,24000.4,23990.40712328,31.59735515,28,0,-3.0,-106.5,0.09494466,3.37053527,147.6,63.4,4.67127705,2.00649705
563,NIFTY26MAYFUT,2026-05-05 11:40:00+05:30,DOWN,23972.9,23990.38451157,31.44040122,1,1,-14.1,-89.1,0.44846756,2.8339333,35.9,175.1,1.14184293,5.56926735
564,NIFTY26MAYFUT,2026-05-05 12:15:00+05:30,UP,24009.7,23972.93286503,29.72629102,7,2,29.2,16.7,0.98229544,0.56179225,138.3,23.5,4.65244722,0.79054598
565,NIFTY26MAYFUT,2026-05-05 14:00:00+05:30,DOWN,24094.1,24101.49712549,29.01080713,21,0,-33.1,71.6,1.14095412,2.46804578,30.0,39.9,1.03409739,1.37534953
566,NIFTY26MAYFUT,2026-05-05 14:25:00+05:30,UP,24118.0,24093.9537262,28.4491345,5,1,20.0,80.0,0.70300908,2.81203634,16.0,53.9,0.56240727,1.89460948
567,NIFTY26MAYFUT,2026-05-05 14:50:00+05:30,DOWN,24076.9,24096.46306429,28.04073767,5,2,-17.2,-50.3,0.61339328,1.79381871,11.9,57.1,0.42438256,2.03632303
568,NIFTY26MAYFUT,2026-05-05 15:15:00+05:30,UP,24118.0,24090.54302166,25.57113723,5,3,0.0,20.0,0.0,0.78213182,16.0,8.4,0.62570545,0.32849536
569,NIFTY26MAYFUT,2026-05-06 10:05:00+05:30,DOWN,24173.3,24217.75882213,32.61826225,13,2,-86.6,68.3,2.65495443,2.09391903,35.3,61.7,1.08221584,1.89157839
570,NIFTY26MAYFUT,2026-05-06 11:30:00+05:30,UP,24192.0,24172.75233364,28.72971229,17,1,-23.0,-33.1,0.80056493,1.15211735,3.0,136.0,0.10442151,4.73377522
571,NIFTY26MAYFUT,2026-05-06 11:35:00+05:30,DOWN,24153.0,24172.63899233,30.55616142,1,2,-47.0,-62.0,1.53815132,2.02905068,97.0,42.0,3.17448251,1.3745182
572,NIFTY26MAYFUT,2026-05-06 11:45:00+05:30,UP,24189.0,24173.58509759,30.51730245,2,3,17.8,15.7,0.58327567,0.51446225,6.0,133.0,0.19660978,4.35818337
573,NIFTY26MAYFUT,2026-05-06 12:05:00+05:30,DOWN,24160.0,24178.20374431,28.45629361,4,3,-3.3,-41.0,0.11596732,1.44080605,104.0,40.0,3.65472754,1.40566444
574,NIFTY26MAYFUT,2026-05-06 13:15:00+05:30,UP,24138.0,24091.356224,28.66293989,14,3,19.0,-15.0,0.66287687,0.52332385,330.4,4.3,11.52707996,0.1500195
575,NIFTY26MAYFUT,2026-05-07 09:15:00+05:30,DOWN,24369.9,24445.54635305,40.13857872,27,0,-65.1,171.9,1.62188104,4.28266285,22.9,78.1,0.57052344,1.94575898
576,NIFTY26MAYFUT,2026-05-07 10:30:00+05:30,UP,24412.0,24390.93478918,35.95828028,15,1,-33.0,-21.4,0.91773021,0.59513413,13.0,94.0,0.36153008,2.61414059
577,NIFTY26MAYFUT,2026-05-07 11:00:00+05:30,DOWN,24376.0,24398.50916268,32.4863695,6,1,6.2,-12.0,0.19084927,0.36938569,58.0,159.0,1.78536417,4.89436039
578,NIFTY26MAYFUT,2026-05-07 12:00:00+05:30,UP,24395.0,24354.28330064,30.49079082,12,2,36.1,5.5,1.18396404,0.18038233,140.0,37.2,4.59155031,1.22004051
579,NIFTY26MAYFUT,2026-05-07 13:15:00+05:30,DOWN,24399.8,24445.61630398,39.60434291,15,1,12.5,52.3,0.31562195,1.32056225,29.8,25.2,0.75244273,0.63629385
580,NIFTY26MAYFUT,2026-05-07 14:05:00+05:30,UP,24416.9,24399.8571715,32.15373847,10,1,17.1,29.6,0.53181996,0.92057725,8.1,75.8,0.25191472,2.35742416
581,NIFTY26MAYFUT,2026-05-07 14:40:00+05:30,DOWN,24380.5,24405.80363681,29.08566585,7,2,-19.7,-71.0,0.67730958,2.44106497,39.4,31.5,1.35461915,1.0830077
582,NIFTY26MAYFUT,2026-05-07 15:20:00+05:30,UP,24396.9,24384.82075782,28.32688322,8,2,-16.6,3.0,0.58601576,0.10590646,8.1,1.9,0.28594745,0.06707409
583,NIFTY26MAYFUT,2026-05-08 09:15:00+05:30,DOWN,24248.0,24382.80098125,39.5951187,2,3,-132.5,-152.2,3.34637209,3.84390816,67.0,46.8,1.69212777,1.18196388
584,NIFTY26MAYFUT,2026-05-08 10:15:00+05:30,UP,24255.9,24239.93929717,35.99306187,12,2,-22.1,-130.9,0.61400722,3.63681202,38.9,35.8,1.08076385,0.99463614
585,NIFTY26MAYFUT,2026-05-08 10:55:00+05:30,DOWN,24245.0,24270.48268602,30.62319467,8,2,13.5,-3.0,0.44084231,0.09796496,41.0,44.9,1.33885444,1.46620888
586,NIFTY26MAYFUT,2026-05-08 13:25:00+05:30,UP,24249.0,24204.45319342,23.42763374,30,0,42.9,9.1,1.83117085,0.38843018,40.0,89.0,1.70738541,3.79893253
587,NIFTY26MAYFUT,2026-05-08 13:55:00+05:30,DOWN,24172.4,24215.24298473,26.12479159,6,1,-36.5,-52.6,1.39714033,2.01341319,12.4,116.6,0.47464493,4.4631935
588,NIFTY26MAYFUT,2026-05-08 14:30:00+05:30,UP,24235.0,24198.46463708,26.63121284,7,2,17.4,31.7,0.65336867,1.19033257,54.0,15.0,2.02769586,0.56324885
589,NIFTY26MAYFUT,2026-05-08 15:15:00+05:30,DOWN,24241.7,24250.07351703,27.04115262,9,2,33.7,26.7,1.24624865,0.98738395,20.8,0.3,0.76919798,0.0110942
590,NIFTY26MAYFUT,2026-05-11 10:55:00+05:30,UP,23926.0,23900.93776297,31.17409235,23,0,1.0,-27.9,0.03207792,0.89497393,64.0,20.7,2.0529868,0.66401292
591,NIFTY26MAYFUT,2026-05-11 12:30:00+05:30,DOWN,23964.8,23970.4290033,25.83207905,19,1,-20.2,49.8,0.78197345,1.92783554,39.7,78.2,1.53684881,3.02724376
592,NIFTY26MAYFUT,2026-05-11 12:45:00+05:30,UP,23976.8,23967.83205284,28.90567699,3,1,12.8,39.8,0.44281959,1.37689216,66.2,51.7,2.29020756,1.788576
593,NIFTY26MAYFUT,2026-05-11 13:00:00+05:30,DOWN,23956.2,23968.72803152,28.70494619,3,2,-20.7,-9.0,0.72113007,0.31353482,31.1,86.8,1.08343697,3.02386911
594,NIFTY26MAYFUT,2026-05-11 13:10:00+05:30,UP,23984.6,23968.47080945,29.27161177,2,3,5.8,18.6,0.1981442,0.63542794,58.4,79.4,1.99510708,2.71252573
595,NIFTY26MAYFUT,2026-05-11 14:15:00+05:30,DOWN,23962.0,23996.85470256,29.57195032,13,3,-20.0,24.0,0.67631657,0.81157988,112.0,17.4,3.78737279,0.58839542
596,NIFTY26MAYFUT,2026-05-12 11:35:00+05:30,UP,23638.0,23633.01017507,26.87961411,43,0,-5.3,-22.0,0.19717545,0.81846413,15.0,97.0,0.55804373,3.60868276
597,NIFTY26MAYFUT,2026-05-12 12:00:00+05:30,DOWN,23616.0,23633.95730504,26.63758118,5,1,-4.0,-35.9,0.15016378,1.34771997,80.9,9.0,3.03706254,0.33786852
598,NIFTY26MAYFUT,2026-05-12 13:15:00+05:30,UP,23581.2,23563.8336176,26.45117957,15,2,-8.8,-56.8,0.33268838,2.14735225,9.9,145.2,0.37427442,5.48935822
599,NIFTY26MAYFUT,2026-05-12 13:40:00+05:30,DOWN,23549.8,23567.63412083,24.85551577,5,2,-10.1,-66.2,0.40634844,2.66339273,156.4,19.2,6.2923659,0.77246436
600,NIFTY26MAYFUT,2026-05-13 09:20:00+05:30,UP,23489.0,23439.18327583,35.42929769,23,0,-14.9,-45.0,0.42055589,1.27013525,41.1,169.0,1.16005686,4.77006351
601,NIFTY26MAYFUT,2026-05-13 09:30:00+05:30,DOWN,23390.1,23439.41597019,39.10893526,2,1,-53.5,-109.9,1.36797383,2.81009952,70.1,140.0,1.79242926,3.57974461
602,NIFTY26MAYFUT,2026-05-13 10:05:00+05:30,UP,23445.0,23398.9709732,46.0790343,7,2,-5.1,-60.5,0.1106794,1.31296154,110.0,35.0,2.38720281,0.75956453
603,NIFTY26MAYFUT,2026-05-13 10:55:00+05:30,DOWN,23415.0,23488.69253834,44.52333601,10,3,-30.0,-35.1,0.67380396,0.78835063,5.0,145.0,0.11230066,3.25671913
604,NIFTY26MAYFUT,2026-05-13 11:35:00+05:30,UP,23520.0,23453.33858447,39.64180501,8,2,34.0,105.0,0.85768042,2.64871895,109.6,71.8,2.76475806,1.81121924
605,NIFTY26MAYFUT,2026-05-13 12:35:00+05:30,DOWN,23499.9,23524.26644869,33.20737643,12,2,-26.1,84.9,0.78596995,2.55666087,51.7,129.7,1.556883,3.90575872
606,NIFTY26MAYFUT,2026-05-13 12:55:00+05:30,UP,23622.0,23519.31943826,39.14588917,4,2,92.9,165.0,2.37317384,4.21500197,7.6,135.0,0.19414555,3.44863798
607,NIFTY26MAYFUT,2026-05-13 13:25:00+05:30,DOWN,23523.0,23553.98459489,37.12687538,6,2,23.1,-3.0,0.62219079,0.080804,91.7,52.0,2.4699089,1.40060265
608,NIFTY26MAYFUT,2026-05-13 13:30:00+05:30,UP,23568.6,23554.06356119,38.40352714,1,3,86.7,60.6,2.25760513,1.57798006,6.4,137.3,0.16665136,3.57519244
609,NIFTY26MAYFUT,2026-05-13 13:40:00+05:30,DOWN,23546.4,23554.67657577,37.35712289,2,4,-19.6,21.4,0.52466567,0.57284925,115.1,22.9,3.08107239,0.61300224
610,NIFTY26MAYFUT,2026-05-14 09:15:00+05:30,UP,23569.9,23482.94961251,37.74297331,22,0,74.9,34.9,1.98447535,0.92467543,45.6,132.9,1.20817191,3.52118523
611,NIFTY26MAYFUT,2026-05-14 09:50:00+05:30,DOWN,23497.0,23542.09756487,38.02982178,7,1,33.1,-23.0,0.87036958,0.60478853,65.7,142.8,1.72759158,3.75494791
612,NIFTY26MAYFUT,2026-05-14 10:30:00+05:30,UP,23547.9,23517.15250744,35.87241639,8,2,22.0,67.9,0.61328459,1.89281924,172.1,116.6,4.79755805,3.2504083
613,NIFTY26MAYFUT,2026-05-14 10:45:00+05:30,DOWN,23456.9,23521.32532991,36.55681443,3,3,-31.5,-0.4,0.86167245,0.01094187,25.6,280.8,0.70027984,7.68119445
614,NIFTY26MAYFUT,2026-05-14 11:20:00+05:30,UP,23572.1,23478.06786398,39.42970528,7,3,24.2,46.2,0.61375047,1.17170544,200.9,31.5,5.09514333,0.79889007
615,NIFTY26MAYFUT,2026-05-14 14:40:00+05:30,DOWN,23733.3,23762.67765938,31.07845149,40,0,-26.7,-32.2,0.85911616,1.03608766,61.3,6.7,1.97242775,0.21558346
616,NIFTY26MAYFUT,2026-05-15 09:15:00+05:30,UP,23730.0,23707.49313849,34.69617268,10,1,-3.3,-30.0,0.09511136,0.86464868,124.5,8.5,3.58829203,0.24498379
617,NIFTY26MAYFUT,2026-05-15 11:05:00+05:30,DOWN,23740.0,23813.28547457,35.86677289,22,0,-50.0,-57.0,1.39404792,1.58921462,84.1,54.0,2.34478859,1.50557175
618,NIFTY26MAYFUT,2026-05-15 12:05:00+05:30,UP,23751.0,23723.9359903,35.25006574,12,1,21.0,-69.5,0.59574357,1.97162753,50.4,56.0,1.42978457,1.58864952
619,NIFTY26MAYFUT,2026-05-15 12:25:00+05:30,DOWN,23712.2,23732.55179327,33.87535213,4,2,-13.9,-112.6,0.41032784,3.32395069,22.2,89.2,0.65534374,2.63318296
620,NIFTY26MAYFUT,2026-05-15 12:40:00+05:30,UP,23770.0,23733.80170084,32.4259288,3,3,52.0,-10.0,1.60365491,0.30839518,31.4,80.0,0.96836085,2.4671614
621,NIFTY26MAYFUT,2026-05-15 13:35:00+05:30,DOWN,23750.0,23786.17582391,27.99612935,11,3,-39.8,35.0,1.42162509,1.25017282,164.7,8.0,5.8829561,0.28575379
622,NIFTY26MAYFUT,2026-05-18 10:25:00+05:30,UP,23395.0,23386.39171506,37.39826289,37,0,-1.1,-271.8,0.02941313,7.26771724,175.0,30.4,4.67936173,0.81287198
623,NIFTY26MAYFUT,2026-05-18 11:55:00+05:30,DOWN,23466.1,23511.58681767,39.58207311,18,1,-11.9,66.0,0.30064115,1.66742151,8.1,201.9,0.20463809,5.10079397
624,NIFTY26MAYFUT,2026-05-18 12:20:00+05:30,UP,23534.9,23502.83385298,35.77976378,5,1,4.9,108.4,0.13694892,3.02964549,133.1,3.7,3.71997984,0.10341041
625,NIFTY26MAYFUT,2026-05-18 14:15:00+05:30,DOWN,23609.0,23626.54916054,33.66227778,23,0,-7.0,7.5,0.2079479,0.22280132,32.6,103.7,0.96844308,3.08059962
626,NIFTY26MAYFUT,2026-05-18 15:00:00+05:30,UP,23662.1,23597.63623013,38.85319291,9,1,50.0,32.6,1.28689552,0.83905588,25.5,47.1,0.65631672,1.21225558
627,NIFTY26MAYFUT,2026-05-19 09:55:00+05:30,DOWN,23669.0,23702.63396368,43.2914683,14,1,9.0,83.6,0.20789316,1.93109643,6.8,108.0,0.15707483,2.49471788
628,NIFTY26MAYFUT,2026-05-19 10:10:00+05:30,UP,23745.7,23702.355647,44.53518799,3,2,5.3,157.7,0.11900702,3.54102019,31.3,63.2,0.70281504,1.41910258
629,NIFTY26MAYFUT,2026-05-19 11:10:00+05:30,DOWN,23701.6,23739.88413476,39.21853892,12,2,-28.4,21.2,0.72414732,0.54056068,19.1,63.4,0.48701457,1.61658241
630,NIFTY26MAYFUT,2026-05-19 11:45:00+05:30,UP,23743.8,23717.29411414,35.23659673,7,2,-21.2,25.8,0.60164721,0.7321933,21.2,38.8,0.60164721,1.10112791
631,NIFTY26MAYFUT,2026-05-19 12:30:00+05:30,DOWN,23732.0,23738.05053806,29.12301996,9,2,-8.0,11.9,0.27469679,0.40861147,61.1,16.6,2.09799671,0.56999583
632,NIFTY26MAYFUT,2026-05-19 13:25:00+05:30,UP,23732.0,23720.64430678,25.41469906,11,2,-2.0,-11.8,0.07869462,0.46429824,9.9,110.8,0.38953835,4.35968176
633,NIFTY26MAYFUT,2026-05-19 13:40:00+05:30,DOWN,23692.0,23720.11697009,26.29832137,3,2,-26.4,-47.4,1.00386635,1.80239641,115.5,44.6,4.3919153,1.69592574
634,NIFTY26MAYFUT,2026-05-19 14:15:00+05:30,UP,23728.9,23708.89889361,26.64537398,7,2,-3.1,-5.1,0.1163429,0.19140283,1.1,152.4,0.04128296,5.71956694
635,NIFTY26MAYFUT,2026-05-19 14:30:00+05:30,DOWN,23695.0,23710.1128708,25.78931728,3,3,3.0,-23.4,0.11632724,0.90735244,118.5,3.4,4.59492583,0.13183753
636,NIFTY26MAYFUT,2026-05-20 10:30:00+05:30,UP,23560.0,23496.50604218,39.46579635,27,0,45.6,-65.0,1.15543088,1.64699578,87.6,69.8,2.21964354,1.76862008
637,NIFTY26MAYFUT,2026-05-20 12:10:00+05:30,DOWN,23568.5,23593.89288754,31.45439311,20,1,-7.5,8.5,0.23844046,0.27023252,26.5,49.5,0.84248963,1.57370704
638,NIFTY26MAYFUT,2026-05-20 12:40:00+05:30,UP,23593.0,23583.71975555,30.91558946,6,1,-21.0,37.0,0.67926895,1.1968072,101.6,51.0,3.28636787,1.64965316
639,NIFTY26MAYFUT,2026-05-20 13:15:00+05:30,DOWN,23565.9,23591.74378005,28.0232221,7,2,-13.9,-24.1,0.49601719,0.86000103,23.9,128.7,0.8528641,4.59261963
640,NIFTY26MAYFUT,2026-05-20 13:50:00+05:30,UP,23589.0,23578.38244283,29.66388075,7,3,-3.0,20.5,0.10113309,0.69107613,111.0,7.8,3.74192443,0.26294604
641,NIFTY26MAYFUT,2026-05-20 15:20:00+05:30,DOWN,23670.0,23670.02264654,26.83823138,18,1,17.0,86.5,0.63342475,3.22301417,7.9,30.0,0.29435621,1.11780838
642,NIFTY26MAYFUT,2026-05-20 15:25:00+05:30,UP,23695.0,23670.94755982,27.62835771,1,2,31.0,110.5,1.12203557,3.99951388,,,,
643,NIFTY26MAYFUT,2026-05-21 10:20:00+05:30,DOWN,23752.0,23766.50990427,33.36062759,14,2,18.0,72.0,0.53955819,2.15823278,141.4,28.0,4.23852937,0.83931275
644,NIFTY26MAYFUT,2026-05-21 11:40:00+05:30,UP,23709.8,23700.71162686,33.28975028,16,1,-30.1,-65.2,0.90418221,1.9585608,24.2,159.8,0.72695048,4.80027632
645,NIFTY26MAYFUT,2026-05-21 12:15:00+05:30,DOWN,23680.0,23703.53914777,33.87057541,7,1,-40.0,-43.6,1.18096606,1.28725301,130.0,10.0,3.8381397,0.29524152
646,NIFTY26MAYFUT,2026-05-21 13:25:00+05:30,UP,23592.2,23595.92862779,32.98552837,14,1,9.7,-106.0,0.29406835,3.21353046,83.8,10.4,2.54050804,0.31528978
647,NIFTY26MAYFUT,2026-05-21 14:15:00+05:30,DOWN,23625.0,23631.97582915,33.1840986,10,1,32.8,42.5,0.98842522,1.2807339,11.9,51.0,0.35860549,1.53688068
648,NIFTY26MAYFUT,2026-05-21 14:40:00+05:30,UP,23642.0,23630.57289117,32.7749649,5,2,12.2,62.3,0.37223533,1.90084109,24.0,27.0,0.73226623,0.82379951
649,NIFTY26MAYFUT,2026-05-21 15:10:00+05:30,DOWN,23625.0,23641.10410223,30.42557809,6,2,-9.7,7.8,0.3188107,0.25636325,10.0,12.9,0.32867083,0.42398537
650,NIFTY26MAYFUT,2026-05-22 09:15:00+05:30,UP,23705.0,23637.83501223,31.89829592,4,3,63.0,75.2,1.97502714,2.35749271,113.8,0.0,3.5675887,0.0
651,NIFTY26MAYFUT,2026-05-22 11:10:00+05:30,DOWN,23780.0,23789.44342026,26.4556379,23,0,-1.1,3.0,0.04157904,0.11339738,29.2,69.0,1.10373449,2.60813972
652,NIFTY26MAYFUT,2026-05-22 11:40:00+05:30,UP,23820.0,23780.45961725,29.18073327,6,1,24.7,40.0,0.84644891,1.37076747,29.0,59.0,0.99380642,2.02188202
653,NIFTY26MAYFUT,2026-05-22 12:20:00+05:30,DOWN,23783.7,23805.3642571,24.42897588,8,2,21.9,-29.3,0.89647639,1.19939535,22.7,65.3,0.92922438,2.67305516
654,NIFTY26MAYFUT,2026-05-22 12:50:00+05:30,UP,23849.0,23796.14323413,25.21944569,6,3,45.1,69.0,1.78830259,2.735984,0.0,137.7,0.0,5.46007243
655,NIFTY26MAYFUT,2026-05-22 13:40:00+05:30,DOWN,23811.0,23821.81002545,19.50846305,10,2,-38.0,7.1,1.94787257,0.36394461,116.9,28.2,5.99227113,1.44552648
656,NIFTY26MAYFUT,2026-05-22 15:20:00+05:30,UP,23772.0,23732.36448596,25.87517128,20,1,22.9,-39.0,0.8850183,1.5072364,17.3,8.0,0.66859461,0.3091767
657,NIFTY26MAYFUT,2026-05-25 11:20:00+05:30,DOWN,23990.0,23992.57690874,21.74685388,27,0,0.0,24.0,0.0,1.10360791,54.8,18.0,2.51990473,0.82770593
658,NIFTY26MAYFUT,2026-05-25 11:50:00+05:30,UP,24005.1,23990.15944779,19.62681183,6,1,13.1,35.1,0.6674543,1.78836993,2.9,69.9,0.14775706,3.56145464
659,NIFTY26MAYFUT,2026-05-25 12:05:00+05:30,DOWN,23977.4,23991.59362245,19.7813067,3,2,-12.6,7.4,0.636965,0.37409055,42.2,26.3,2.13332722,1.32953805
660,NIFTY26MAYFUT,2026-05-25 13:05:00+05:30,UP,23985.0,23966.73268933,20.77355613,12,2,10.0,3.0,0.48138123,0.14441437,71.3,17.2,3.43224817,0.82797572
661,NIFTY26MAYFUT,2026-05-25 13:55:00+05:30,DOWN,23978.8,23987.12635668,18.53218384,10,1,-6.2,3.8,0.33455312,0.20504869,11.0,141.0,0.59356199,7.60838556
662,NIFTY26MAYFUT,2026-05-25 14:30:00+05:30,UP,24001.0,23980.79427248,17.7082637,7,2,24.9,46.0,1.40612318,2.59765727,118.8,3.9,6.70873226,0.22023616
663,NIFTY26MAYFUT,2026-05-26 09:25:00+05:30,DOWN,24039.0,24054.09389779,29.3381312,14,1,-12.0,49.0,0.40902401,1.67018136,37.6,45.3,1.28160856,1.54406563
664,NIFTY26MAYFUT,2026-05-26 09:45:00+05:30,UP,24051.0,24048.68089158,30.11032552,4,2,-11.0,71.0,0.36532318,2.3579951,33.0,49.6,1.09596955,1.64727545
665,NIFTY26MAYFUT,2026-05-26 09:50:00+05:30,DOWN,24034.0,24048.19876125,30.03101655,1,3,-15.0,38.2,0.49948359,1.27201821,32.6,50.0,1.08554434,1.6649453
666,NIFTY26MAYFUT,2026-05-26 10:10:00+05:30,UP,24063.9,24045.40012849,29.35209975,4,3,33.9,19.9,1.15494293,0.67797535,20.1,42.7,0.68478917,1.45475112
667,NIFTY26MAYFUT,2026-05-26 11:20:00+05:30,DOWN,24041.2,24066.52619337,21.99802698,14,3,-28.5,-23.8,1.29557074,1.08191521,69.2,30.8,3.14573666,1.40012557
668,NIFTY26MAYFUT,2026-05-26 15:20:00+05:30,UP,23914.1,23911.22723384,19.84656812,48,0,-12.9,-45.5,0.64998643,2.2925878,0.4,3.2,0.02015462,0.16123694
669,NIFTY26SEPFUT,2026-09-01 12:15:00+05:30,DOWN,24251.0,24265.98210093,17.52318234,20,0,-32.0,58.2,1.82615232,3.32131452,147.9,14.0,8.44024773,0.79894164
670,NIFTY26SEPFUT,2026-09-01 14:55:00+05:30,UP,24092.0,24089.31859842,23.84464345,32,0,22.0,-98.9,0.92263908,4.14768207,22.0,15.7,0.92263908,0.6584288
671,NIFTY26SEPFUT,2026-09-01 15:05:00+05:30,DOWN,24081.1,24089.65574486,23.21961604,2,1,2.1,-103.9,0.09044077,4.47466486,4.8,32.9,0.20672176,1.41690543
672,NIFTY26SEPFUT,2026-09-01 15:30:00+05:30,UP,24101.1,24087.61368798,22.91924347,5,2,7.1,-11.4,0.30978335,0.49739862,-0.3,21.1,-0.01308944,0.92062376
673,NIFTY26SEPFUT,2026-09-02 09:15:00+05:30,DOWN,23975.7,24084.35110751,30.34720483,2,3,-116.6,-116.3,3.842199,3.83231341,35.7,52.8,1.17638511,1.7398637
674,NIFTY26SEPFUT,2026-09-02 10:15:00+05:30,UP,23985.0,23973.19413999,24.97935849,12,3,14.8,-101.4,0.59248919,4.05935165,43.5,33.5,1.74143784,1.3411073
675,NIFTY26SEPFUT,2026-09-02 11:00:00+05:30,DOWN,23970.9,23996.0277689,22.59244212,9,1,-9.1,15.9,0.40278957,0.70377518,28.5,44.1,1.26148381,1.95198021
676,NIFTY26SEPFUT,2026-09-02 12:15:00+05:30,UP,23970.9,23959.33353345,18.46167411,15,1,9.9,-20.9,0.53624606,1.13207502,56.1,15.9,3.03872767,0.86124367
677,NIFTY26SEPFUT,2026-09-02 13:45:00+05:30,DOWN,23994.1,24010.4053585,17.86636739,18,1,-19.3,45.2,1.08024198,2.52989312,14.1,54.9,0.78919232,3.07281267
678,NIFTY26SEPFUT,2026-09-02 14:00:00+05:30,UP,24018.8,24009.39742994,18.384515,3,1,3.3,50.4,0.17949889,2.74143756,30.2,33.5,1.64268679,1.82218568
679,NIFTY26SEPFUT,2026-09-02 14:55:00+05:30,DOWN,24016.0,24027.13492231,21.20910319,11,2,-22.0,6.8,1.03729044,0.32061705,30.7,-1.1,1.44749166,-0.05186452
680,NIFTY26SEPFUT,2026-09-03 09:15:00+05:30,UP,24091.7,24007.16774305,26.52372231,9,2,74.5,72.9,2.80880636,2.748483,56.3,21.6,2.12262816,0.81436533
681,NIFTY26SEPFUT,2026-09-03 10:25:00+05:30,DOWN,24106.7,24131.09581607,20.44967897,14,1,-22.3,99.4,1.09048167,4.860712,71.4,5.3,3.49149735,0.25917277
682,NIFTY26SEPFUT,2026-09-03 11:35:00+05:30,UP,24082.0,24068.20229701,19.23265313,14,1,-9.4,-53.0,0.48875212,2.75573004,8.5,65.0,0.4419567,3.37966892
683,NIFTY26SEPFUT,2026-09-03 12:00:00+05:30,DOWN,24049.7,24075.95099887,19.24268586,5,2,9.7,-79.4,0.50408763,4.12624311,40.0,9.3,2.0787119,0.48330052
684,NIFTY26SEPFUT,2026-09-03 13:10:00+05:30,UP,24040.9,24033.93730116,19.4871918,14,2,15.9,-47.1,0.81592054,2.41697216,18.1,31.2,0.9288152,1.60105162
685,NIFTY26SEPFUT,2026-09-03 13:25:00+05:30,DOWN,24025.0,24034.01674816,19.56106428,3,2,-9.4,-56.3,0.48054645,2.8781665,28.7,34.0,1.46720033,1.73814673
686,NIFTY26SEPFUT,2026-09-03 14:15:00+05:30,UP,24035.0,24030.30553049,19.02116641,10,2,10.0,0.6,0.52573011,0.03154381,10.9,63.9,0.57304582,3.35941543
687,NIFTY26SEPFUT,2026-09-03 14:45:00+05:30,DOWN,24030.5,24033.60689263,16.79149354,6,3,-7.0,-1.8,0.41687775,0.10719713,59.4,4.5,3.53750545,0.26799284
688,NIFTY26SEPFUT,2026-09-04 09:20:00+05:30,UP,24048.1,24005.42959039,21.31945045,12,2,37.1,19.1,1.74019495,0.89589551,50.9,21.1,2.38749118,0.98970656
689,NIFTY26SEPFUT,2026-09-04 12:05:00+05:30,DOWN,24088.0,24104.55832535,13.20646579,33,0,-6.0,-1.0,0.45432291,0.07572049,38.0,2.0,2.87737845,0.15144097
690,NIFTY26SEPFUT,2026-09-04 13:10:00+05:30,UP,24077.3,24060.28768218,14.10010556,13,1,19.5,-31.7,1.38296837,2.24821012,12.7,25.0,0.90070248,1.77303637
691,NIFTY26SEPFUT,2026-09-04 13:50:00+05:30,DOWN,24058.5,24068.98734566,13.87727069,8,1,5.5,-21.5,0.39633154,1.549296,24.1,31.5,1.73665273,2.26989879
692,NIFTY26SEPFUT,2026-09-04 14:15:00+05:30,UP,24073.3,24067.43072435,13.71032673,5,2,4.1,19.1,0.29904466,1.39311049,16.7,38.9,1.21805996,2.83727739
693,NIFTY26SEPFUT,2026-09-04 14:40:00+05:30,DOWN,24058.4,24072.81176882,13.98970917,5,3,-0.1,5.4,0.00714811,0.38599802,24.0,12.3,1.71554674,0.87921771
694,NIFTY26SEPFUT,2026-09-07 11:50:00+05:30,UP,23902.0,23888.98760057,13.48886143,43,0,15.6,-14.8,1.15650977,1.09720157,14.3,41.0,1.06013395,3.0395449
695,NIFTY26SEPFUT,2026-09-07 12:25:00+05:30,DOWN,23883.0,23897.19002034,13.28326041,7,1,-3.5,-20.7,0.26348953,1.55835234,22.0,40.5,1.65621988,3.04895024
696,NIFTY26SEPFUT,2026-09-07 13:20:00+05:30,UP,23885.0,23880.10829731,12.76211405,11,2,-2.9,-8.0,0.22723508,0.62685539,38.5,10.0,3.01674157,0.78356924
697,NIFTY26SEPFUT,2026-09-07 14:35:00+05:30,DOWN,23886.9,23907.18103165,13.78401882,15,1,-16.1,13.1,1.1680193,0.95037595,31.9,3.1,2.31427426,0.22489813
698,NIFTY26SEPFUT,2026-09-08 10:15:00+05:30,UP,23802.2,23785.03974731,22.06672315,25,0,30.2,-73.1,1.36857656,3.31268034,3.3,50.6,0.14954645,2.29304549
699,NIFTY26SEPFUT,2026-09-08 10:40:00+05:30,DOWN,23766.9,23790.51196509,19.40839799,5,1,-23.5,-98.1,1.21081606,5.054513,30.3,28.1,1.56117986,1.44782686
700,NIFTY26SEPFUT,2026-09-08 11:25:00+05:30,UP,23780.0,23778.63761379,17.11352833,9,2,4.0,-11.9,0.23373322,0.69535632,5.0,43.4,0.29216652,2.53600538
701,NIFTY26SEPFUT,2026-09-08 11:35:00+05:30,DOWN,23772.0,23778.41271123,16.38666474,2,3,-13.0,-3.0,0.793328,0.18307569,35.4,11.3,2.16029318,0.68958511
702,NIFTY26SEPFUT,2026-09-08 12:35:00+05:30,UP,23767.3,23755.63878852,16.1201139,12,2,4.8,-3.8,0.29776465,0.23573034,12.6,42.3,0.78163219,2.62405094
703,NIFTY26SEPFUT,2026-09-08 13:00:00+05:30,DOWN,23750.0,23757.39215569,15.81979672,5,3,-2.5,-30.5,0.15802984,1.92796409,25.0,16.2,1.58029844,1.02403339
704,NIFTY26SEPFUT,2026-09-08 14:10:00+05:30,UP,23745.0,23740.8322693,15.27550112,14,2,-5.5,-18.0,0.36005365,1.17835741,19.9,13.2,1.30273959,0.86412877
705,NIFTY26SEPFUT,2026-09-08 15:20:00+05:30,DOWN,23735.0,23751.90648593,15.78543794,14,1,-15.0,-2.1,0.95024288,0.133034,1.2,25.0,0.07601943,1.58373813
706,NIFTY26SEPFUT,2026-09-09 10:20:00+05:30,UP,23654.0,23607.73327118,25.25901802,17,1,33.9,-103.0,1.34209493,4.07775155,6.0,77.9,0.23753893,3.08404705
707,NIFTY26SEPFUT,2026-09-09 11:35:00+05:30,DOWN,23629.6,23635.75969953,18.97357133,15,1,2.6,31.2,0.13703272,1.64439259,53.5,44.3,2.81971164,2.33482665
708,NIFTY26SEPFUT,2026-09-09 12:30:00+05:30,UP,23650.0,23596.87845706,22.83983987,11,1,13.3,20.0,0.58231582,0.87566288,23.9,15.7,1.04641714,0.68739536
709,NIFTY26SEPFUT,2026-09-09 13:25:00+05:30,DOWN,23658.7,23653.91995722,21.69420069,11,1,1.3,28.7,0.05992385,1.3229342,103.7,12.7,4.78007932,0.58540991
710,NIFTY26SEPFUT,2026-09-09 13:55:00+05:30,UP,23660.0,23652.64127689,19.37117017,6,2,-2.3,70.5,0.11873315,3.63942908,11.4,142.9,0.58850343,7.37694206
711,NIFTY26SEPFUT,2026-09-09 14:15:00+05:30,DOWN,23640.0,23653.08492037,19.31499092,4,2,-18.7,-17.4,0.96815992,0.90085468,122.9,13.1,6.36293336,0.67822967
712,NIFTY26SEPFUT,2026-09-10 10:30:00+05:30,UP,23531.7,23520.50472506,24.37451596,32,0,6.7,-42.8,0.27487725,1.75593231,32.7,25.4,1.3415651,1.04207198
713,NIFTY26SEPFUT,2026-09-10 11:05:00+05:30,DOWN,23517.9,23526.02700105,22.06724618,7,1,-9.1,-21.5,0.41237588,0.97429465,2.8,48.6,0.12688489,2.20235908
714,NIFTY26SEPFUT,2026-09-10 11:10:00+05:30,UP,23549.8,23526.34647504,22.96244288,1,2,28.4,16.7,1.23680221,0.72727454,16.7,34.7,0.72727454,1.51116326
715,NIFTY26SEPFUT,2026-09-10 11:35:00+05:30,DOWN,23525.1,23531.55172552,22.10197315,5,3,-5.1,5.1,0.23074863,0.23074863,18.6,41.4,0.84155382,1.87313593
716,NIFTY26SEPFUT,2026-09-10 11:50:00+05:30,UP,23544.0,23531.15992603,21.14534803,3,4,16.0,37.6,0.75666761,1.77816889,22.5,37.7,1.06406383,1.78289806
717,NIFTY26SEPFUT,2026-09-10 12:45:00+05:30,DOWN,23546.0,23551.02056481,18.33681739,11,4,8.0,28.1,0.43628073,1.53243605,63.1,9.0,3.44116423,0.49081582
718,NIFTY26SEPFUT,2026-09-10 15:30:00+05:30,UP,23500.0,23483.55394678,19.79019409,33,0,-1.0,-16.0,0.05053008,0.80848121,6.4,8.1,0.32339248,0.40929361
719,NIFTY26SEPFUT,2026-09-11 09:15:00+05:30,DOWN,23318.0,23480.4246015,32.31858572,2,1,-181.3,-180.3,5.60977518,5.57883323,18.0,62.0,0.55695506,1.91840078
720,NIFTY26SEPFUT,2026-09-11 10:10:00+05:30,UP,23354.1,23320.47454476,24.41155228,11,2,37.1,-135.6,1.51977226,5.55474713,85.9,21.1,3.5188258,0.86434487
721,NIFTY26SEPFUT,2026-09-11 12:05:00+05:30,DOWN,23411.0,23418.66949096,22.82721986,23,0,-8.8,71.0,0.38550468,3.11032182,40.8,17.0,1.78733986,0.74472494
722,NIFTY26SEPFUT,2026-09-11 13:30:00+05:30,UP,23413.1,23400.74299762,22.2202464,17,1,-1.9,-3.3,0.0855076,0.1485132,104.3,42.9,4.69391734,1.93067166
723,NIFTY26SEPFUT,2026-09-11 13:45:00+05:30,DOWN,23394.5,23401.15241808,23.7978795,3,2,-18.5,-16.5,0.77738019,0.69333909,-1.9,122.9,-0.07983905,5.16432567
724,NIFTY26SEPFUT,2026-09-11 13:50:00+05:30,UP,23420.0,23401.64886128,25.21945954,1,2,30.0,21.0,1.18955761,0.83269033,97.4,10.9,3.86209704,0.43220593
725,NIFTY26SEPFUT,2026-09-11 15:00:00+05:30,DOWN,23464.0,23490.15805321,23.88934545,14,3,-15.1,64.0,0.63208094,2.67901857,13.0,44.4,0.54417565,1.85856913
726,NIFTY26SEPFUT,2026-09-15 09:15:00+05:30,UP,23519.8,23483.85103155,28.88548962,8,1,31.6,19.8,1.09397488,0.68546527,1.6,163.8,0.05539113,5.67066725
727,NIFTY26SEPFUT,2026-09-15 09:45:00+05:30,DOWN,23451.9,23493.16805997,27.44566062,6,2,-28.1,-38.1,1.02384127,1.38819759,100.0,17.4,3.64356324,0.63398
728,NIFTY26SEPFUT,2026-09-15 11:40:00+05:30,UP,23387.0,23370.90587597,25.03831337,23,0,22.0,-43.8,0.87865343,1.74931911,3.0,74.9,0.11981638,2.99141555
729,NIFTY26SEPFUT,2026-09-15 12:20:00+05:30,DOWN,23371.0,23376.87271667,21.00525551,8,1,8.0,-11.6,0.38085707,0.55224275,82.7,9.0,3.93710993,0.4284642
730,NIFTY26SEPFUT,2026-09-15 15:20:00+05:30,UP,23223.8,23229.1592691,27.54115562,36,0,-16.2,-86.6,0.58821061,3.14438512,20.2,22.7,0.7334478,0.82422104
731,NIFTY26SEPFUT,2026-09-15 15:25:00+05:30,DOWN,23225.9,23229.05717331,27.14535879,1,1,-24.1,-80.1,0.88781291,2.95078067,24.8,10.5,0.91360001,0.38680645
732,NIFTY26SEPFUT,2026-09-16 09:15:00+05:30,UP,23311.0,23228.89718688,33.50512145,3,2,94.9,-4.0,2.83240281,0.11938473,17.0,112.6,0.50738512,3.36068025
733,NIFTY26SEPFUT,2026-09-16 09:40:00+05:30,DOWN,23202.0,23253.32896006,35.70065571,5,3,-46.8,-43.9,1.31090029,1.22966929,3.6,127.0,0.10083848,3.55735763
734,NIFTY26SEPFUT,2026-09-16 09:50:00+05:30,UP,23288.0,23252.14573474,37.83525926,2,4,62.1,38.0,1.64132614,1.00435416,41.0,38.0,1.08364528,1.00435416
735,NIFTY26SEPFUT,2026-09-16 10:15:00+05:30,DOWN,23260.0,23261.48164437,36.36409219,5,5,-5.7,39.1,0.15674804,1.07523652,0.0,69.0,0.0,1.89747621
736,NIFTY26SEPFUT,2026-09-16 10:20:00+05:30,UP,23281.8,23262.25865171,35.90951418,1,6,1.8,49.8,0.05012599,1.3868191,47.2,31.8,1.31441489,0.88555918
737,NIFTY26SEPFUT,2026-09-16 11:20:00+05:30,DOWN,23295.0,23306.14956949,28.80558947,12,4,-8.9,93.0,0.30896781,3.22854008,45.0,23.0,1.56219681,0.79845615
738,NIFTY26SEPFUT,2026-09-16 12:20:00+05:30,UP,23280.0,23273.18478437,22.77092486,12,1,2.0,-29.7,0.0878313,1.30429485,66.0,30.0,2.898433,1.31746954
739,NIFTY26SEPFUT,2026-09-16 13:25:00+05:30,DOWN,23273.4,23309.33335149,24.2216229,13,1,-26.0,-3.6,1.07342105,0.14862753,23.4,21.6,0.96607895,0.89176518
740,NIFTY26SEPFUT,2026-09-16 14:15:00+05:30,UP,23275.0,23268.26853145,23.89878598,10,1,1.6,-24.4,0.06694901,1.02097236,20.0,21.4,0.83686259,0.89544297
741,NIFTY26SEPFUT,2026-09-16 14:55:00+05:30,DOWN,23266.4,23274.54282209,21.6530184,8,2,4.7,-63.6,0.21705981,2.93723484,12.8,16.6,0.5911416,0.76663677
742,NIFTY26SEPFUT,2026-09-16 15:35:00+05:30,UP,23282.0,23271.41399483,18.12562543,8,2,10.8,20.7,0.59584151,1.14202956,,,,
743,NIFTY26SEPFUT,2026-09-17 10:35:00+05:30,DOWN,23320.0,23332.78825081,25.33162924,17,1,14.0,45.0,0.55266876,1.77643528,75.4,79.0,2.97651601,3.11863083
744,NIFTY26SEPFUT,2026-09-17 11:40:00+05:30,UP,23315.6,23284.48693582,24.78425529,13,1,10.6,-14.4,0.42769088,0.58101403,102.4,12.0,4.13165531,0.48417836
745,NIFTY26SEPFUT,2026-09-17 13:00:00+05:30,DOWN,23373.4,23388.54958648,21.59642824,16,1,-7.7,92.4,0.35654044,4.27848526,92.1,6.5,4.26459408,0.3009757
746,NIFTY26SEPFUT,2026-09-17 14:15:00+05:30,UP,23320.3,23313.16452463,19.87829567,15,1,15.3,-80.7,0.76968369,4.05970418,34.7,17.3,1.74562249,0.87029594
747,NIFTY26SEPFUT,2026-09-17 15:00:00+05:30,DOWN,23318.5,23323.88859334,22.20406375,9,1,-1.1,-37.5,0.04954048,1.68888004,4.0,36.5,0.1801472,1.64384324
748,NIFTY26SEPFUT,2026-09-17 15:15:00+05:30,UP,23329.6,23323.83874367,21.52865454,3,2,19.6,29.6,0.91041453,1.37491175,25.4,6.4,1.17982292,0.29727822
749,NIFTY26SEPFUT,2026-09-18 09:45:00+05:30,DOWN,23332.0,23338.44432206,24.11182442,11,2,1.2,15.3,0.04976811,0.63454344,17.0,28.0,0.70504827,1.16125597
750,NIFTY26SEPFUT,2026-09-18 09:50:00+05:30,UP,23345.0,23338.48585424,23.46097982,1,3,19.0,-4.0,0.80985535,0.17049586,15.0,30.9,0.63935949,1.31708054
751,NIFTY26SEPFUT,2026-09-18 10:25:00+05:30,DOWN,23333.1,23345.63474644,20.83038851,7,3,-4.1,3.2,0.19682782,0.15362171,19.0,31.6,0.91212893,1.51701443
752,NIFTY26SEPFUT,2026-09-18 11:50:00+05:30,UP,23356.0,23326.95854468,16.58974496,17,1,29.4,0.0,1.77217914,0.0,24.0,21.0,1.44667685,1.26584224
753,NIFTY26SEPFUT,2026-09-18 13:35:00+05:30,DOWN,23360.2,23362.62390687,14.54376904,21,0,5.2,15.2,0.35754143,1.04512111,30.2,59.8,2.07649062,4.11172646
754,NIFTY26SEPFUT,2026-09-18 14:05:00+05:30,UP,23380.0,23357.5392943,15.69587777,6,1,29.0,25.3,1.84761887,1.61188819,40.0,15.0,2.54843983,0.95566493
755,NIFTY26SEPFUT,2026-09-18 15:10:00+05:30,DOWN,23384.9,23395.39334448,18.14435217,13,2,3.8,23.4,0.20943156,1.28965751,18.2,3.5,1.00306695,0.19289749
756,NIFTY26SEPFUT,2026-09-21 09:25:00+05:30,UP,23410.5,23383.4663948,19.41216558,8,1,12.5,45.5,0.6439261,2.34389099,9.5,35.5,0.48938383,1.82875011
757,NIFTY26SEPFUT,2026-09-21 10:05:00+05:30,DOWN,23390.0,23401.23121339,18.28782273,8,2,-5.0,-21.2,0.27340597,1.15924133,15.0,25.0,0.82021792,1.36702987
758,NIFTY26SEPFUT,2026-09-21 10:55:00+05:30,UP,23399.8,23386.57491193,16.49987297,10,2,9.8,4.8,0.59394397,0.29091133,40.1,7.3,2.43032174,0.44242765
759,NIFTY26SEPFUT,2026-09-21 12:45:00+05:30,DOWN,23420.9,23426.02925069,14.88992005,22,0,-7.7,15.9,0.51712836,1.06783649,15.9,54.1,1.06783649,3.63333045
760,NIFTY26SEPFUT,2026-09-21 13:20:00+05:30,UP,23435.0,23421.44297131,15.49814066,7,1,6.1,22.6,0.3935956,1.45823944,40.0,8.3,2.58095477,0.53554811
761,NIFTY26SEPFUT,2026-09-21 14:45:00+05:30,DOWN,23450.9,23454.07066384,14.17824993,17,1,-16.8,40.9,1.18491352,2.88470017,13.9,8.9,0.98037488,0.62772204
762,NIFTY26SEPFUT,2026-09-22 09:25:00+05:30,UP,23458.5,23448.76530494,15.7568115,13,1,8.6,6.6,0.5457957,0.41886647,16.5,88.6,1.04716617,5.62296503
763,NIFTY26SEPFUT,2026-09-22 10:25:00+05:30,DOWN,23446.7,23464.18866066,16.12538817,12,1,-12.3,0.4,0.76277234,0.0248056,95.2,7.3,5.90373385,0.45270228
764,NIFTY26SEPFUT,2026-09-22 11:25:00+05:30,UP,23403.0,23398.5132473,19.74997944,12,1,-9.7,-61.5,0.49113975,3.11392729,2.0,67.4,0.10126593,3.41266178
765,NIFTY26SEPFUT,2026-09-22 11:35:00+05:30,DOWN,23378.3,23398.06256623,19.60687003,2,2,-8.7,-79.7,0.44372202,4.06490173,42.7,9.6,2.17780808,0.4896243
766,NIFTY26SEPFUT,2026-09-22 12:25:00+05:30,UP,23380.5,23375.53004833,18.68907997,10,2,2.2,-6.5,0.1177158,0.34779668,1.4,94.5,0.07491005,5.05642868
767,NIFTY26SEPFUT,2026-09-22 12:40:00+05:30,DOWN,23365.0,23376.19367244,17.81822474,3,3,0.9,-25.0,0.05051008,1.40305784,79.0,58.5,4.43366279,3.28315536
768,NIFTY26SEPFUT,2026-09-22 14:15:00+05:30,UP,23397.0,23335.73016475,27.37528302,19,1,49.1,21.0,1.79358876,0.76711536,26.5,37.6,0.96802652,1.37350178
769,NIFTY26SEPFUT,2026-09-22 15:00:00+05:30,DOWN,23368.3,23383.53744856,27.13863458,9,1,-30.7,18.3,1.13122861,0.67431543,2.9,46.7,0.10685873,1.72079402
770,NIFTY26SEPFUT,2026-09-22 15:25:00+05:30,UP,23399.4,23379.68843269,24.63131331,5,2,9.4,59.4,0.38162805,2.41156447,15.6,8.2,0.63334016,0.33290957
771,NIFTY26SEPFUT,2026-09-23 09:50:00+05:30,DOWN,23375.6,23402.02713386,24.55097213,10,2,-23.8,-14.4,0.96941172,0.58653482,0.6,84.4,0.02443895,3.43774575
772,NIFTY26SEPFUT,2026-09-23 10:20:00+05:30,UP,23422.7,23398.73909818,23.86077821,6,2,20.8,46.7,0.87172345,1.95718679,46.5,10.0,1.94880484,0.41909781
773,NIFTY26SEPFUT,2026-09-23 12:45:00+05:30,DOWN,23464.0,23466.72031388,14.69789698,29,0,16.0,16.0,1.08859111,1.08859111,32.0,20.0,2.17718222,1.36073889
774,NIFTY26SEPFUT,2026-09-23 13:20:00+05:30,UP,23467.9,23463.80305278,13.62462775,7,1,4.4,20.4,0.3229446,1.49728861,16.1,37.8,1.18168366,2.77438773
775,NIFTY26SEPFUT,2026-09-23 13:25:00+05:30,DOWN,23450.5,23463.54595117,14.0442972,1,2,-12.5,-0.1,0.89004098,0.00712033,20.4,33.5,1.45254687,2.38530982
776,NIFTY26SEPFUT,2026-09-23 14:10:00+05:30,UP,23469.0,23450.2892639,14.21004039,9,3,1.1,5.5,0.07741005,0.38705027,15.0,38.9,1.05559165,2.73750102
777,NIFTY26SEPFUT,2026-09-23 14:45:00+05:30,DOWN,23448.6,23462.00382098,15.5172754,7,3,6.0,-14.9,0.38666582,0.96022012,18.5,11.3,1.19221961,0.72822063
778,NIFTY26SEPFUT,2026-09-23 15:30:00+05:30,UP,23454.4,23447.73826156,14.00863029,9,2,3.3,9.9,0.23556907,0.70670721,5.5,5.1,0.39261512,0.36406129
779,NIFTY26SEPFUT,2026-09-24 09:15:00+05:30,DOWN,23248.2,23440.99625298,27.55335979,2,3,-206.8,-204.4,7.50543678,7.41833306,37.2,26.7,1.35010758,0.96902883
780,NIFTY26SEPFUT,2026-09-24 10:40:00+05:30,UP,23241.0,23238.46085129,24.81267688,17,2,2.1,-209.1,0.08463416,8.42714396,23.9,37.8,0.96321732,1.52341483
781,NIFTY26SEPFUT,2026-09-24 11:20:00+05:30,DOWN,23229.0,23247.59962796,25.05952255,8,1,-19.0,-4.0,0.75819481,0.15961996,41.9,11.0,1.67201909,0.43895489
782,NIFTY26SEPFUT,2026-09-24 13:15:00+05:30,UP,23203.7,23202.24606752,19.02194028,23,0,-16.6,-31.2,0.87267649,1.64021123,2.9,147.7,0.15245553,7.76471789
783,NIFTY26SEPFUT,2026-09-24 13:25:00+05:30,DOWN,23169.8,23201.31410512,20.47197912,2,1,-32.2,-54.2,1.57288164,2.64752126,113.8,14.2,5.55881771,0.69363103
784,NIFTY26SEPFUT,2026-09-24 14:40:00+05:30,UP,23111.0,23089.93376842,27.21996735,15,2,21.0,-101.1,0.77149248,3.7141852,33.0,17.1,1.21234532,0.6282153
785,NIFTY26SEPFUT,2026-09-24 15:25:00+05:30,DOWN,23115.0,23119.70208255,23.92398708,9,1,-7.9,4.0,0.33021252,0.16719621,21.1,2.2,0.88196001,0.09195792
786,NIFTY26SEPFUT,2026-09-25 09:20:00+05:30,UP,23139.6,23113.80538327,26.35295958,4,2,21.0,47.3,0.79687444,1.79486482,25.4,63.3,0.96383861,2.40200725
787,NIFTY26SEPFUT,2026-09-25 09:45:00+05:30,DOWN,23088.1,23122.41210744,27.23623457,5,3,-22.6,-3.5,0.82977696,0.12850528,11.8,61.9,0.43324638,2.2727077
788,NIFTY26SEPFUT,2026-09-25 10:10:00+05:30,UP,23144.0,23113.5164602,26.23282531,5,3,4.4,25.4,0.16772879,0.96825255,5.3,54.0,0.20203695,2.05848967
789,NIFTY26SEPFUT,2026-09-25 10:35:00+05:30,DOWN,23108.5,23121.72419219,25.67529268,5,4,20.4,-2.2,0.79453817,0.08568549,18.5,40.8,0.72053706,1.58907634
790,NIFTY26SEPFUT,2026-09-25 11:05:00+05:30,UP,23140.0,23112.78428855,23.62914405,6,3,4.0,-11.3,0.16928248,0.47822299,9.3,49.0,0.39358176,2.07371033
791,NIFTY26SEPFUT,2026-09-25 11:55:00+05:30,DOWN,23125.0,23129.35370703,18.92382431,10,2,-15.0,-11.0,0.79265162,0.58127785,67.0,4.0,3.54051057,0.21137377
792,NIFTY26SEPFUT,2026-09-25 13:50:00+05:30,UP,23088.5,23080.54772526,14.24604166,23,0,-1.5,-30.9,0.10529241,2.16902356,153.4,-0.5,10.76790337,-0.03509747
793,NIFTY26SEPFUT,2026-09-25 14:55:00+05:30,DOWN,23182.0,23188.40381085,22.80546942,13,1,6.0,104.0,0.26309478,4.56030955,13.0,27.0,0.57003869,1.18392652
794,NIFTY26SEPFUT,2026-09-25 15:30:00+05:30,UP,23182.1,23183.8286254,19.31987907,7,2,-4.9,93.6,0.25362478,4.84475082,7.9,1.1,0.40890525,0.05693617
795,NIFTY26SEPFUT,2026-09-28 09:15:00+05:30,DOWN,22970.1,23175.79290368,32.96254879,2,2,-213.9,-251.9,6.48918266,7.64200613,114.2,9.9,3.46453791,0.30034085
796,NIFTY26SEPFUT,2026-09-28 11:30:00+05:30,UP,22876.8,22873.84273604,22.62348905,27,0,6.3,-39.1,0.27847164,1.72829221,30.2,26.6,1.33489578,1.17576913
797,NIFTY26SEPFUT,2026-09-28 12:00:00+05:30,DOWN,22871.3,22880.64523043,21.40844206,6,1,4.7,-8.2,0.21953956,0.38302647,13.3,35.7,0.62125025,1.66756646
798,NIFTY26SEPFUT,2026-09-28 12:15:00+05:30,UP,22886.8,22880.5267664,19.8886105,3,2,2.8,11.8,0.14078409,0.59330439,20.2,28.8,1.01565667,1.44806496
799,NIFTY26SEPFUT,2026-09-28 12:55:00+05:30,DOWN,22877.5,22888.38055042,18.55863099,8,3,-3.9,8.5,0.21014481,0.45800792,84.6,22.5,4.5585259,1.21237391
800,NIFTY26SEPFUT,2026-09-28 13:25:00+05:30,UP,22895.0,22877.92432943,18.1716977,6,3,2.1,6.4,0.11556433,0.35219604,3.2,102.1,0.17609802,5.61862748
801,NIFTY26SEPFUT,2026-09-28 14:10:00+05:30,DOWN,22867.6,22885.82878456,18.03225368,9,2,-19.4,-17.9,1.07584999,0.99266572,74.7,3.8,4.14257704,0.2107335
802,NIFTY26SEPFUT,2026-09-28 15:20:00+05:30,UP,22820.4,22819.75096198,19.88437221,14,1,0.4,-71.6,0.0201163,3.60081773,7.3,5.5,0.36712248,0.27659913
803,NIFTY26SEPFUT,2026-09-28 15:35:00+05:30,DOWN,22814.9,22820.53960853,17.85574554,3,2,-15.1,-75.1,0.84566617,4.20592911,,,,
804,NIFTY26SEPFUT,2026-09-29 10:40:00+05:30,UP,22627.6,22609.21060101,25.14488922,18,1,7.5,-197.5,0.29827135,7.85447883,137.3,27.3,5.46035414,1.08570771
805,NIFTY26SEPFUT,2026-09-29 12:25:00+05:30,DOWN,22690.0,22738.62985858,26.49972667,21,0,-43.6,73.0,1.64529999,2.7547454,57.0,33.0,2.15096558,1.24529586
806,NIFTY26SEPFUT,2026-09-29 13:10:00+05:30,UP,22700.7,22695.36532743,28.67366052,9,1,-24.3,-27.8,0.84746766,0.9695309,9.3,59.0,0.32433947,2.05763753
807,NIFTY26SEPFUT,2026-09-29 13:20:00+05:30,DOWN,22670.5,22695.46508476,27.66810525,2,2,8.0,-57.1,0.28914159,2.06374811,28.8,39.5,1.04090973,1.42763661
808,NIFTY26SEPFUT,2026-09-29 14:10:00+05:30,UP,22683.3,22671.77253643,25.2296161,10,2,12.8,20.8,0.50734026,0.82442792,32.7,67.3,1.29609582,2.66749996
809,NIFTY26SEPFUT,2026-09-29 15:00:00+05:30,DOWN,22660.0,22678.46467206,24.79670047,10,2,-23.3,-10.5,0.93964114,0.42344343,44.0,56.0,1.77442963,2.25836498
810,NIFTY26SEPFUT,2026-09-29 15:05:00+05:30,UP,22691.5,22678.48814084,25.52550758,1,2,6.5,17.7,0.25464724,0.69342402,24.5,75.5,0.9598242,2.95782561
811,NIFTY26SEPFUT,2026-09-29 15:20:00+05:30,DOWN,22646.3,22680.73132422,29.24024787,3,3,-30.5,-9.4,1.04308281,0.3214747,1.6,69.7,0.0547191,2.38370072
812,NIFTY26SEPFUT,2026-09-29 15:25:00+05:30,UP,22714.3,22681.47210004,32.17308731,1,4,27.2,40.3,0.8454271,1.25259972,1.7,0.6,0.05283919,0.01864913