index,tradingsymbol,datetime,dir,h_m1,aligned_clip_count_3,dwm_recent,both,salma_only,dwm_only,neither,R1.5,R2.0,R3.0,ret20atr,mfe20atr,mae20atr,out2.0,out3.0,split,h_m6,date,close,atr14,range,pre5_range,pre10_high,pre10_low,pre20_close,pre5_close,pre5_ret,pre20_ret,pre5_range_atr,event_range_atr,vol_z20,oi_chg5,hour,h6,break_strength,prior_dir_ret20,prior_dir_ret5
0,NIFTY26APRFUT,2026-04-01 10:25:00+05:30,-1,False,3,True,False,False,True,False,-1.0,-1.0,-1.0,-1.4231527840995248,1.2383553330298696,1.6164466697011486,STOP,STOP,D,False,2026-04-01,22890.0,,65.10000000000218,45.18000000000029,23035.0,22905.0,,23026.0,,,,,,-0.0045879075864329,10.416666666666666,0,,,
1,NIFTY26APRFUT,2026-04-01 12:00:00+05:30,1,False,0,False,False,False,False,True,1.5,-1.0,-1.0,-4.85829959514166,1.8623481781376363,5.344129554655826,STOP,STOP,D,False,2026-04-01,22948.7,32.764285714286025,82.20000000000073,36.4,22937.8,22850.0,22925.8,22920.0,0.8770506355505597,0.699629908886999,1.110965772836266,2.508829300196205,1.3733454448426217,-0.0018067355601818,12.0,0,0.3326793110966185,0.699629908886999,0.8770506355505597
2,NIFTY26APRFUT,2026-04-01 12:45:00+05:30,1,False,2,False,False,False,False,True,-1.0,-1.0,-1.0,-4.190938511326817,0.7305825242718165,6.830097087378591,STOP,STOP,D,False,2026-04-01,22988.0,33.61428571428587,43.30000000000291,21.88000000000029,22985.0,22850.0,22870.0,22958.0,0.8936439190292774,3.528524554704276,0.6509137271568267,1.28814279643017,-0.0761817861276539,0.0007212111329912,12.75,0,0.0892477688057794,3.528524554704276,0.8936439190292774
3,NIFTY26APRFUT,2026-04-01 14:45:00+05:30,-1,True,3,True,True,False,False,False,-1.0,-1.0,-1.0,-1.7009946442234345,0.0342769701606419,1.7009946442234345,STOP,STOP,D,True,2026-04-01,22753.4,44.92142857142893,53.0,37.72000000000044,22871.0,22761.0,22991.0,22830.3,-1.706111711220034,-5.234573684245729,0.8396883447288948,1.179837812052781,0.8819235782893712,0.0006448706556081,14.75,1,0.1691842900301777,5.234573684245729,1.706111711220034
4,NIFTY26APRFUT,2026-04-02 09:15:00+05:30,-1,False,0,False,False,False,False,True,0.0298857935745543,0.0298857935745543,0.0298857935745543,0.0298857935745543,0.8711708826982479,0.8218593233002441,TIME,TIME,D,False,2026-04-02,22344.9,,167.40000000000146,,,,,,,,,,,-0.0122833414873551,9.25,0,,,
5,NIFTY26APRFUT,2026-04-02 11:55:00+05:30,1,True,3,True,True,False,False,False,-1.0,-1.0,-1.0,8.971885336273266,9.762954796030694,2.1339581036383017,STOP,STOP,D,True,2026-04-02,22355.6,24.84285714285787,56.29999999999927,19.06000000000058,22335.9,22277.0,22299.9,22298.8,2.292195374211256,2.247693387877408,0.7672225416906278,2.2662449683725323,6.996582821788204,0.0019624299949643,11.916666666666666,1,0.7929844738353973,2.247693387877408,2.292195374211256
6,NIFTY26APRFUT,2026-04-02 12:35:00+05:30,1,False,2,False,False,False,False,True,-1.0,-1.0,-1.0,9.541588785046752,10.490186915887874,1.1939252336448598,STOP,STOP,D,False,2026-04-02,22429.0,28.350000000000104,54.09999999999855,30.2,22400.0,22310.0,22333.0,22348.0,2.8674985297501743,3.4007993959635168,1.0652557319223943,1.9082892416225168,3.993523778791424,-0.000486933445328,12.583333333333334,0,1.0229276895943524,3.4007993959635168,2.8674985297501743
7,NIFTY26APRFUT,2026-04-02 13:25:00+05:30,1,False,2,False,False,False,False,True,1.5,2.0,3.0,4.742874749653382,4.887382529656399,0.7397935603142631,TARGET,TARGET,D,False,2026-04-02,22580.0,41.80714285714306,81.79999999999927,46.02000000000044,22531.7,22389.9,22322.4,22451.4,3.0936486611219736,6.232731549404375,1.1007688364941106,1.9566034512215689,1.965477928561987,0.0025296773978031,13.416666666666666,0,1.1553049718093054,6.232731549404375,3.0936486611219736
8,NIFTY26APRFUT,2026-04-02 14:10:00+05:30,1,False,2,False,False,False,False,True,-1.0,-1.0,-1.0,1.557223264540336,2.3264540337711046,1.21951219512195,STOP,STOP,D,False,2026-04-02,22705.0,51.2928571428573,78.09999999999854,47.18000000000029,22670.0,22470.0,22396.0,22615.0,1.7616131054069193,6.107347560597221,0.9198161815903106,1.52262916028405,1.2132153625418869,0.0029044200982244,14.166666666666666,0,0.6823562177969621,6.107347560597221,1.7616131054069193
9,NIFTY26APRFUT,2026-04-02 15:05:00+05:30,1,False,3,True,False,False,True,False,-1.0,-1.0,-1.0,-0.4033290653008944,0.3316261203585132,1.6025608194622465,STOP,STOP,D,False,2026-04-02,22799.9,54.31428571428608,73.0,49.90000000000073,22776.9,22635.0,22580.0,22648.8,2.8005165095694275,4.088087299864052,0.9187269857969562,1.3440294581798964,4.823361753260194,0.0018499756424854,15.083333333333334,0,0.4234613361388714,4.088087299864052,2.8005165095694275
10,NIFTY26APRFUT,2026-04-06 11:10:00+05:30,-1,True,2,True,True,False,False,False,-1.0,-1.0,-1.0,-4.757325562570799,0.16091954022985,5.165290594139516,STOP,STOP,D,True,2026-04-06,22642.1,43.42857142857195,49.5,40.1,22760.0,22665.0,22748.0,22745.3,-2.3655339668785045,-2.4271348218582336,0.9233552631578836,1.1398026315789338,0.1931110054541398,0.0025900819691835,11.166666666666666,1,0.5273026315789745,2.4271348218582336,2.3655339668785045
11,NIFTY26APRFUT,2026-04-06 11:55:00+05:30,1,True,3,False,False,True,False,False,1.5,2.0,3.0,4.8241978609626015,5.869986631016099,0.7767379679144584,TARGET,TARGET,D,True,2026-04-06,22749.5,40.59285714285709,56.79999999999927,39.119999999999706,22745.0,22627.0,22725.4,22690.0,1.4696188217090225,0.5943301221949789,0.963716346999818,1.3992609537216096,4.207889212674146,0.0024971480413555,11.916666666666666,1,0.1108569417561148,0.5943301221949789,1.4696188217090225
12,NIFTY26APRFUT,2026-04-06 15:00:00+05:30,1,False,1,False,False,False,False,True,0.1436180706253885,0.1436180706253885,0.1436180706253885,0.1436180706253885,1.2152298283685024,0.1905701321760098,TIME,TIME,D,False,2026-04-06,23047.5,35.41428571428618,59.0,30.340000000000146,23025.0,22949.2,22971.9,23005.0,1.202297736106116,2.141757100258295,0.8567164179104406,1.6659943525614949,4.785867131562461,0.0002864254983656,15.0,0,0.6353368293666718,2.141757100258295,1.202297736106116
13,NIFTY26APRFUT,2026-04-07 09:15:00+05:30,-1,False,2,False,False,False,False,True,-1.0,-1.0,-1.0,-1.138228299643292,0.2101664684898618,3.843341260404279,STOP,STOP,D,False,2026-04-07,22843.6,,94.0,,,,,,,,,,,-0.0193337378461174,9.25,0,,,
14,NIFTY26APRFUT,2026-04-07 10:50:00+05:30,-1,False,0,False,False,False,False,True,-1.0,-1.0,-1.0,-1.032003640224445,1.044744425906275,2.43561352950099,STOP,STOP,D,False,2026-04-07,22935.0,46.85000000000037,76.20000000000073,38.37999999999956,23031.0,22935.1,,23000.0,-1.3834856851190176,,0.8192102454642319,1.6264674493062996,,0.0010292692791795,10.833333333333334,0,0.0021344717182186,,1.3834856851190176
15,NIFTY26APRFUT,2026-04-07 11:55:00+05:30,1,False,1,False,False,False,False,True,-1.0,-1.0,-1.0,0.9317647058823189,1.2941176470588236,1.952941176470588,STOP,STOP,D,False,2026-04-07,23032.6,41.31428571428556,58.900000000001455,33.31999999999971,23009.0,22901.4,23014.0,22990.8,1.0135960632373548,0.4505713282226429,0.8065006915629281,1.425656984785656,3.2756804309660303,0.0048229971995499,11.916666666666666,0,0.5712309820193306,0.4505713282226429,1.0135960632373548
16,NIFTY26APRFUT,2026-04-07 14:55:00+05:30,1,True,3,False,False,True,False,False,0.6173066323718546,0.6173066323718546,0.6173066323718546,0.6173066323718546,1.116296160205808,0.5144221936432122,TIME,TIME,D,True,2026-04-07,23141.0,39.099999999999845,40.59999999999855,34.600000000000726,23114.6,23035.0,23013.7,23082.3,1.505096635587036,3.273763641754746,0.884910485933526,1.0383631713554655,1.8489608056373024,0.0004821643298356,14.916666666666666,1,0.6751918158568174,3.273763641754746,1.505096635587036
17,NIFTY26APRFUT,2026-04-08 09:15:00+05:30,1,False,3,False,False,False,False,True,1.447375116614373,1.447375116614373,1.447375116614373,1.447375116614373,1.4841828513272717,0.3467051140700593,TIME,TIME,D,False,2026-04-08,23910.9,,103.59999999999854,,,,,,,,,,,-0.0303375812378855,9.25,0,,,
18,NIFTY26APRFUT,2026-04-08 09:35:00+05:30,1,False,2,False,False,False,False,True,1.006369426751602,1.006369426751602,1.006369426751602,1.006369426751602,1.1140706427330636,0.5651418645049093,TIME,TIME,D,False,2026-04-08,23953.0,,43.20000000000073,,,,,,,,,,,-0.0417081734776559,9.583333333333334,0,,,
19,NIFTY26APRFUT,2026-04-08 09:45:00+05:30,1,False,2,False,False,False,False,True,0.6637783045859524,0.6637783045859524,0.6637783045859524,0.6637783045859524,0.9682007684132864,0.8011117469140805,TIME,TIME,D,False,2026-04-08,23976.5,,39.79999999999927,41.38000000000029,,,,23885.1,,,,,,-0.0153616026148433,9.75,0,,,
20,NIFTY26APRFUT,2026-04-08 12:30:00+05:30,-1,False,1,False,False,False,False,True,-1.0,-1.0,-1.0,-1.8044444444445191,0.178888888888834,4.402222222222295,STOP,STOP,D,False,2026-04-08,23960.0,24.085714285713816,48.5,14.779999999999564,24048.0,23980.0,24018.5,24016.1,-2.3237406827961355,-2.422909920340919,0.6136417556346321,2.0136417556346773,1.2618466579978156,-0.0008253222466074,12.5,0,0.8303677342823412,2.422909920340919,2.3237406827961355
21,NIFTY26APRFUT,2026-04-08 13:35:00+05:30,1,False,3,False,False,False,False,True,-1.0,-1.0,-1.0,-0.1710423706784768,0.764231868988821,2.147127631920973,STOP,STOP,D,False,2026-04-08,24056.6,25.61428571428587,43.09999999999855,19.00000000000073,24040.0,23980.0,23984.4,24022.6,1.3292629641200973,2.8272247661852385,0.7417735638594773,1.682654768544272,2.9031952914749115,0.0007187179558669,13.583333333333334,0,0.6480758505297775,2.8272247661852385,1.3292629641200973
22,NIFTY26APRFUT,2026-04-08 14:40:00+05:30,1,True,2,False,False,True,False,False,-1.0,-1.0,-1.0,0.7808936825885526,0.9060092449923162,2.32973805855167,STOP,STOP,D,True,2026-04-08,24069.4,22.20714285714244,28.099999999998545,15.8,24050.0,24000.0,24012.0,24028.6,1.8403663049899293,2.590932720623858,0.7114827918945132,1.2653586362173914,3.293347415142671,-0.0056511384559971,14.666666666666666,1,0.8735927951110501,2.590932720623858,1.8403663049899293
23,NIFTY26APRFUT,2026-04-09 09:15:00+05:30,-1,False,0,False,False,False,False,True,-1.0,-1.0,-1.0,1.9460000000000144,3.808000000000028,1.7780000000000131,STOP,STOP,D,False,2026-04-09,23975.0,,90.0,,,,,,,,,,,-0.0318457586443181,9.25,0,,,
24,NIFTY26APRFUT,2026-04-09 11:45:00+05:30,1,False,3,False,False,False,False,True,-1.0,-1.0,-1.0,-3.68610074626868,0.6333955223879841,3.797108208955293,STOP,STOP,D,False,2026-04-09,23949.9,30.13571428571439,39.900000000001455,27.340000000000877,23938.9,23870.0,23890.0,23900.1,1.6559676155910277,1.992658551663644,0.9072292012325456,1.324010429011658,0.8224106779559717,-0.0039064516129032,11.75,0,0.3650154064944287,1.992658551663644,1.6559676155910277
25,NIFTY26APRFUT,2026-04-09 12:45:00+05:30,-1,True,3,True,True,False,False,False,-1.0,-1.0,-1.0,2.4596301308073203,2.7501127649976898,1.0135317997294295,STOP,STOP,D,True,2026-04-09,23868.0,29.007142857143013,54.29999999999927,28.559999999999853,23969.3,23909.2,23927.0,23939.0,-2.440413503174742,-2.02896631732406,0.9845850775670912,1.871952721004644,3.762631712397009,0.0012997468403541,12.75,1,1.4203398177788895,2.02896631732406,2.440413503174742
26,NIFTY26APRFUT,2026-04-09 14:20:00+05:30,-1,False,2,True,False,False,True,False,1.5,-1.0,-1.0,-2.1034241788958448,1.630561378989027,2.902399254600468,STOP,STOP,D,False,2026-04-09,23800.0,29.350000000000364,45.70000000000073,29.28000000000029,23865.0,23801.0,23916.9,23835.0,-1.1907531513682348,-3.963496462834186,0.99761499148211,1.5570698466780293,1.902583176776795,0.0019176383992562,14.333333333333334,0,0.0340715502555362,3.963496462834186,1.1907531513682348
27,NIFTY26APRFUT,2026-04-10 09:15:00+05:30,1,False,1,False,False,False,False,True,-1.0,-1.0,-1.0,1.2449753507774337,2.1740614334471315,1.223739097459192,STOP,STOP,D,False,2026-04-10,23998.0,,86.90000000000146,,,,,,,,,,,-0.0185442204601115,9.25,0,,,
28,NIFTY26APRFUT,2026-04-10 09:45:00+05:30,1,False,1,False,False,False,False,True,-1.0,-1.0,-1.0,0.4075691411935936,1.6557496360989743,1.11826783114996,STOP,STOP,D,False,2026-04-10,24015.0,,41.0,34.0,,,,23967.2,,,,,,0.0026624085724937,9.75,0,,,
29,NIFTY26APRFUT,2026-04-10 11:45:00+05:30,-1,False,2,False,False,False,False,True,-1.0,-1.0,-1.0,-2.097074895532116,0.0,3.532626165220244,STOP,STOP,D,False,2026-04-10,24004.0,21.50714285714249,36.900000000001455,19.859999999999125,24066.6,24013.3,24005.0,24040.0,-1.6713558880887318,-0.0464942437335813,0.923414148123522,1.7157090667553274,1.462329351486545,0.000331727770922,11.75,0,0.4324144802390967,0.0464942437335813,1.6713558880887318
30,NIFTY26APRFUT,2026-04-10 12:20:00+05:30,1,True,2,False,False,True,False,False,-1.0,-1.0,-1.0,0.9685534591194968,1.3647798742138364,1.2899371069182068,STOP,STOP,D,True,2026-04-10,24067.6,21.871428571428364,30.0,17.040000000000145,24063.0,24000.0,24049.0,24037.0,1.4008666532412022,0.8510822952669003,0.7790986283474993,1.37165251469629,-0.2869914345230173,-0.0009481092513583,12.333333333333334,1,0.2103200522533646,0.8510822952669003,1.4008666532412022
31,NIFTY26APRFUT,2026-04-10 13:55:00+05:30,1,True,2,True,True,False,False,False,-1.0,-1.0,-1.0,1.095987411487095,1.646734854445394,6.306058221872523,STOP,STOP,D,True,2026-04-10,24094.2,16.97857142857148,34.400000000001455,17.399999999999274,24075.0,24038.7,24053.9,24047.6,2.74995471574301,2.377556848676019,1.0248212031972617,2.0260832982752164,4.627080340852415,-0.002281206977966,13.916666666666666,1,1.1308371897349994,2.377556848676019,2.74995471574301
32,NIFTY26APRFUT,2026-04-13 09:15:00+05:30,-1,False,0,False,False,False,False,True,-1.0,-1.0,-1.0,-1.9174168767254536,0.3008042251830749,2.2501500420117204,STOP,STOP,D,False,2026-04-13,23650.0,,124.0,,,,,,,,,,,-0.0338566907913178,9.25,0,,,
33,NIFTY26APRFUT,2026-04-13 11:35:00+05:30,1,False,1,False,False,False,False,True,1.5,2.0,3.0,2.795074758135337,3.4928173556140703,0.7346819114629614,TARGET,TARGET,D,False,2026-04-13,23799.9,23.328571428571845,39.59999999999855,21.82000000000044,23790.0,23753.8,23713.9,23772.0,1.1973619949843357,3.6998358367192856,0.9353337415799164,1.6974892835271578,0.6680528262870536,0.0014456464598953,11.583333333333334,0,0.4243723208818674,3.6998358367192856,1.1973619949843357
34,NIFTY26APRFUT,2026-04-13 12:25:00+05:30,1,False,2,False,False,False,False,True,-1.0,-1.0,-1.0,0.2955145118733789,2.5118733509234965,2.741717971269375,STOP,STOP,D,False,2026-04-13,23873.8,23.45000000000021,28.799999999999272,20.640000000000143,23863.0,23768.4,23763.1,23821.0,2.2565898878531487,4.742673521548745,0.8801705756929622,1.2281449893389773,-0.3712313336526238,0.0005895433624656,12.416666666666666,0,0.460554371002097,4.742673521548745,2.2565898878531487
35,NIFTY26APRFUT,2026-04-13 13:50:00+05:30,1,False,1,False,False,False,False,True,-1.0,-1.0,-1.0,-2.121886592474826,1.0757816640169435,2.4780074191838293,STOP,STOP,D,False,2026-04-13,23909.3,25.100000000000364,51.5,18.160000000000583,23880.0,23807.0,23848.0,23860.0,1.9682017779677377,2.448508699185099,0.7235059760956303,2.051792828685229,4.793967408661383,0.002803273344885,13.833333333333334,0,1.1673306772907908,2.448508699185099,1.9682017779677377
36,NIFTY26APRFUT,2026-04-13 13:55:00+05:30,1,False,1,False,False,False,False,True,-1.0,-1.0,-1.0,-2.396493941737582,0.3573085846866914,2.742974993555004,STOP,STOP,D,False,2026-04-13,23914.8,26.95714285714322,29.0,27.06000000000058,23910.3,23813.1,23855.0,23871.0,1.6277825585973822,2.223896934279913,1.0038155802861766,1.0757816640169435,1.3503488296397368,0.0040724043997062,13.916666666666666,0,0.1669316375198705,2.223896934279913,1.6277825585973822
37,NIFTY26APRFUT,2026-04-15 09:15:00+05:30,1,False,0,False,False,False,False,True,-1.0,-1.0,-1.0,-0.2762932091198564,0.6675655797989929,1.3746016180436085,STOP,STOP,D,False,2026-04-15,24259.6,,115.40000000000146,,,,,,,,,,,-0.0168640102582291,9.25,0,,,
38,NIFTY26APRFUT,2026-04-15 13:20:00+05:30,-1,False,1,False,False,False,False,True,-1.0,-1.0,-1.0,-1.4899680139575118,0.537365513230629,2.466996219831329,STOP,STOP,D,False,2026-04-15,24208.1,21.371428571428105,50.0,21.49999999999927,24259.4,24216.0,24242.0,24225.0,-0.7902237352583669,-1.584011763404503,1.0060160427807363,2.33957219251342,3.2936737200349446,-0.0013555323309982,13.333333333333334,0,0.3696524064171884,1.584011763404503,0.7902237352583669
39,NIFTY26APRFUT,2026-04-15 14:50:00+05:30,1,False,1,False,False,False,False,True,-1.0,-1.0,-1.0,-2.9607250755287846,0.2416918429003089,3.262839879154171,STOP,STOP,D,False,2026-04-15,24270.0,17.335714285713816,24.0,13.860000000000582,24267.0,24235.9,24252.0,24260.0,0.577081615828472,1.039089559623846,0.7995055624227994,1.3844252163164774,3.859499503610009,-0.001102440275818,14.833333333333334,0,0.1730531520395596,1.039089559623846,0.577081615828472
40,NIFTY26APRFUT,2026-04-16 09:15:00+05:30,1,False,0,False,False,False,False,True,-1.0,-1.0,-1.0,-2.1699625868519257,0.7108498129342514,3.9283805451629688,STOP,STOP,D,False,2026-04-16,24370.0,,45.0,,,,,,,,,,,-0.0429186778484913,9.25,0,,,
41,NIFTY26APRFUT,2026-04-16 13:50:00+05:30,1,True,2,True,True,False,False,False,-1.0,-1.0,-1.0,-0.123397435897407,2.2585470085470325,1.854700854700775,STOP,STOP,D,True,2026-04-16,24191.1,25.3357142857146,42.900000000001455,22.360000000000586,24168.0,24114.0,24190.0,24122.5,2.715340295514301,0.0434189464036454,0.8825486326473196,1.693261911474522,2.790546401046518,-0.001777344589849,13.833333333333334,1,0.911756413870808,0.0434189464036454,2.715340295514301
42,NIFTY26APRFUT,2026-04-16 14:25:00+05:30,1,False,1,False,False,False,False,True,1.5,-0.5383235067931269,-0.5383235067931269,-0.5383235067931269,1.7477569853883783,0.9438605485772564,TIME,TIME,D,False,2026-04-16,24201.2,26.921428571428677,38.29999999999927,27.7,24195.0,24120.0,24152.0,24155.0,1.719387371698937,1.8312633413691464,1.0289201379676267,1.4226585301140562,2.380644040641065,-0.0006999457990688,14.416666666666666,0,0.2302998142743695,1.8312633413691464,1.719387371698937
43,NIFTY26APRFUT,2026-04-16 14:30:00+05:30,1,False,2,False,False,False,False,True,-1.0,-1.0,-1.0,-1.70067348465952,0.5238214018458403,2.095285607383361,STOP,STOP,D,False,2026-04-16,24233.8,27.86428571428587,44.900000000001455,26.23999999999942,24201.2,24130.0,24144.5,24163.9,2.515844245630091,3.216672509167277,0.9417072545500892,1.6113816970008124,6.932378209528679,-0.0014755140066128,14.5,0,1.1699564214303435,3.216672509167277,2.515844245630091
44,NIFTY26APRFUT,2026-04-17 10:00:00+05:30,1,True,3,True,True,False,False,False,1.0912651782216831,1.0912651782216831,1.0912651782216831,1.0912651782216831,1.4806110458284414,0.4935370152761471,TIME,TIME,D,True,2026-04-17,24259.0,,52.20000000000073,33.03999999999942,,,,24200.0,,,,,,0.0024242647872771,10.0,1,,,
45,NIFTY26APRFUT,2026-04-17 11:50:00+05:30,1,False,1,False,False,False,False,True,-1.0,-1.0,-1.0,-0.6805555555555778,0.5324074074073984,2.5046296296296884,STOP,STOP,D,False,2026-04-17,24319.7,20.914285714286184,33.900000000001455,18.059999999999853,24309.4,24242.0,24275.0,24291.9,1.3307561683122695,2.141230698451821,0.863524590163908,1.6209016393442954,0.9330177343038628,0.0011993082039263,11.833333333333334,0,0.4924863387977684,2.141230698451821,1.3307561683122695
46,NIFTY26APRFUT,2026-04-20 09:15:00+05:30,-1,False,0,False,False,False,False,True,-1.0,-1.0,-1.0,-3.336700336700293,1.8821548821549343,3.949494949494932,STOP,STOP,D,False,2026-04-20,24334.0,,166.59999999999854,,,,,,,,,,,-0.019698318697517,9.25,0,,,
47,NIFTY26APRFUT,2026-04-20 10:30:00+05:30,1,False,3,False,False,False,False,True,-0.0798234320396891,-0.0798234320396891,-0.0798234320396891,-0.0798234320396891,0.937281589111666,0.849733308809993,TIME,TIME,D,False,2026-04-20,24436.2,39.50000000000078,47.59999999999855,30.22000000000044,24417.3,24283.0,,24388.0,1.2226648507358755,,0.7650632911392364,1.20506329113918,,-0.0061255511675888,10.5,0,0.4784810126582552,,1.2226648507358755
48,NIFTY26APRFUT,2026-04-20 11:20:00+05:30,1,False,1,False,False,False,False,True,-1.0,-1.0,-1.0,-0.6588235294117897,0.9607843137254902,1.6058823529411514,STOP,STOP,D,False,2026-04-20,24465.4,28.321428571428573,40.900000000001455,27.98000000000029,24456.2,24402.0,24303.0,24438.0,0.9685500482111232,5.772491508658697,0.9879445145019018,1.4441361916772266,-0.3776049263169017,0.0006532075529022,11.333333333333334,0,0.3248423707440357,5.772491508658697,0.9685500482111232
49,NIFTY26APRFUT,2026-04-20 14:20:00+05:30,1,False,2,False,False,False,False,True,-1.0,-1.0,-1.0,-2.7244454607820296,0.9892522295907182,3.086210839240731,STOP,STOP,D,False,2026-04-20,24397.1,30.485714285714234,48.0,24.51999999999971,24395.5,24351.4,24459.4,24373.7,0.7683095425820263,-2.0383749731850345,0.8043111527647528,1.5745079662605463,-0.0085119671331622,0.0013460792589718,14.333333333333334,0,0.0524835988753038,-2.0383749731850345,0.7683095425820263
50,NIFTY26APRFUT,2026-04-20 15:15:00+05:30,-1,True,2,True,True,False,False,False,-0.1331382589612779,-0.1331382589612779,-0.1331382589612779,-0.1331382589612779,0.2526213118750766,0.5769324554987055,TIME,TIME,D,True,2026-04-20,24310.0,26.871428571428623,59.5,21.61999999999971,24428.0,24355.0,24357.0,24383.5,-2.7270022617393934,-1.7456945863996016,0.8045720361509712,2.214247740563526,11.046854244203857,-0.0021368577544742,15.25,1,1.6746411483253556,1.7456945863996016,2.7270022617393934
51,NIFTY26APRFUT,2026-04-21 09:15:00+05:30,1,False,0,False,False,False,False,True,1.5,2.0,3.0,3.1235730022031296,3.25816142599642,0.5047065892249156,TARGET,TARGET,D,False,2026-04-21,24450.0,,100.0,,,,,,,,,,,-0.0220707068786529,9.25,0,,,
52,NIFTY26APRFUT,2026-04-21 09:45:00+05:30,1,False,2,False,False,False,False,True,1.5,0.8574761812171957,0.8574761812171957,0.8574761812171957,1.7203966556484886,0.5934279603344204,TIME,TIME,D,False,2026-04-21,24508.8,,47.70000000000073,26.43999999999942,,,,24448.2,,,,,,0.0025625172551901,9.75,0,,,
53,NIFTY26APRFUT,2026-04-21 10:50:00+05:30,1,False,2,False,False,False,False,True,-1.0,-1.0,-1.0,0.0751025560113927,1.3695171978542222,1.502051120227211,STOP,STOP,D,False,2026-04-21,24549.0,22.92142857142841,24.0,20.51999999999971,24543.0,24488.0,,24492.0,2.492543402474172,,0.8952321595512555,1.0470551573699045,,1.162200588078477e-05,10.833333333333334,0,0.261763789342476,,2.492543402474172
54,NIFTY26APRFUT,2026-04-21 12:10:00+05:30,1,True,2,True,True,False,False,False,-1.0,-1.0,-1.0,-0.8717091516924975,0.6435436690346669,2.819891349770129,STOP,STOP,D,True,2026-04-21,24568.0,16.900000000000677,24.0,16.00000000000073,24553.8,24515.0,24529.5,24536.0,1.895960626867839,2.2816820852465143,0.9467455621301828,1.4201183431952094,0.0271850092338406,0.0009056673878462,12.166666666666666,1,0.8402366863905419,2.2816820852465143,1.895960626867839
55,NIFTY26APRFUT,2026-04-22 09:15:00+05:30,-1,False,1,False,False,False,False,True,1.5,2.0,3.0,1.698019801980149,5.275027502750296,0.6507150715072093,TARGET,TARGET,D,False,2026-04-22,24465.0,,71.79999999999927,,,,,,,,,,,-0.0297401632687622,9.25,0,,,
56,NIFTY26APRFUT,2026-04-22 13:20:00+05:30,-1,False,1,True,False,False,True,False,-1.0,-1.0,-1.0,-0.0075614366729953,0.1398865784499318,2.880907372400761,STOP,STOP,D,False,2026-04-22,24367.0,25.321428571428832,36.79999999999927,25.040000000000145,24428.8,24383.8,24405.0,24419.5,-2.068885212807836,-1.4983685335815666,0.9888857545839166,1.4533145275034824,2.7160008321200144,0.0006441465650786,13.333333333333334,0,0.6634696755994003,1.4983685335815666,2.068885212807836
57,NIFTY26APRFUT,2026-04-22 13:55:00+05:30,1,True,2,False,False,True,False,False,-1.0,-1.0,-1.0,-2.02546296296295,0.445601851851849,2.957175925925907,STOP,STOP,D,True,2026-04-22,24440.0,24.071428571428573,41.900000000001455,16.940000000000147,24427.0,24364.0,24400.0,24407.0,1.3727734624948678,1.6644452011480066,0.7037388724035669,1.7406528189911583,4.194311711186588,0.0005961193028167,13.916666666666666,1,0.5400593471810089,1.6644452011480066,1.3727734624948678
58,NIFTY26APRFUT,2026-04-23 09:15:00+05:30,-1,False,0,False,False,False,False,True,-1.0,-1.0,-1.0,-0.3229308005427771,0.759837177747618,2.849389416553568,STOP,STOP,D,False,2026-04-23,24183.0,,63.0,,,,,,,,,,,-0.0105900330494319,9.25,0,,,
59,NIFTY26APRFUT,2026-04-23 10:45:00+05:30,-1,True,3,True,True,False,False,False,0.3446799400556556,0.3446799400556556,0.3446799400556556,0.3446799400556556,0.6444016270605736,0.9710982658959776,TIME,TIME,D,True,2026-04-23,24180.0,32.17857142857195,48.70000000000073,27.580000000001014,24288.0,24186.0,,24260.1,-2.481015435835564,,0.8570921198668324,1.5134295227524954,,-0.0016545413755528,10.75,1,0.1864594894561568,,2.481015435835564
60,NIFTY26APRFUT,2026-04-23 13:15:00+05:30,1,True,3,False,False,True,False,False,1.5,2.0,-1.0,-3.0499243570347288,2.03328290468982,3.897125567322153,TARGET,STOP,D,True,2026-04-23,24227.2,22.014285714286284,45.0,18.440000000000147,24207.5,24146.1,24179.0,24180.0,2.148247563563209,2.1938520131555133,0.8376378974691608,2.0441271901362223,1.3801590759405051,-0.0061286037845541,13.25,1,0.8948734587930014,2.1938520131555133,2.148247563563209
61,NIFTY26APRFUT,2026-04-23 13:20:00+05:30,1,True,3,False,False,True,False,False,-1.0,-1.0,-1.0,-3.418788907753176,0.7011884550085077,4.844934917939913,STOP,STOP,D,True,2026-04-23,24270.6,23.607142857143376,42.0,23.240000000000144,24230.0,24146.1,24167.9,24189.8,3.434125542393103,4.368864878651009,0.9844478063539936,1.7791225416035916,4.214346501227308,-0.0079707188190569,13.333333333333334,1,1.7198184568834105,4.368864878651009,3.434125542393103
62,NIFTY26APRFUT,2026-04-24 10:20:00+05:30,-1,False,1,False,False,False,False,True,0.436670687575352,0.436670687575352,0.436670687575352,0.436670687575352,0.9722557297949052,0.8805790108564436,TIME,TIME,D,False,2026-04-24,23955.6,,44.400000000001455,32.26000000000131,24078.2,23961.0,,23980.0,,,,,,-0.0032894590022718,10.333333333333334,0,,,
63,NIFTY26APRFUT,2026-04-24 13:30:00+05:30,-1,False,1,False,False,False,False,True,-1.0,-1.0,-1.0,-1.7495140238822442,1.3335184670924378,3.343515690086067,STOP,STOP,D,False,2026-04-24,23869.0,25.671428571428677,39.900000000001455,23.82000000000044,23941.6,23870.1,23932.3,23896.2,-1.0583376516530567,-2.4592544117055506,0.9278797996661236,1.554257095158648,0.0419379651480867,0.0037787595791776,13.5,0,0.0428491930995536,2.4592544117055506,1.0583376516530567
64,NIFTY26APRFUT,2026-04-24 14:25:00+05:30,1,True,2,True,True,False,False,False,1.5,-1.0,-1.0,0.9350788137857352,1.6831418648143233,1.0323270104193971,STOP,STOP,D,True,2026-04-24,23916.4,25.285714285714285,43.29999999999927,24.920000000000435,23905.2,23834.7,23924.0,23868.7,1.890210603447525,-0.3004694904863064,0.9855367231638592,1.7124293785310447,1.0160970322879197,-0.0003646892891194,14.416666666666666,1,0.4429378531073734,-0.3004694904863064,1.890210603447525
65,NIFTY26APRFUT,2026-04-27 09:15:00+05:30,1,True,2,True,True,False,False,False,1.5,2.0,1.005671077504726,1.005671077504726,2.143667296786389,0.772778827977335,TARGET,TIME,D,True,2026-04-27,24045.0,,69.29999999999927,,,,,,,,,,,-0.1650580556327865,9.25,1,,,
66,NIFTY26APRFUT,2026-04-27 09:45:00+05:30,1,False,1,False,False,False,False,True,-1.0,-1.0,-1.0,-1.3564404320489694,0.5619861357408008,1.672416572626108,STOP,STOP,D,False,2026-04-27,24105.0,,52.79999999999927,44.28000000000029,,,,24075.0,,,,,,-0.0099402630965746,9.75,0,,,
67,NIFTY26APRFUT,2026-04-27 12:30:00+05:30,1,False,3,False,False,False,False,True,1.5,1.759220231823022,1.759220231823022,1.759220231823022,1.9620653319283987,0.6195995785036695,TIME,TIME,D,False,2026-04-27,24086.8,27.035714285714025,29.099999999998545,20.38000000000029,24072.0,23990.0,24100.0,24040.1,1.7307003005772557,-0.4879756452912621,0.7538177014531223,1.0763540290620437,0.8107851875112521,-0.0038425249974962,12.5,0,0.5474240422721052,-0.4879756452912621,1.7307003005772557
68,NIFTY26APRFUT,2026-04-27 13:05:00+05:30,1,False,1,False,False,False,False,True,1.5,0.8020833333333333,0.8020833333333333,0.8020833333333333,1.8229166666666663,0.8506944444444444,TIME,TIME,D,False,2026-04-27,24102.6,20.0,32.39999999999782,15.88000000000029,24100.0,24041.0,24044.0,24080.7,1.0959958389914115,2.937140991515583,0.7940000000000145,1.6199999999998909,0.4416676751367784,0.0103781361628374,13.083333333333334,0,0.1299999999999272,2.937140991515583,1.0959958389914115
69,NIFTY26APRFUT,2026-04-27 14:30:00+05:30,-1,False,2,True,False,False,True,False,-1.0,-1.0,-1.0,-2.125265392781317,0.1040339702759329,2.620665251238484,STOP,STOP,D,False,2026-04-27,24087.1,19.964285714286493,28.5,19.420000000000435,24135.0,24106.0,24080.0,24118.0,-1.5457808677995066,0.3557399217872463,0.9727370304114328,1.4275491949909995,-0.3100431317461338,0.0184267755794833,14.5,0,0.946690518783578,-0.3557399217872463,1.5457808677995066
70,NIFTY26APRFUT,2026-04-28 09:15:00+05:30,-1,False,1,False,False,False,False,True,-1.0,-1.0,-1.0,-2.5536547433903003,0.4199066874027973,2.9393468118195814,STOP,STOP,D,False,2026-04-28,24085.0,,106.70000000000071,,,,,,,,,,,-0.3099005657931138,9.25,0,,,
71,NIFTY26APRFUT,2026-04-28 12:20:00+05:30,-1,False,2,False,False,False,False,True,-1.0,-1.0,-1.0,0.5082952632843837,1.8547727819186424,1.154604472228975,STOP,STOP,D,False,2026-04-28,24021.8,28.357142857143376,38.900000000001455,24.420000000000435,24098.4,24025.1,24137.0,24058.0,-1.2746534497969204,-4.0430793448272135,0.861158690176322,1.371788413098263,0.4863580279752059,-0.0128954105740648,12.333333333333334,0,0.1163727959697455,4.0430793448272135,1.2746534497969204
72,NIFTY26AUGFUT,2026-08-03 12:30:00+05:30,-1,False,1,False,False,False,False,True,1.5,2.0,1.1030860144452057,1.1030860144452057,2.72094550229804,0.8640840446488781,TARGET,TIME,V,False,2026-08-03,24660.0,9.671428571428155,23.90000000000145,10.759999999999854,24689.2,24665.1,24669.0,24675.9,-1.642958396851932,-0.9302365685038504,1.1125553914328246,2.4711964549485583,0.3078027216986696,-0.0007848169732579,12.5,0,0.5273264401771248,0.9302365685038504,1.642958396851932
73,NIFTY26AUGFUT,2026-08-04 10:55:00+05:30,-1,False,2,False,False,False,False,True,-1.0,-1.0,-1.0,6.397803538743061,7.764490543013916,2.7504575960951567,STOP,STOP,V,False,2026-08-04,24630.2,10.88571428571465,27.200000000000728,9.000000000000728,24692.0,24639.2,24664.0,24650.0,-1.817436616568824,-3.100731745419336,0.8267716535433463,2.4986876640419777,-0.4460229391410383,-1.63757246257612e-05,10.916666666666666,0,0.8267716535432794,3.100731745419336,1.817436616568824
74,NIFTY26AUGFUT,2026-08-04 11:45:00+05:30,-1,False,3,False,False,False,False,True,-1.0,-1.0,-1.0,3.733333333333153,3.733333333333153,1.231083844580704,STOP,STOP,V,False,2026-08-04,24588.0,15.11428571428665,39.900000000001455,17.140000000000875,24661.7,24615.0,24681.5,24645.0,-3.762544195630573,-6.162765427385806,1.1340264650283431,2.6398865784498384,1.847139603185636,0.0011173001667774,11.75,0,1.7863894139885472,6.162765427385806,3.762544195630573
75,NIFTY26AUGFUT,2026-08-04 13:40:00+05:30,-1,False,2,False,False,False,False,True,-1.0,-1.0,-1.0,-2.225110782865529,0.2564254062038678,2.63456425406204,STOP,STOP,V,False,2026-08-04,24506.5,23.71428571428597,28.5,22.76000000000058,24568.0,24510.0,24579.1,24534.0,-1.1583387229524722,-3.0524031019986944,0.9597590361445922,1.2018072289156494,0.9073168298200645,0.0115721319001409,13.666666666666666,0,0.1475903614457815,3.0524031019986944,1.1583387229524722
76,NIFTY26AUGFUT,2026-08-05 09:15:00+05:30,1,False,1,False,False,False,False,True,-1.0,-1.0,-1.0,0.1051813471503108,0.2502590673575633,2.868911917098365,STOP,STOP,V,False,2026-08-05,24719.1,,48.900000000001455,,,,,,,,,,,-0.0895661365009059,9.25,0,,,
77,NIFTY26AUGFUT,2026-08-05 12:30:00+05:30,-1,False,2,False,False,False,False,True,1.5,2.0,1.2568306010928747,1.2568306010928747,2.8961748633879285,0.3770491803279419,TARGET,TIME,V,False,2026-08-05,24623.1,16.72857142857174,36.0,13.759999999999854,24685.0,24640.0,24698.1,24651.0,-1.6659176727094434,-4.469733115376203,0.8225448334756378,2.15200683176768,2.898635920122496,0.0005533291072599,12.5,0,1.0102476515799144,4.469733115376203,1.6659176727094434
78,NIFTY26AUGFUT,2026-08-05 13:40:00+05:30,-1,False,3,True,False,False,True,False,-1.0,-1.0,-1.0,-3.999999999999892,0.0883116883117237,5.558441558441409,STOP,STOP,V,False,2026-08-05,24566.7,19.721428571428987,29.40000000000145,14.860000000000582,24623.5,24579.0,24659.9,24618.9,-2.641254866144352,-4.707963126020056,0.7534951104672356,1.49076421586386,0.958571748656629,0.0020199861059155,13.666666666666666,0,0.6236870699021593,4.707963126020056,2.641254866144352
79,NIFTY26AUGFUT,2026-08-06 09:15:00+05:30,1,False,1,False,False,False,False,True,1.5,0.6904296875000273,0.6904296875000273,0.6904296875000273,1.708984375000006,0.273437500000001,TIME,TIME,V,False,2026-08-06,24700.0,,47.60000000000218,,,,,,,,,,,-0.0009843970436503,9.25,0,,,
80,NIFTY26AUGFUT,2026-08-06 09:45:00+05:30,1,False,2,False,False,False,False,True,-1.0,-1.0,-1.0,0.3128683693516165,0.3128683693516165,1.8531434184676137,STOP,STOP,V,False,2026-08-06,24745.5,,25.0,19.68000000000102,,,,24715.0,,,,,,-0.0113654925310219,9.75,0,,,
81,NIFTY26AUGFUT,2026-08-07 09:15:00+05:30,-1,False,2,False,False,False,False,True,-1.0,-1.0,-1.0,1.3655872024970388,1.9118220834958544,1.7479516191962097,STOP,STOP,V,False,2026-08-07,24675.0,,33.0,,,,,,,,,,,-0.0119562562752706,9.25,0,,,
82,NIFTY26AUGFUT,2026-08-07 10:15:00+05:30,-1,False,3,True,False,False,True,False,0.3969974979149606,0.3969974979149606,0.3969974979149606,0.3969974979149606,0.9418960244648678,0.8095635251598338,TIME,TIME,V,False,2026-08-07,24650.6,,34.0,18.640000000000143,24707.0,24670.0,,24698.0,,,,,,0.0025041461191226,10.25,0,,,
83,NIFTY26AUGFUT,2026-08-07 11:00:00+05:30,-1,False,1,False,False,False,False,True,-1.0,-1.0,-1.0,-0.3357441948990801,0.5542443852303691,2.376855728968288,STOP,STOP,V,False,2026-08-07,24627.0,17.91428571428592,29.700000000000728,15.059999999999857,24690.0,24640.0,24693.5,24658.0,-1.7282869850948726,-3.7021244088893166,0.8406698564593124,1.6578947368421268,1.6088157845526452,0.0006833177536884,11.0,0,0.7256778309409805,3.7021244088893166,1.7282869850948726
84,NIFTY26AUGFUT,2026-08-07 13:15:00+05:30,-1,True,3,True,True,False,False,False,-1.0,-1.0,-1.0,-1.3416087388281424,1.021847070506498,3.079443892750672,STOP,STOP,V,True,2026-08-07,24615.7,13.95714285714296,16.099999999998545,13.220000000000436,24644.4,24616.0,24659.8,24634.9,-1.3745675644450603,-3.1540219117512933,0.9471852610030947,1.1535312180142168,-0.5785705814801609,0.0025947714542637,13.25,1,0.0214943705219538,3.1540219117512933,1.3745675644450603
85,NIFTY26AUGFUT,2026-08-10 09:15:00+05:30,1,False,1,False,False,False,False,True,-1.0,-1.0,-1.0,-0.3790613718411452,1.5794223826714386,4.106498194945741,STOP,STOP,V,False,2026-08-10,24664.9,,44.30000000000291,,,,,,,,,,,-0.0013137491385251,9.25,0,,,
86,NIFTY26AUGFUT,2026-08-10 10:20:00+05:30,1,True,3,True,True,False,False,False,0.0495654972643396,0.0495654972643396,0.0495654972643396,0.0495654972643396,1.067911168329596,0.8200836820083894,TIME,TIME,V,True,2026-08-10,24664.0,,28.200000000000728,17.160000000000583,24645.9,24600.0,,24613.0,,,,,,0.0006982940140087,10.333333333333334,1,,,
87,NIFTY26AUGFUT,2026-08-11 09:15:00+05:30,-1,False,0,False,False,False,False,True,1.5,2.0,1.463778939507079,1.463778939507079,2.666168782673608,0.0,TARGET,TIME,V,False,2026-08-11,24576.0,,46.0,,,,,,,,,,,-0.0020583722285487,9.25,0,,,
88,NIFTY26AUGFUT,2026-08-11 09:30:00+05:30,-1,True,3,True,True,False,False,False,1.5,2.0,1.8886310904872448,1.8886310904872448,2.129930394431592,0.4176334106728477,TARGET,TIME,V,True,2026-08-11,24550.0,,22.40000000000145,,,,,,,,,,,0.0006845908232739,9.5,1,,,
89,NIFTY26AUGFUT,2026-08-11 11:00:00+05:30,-1,False,1,True,False,False,True,False,-1.0,-1.0,-1.0,-0.9354988399072556,0.5197215777262005,1.2343387470997262,STOP,STOP,V,False,2026-08-11,24518.0,14.107142857143376,32.0,8.71999999999971,24558.5,24530.0,24561.9,24555.0,-2.6188327417910835,-3.106336772177944,0.6181265822784376,2.2683544303796634,0.6272930952324838,0.0010243933670528,11.0,0,0.8506329113923737,3.106336772177944,2.6188327417910835
90,NIFTY26AUGFUT,2026-08-11 14:55:00+05:30,1,True,3,True,True,False,False,False,-1.0,-1.0,-1.0,-2.056637168141669,1.156342182890831,2.147492625368685,STOP,STOP,V,True,2026-08-11,24552.0,11.07142857142883,19.599999999998545,11.480000000000292,24549.6,24525.1,24535.0,24530.3,1.9617338556805708,1.5365477888731671,1.0369032258064537,1.7703225806449885,2.250738059739486,-0.0011080922699909,14.916666666666666,1,0.2167741935485134,1.5365477888731671,1.9617338556805708
91,NIFTY26AUGFUT,2026-08-12 09:15:00+05:30,-1,True,2,True,True,False,False,False,-1.0,-1.0,-1.0,4.816389640510162,5.682257441051315,3.1928875144955007,STOP,STOP,V,True,2026-08-12,24497.0,,83.0,,,,,,,,,,,-0.0032576595051562,9.25,1,,,
92,NIFTY26AUGFUT,2026-08-12 10:55:00+05:30,-1,False,2,False,False,False,False,True,1.5,0.3536660505235975,0.3536660505235975,0.3536660505235975,1.785582255083093,0.4054220579175014,TIME,TIME,V,False,2026-08-12,24401.0,21.214285714285715,57.5,21.58000000000029,24475.0,24426.4,24497.0,24460.6,-2.802582238278712,-4.507518752038472,1.0172390572390708,2.71043771043771,3.686674415110216,0.0073926567327293,10.916666666666666,0,1.197306397306466,4.507518752038472,2.802582238278712
93,NIFTY26AUGFUT,2026-08-12 12:30:00+05:30,1,False,2,True,False,False,True,False,-1.0,-1.0,-1.0,-0.9044414535666778,0.6469268730371655,1.4383131449080655,STOP,STOP,V,False,2026-08-12,24395.0,15.642857142857665,22.0,12.3,24392.5,24363.2,24436.9,24377.9,1.0939174809520005,-2.67394613628982,0.7863013698629876,1.4063926940638802,0.0815293304934076,0.0055399940975764,12.5,0,0.1598173515981682,-2.67394613628982,1.0939174809520005
94,NIFTY26AUGFUT,2026-08-12 14:30:00+05:30,1,True,2,True,True,False,False,False,1.5,2.0,3.0,3.605882352941293,4.076470588235403,0.5647058823528469,TARGET,TARGET,V,True,2026-08-12,24420.0,15.164285714285922,38.0,14.0,24402.8,24372.0,24380.2,24384.7,2.3312078109964087,2.628872414219562,0.9232218558643304,2.5058878944888963,3.783401971725912,-0.0009419425517428,14.5,1,1.1342439943476537,2.628872414219562,2.3312078109964087
95,NIFTY26AUGFUT,2026-08-13 09:15:00+05:30,-1,False,0,False,False,False,False,True,1.5,0.3498920086392357,0.3498920086392357,0.3498920086392357,1.537796976241793,0.8207343412526757,TIME,TIME,V,False,2026-08-13,24421.0,,45.5,,,,,,,,,,,-0.0048014080013174,9.25,0,,,
96,NIFTY26AUGFUT,2026-08-13 09:25:00+05:30,-1,True,2,True,True,False,False,False,0.5355871886121474,0.5355871886121474,0.5355871886121474,0.5355871886121474,1.3078291814946308,0.7680901542111325,TIME,TIME,V,True,2026-08-13,24406.8,,26.899999999997817,,,,,,,,,,,0.0001443425454807,9.416666666666666,1,,,
97,NIFTY26AUGFUT,2026-08-13 09:30:00+05:30,-1,True,3,True,True,False,False,False,-1.0,-1.0,-1.0,-0.1594079134642709,0.3028750355820567,1.68972388272133,STOP,STOP,V,True,2026-08-13,24395.0,,27.90000000000145,,,,,,,,,,,0.002252960555146,9.5,1,,,
98,NIFTY26AUGFUT,2026-08-13 11:55:00+05:30,1,False,2,False,False,False,False,True,1.5,2.0,-1.0,0.1682018422106523,2.410893071686016,1.149379255106124,TARGET,STOP,V,False,2026-08-13,24470.0,16.77142857142852,30.0,15.680000000000293,24448.0,24390.0,24422.8,24420.0,2.987364784639216,2.8197490439504875,0.9349233390119454,1.7887563884156783,2.677371645002662,-0.0023285544699114,11.916666666666666,0,1.3117546848381645,2.8197490439504875,2.987364784639216
99,NIFTY26AUGFUT,2026-08-13 12:00:00+05:30,1,False,3,False,False,False,False,True,-1.0,-1.0,-1.0,-0.5900948366701776,0.5360028099754829,2.1440112399015736,STOP,STOP,V,False,2026-08-13,24495.0,17.83571428571434,48.0,18.62000000000044,24470.0,24390.0,24410.0,24435.0,3.3722972170656167,4.782313950850085,1.0439727673208063,2.6912294753704367,7.815985265994481,-0.0022578975675593,12.0,0,1.4016820184221024,4.782313950850085,3.3722972170656167
100,NIFTY26AUGFUT,2026-08-13 13:40:00+05:30,1,False,2,True,False,False,True,False,-1.0,-1.0,-1.0,-1.599470666078577,0.6854874283192617,2.03793559770618,STOP,STOP,V,False,2026-08-13,24482.1,15.464285714286234,20.0,15.620000000000436,24475.0,24450.5,24495.0,24454.7,1.7738097016462957,-0.8337408275337134,1.0100692840646597,1.2933025404156608,-0.034712165480075,-0.000188024372024,13.666666666666666,0,0.4591224018474655,-0.8337408275337134,1.7738097016462957
101,NIFTY26AUGFUT,2026-08-14 09:15:00+05:30,-1,False,0,False,False,False,False,True,-1.0,-1.0,-1.0,0.726103729104291,1.4762108872697457,1.4942134590654546,STOP,STOP,V,False,2026-08-14,24394.9,,62.0,,,,,,,,,,,-0.0016423867998881,9.25,0,,,
102,NIFTY26AUGFUT,2026-08-14 10:30:00+05:30,-1,True,3,True,True,False,False,False,-1.0,-1.0,-1.0,-1.3690671031097317,0.5728314238952502,1.649754500818279,STOP,STOP,V,True,2026-08-14,24377.0,16.892857142857142,28.90000000000145,9.61999999999971,24419.8,24385.0,,24418.0,-2.422986058356091,,0.5694714587737671,1.7107822410148854,,0.0006565789207861,10.5,1,0.4735729386892178,,2.422986058356091
103,NIFTY26AUGFUT,2026-08-14 13:45:00+05:30,1,True,2,True,True,False,False,False,-1.0,-1.0,-1.0,-0.6751773049645755,1.1252955082742124,1.078959810874638,STOP,STOP,V,True,2026-08-14,24460.0,12.857142857143115,39.79999999999927,14.959999999999855,24430.0,24394.6,24388.4,24414.4,3.5532909539721245,5.585238155115448,1.1635555555555208,3.0955555555554364,9.050302881913712,-0.0028188366994351,13.75,1,2.333333333333286,5.585238155115448,3.5532909539721245
104,NIFTY26AUGFUT,2026-08-17 09:15:00+05:30,-1,False,2,False,False,False,False,True,1.5,2.0,3.0,2.9100817438693136,3.972752043596843,0.2833787465938492,TARGET,TARGET,V,False,2026-08-17,24361.0,,68.90000000000146,,,,,,,,,,,0.0025567517561784,9.25,0,,,
105,NIFTY26AUGFUT,2026-08-17 10:15:00+05:30,-1,False,3,False,False,False,False,True,-0.8663853727144867,-0.8663853727144867,-0.8663853727144867,-0.8663853727144867,0.8663853727144867,0.9451476793248944,TIME,TIME,V,False,2026-08-17,24310.0,,30.0,14.000000000000728,24363.0,24325.9,,24347.5,,,,,,-0.0016066529579087,10.25,0,,,
106,NIFTY26AUGFUT,2026-08-17 10:40:00+05:30,-1,False,0,False,False,False,False,True,-1.0,-1.0,-1.0,-3.012733446519633,0.6714770797962362,3.226655348047565,STOP,STOP,V,False,2026-08-17,24299.3,17.707142857142703,19.599999999998545,16.719999999999708,24356.8,24301.9,,24310.0,-0.6040099468194707,,0.94425171440096,1.1068979427187655,,0.000946313173995,10.666666666666666,0,0.1468334005648684,,0.6040099468194707
107,NIFTY26AUGFUT,2026-08-17 11:45:00+05:30,1,True,3,True,True,False,False,False,1.5,2.0,3.0,9.917864476385889,10.301163586584378,0.2395619438740553,TARGET,TARGET,V,True,2026-08-17,24321.5,10.61428571428587,11.5,7.680000000000291,24320.0,24297.0,24335.5,24300.2,2.008488445719116,-1.3182183238002254,0.7235531628533143,1.0834454912516664,-0.3746811129179369,0.0008122411296709,11.75,1,0.1413189771197825,-1.3182183238002254,2.008488445719116
108,NIFTY26AUGFUT,2026-08-17 11:50:00+05:30,1,False,3,False,False,False,False,True,1.5,2.0,3.0,9.306930693068972,10.396039603960022,0.4851485148516117,TARGET,TARGET,V,False,2026-08-17,24325.0,10.43571428571444,15.0,8.980000000000292,24321.5,24297.0,24330.0,24309.0,1.534205579098738,-0.479025424146053,0.8605065023956345,1.4373716632443316,-0.3369835183365269,-0.0021535094134081,11.833333333333334,0,0.3353867214236774,-0.479025424146053,1.534205579098738
109,NIFTY26AUGFUT,2026-08-17 12:45:00+05:30,1,False,3,False,False,False,False,True,1.5,2.0,3.0,0.8611111111112028,3.0555555555555225,0.527777777777671,TARGET,TARGET,V,False,2026-08-17,24393.7,11.7928571428573,40.0,12.659999999999854,24364.0,24320.1,24305.0,24350.0,3.7122833053703728,7.548951502278052,1.073531193216206,3.391883706844292,19.991473165400496,-0.0013910808951479,12.75,0,2.518473652331948,7.548951502278052,3.7122833053703728
110,NIFTY26AUGFUT,2026-08-17 15:25:00+05:30,-1,True,3,True,True,False,False,False,1.4038286235187247,1.4038286235187247,1.4038286235187247,1.4038286235187247,1.4038286235187247,0.1276207839562476,TIME,TIME,V,True,2026-08-17,24391.7,15.61428571428535,20.099999999998545,14.959999999999129,24425.8,24395.3,24416.0,24423.1,-2.0083935055513216,-1.5547182812643852,0.9580969807867916,1.2872827081426632,6.756650538795205,0.0015706886122535,15.416666666666666,1,0.230558096980699,1.5547182812643852,2.0083935055513216
111,NIFTY26AUGFUT,2026-08-18 09:15:00+05:30,-1,False,3,False,False,False,False,True,-1.0,-1.0,-1.0,2.3638804968110225,2.8385364216179454,1.0198053037932733,STOP,STOP,V,False,2026-08-18,24286.5,,29.5,,,,,,,,,,,0.0001880406167731,9.25,0,,,
112,NIFTY26AUGFUT,2026-08-19 09:15:00+05:30,-1,False,3,False,False,False,False,True,1.5,2.0,3.0,2.39347990902185,3.311599696739949,0.0796057619408623,TARGET,TARGET,V,False,2026-08-19,24162.0,,67.40000000000146,,,,,,,,,,,-0.0117519897808784,9.25,0,,,
113,NIFTY26AUGFUT,2026-08-19 14:05:00+05:30,1,False,2,True,False,False,True,False,-1.0,-1.0,-1.0,-0.9408960915156191,2.2020972354623147,2.2020972354623147,STOP,STOP,V,False,2026-08-19,24128.0,15.071428571428571,17.900000000001455,14.080000000000291,24125.0,24099.0,24125.5,24110.0,1.1952044440863154,0.1658939661982071,0.9342180094786924,1.18767772511858,4.802368839718695,0.0006323653404969,14.083333333333334,0,0.1990521327014218,0.1658939661982071,1.1952044440863154
114,NIFTY26AUGFUT,2026-08-20 09:15:00+05:30,1,False,0,False,False,False,False,True,1.5,1.1375947995666509,1.1375947995666509,1.1375947995666509,1.592632719393311,0.0758396533044433,TIME,TIME,V,False,2026-08-20,24244.4,,38.10000000000218,,,,,,,,,,,-0.0284225833459819,9.25,0,,,
115,NIFTY26AUGFUT,2026-08-20 11:30:00+05:30,1,False,0,False,False,False,False,True,1.5,2.0,3.0,4.509068167604609,6.260162601625817,0.4552845528455777,TARGET,TARGET,V,False,2026-08-20,24280.7,10.82142857142883,18.90000000000145,9.740000000000872,24279.9,24257.7,24264.0,24274.0,0.6193128069500613,1.5442964736630034,0.9000660066007191,1.7465346534654391,3.0051937712759638,-0.0266140406059437,11.5,0,0.0739273927392049,1.5442964736630034,0.6193128069500613
116,NIFTY26AUGFUT,2026-08-20 12:40:00+05:30,1,False,2,False,False,False,False,True,1.5,2.0,3.0,1.604636188023123,4.840952994204853,0.7482292337410842,TARGET,TARGET,V,False,2026-08-20,24298.3,11.507142857142751,13.100000000002185,10.340000000000146,24297.3,24275.3,24277.0,24290.0,0.7215375918802022,1.85264824842452,0.8985723153321127,1.138423339540858,2.277530111771819,-0.0019134053387145,12.666666666666666,0,0.0869025450031044,1.85264824842452,0.7215375918802022
117,NIFTY26AUGFUT,2026-08-20 12:45:00+05:30,1,False,2,False,False,False,False,True,1.5,-1.0,-1.0,-0.5393634840872202,1.962032384142839,2.0480178671134177,STOP,STOP,V,False,2026-08-20,24326.9,11.09285714285709,41.0,10.500000000000728,24299.9,24275.3,24274.0,24285.5,3.738493601079025,4.779227170422473,0.9465550547328454,3.696072118480378,7.859072149382776,-0.0024901518678754,12.75,0,2.433998712170005,4.779227170422473,3.738493601079025
118,NIFTY26AUGFUT,2026-08-20 13:55:00+05:30,-1,True,2,True,True,False,False,False,-1.0,-1.0,-1.0,1.3302052785924068,2.0938416422286945,1.5108504398824865,STOP,STOP,V,True,2026-08-20,24310.2,13.914285714285922,16.700000000000728,8.919999999999709,24334.9,24315.2,24290.0,24330.8,-1.479239333931963,1.4529526773932344,0.641067761806951,1.2002053388090692,-0.0806563517419672,-0.0005228219711972,13.916666666666666,1,0.3593429158110829,-1.4529526773932344,1.479239333931963
119,NIFTY26AUGFUT,2026-08-21 09:20:00+05:30,-1,False,1,False,False,False,False,True,1.5,-1.0,-1.0,-1.3760683760683974,1.830769230769172,1.675213675213701,STOP,STOP,V,False,2026-08-21,24283.2,,26.299999999999272,,,,,,,,,,,-0.1010783415107564,9.333333333333334,0,,,
120,NIFTY26AUGFUT,2026-08-21 11:50:00+05:30,-1,True,2,True,True,False,False,False,1.5,-1.0,-1.0,0.1876971608833514,1.6340694006307503,2.1309148264982327,STOP,STOP,V,True,2026-08-21,24290.7,8.9357142857147,14.700000000000728,8.520000000000437,24315.0,24295.0,24283.5,24309.7,-2.124637085931359,0.8059943002421244,0.9534772182254242,1.645083932853722,0.910684260423762,0.0015362826760123,11.833333333333334,1,0.4812150279775141,-0.8059943002421244,2.124637085931359
121,NIFTY26AUGFUT,2026-08-24 09:15:00+05:30,1,False,1,False,False,False,False,True,-1.0,-1.0,-1.0,-5.645821157217929,0.5727644652250072,5.645821157217929,STOP,STOP,V,False,2026-08-24,24338.0,,23.0,,,,,,,,,,,-0.17125730328553,9.25,0,,,
122,NIFTY26AUGFUT,2026-08-24 10:55:00+05:30,-1,False,2,True,False,False,True,False,-1.0,-1.0,-1.0,4.4696969696969,5.583333333333301,1.590909090909066,STOP,STOP,V,False,2026-08-24,24269.0,11.27142857142878,41.0,11.340000000000146,24322.0,24295.4,24338.0,24313.2,-3.914290603109028,-6.10431761563303,1.0060836501901085,3.637515842838969,1.046406108272442,-0.0018835700681036,10.916666666666666,0,2.342205323194002,6.10431761563303,3.914290603109028
123,NIFTY26AUGFUT,2026-08-24 13:00:00+05:30,-1,False,2,False,False,False,False,True,1.5,-1.0,-1.0,-1.98198198198201,1.9279279279280863,2.1621621621621925,STOP,STOP,V,False,2026-08-24,24195.0,10.5,23.099999999998545,9.879999999999564,24220.0,24201.0,24231.7,24210.0,-1.4276863161621998,-3.489944399868236,0.9409523809523396,2.1999999999998616,0.4534830073621015,0.0003487743074339,13.0,0,0.5714285714285714,3.489944399868236,1.4276863161621998
124,NIFTY26AUGFUT,2026-08-24 14:25:00+05:30,1,False,1,False,False,False,False,True,-1.0,-1.0,-1.0,-1.2512413108242213,0.8967229394241265,1.2581926514398103,STOP,STOP,V,False,2026-08-24,24206.1,14.38571428571439,19.5,13.639999999999418,24204.2,24178.9,24211.7,24196.0,0.7023784697396427,-0.3891850378264275,0.9481628599800918,1.3555114200595733,-0.2553365087137636,-0.0137398846388231,14.416666666666666,0,0.1320754716979605,-0.3891850378264275,0.7023784697396427
125,NIFTY26AUGFUT,2026-08-25 11:55:00+05:30,1,False,1,False,False,False,False,True,-1.0,-1.0,-1.0,-4.1891592920355,0.0077433628317456,5.242256637168113,STOP,STOP,V,False,2026-08-25,24203.5,12.22857142857174,29.200000000000728,11.859999999999854,24175.0,24151.6,24151.9,24168.0,2.9073016097208257,4.228641306175323,0.9698598130840754,2.3878504672897183,2.082648022262465,-0.0626840461823959,11.916666666666666,0,2.3306074766354548,4.228641306175323,2.9073016097208257
126,NIFTY26AUGFUT,2026-08-25 13:00:00+05:30,-1,False,3,False,False,False,False,True,-1.0,-1.0,-1.0,-5.649667405765147,1.3115299334809731,6.425720620842746,STOP,STOP,V,False,2026-08-25,24156.0,12.578571428571584,20.5,10.2,24195.9,24164.0,24166.3,24177.9,-1.7394791939503234,-0.8185039184157665,0.8109028960817617,1.629755820556482,-0.0968744230760187,-0.0068077438085822,13.0,0,0.6360022714366759,0.8185039184157665,1.7394791939503234
127,NIFTY26AUGFUT,2026-08-25 13:50:00+05:30,1,False,1,False,False,False,False,True,-1.0,-1.0,-1.0,10.884594146880426,11.94367752622894,2.8989508558808104,STOP,STOP,V,False,2026-08-25,24192.5,10.449999999999688,51.5,7.399999999999272,24168.0,24136.2,24187.7,24142.0,4.842644536572087,0.4594212966758207,0.7081339712918174,4.9282296650719175,3.371434588411188,-0.0053116641101378,13.833333333333334,0,2.344497607655572,0.4594212966758207,4.842644536572087
128,NIFTY26AUGFUT,2026-08-25 14:25:00+05:30,1,False,2,False,False,False,False,True,1.5,2.0,3.0,9.44660194174774,10.364077669903097,0.6592233009709348,TARGET,TARGET,V,False,2026-08-25,24194.8,13.907142857142649,24.299999999999272,11.180000000000293,24194.0,24142.0,24172.2,24166.2,2.0589309801751297,1.6265835686641283,0.8039034411916097,1.7473035439136873,2.85904208751948,-0.0238750560071688,14.416666666666666,0,0.0575243965073959,1.6265835686641283,2.0589309801751297
129,NIFTY26AUGFUT,2026-08-25 14:30:00+05:30,1,False,3,False,False,False,False,True,1.5,2.0,3.0,6.608135320177265,7.369311316955359,0.5356423681031026,TARGET,TARGET,V,False,2026-08-25,24216.2,14.714285714285454,51.10000000000218,12.040000000000145,24194.8,24142.5,24168.3,24164.0,3.5552364184544483,3.261791677769059,0.8182524271844903,3.472815533980792,13.217861252978295,-0.0255423911370979,14.5,0,1.4543689320389594,3.261791677769059,3.5552364184544483
130,NIFTY26AUGFUT,2026-08-25 15:20:00+05:30,1,False,1,False,False,False,False,True,0.6037524502940825,0.6037524502940825,0.6037524502940825,0.6037524502940825,1.1330159619154685,0.4351722206664158,TIME,TIME,V,False,2026-08-25,24321.1,21.61428571428613,62.0,19.49999999999927,24275.3,24184.8,24146.1,24260.1,2.829303740387497,8.155176770311192,0.9021810971579132,2.8684732319893698,0.4421663857061219,0.0314556337742706,15.333333333333334,0,2.118968935888888,8.155176770311192,2.829303740387497
131,NIFTY26JULFUT,2026-07-01 09:55:00+05:30,1,False,3,False,False,False,False,True,1.5,2.0,-1.0,0.1184433164128588,2.131979695431459,1.5397631133671648,TARGET,STOP,V,False,2026-07-01,24074.5,,29.0,25.18000000000029,,,,24012.0,,,,,,-0.0003828553059772,9.916666666666666,0,,,
132,NIFTY26JULFUT,2026-07-01 10:15:00+05:30,1,False,3,False,False,False,False,True,-1.0,-1.0,-1.0,-0.1027173913043755,0.5820652173912767,2.955978260869593,STOP,STOP,V,False,2026-07-01,24116.4,,34.70000000000073,22.719999999999708,24093.0,24002.0,,24050.0,,,,,,-0.0026223681501468,10.25,0,,,
133,NIFTY26JULFUT,2026-07-01 12:05:00+05:30,1,False,1,False,False,False,False,True,-1.0,-1.0,-1.0,-1.1280051981806063,0.054580896686193,2.6153346328784988,STOP,STOP,V,False,2026-07-01,24140.8,20.91428571428566,34.599999999998545,21.139999999999414,24124.0,24072.4,24113.0,24100.0,1.9541223046050653,1.3307674544192667,1.0107923497267506,1.654371584699388,2.631148753386237,-0.0004815699905857,12.083333333333334,0,0.8032786885245574,1.3307674544192667,1.9541223046050653
134,NIFTY26JULFUT,2026-07-01 13:35:00+05:30,1,False,0,False,False,False,False,True,-1.0,-1.0,-1.0,-1.9970738844184504,0.5940014630577211,3.021214337966374,STOP,STOP,V,False,2026-07-01,24122.0,19.42142857142841,33.5,19.4,24120.0,24083.3,24115.0,24105.0,0.8759391283339774,0.3605312505504116,0.9988966531813248,1.724898859874968,0.2204166881505641,0.0003365127151149,13.583333333333334,0,0.1029790364104458,0.3605312505504116,0.8759391283339774
135,NIFTY26JULFUT,2026-07-02 09:15:00+05:30,1,False,0,False,False,False,False,True,1.5,2.0,-1.0,0.215827338129498,2.266187050359729,1.2230215827338222,TARGET,STOP,V,False,2026-07-02,24184.0,,27.0,,,,,,,,,,,-0.0064744668404745,9.25,0,,,
136,NIFTY26JULFUT,2026-07-02 09:35:00+05:30,1,False,3,False,False,False,False,True,-1.0,-1.0,-1.0,-2.152133580705013,0.2597402597402602,3.339517625231917,STOP,STOP,V,False,2026-07-02,24240.0,,27.599999999998545,,,,,,,,,,,-0.0109465457526607,9.583333333333334,0,,,
137,NIFTY26JULFUT,2026-07-02 10:10:00+05:30,-1,False,3,True,False,False,True,False,-1.0,-1.0,-1.0,-0.5987639060568297,0.4153275648949283,1.5228677379480704,STOP,STOP,V,False,2026-07-02,24156.0,,42.10000000000218,22.38000000000029,24247.0,24163.0,,24225.0,,,,,,0.0005275150378418,10.166666666666666,0,,,
138,NIFTY26JULFUT,2026-07-02 11:35:00+05:30,-1,False,3,False,False,False,False,True,-1.0,-1.0,-1.0,-4.223898372369964,0.5001984914648642,4.390631202858252,STOP,STOP,V,False,2026-07-02,24150.0,18.06428571428582,20.0,15.620000000000436,24198.0,24155.0,24218.0,24175.0,-1.382515048805106,-3.753764123760312,0.8646896006326802,1.1071569790430935,-0.0838228886236864,-0.00052256341106,11.583333333333334,0,0.2767892447607734,3.753764123760312,1.382515048805106
139,NIFTY26JULFUT,2026-07-02 12:15:00+05:30,1,True,3,False,False,True,False,False,-1.0,-1.0,-1.0,0.0053191489360927,0.8031914893616225,1.2234042553191458,STOP,STOP,V,True,2026-07-02,24215.5,17.41428571428566,34.70000000000073,18.01999999999971,24198.0,24142.0,24194.0,24171.3,2.5427873130320364,1.2357156836490897,1.0347826086956389,1.992616899097669,1.091989311342841,0.0001536857127175,12.25,1,1.0049220672682555,1.2357156836490897,2.5427873130320364
140,NIFTY26JULFUT,2026-07-03 09:15:00+05:30,1,False,1,False,False,False,False,True,1.5,2.0,1.6823406478578924,1.6823406478578924,2.230929989550684,0.182863113897597,TARGET,TIME,V,False,2026-07-03,24372.3,,39.0,,,,,,,,,,,-0.0222686048874194,9.25,0,,,
141,NIFTY26JULFUT,2026-07-03 11:00:00+05:30,1,False,2,False,False,False,False,True,-1.0,-1.0,-1.0,-0.6166394779770336,1.4312126155521123,2.649265905383232,STOP,STOP,V,False,2026-07-03,24430.1,13.164285714286182,17.0,9.980000000000292,24424.2,24400.0,24400.6,24416.0,1.0716982992926625,2.2436207894321107,0.7581117742810587,1.2913727618013648,-0.3213175257317045,-0.0011916128785853,11.0,0,0.4481823114485432,2.2436207894321107,1.0716982992926625
142,NIFTY26JULFUT,2026-07-03 13:00:00+05:30,-1,False,0,False,False,False,False,True,1.5,2.0,3.0,5.662100456620494,6.931506849314577,0.0,TARGET,TARGET,V,False,2026-07-03,24410.1,10.600000000000884,17.900000000001455,10.260000000000582,24448.9,24417.6,24402.5,24429.5,-1.828735286405639,0.7172044311883069,0.967924528301861,1.6886792452830153,-0.6991744784992555,0.0007073087287279,13.0,0,0.7075471698112618,-0.7172044311883069,1.828735286405639
143,NIFTY26JULFUT,2026-07-06 09:15:00+05:30,1,False,1,False,False,False,False,True,1.5,2.0,2.7022587268993443,2.7022587268993443,2.709445585215592,0.4887063655030159,TARGET,TIME,V,False,2026-07-06,24404.8,,83.0,,,,,,,,,,,-0.0052049521076069,9.25,0,,,
144,NIFTY26JULFUT,2026-07-06 10:20:00+05:30,1,False,1,False,False,False,False,True,0.9597141000649246,0.9597141000649246,0.9597141000649246,0.9597141000649246,1.319038336582215,0.4093567251462046,TIME,TIME,V,False,2026-07-06,24460.0,,23.0,14.61999999999971,24452.9,24408.5,,24449.7,,,,,,-0.0001149632309266,10.333333333333334,0,,,
145,NIFTY26JULFUT,2026-07-06 12:00:00+05:30,1,False,2,True,False,False,True,False,1.5,2.0,3.0,0.997432605904857,3.010269576379918,0.3504492939667481,TARGET,TARGET,V,False,2026-07-06,24481.1,11.171428571428676,15.200000000000728,9.420000000000435,24479.2,24458.0,24460.0,24474.3,0.6088647736781353,1.8903760981441065,0.8432225063938932,1.3606138107417405,1.0148902937361437,-8.415930591521015e-05,12.0,0,0.170076726342514,1.8903760981441065,0.6088647736781353
146,NIFTY26JULFUT,2026-07-06 12:10:00+05:30,1,False,3,True,False,False,True,False,-1.0,-1.0,-1.0,-2.355640535372902,1.1599745060547744,2.355640535372902,STOP,STOP,V,False,2026-07-06,24500.0,10.278571428571793,27.40000000000145,10.800000000000727,24489.0,24458.0,24469.0,24474.9,2.444477935473908,3.0198042986185736,1.050729673384328,2.665740097289832,6.357990242756914,-0.0006387210280731,12.166666666666666,0,1.0701876302987807,3.0198042986185736,2.444477935473908
147,NIFTY26JULFUT,2026-07-06 14:40:00+05:30,-1,False,1,False,False,False,False,True,-1.0,-1.0,-1.0,-1.8142127264283403,0.6957733395262922,3.056200650255468,STOP,STOP,V,False,2026-07-06,24455.0,14.7928571428573,26.0,12.959999999999855,24494.0,24460.0,24497.9,24462.3,-0.4933341460227254,-2.8949698068208933,0.8760985031385614,1.757605021728615,5.536223484816349,-0.0007798617200412,14.666666666666666,0,0.3380009657170413,2.8949698068208933,0.4933341460227254
148,NIFTY26JULFUT,2026-07-07 12:15:00+05:30,-1,False,1,False,False,False,False,True,1.5,2.0,3.0,2.306513409961473,4.613026819923226,0.7662835249041811,TARGET,TARGET,V,False,2026-07-07,24525.3,12.185714285714962,28.0,12.6,24565.3,24540.0,24529.0,24552.6,-2.237837235518323,-0.3035884313693571,1.0339976553340575,2.297772567409017,2.534539612102064,-0.0020430731584891,12.25,0,1.2063305978897936,0.3035884313693571,2.237837235518323
149,NIFTY26JULFUT,2026-07-07 13:10:00+05:30,-1,False,1,False,False,False,False,True,-1.0,-1.0,-1.0,-0.7783825816486788,1.0777604976671424,1.110419906687479,STOP,STOP,V,False,2026-07-07,24489.4,17.121428571428623,24.90000000000145,15.040000000000145,24540.0,24490.0,24550.2,24509.6,-1.178835734721602,-3.5423110289098454,0.8784313725490254,1.4543178973717952,1.5367605693023678,-0.0013986840550017,13.166666666666666,0,0.0350438047558598,3.5423110289098454,1.178835734721602
150,NIFTY26JULFUT,2026-07-07 15:00:00+05:30,-1,False,1,True,False,False,True,False,1.5,2.0,3.0,3.2294191391558744,3.469285415795987,0.2808190555787254,TARGET,TARGET,V,False,2026-07-07,24465.2,14.950000000000207,44.0,15.180000000000293,24510.0,24483.4,24480.0,24500.0,-2.3244528291583357,-0.9893680459919608,1.0153846153846209,2.943143812708989,10.960193780486732,-0.0007784899665683,15.0,0,1.217391304347858,0.9893680459919608,2.3244528291583357
151,NIFTY26JULFUT,2026-07-08 09:15:00+05:30,-1,False,3,False,False,False,False,True,1.5,2.0,-0.2881709223554443,-0.2881709223554443,2.702970297029629,0.6091714434601574,TARGET,TIME,V,False,2026-07-08,24309.2,,45.0,,,,,,,,,,,-0.0063883094728259,9.25,0,,,
152,NIFTY26JULFUT,2026-07-08 09:20:00+05:30,-1,False,3,False,False,False,False,True,-1.0,-1.0,-1.0,-1.6129985228950832,1.247661250615472,1.9128508124076604,STOP,STOP,V,False,2026-07-08,24272.0,,43.0,,,,,,,,,,,-0.0036044457471501,9.333333333333334,0,,,
153,NIFTY26JULFUT,2026-07-08 13:40:00+05:30,-1,True,2,True,True,False,False,False,1.5,2.0,3.0,18.919569892473163,23.760860215053675,0.5238709677419793,TARGET,TARGET,V,True,2026-07-08,24236.3,16.52857142857153,20.0,15.320000000000435,24275.0,24236.8,24262.0,24255.7,-1.1727863917892407,-1.553236278235122,0.9268798617113432,1.2100259291270452,-1.2022389756653808,0.0014996329432455,13.666666666666666,1,0.0302506482281761,1.553236278235122,1.1727863917892407
154,NIFTY26JULFUT,2026-07-08 13:45:00+05:30,-1,True,2,True,True,False,False,False,1.5,2.0,3.0,10.422543523163212,12.529359693124864,0.4131012097964027,TARGET,TARGET,V,True,2026-07-08,24150.0,16.607142857142858,121.29999999999929,16.320000000000437,24275.0,24235.0,24260.0,24260.0,-6.593622849240783,-6.593622849240783,0.9827096774193812,7.304086021505332,14.464978922401366,0.0069276364050039,13.75,1,5.118279569892473,6.593622849240783,6.593622849240783
155,NIFTY26JULFUT,2026-07-09 09:20:00+05:30,1,False,1,False,False,False,False,True,1.5,2.0,-0.1926392572944102,-0.1926392572944102,2.8106763925729576,0.7937665782493433,TARGET,TIME,V,False,2026-07-09,24060.0,,43.70000000000073,,,,,,,,,,,-0.0265563263933292,9.333333333333334,0,,,
156,NIFTY26JULFUT,2026-07-09 09:30:00+05:30,1,False,3,False,False,False,False,True,-1.0,-1.0,-1.0,-0.6685996929899335,2.4571038717380405,1.2512365683097677,STOP,STOP,V,False,2026-07-09,24076.5,,41.19999999999709,,,,,,,,,,,-0.0321578369293596,9.5,0,,,
157,NIFTY26JULFUT,2026-07-09 10:40:00+05:30,1,False,0,False,False,False,False,True,-1.0,-1.0,-1.0,-0.2269503546099273,0.4652482269502892,2.845390070922047,STOP,STOP,V,False,2026-07-09,24120.0,29.77142857142852,117.90000000000146,23.900000000000727,24107.0,24031.3,,24072.5,1.5986376726255338,,0.8027831094050162,3.9601727447217447,,-0.0017251713644607,10.666666666666666,0,0.4366602687140123,,1.5986376726255338
158,NIFTY26JULFUT,2026-07-09 12:40:00+05:30,-1,True,2,True,True,False,False,False,-1.0,-1.0,-1.0,-1.753768844221119,0.105527638190878,3.42713567839188,STOP,STOP,V,True,2026-07-09,24059.8,20.450000000000728,24.40000000000145,19.540000000000877,24124.0,24080.0,24051.5,24108.0,-2.3522558430014207,0.4060080327833216,0.9555012224938962,1.1931540342298577,0.5958004837973947,-0.0008371189284878,12.666666666666666,1,0.9877750611246948,-0.4060080327833216,2.3522558430014207
159,NIFTY26JULFUT,2026-07-09 13:35:00+05:30,1,False,1,True,False,False,True,False,-1.0,-1.0,-1.0,-5.675908810844015,0.0,6.9051139864447455,STOP,STOP,V,False,2026-07-09,24120.1,22.67857142857169,28.0,21.2,24112.3,24057.7,24100.0,24095.0,1.1079245885298994,0.8870384082071933,0.9348031496062884,1.2346456692913244,1.3431357785465932,-0.0008033425198817,13.583333333333334,0,0.3439370078739797,0.8870384082071933,1.1079245885298994
160,NIFTY26JULFUT,2026-07-09 15:00:00+05:30,-1,False,2,False,False,False,False,True,1.5,2.0,0.159498718313868,0.159498718313868,2.05753346624884,0.119624038735401,TARGET,TIME,V,False,2026-07-09,24008.0,21.70714285714348,66.09999999999854,22.420000000001163,24114.0,24050.1,24088.0,24080.0,-3.306962969765085,-3.673182973169804,1.03283974991776,3.045080618624393,15.615920936803406,0.0007227544633932,15.0,0,1.9394537676866164,3.673182973169804,3.306962969765085
161,NIFTY26JULFUT,2026-07-10 09:15:00+05:30,1,False,2,False,False,False,False,True,0.6766507828455053,0.6766507828455053,0.6766507828455053,0.6766507828455053,1.2151123213070072,0.3240299523485005,TIME,TIME,V,False,2026-07-10,24194.7,,79.80000000000291,,,,,,,,,,,-0.0040631672734534,9.25,0,,,
162,NIFTY26JULFUT,2026-07-10 11:05:00+05:30,-1,False,2,False,False,False,False,True,-1.0,-1.0,-1.0,-1.201204214751511,1.496236828901081,1.966884094330127,STOP,STOP,V,False,2026-07-10,24210.0,13.75000000000026,19.0,12.860000000000582,24249.0,24212.5,24205.0,24240.0,-2.17911791179114,0.3637114795967367,0.935272727272752,1.381818181818156,-0.7581436286334247,0.0009054521431623,11.083333333333334,0,0.1818181818181783,-0.3637114795967367,2.17911791179114
163,NIFTY26JULFUT,2026-07-10 11:25:00+05:30,-1,False,2,False,False,False,False,True,-1.0,-1.0,-1.0,-1.7853705486044338,0.8286814244465371,2.762271414821954,STOP,STOP,V,False,2026-07-10,24194.0,14.328571428571584,20.099999999998545,14.640000000000146,24242.0,24200.0,24239.0,24224.4,-2.1189725847309284,-3.134747743238367,1.0217347956131595,1.4027916251245094,-0.8957639248119982,0.0004893336906246,11.416666666666666,0,0.4187437686939137,3.134747743238367,2.1189725847309284
164,NIFTY26JULFUT,2026-07-10 14:45:00+05:30,1,False,2,False,False,False,False,True,-1.0,-1.0,-1.0,-0.4234092694420986,0.1319717203457191,2.617439120188428,STOP,STOP,V,False,2026-07-10,24258.0,17.50000000000026,34.599999999998545,18.040000000000877,24245.0,24200.0,24225.5,24231.0,1.5445763101574408,1.8596343286442043,1.0308571428571776,1.9771428571427447,13.194091323764646,-0.0010045106762935,14.75,0,0.7428571428571319,1.8596343286442043,1.5445763101574408
165,NIFTY26JULFUT,2026-07-13 09:15:00+05:30,-1,False,0,False,False,False,False,True,-1.0,-1.0,-1.0,-2.672852912142153,0.5583415597236094,3.5518262586376843,STOP,STOP,V,False,2026-07-13,24051.0,,35.89999999999782,,,,,,,,,,,-0.0126472392519686,9.25,0,,,
166,NIFTY26JULFUT,2026-07-13 10:25:00+05:30,1,False,1,False,False,False,False,True,-1.0,-1.0,-1.0,0.4837186179468574,0.7934377330350245,1.3258762117822038,STOP,STOP,V,False,2026-07-13,24161.0,39.80000000000005,53.59999999999855,20.81999999999971,24139.1,24034.3,,24128.0,0.8302797558749179,,0.5231155778894392,1.3467336683416702,,-0.0017534220954562,10.416666666666666,0,0.5502512562814429,,0.8302797558749179
167,NIFTY26JULFUT,2026-07-13 12:10:00+05:30,1,False,2,False,False,False,False,True,1.5,2.0,3.0,0.6111296234589444,4.035321559480144,1.1149616794400763,TARGET,TARGET,V,False,2026-07-13,24205.0,19.285714285714544,56.29999999999927,18.200000000000728,24175.0,24141.0,24175.0,24152.6,2.722931753992503,1.5574859243938126,0.9437037037037288,2.9192592592591824,4.164495560991416,-0.0006472416199756,12.166666666666666,0,1.5555555555555347,1.5574859243938126,2.722931753992503
168,NIFTY26JULFUT,2026-07-13 12:50:00+05:30,1,False,2,False,False,False,False,True,-1.0,-1.0,-1.0,-0.160876536611407,0.138428647781959,3.101549973276175,STOP,STOP,V,False,2026-07-13,24265.0,22.84285714285787,65.59999999999854,20.16000000000131,24248.9,24150.6,24160.0,24208.0,2.501185008227603,4.616599934147541,0.882551594746746,2.871794871794717,5.1065747665385945,-0.0013934154290509,12.833333333333334,0,0.7048155096934723,4.616599934147541,2.501185008227603
169,NIFTY26JULFUT,2026-07-13 13:25:00+05:30,-1,False,1,True,False,False,True,False,-1.0,-1.0,-1.0,-2.1328124999999343,0.0,3.164062499999987,STOP,STOP,V,False,2026-07-13,24194.0,24.97857142857174,46.59999999999855,19.15999999999985,24293.8,24219.1,24152.6,24229.0,-1.3991769246194647,1.66026163294289,0.7670574778381316,1.8655990849298585,0.8267045768287279,0.0007975479310668,13.416666666666666,0,1.0048613096939527,-1.66026163294289,1.3991769246194647
170,NIFTY26JULFUT,2026-07-14 09:15:00+05:30,-1,False,2,False,False,False,False,True,-1.0,-1.0,-1.0,-0.1103106708689777,2.5560558307068386,1.317424583521026,STOP,STOP,V,False,2026-07-14,24120.0,,59.20000000000073,,,,,,,,,,,-0.0090599784620667,9.25,0,,,
171,NIFTY26JULFUT,2026-07-14 10:15:00+05:30,-1,False,1,False,False,False,False,True,-1.0,-1.0,-1.0,-1.2353656418273211,0.0486364425916275,2.358867465693935,STOP,STOP,V,False,2026-07-14,24052.0,,54.0,23.19999999999927,24159.9,24060.0,,24065.5,,,,,,0.0019390363815141,10.25,0,,,
172,NIFTY26JULFUT,2026-07-14 11:10:00+05:30,1,False,3,False,False,False,False,True,-1.0,-1.0,-1.0,-2.64361702127657,0.1005319148936431,3.4813829787233708,STOP,STOP,V,False,2026-07-14,24138.5,26.171428571428677,33.20000000000073,18.540000000000877,24132.0,24046.0,24138.9,24117.0,0.8222389129014525,-0.0152835895298629,0.7084061135371484,1.2685589519650884,-0.4898621576152774,-0.0008210051617262,11.166666666666666,0,0.2483624454148462,-0.0152835895298629,0.8222389129014525
173,NIFTY26JULFUT,2026-07-14 11:40:00+05:30,-1,False,1,True,False,False,True,False,1.5,2.0,0.6509495743287562,0.6509495743287562,2.2187295350359952,0.9168303863784828,TARGET,TIME,V,False,2026-07-14,24095.0,22.04285714285808,28.599999999998545,20.520000000001165,24145.0,24100.0,24083.9,24125.1,-1.3638179997348372,0.5037965720056868,0.930913804277395,1.2974724562539297,-0.8898963073866205,0.0006923328075274,11.666666666666666,0,0.2268308489954537,-0.5037965720056868,1.3638179997348372
174,NIFTY26JULFUT,2026-07-14 12:05:00+05:30,-1,False,0,False,False,False,False,True,1.5,2.0,1.2506793478260152,1.2506793478260152,2.7724184782607524,0.6467391304348672,TARGET,TIME,V,False,2026-07-14,24076.0,20.59285714285787,27.099999999998545,19.539999999999417,24141.2,24080.0,24084.3,24095.0,-0.9219224659700814,-0.4029134749404998,0.9488727020464176,1.3159902878944372,-0.1186138268872159,-0.0002004803666825,12.083333333333334,0,0.1942421089143185,0.4029134749404998,0.9219224659700814
175,NIFTY26JULFUT,2026-07-15 09:15:00+05:30,1,False,0,False,False,False,False,True,1.5,2.0,1.133073929961116,1.133073929961116,2.6583657587548903,0.0,TARGET,TIME,V,False,2026-07-15,24154.1,,86.0,,,,,,,,,,,-0.010917142194204,9.25,0,,,
176,NIFTY26JULFUT,2026-07-15 11:10:00+05:30,-1,False,2,False,False,False,False,True,-1.0,-1.0,-1.0,2.796575621687696,2.796575621687696,2.853648593558874,STOP,STOP,V,False,2026-07-15,24170.0,16.557142857143067,32.400000000001455,14.759999999999854,24225.2,24181.2,24199.0,24203.4,-2.0144724994355534,-1.749410918762062,0.891458153580653,1.9568593615186136,0.3089604621085501,-0.0002634688468048,11.166666666666666,0,0.6764452113891639,1.749410918762062,2.0144724994355534
177,NIFTY26JULFUT,2026-07-15 12:30:00+05:30,-1,False,2,True,False,False,True,False,1.5,2.0,3.0,3.939724037763128,8.464052287581431,0.3761801016703597,TARGET,TARGET,V,False,2026-07-15,24159.7,19.242857142857503,22.100000000002183,14.9400000000016,24200.0,24166.0,24204.9,24183.7,-1.245978293483768,-2.3445371763170115,0.7763919821826966,1.1484780994804185,2.0518389783956974,-2.3947315905048505e-05,12.5,0,0.3273942093540762,2.3445371763170115,1.245978293483768
178,NIFTY26JULFUT,2026-07-15 12:35:00+05:30,-1,False,3,True,False,False,True,False,-1.0,-1.0,-1.0,3.212121212121046,7.222222222222014,1.4595959595959909,STOP,STOP,V,False,2026-07-15,24136.2,19.6714285714292,32.0,17.800000000001454,24195.6,24158.3,24186.2,24189.9,-2.72378741119386,-2.536502882349046,0.9048656499637344,1.6267247639796143,4.917669940128998,0.0003113623299482,12.583333333333334,0,1.1234567901233472,2.536502882349046,2.72378741119386
179,NIFTY26JULFUT,2026-07-15 12:55:00+05:30,-1,False,2,False,False,False,False,True,-1.0,-1.0,-1.0,-2.389990089197198,0.3815659068384415,2.389990089197198,STOP,STOP,V,False,2026-07-15,24036.6,20.328571428572104,134.8000000000029,28.10000000000073,24195.0,24121.0,24185.5,24159.7,-6.024662071556044,-7.27957129432912,1.3822909346451058,6.631061138439838,18.41282954260413,0.0013370904910914,12.916666666666666,0,4.151791988756083,7.27957129432912,6.024662071556044
180,NIFTY26JULFUT,2026-07-15 14:35:00+05:30,1,False,1,False,False,False,False,True,-1.0,-1.0,-1.0,-1.1625148279952524,0.2075919335705808,2.250296559905126,STOP,STOP,V,False,2026-07-15,24100.0,22.907142857142908,30.0,18.19999999999927,24098.0,24030.6,24036.6,24082.1,0.7819964722150005,2.774995862315201,0.7945120049890528,1.3096351730589306,-0.334240194297242,-0.0015684198466345,14.583333333333334,0,0.087309011537262,2.774995862315201,0.7819964722150005
181,NIFTY26JULFUT,2026-07-15 14:55:00+05:30,-1,False,2,True,False,False,True,False,-0.5060240963855366,-0.5060240963855366,-0.5060240963855366,-0.5060240963855366,0.5987951807229157,0.9867469879518578,TIME,TIME,V,False,2026-07-15,24058.1,24.221428571428728,23.700000000000728,21.98000000000029,24105.0,24060.2,24080.0,24078.9,-0.8580019275300038,-0.9033357622434394,0.907460925980543,0.9784724270127044,-0.4716745727745299,-0.0026216873558861,14.916666666666666,0,0.0867000884695675,0.9033357622434394,0.8580019275300038
182,NIFTY26JULFUT,2026-07-16 09:15:00+05:30,1,False,1,False,False,False,False,True,-1.0,-1.0,-1.0,0.7341101694914871,0.7786016949152422,2.079978813559236,STOP,STOP,V,False,2026-07-16,24178.0,,65.0,,,,,,,,,,,-0.0076488417920369,9.25,0,,,
183,NIFTY26JULFUT,2026-07-16 10:45:00+05:30,1,False,1,True,False,False,True,False,1.5,2.0,-1.0,0.7753086419753148,2.222222222222137,1.2296296296296545,TARGET,STOP,V,False,2026-07-16,24175.5,19.90000000000068,27.90000000000145,18.020000000001165,24165.0,24124.6,,24144.0,1.5849797571355069,,0.9055276381909824,1.4020100502512818,,-0.0197205913759686,10.75,0,0.527638190954756,,1.5849797571355069
184,NIFTY26JULFUT,2026-07-16 11:00:00+05:30,1,True,3,False,False,True,False,False,-1.0,-1.0,-1.0,-2.666666666666556,0.2133333333333245,3.1999999999998674,STOP,STOP,V,True,2026-07-16,24200.0,18.135714285714908,22.90000000000145,18.44000000000087,24199.0,24124.6,24164.3,24144.8,3.050676567249824,1.9713997540503096,1.0167782591571617,1.262701851122526,1.1801895392893198,-0.0244426041021764,11.0,1,0.0551398188263076,1.9713997540503096,3.050676567249824
185,NIFTY26JULFUT,2026-07-16 12:00:00+05:30,-1,False,1,False,False,False,False,True,-1.0,-1.0,-1.0,5.3450479233226975,5.602236421725166,2.035143769967888,STOP,STOP,V,False,2026-07-16,24158.9,17.02857142857179,28.0,16.379999999999562,24199.0,24163.2,24144.0,24190.0,-1.8239942353736225,0.8755399892312057,0.9619127516778062,1.644295302013388,-0.3543269012276251,-0.0019115811330238,12.0,0,0.2525167785234418,-0.8755399892312057,1.8239942353736225
186,NIFTY26JULFUT,2026-07-16 13:30:00+05:30,-1,False,3,False,False,False,False,True,1.5,-1.0,-1.0,0.0465735196274098,1.853626081170877,1.853626081170877,STOP,STOP,V,False,2026-07-16,24095.0,19.757142857143798,35.0,17.48000000000102,24170.4,24115.1,24183.1,24148.3,-2.6918040177434013,-4.442901932377969,0.884743311641369,1.7715112075198003,7.281881197292672,0.0035289854475675,13.5,0,1.017353579175583,4.442901932377969,2.6918040177434013
187,NIFTY26JULFUT,2026-07-16 13:35:00+05:30,-1,False,3,False,False,False,False,True,-1.0,-1.0,-1.0,-1.1803829358413365,0.6960026872690014,3.047363117231959,STOP,STOP,V,False,2026-07-16,24070.0,21.471428571429502,34.79999999999927,21.240000000000872,24158.9,24085.0,24179.8,24136.0,-3.0654468325529187,-5.090550914151767,0.9892215568862252,1.6207584830338275,1.9257017045650424,0.003699771182116,13.583333333333334,0,0.6986027944111473,5.090550914151767,3.0654468325529187
188,NIFTY26JULFUT,2026-07-16 15:00:00+05:30,-1,False,1,False,False,False,False,True,-0.6670959433354422,-0.6670959433354422,-0.6670959433354422,-0.6670959433354422,0.0,0.8924661944622918,TIME,TIME,V,False,2026-07-16,24085.0,20.35714285714312,49.79999999999927,17.66000000000131,24125.0,24090.0,24133.2,24104.3,-0.9473110679603732,-2.362990374183578,0.8675087719298779,2.4463157894736174,1.4651690494156089,-0.000768125690275,15.0,0,0.2456140350877161,2.362990374183578,0.9473110679603732
189,NIFTY26JULFUT,2026-07-17 09:15:00+05:30,1,False,2,False,False,False,False,True,1.5,2.0,3.0,2.0413363533408373,3.7655719139297,0.4161947904869668,TARGET,TARGET,V,False,2026-07-17,24180.0,,101.70000000000071,,,,,,,,,,,-0.0114634237480952,9.25,0,,,
190,NIFTY26JULFUT,2026-07-17 10:15:00+05:30,1,False,1,False,False,False,False,True,-1.0,-1.0,-1.0,-0.2212551534584703,0.4553366926248454,1.856619331195508,STOP,STOP,V,False,2026-07-17,24260.6,,54.29999999999927,26.10000000000073,24230.0,24181.1,,24224.0,,,,,,-0.0042824382023896,10.25,0,,,
191,NIFTY26JULFUT,2026-07-17 12:45:00+05:30,1,False,1,False,False,False,False,True,-1.0,-1.0,-1.0,-0.0839041095891275,5.843321917808164,5.238013698630175,STOP,STOP,V,False,2026-07-17,24267.4,16.1428571428574,25.0,13.78000000000029,24260.0,24233.0,24212.6,24251.2,1.0042101958205112,3.402373415026548,0.8536283185840751,1.5486725663716563,1.6901829304745395,0.0011570403764238,12.75,0,0.4584070796461005,3.402373415026548,1.0042101958205112
192,NIFTY26JULFUT,2026-07-17 13:45:00+05:30,-1,False,3,False,False,False,False,True,-1.0,-1.0,-1.0,-6.932668329176949,1.2468827930174369,7.975062344139599,STOP,STOP,V,False,2026-07-17,24205.0,19.12857142857189,25.299999999999272,18.60000000000073,24260.0,24215.0,24245.3,24231.5,-1.383847153815915,-2.103294246719874,0.97236743838687,1.3226288274831262,10.84561228119589,0.0011668611435238,13.75,0,0.5227781926810926,2.103294246719874,1.383847153815915
193,NIFTY26JULFUT,2026-07-17 13:50:00+05:30,-1,False,3,False,False,False,False,True,-1.0,-1.0,-1.0,-7.169414240617181,0.3928446159242291,8.1957207997193,STOP,STOP,V,False,2026-07-17,24196.5,20.050000000000317,26.0,19.98000000000029,24260.0,24202.0,24249.7,24234.0,-1.867430026073724,-2.6475455176209506,0.99650872817955,1.2967581047381342,0.4881915809766357,0.0019317201323871,13.833333333333334,0,0.2743142144638361,2.6475455176209506,1.867430026073724
194,NIFTY26JULFUT,2026-07-17 14:15:00+05:30,1,True,3,True,True,False,False,False,-1.0,-1.0,-1.0,1.5551628376672186,1.7318858874021297,1.3784397879323074,STOP,STOP,V,True,2026-07-17,24299.1,20.95000000000047,112.80000000000292,27.12000000000044,24255.0,24180.0,24247.0,24196.5,4.918140954822478,2.492217101778364,1.294510739856794,5.384248210023885,8.686772138410097,0.0023864303372278,14.25,1,2.105011933174108,2.492217101778364,4.918140954822478
195,NIFTY26JULFUT,2026-07-17 15:20:00+05:30,1,False,1,False,False,False,False,True,0.4233941514620851,0.4233941514620851,0.4233941514620851,0.4233941514620851,0.598350412396852,0.0664833791552623,TIME,TIME,V,False,2026-07-17,24332.7,29.149999999999896,32.0,16.259999999999856,24325.0,24268.0,24226.6,24300.5,1.1060949377299598,3.6557345873557434,0.5578044596912493,1.097770154373932,1.4416277055208375,-0.0013366743027588,15.333333333333334,0,0.2641509433962523,3.6557345873557434,1.1060949377299598
196,NIFTY26JULFUT,2026-07-20 09:15:00+05:30,-1,False,1,False,False,False,False,True,1.5,2.0,0.1780104712041399,0.1780104712041399,2.279232111692848,0.4432809773124219,TARGET,TIME,V,False,2026-07-20,24208.0,,82.70000000000073,,,,,,,,,,,-0.0314180071367387,9.25,0,,,
197,NIFTY26JULFUT,2026-07-20 11:50:00+05:30,-1,False,2,False,False,False,False,True,-1.0,-1.0,-1.0,-5.103505154639259,2.020618556701031,5.42680412371134,STOP,STOP,V,False,2026-07-20,24158.0,17.307142857142804,19.200000000000728,17.1,24212.6,24166.4,24190.0,24186.0,-1.6159561854835,-1.8465016855657177,0.9880313660751168,1.109368551382629,0.2120380352218298,8.837357276636482e-06,11.833333333333334,0,0.4853487412299659,1.8465016855657177,1.6159561854835
198,NIFTY26JULFUT,2026-07-20 12:45:00+05:30,-1,False,1,False,False,False,False,True,-1.0,-1.0,-1.0,-6.4757085020244425,0.0944669365722004,7.089743589743746,STOP,STOP,V,False,2026-07-20,24132.8,20.492857142856987,38.0,18.65999999999985,24187.8,24150.0,24202.6,24155.0,-1.0823086608294556,-3.396241781973266,0.9105611711397698,1.8543046357616035,25.40941431258777,-0.0005341597358337,12.75,0,0.8393168351342349,3.396241781973266,1.0823086608294556
199,NIFTY26JULFUT,2026-07-20 13:45:00+05:30,1,False,1,False,False,False,False,True,-1.0,-1.0,-1.0,0.2824666098322826,0.8354646206308662,1.0502983802217185,STOP,STOP,V,False,2026-07-20,24257.8,24.035714285714285,29.399999999997817,16.539999999999417,24250.0,24151.0,24152.0,24240.0,0.7411084499236515,4.421065466015907,0.6881426448736756,1.2231797919761351,1.232029193595298,-0.0011475206465104,13.75,0,0.3245170876671317,4.421065466015907,0.7411084499236515
200,NIFTY26JULFUT,2026-07-21 10:20:00+05:30,-1,False,2,False,False,False,False,True,0.1565040650406984,0.1565040650406984,0.1565040650406984,0.1565040650406984,1.259146341463436,0.3521341463415067,TIME,TIME,V,False,2026-07-21,24196.0,,32.900000000001455,16.68000000000029,24260.0,24206.0,,24233.5,,,,,,-0.0016301139717568,10.333333333333334,0,,,
201,NIFTY26JULFUT,2026-07-21 12:55:00+05:30,-1,True,2,True,True,False,False,False,-1.0,-1.0,-1.0,-0.2206213417379537,0.9455200360198016,2.836560108059405,STOP,STOP,V,True,2026-07-21,24150.0,14.7928571428573,34.400000000001455,14.8,24197.0,24162.0,24190.0,24188.9,-2.6254185781775248,-2.699536443841753,1.0004828585224423,2.3254466441333426,2.153703608155655,-0.004017282921792,12.916666666666666,1,0.8112023177208992,2.699536443841753,2.6254185781775248
202,NIFTY26JULFUT,2026-07-21 14:35:00+05:30,-1,False,1,False,False,False,False,True,-1.0,-1.0,-1.0,-2.207207207207135,0.0,2.767767767767677,STOP,STOP,V,False,2026-07-21,24153.5,13.84285714285761,20.0,11.980000000000292,24190.0,24160.0,24150.0,24161.6,-0.5849431552007299,0.252874620481429,0.8654282765737793,1.4447884416924175,0.3061155108729945,0.0008470085199092,14.583333333333334,0,0.4695562435500357,-0.252874620481429,0.5849431552007299
203,NIFTY26JULFUT,2026-07-22 09:15:00+05:30,-1,False,0,False,False,False,False,True,1.5,2.0,3.0,2.8154981549814493,5.092865928659244,0.5036900369003992,TARGET,TARGET,V,False,2026-07-22,24083.3,,81.90000000000146,,,,,,,,,,,0.0017904413097871,9.25,0,,,
204,NIFTY26JULFUT,2026-07-22 10:25:00+05:30,-1,False,3,False,False,False,False,True,-1.0,-1.0,-1.0,0.388672959466958,0.8861743475846362,1.593559133814528,STOP,STOP,V,False,2026-07-22,23998.0,32.22142857142899,39.0,23.80000000000073,24048.4,24000.0,,24026.5,-0.8834553537816918,,0.7386388827311149,1.2103746397694368,,-0.001267824583253,10.416666666666666,0,0.0620704943471506,,0.8834553537816918
205,NIFTY26JULFUT,2026-07-22 12:00:00+05:30,-1,True,3,True,True,False,False,False,1.5,2.0,-1.0,0.5628980891718836,2.730891719745175,1.114649681528643,TARGET,STOP,V,True,2026-07-22,23994.0,16.785714285714544,33.0,16.220000000000436,24039.0,23995.0,24000.0,24027.0,-1.9632572929921144,-0.3573574468084657,0.9662978723404366,1.9659574468084804,0.0015154466006072,0.0001301872901291,12.0,1,0.0595744680851054,0.3573574468084657,1.9632572929921144
206,NIFTY26JULFUT,2026-07-22 15:05:00+05:30,1,False,1,True,False,False,True,False,-0.0947829549980471,-0.0947829549980471,-0.0947829549980471,-0.0947829549980471,1.12066905615282,0.3289526085225744,TIME,TIME,V,False,2026-07-22,23985.0,16.735714285714753,23.099999999998545,16.88000000000029,23984.0,23955.0,23965.0,23969.0,0.9566774497297302,1.1960464110458175,1.0086214255228232,1.3802816901407196,1.3294503352262932,-0.0018276389050253,15.083333333333334,0,0.0597524541186496,1.1960464110458175,0.9566774497297302
207,NIFTY26JULFUT,2026-07-23 09:15:00+05:30,-1,False,1,False,False,False,False,True,-1.0,-1.0,-1.0,-2.5171377029464352,1.2291040288635222,2.8833433553818213,STOP,STOP,V,False,2026-07-23,23928.0,,48.0,,,,,,,,,,,-1.0,9.25,0,,,
208,NIFTY26JULFUT,2026-07-23 11:25:00+05:30,-1,True,3,True,True,False,False,False,-1.0,-1.0,-1.0,7.312367190820225,7.312367190820225,1.017424564385791,STOP,STOP,V,True,2026-07-23,23940.0,16.721428571428987,20.0,14.279999999999564,23996.0,23951.1,23929.0,23992.0,-3.103042036367201,0.6581409344805166,0.853994019649675,1.1960700555317942,0.3262394182366588,,11.416666666666666,1,0.6638188808200588,-0.6581409344805166,3.103042036367201
209,NIFTY26JULFUT,2026-07-23 14:30:00+05:30,1,False,2,True,False,False,True,False,-1.0,-1.0,-1.0,-0.4974338728779903,0.1823924200552228,4.637189103829345,STOP,STOP,V,False,2026-07-23,23889.9,16.464285714286493,39.70000000000073,15.620000000000436,23869.6,23841.8,23845.0,23847.9,2.555468819434914,2.732250109505933,0.9487201735357732,2.4112798264641384,0.7653310821145695,,14.5,0,1.2329718004339578,2.732250109505933,2.555468819434914
210,NIFTY26JULFUT,2026-07-24 09:15:00+05:30,-1,False,0,False,False,False,False,True,1.5,2.0,3.0,2.833536337799357,3.2712139667072355,0.5456760048721294,TARGET,TARGET,V,False,2026-07-24,23759.0,,69.90000000000146,,,,,,,,,,,-0.2124649083284233,9.25,0,,,
211,NIFTY26JULFUT,2026-07-24 12:00:00+05:30,1,False,2,False,False,False,False,True,-1.0,-1.0,-1.0,1.3737046632123893,4.905440414507758,1.13341968911916,STOP,STOP,V,False,2026-07-24,23739.7,21.21428571428597,35.29999999999927,21.44000000000087,23736.9,23651.0,23664.9,23690.5,2.3240083748355485,3.5370706702205994,1.0106397306397594,1.6639730639730093,0.4667436049076281,-0.0020383136683017,12.0,0,0.131986531986496,3.5370706702205994,2.3240083748355485
212,NIFTY26JULFUT,2026-07-24 12:20:00+05:30,1,False,1,False,False,False,False,True,1.5,2.0,3.0,3.2773851590106147,3.648409893992949,0.2267373380447595,TARGET,TARGET,V,False,2026-07-24,23768.5,22.75,40.09999999999855,22.919999999998986,23743.3,23667.7,23673.9,23716.0,2.312800835528171,4.1748579334527145,1.0074725274724827,1.7626373626372986,3.085482922875147,0.001229045330735,12.333333333333334,0,1.1076923076923395,4.1748579334527145,2.312800835528171
213,NIFTY26JULFUT,2026-07-24 13:40:00+05:30,-1,True,2,True,True,False,False,False,-1.0,-1.0,-1.0,-1.7694444444444444,0.3111111111111111,3.2666666666666666,STOP,STOP,V,True,2026-07-24,23770.0,26.621428571428623,31.899999999997817,21.11999999999971,23847.9,23775.7,23739.7,23816.2,-1.7320775452040915,1.1396335516557636,0.7933458545747125,1.1982828011804898,-0.7486737941220689,0.0028715283779487,13.666666666666666,1,0.2141132277971828,-1.1396335516557636,1.7320775452040915
214,NIFTY26JULFUT,2026-07-27 09:15:00+05:30,1,True,3,True,True,False,False,False,0.7664841704356199,0.7664841704356199,0.7664841704356199,0.7664841704356199,1.4229945251131098,0.9864318019518796,TIME,TIME,V,True,2026-07-27,23935.0,,52.0,,,,,,,,,,,-0.1257209725364922,9.25,1,,,
215,NIFTY26JULFUT,2026-07-27 10:35:00+05:30,-1,False,2,False,False,False,False,True,-1.0,-1.0,-1.0,-3.387845303867441,0.0670349907918593,4.326335174954035,STOP,STOP,V,False,2026-07-27,23905.1,19.407142857142908,32.599999999998545,18.38000000000029,23974.7,23922.0,,23949.3,-2.2733086643941065,,0.9470739786529384,1.6797938903201268,,0.0002173648981262,10.583333333333334,0,0.8708133971292593,,2.2733086643941065
216,NIFTY26JULFUT,2026-07-27 11:25:00+05:30,1,False,2,False,False,False,False,True,-1.0,-1.0,-1.0,-0.4893475366178405,0.3029294274300917,1.3981358189081157,STOP,STOP,V,False,2026-07-27,23980.0,21.100000000000104,26.200000000000728,17.1,23965.0,23902.4,23965.8,23949.0,1.471096063336693,0.6733845334657902,0.8104265402843562,1.2417061611374691,3.0468178489883,-0.00323612225917,11.416666666666666,0,0.7109004739336457,0.6733845334657902,1.471096063336693
217,NIFTY26JULFUT,2026-07-27 13:00:00+05:30,1,False,1,False,False,False,False,True,-1.0,-1.0,-1.0,2.18909090909072,3.64363636363612,3.2290909090908926,STOP,STOP,V,False,2026-07-27,23984.0,13.34285714285761,22.0,13.140000000000146,23978.9,23955.0,23962.4,23969.0,1.1249005339963694,1.6203029285494686,0.9847965738757796,1.6488222698072228,0.1318452667007243,0.0002771529304088,13.0,0,0.3822269807279289,1.6203029285494686,1.1249005339963694
218,NIFTY26JULFUT,2026-07-27 13:30:00+05:30,-1,False,1,False,False,False,False,True,-1.0,-1.0,-1.0,-5.306504445484306,0.2292934019653712,5.961628451099652,STOP,STOP,V,False,2026-07-27,23944.0,14.150000000000157,26.0,14.399999999999272,23998.8,23955.0,23977.2,23974.5,-2.152734866189921,-2.343040965477845,1.0176678445229057,1.8374558303886723,1.842437951203272,-0.0031630076272933,13.5,0,0.7773851590105921,2.343040965477845,2.152734866189921
219,NIFTY26JULFUT,2026-07-27 14:05:00+05:30,1,True,3,True,True,False,False,False,1.5,1.5481832543444094,1.5481832543444094,1.5481832543444094,1.824644549763054,0.7298578199052618,TIME,TIME,V,True,2026-07-27,24012.0,17.65714285714265,22.599999999998545,16.420000000000435,24010.0,23940.5,23967.6,23965.8,2.621548813855927,2.519221337154828,0.9299352750809418,1.2799352750808388,1.289973869201632,-0.0052745888923363,14.083333333333334,1,0.1132686084142408,2.519221337154828,2.621548813855927
220,NIFTY26JULFUT,2026-07-28 11:45:00+05:30,1,False,1,True,False,False,True,False,-1.0,-1.0,-1.0,-4.182543640897857,0.0,5.369576059850476,STOP,STOP,V,False,2026-07-28,24039.9,14.535714285714024,20.40000000000145,14.1,24032.1,23998.6,23980.0,24010.8,2.004391893427189,4.13117813985039,0.9700245700245874,1.4034398034399287,0.3163497156828148,0.0103168252779244,11.75,0,0.5366093366095465,4.13117813985039,2.004391893427189
221,NIFTY26JULFUT,2026-07-28 13:10:00+05:30,-1,False,3,False,False,False,False,True,-1.0,-1.0,-1.0,-1.407999999999825,1.1520000000000683,2.2079999999997915,STOP,STOP,V,False,2026-07-28,23978.3,11.814285714286076,24.100000000002183,11.740000000000146,24028.4,23998.0,24009.0,24015.0,-3.1016614565514136,-2.595226240985834,0.9937122128173942,2.039903264812698,-0.6581420891233538,-0.0082742415278599,13.166666666666666,0,1.6674727932285471,2.595226240985834,3.1016614565514136
222,NIFTY26JUNFUT,2026-06-01 10:30:00+05:30,-1,False,1,False,False,False,False,True,-1.0,-1.0,-1.0,0.0531962449709658,1.1546714349575742,3.320071524362929,STOP,STOP,D,False,2026-06-01,23588.6,33.26428571428577,36.900000000001455,26.740000000000144,23692.0,23601.7,,23632.0,-1.3023065211927063,,0.8038651492377097,1.1092978312218584,,0.0024357432202024,10.5,0,0.3938157612197343,,1.3023065211927063
223,NIFTY26JUNFUT,2026-06-01 11:55:00+05:30,-1,False,1,False,False,False,False,True,-1.0,-1.0,-1.0,0.3243243243243182,1.6576576576576267,1.5495495495495206,STOP,STOP,D,False,2026-06-01,23555.0,25.714285714286238,66.5,23.740000000000872,23693.0,23600.1,23625.0,23616.9,-2.4009128820651444,-2.714156378600752,0.9232222222222376,2.586111111111059,5.018654288766509,0.0047149354476407,11.916666666666666,0,1.753888888888797,2.714156378600752,2.4009128820651444
224,NIFTY26JUNFUT,2026-06-01 14:00:00+05:30,-1,False,3,False,False,False,False,True,1.5,2.0,1.8658743633275896,1.8658743633275896,2.812676853423842,0.1188455008488947,TARGET,TIME,D,False,2026-06-01,23509.8,23.85714285714312,41.5,20.700000000000728,23568.0,23510.0,23575.0,23547.0,-1.5568180545521784,-2.7253758154952417,0.8676646706587037,1.7395209580838134,4.260386113133827,0.0016805744509031,14.0,0,0.0083832335329645,2.7253758154952417,1.5568180545521784
225,NIFTY26JUNFUT,2026-06-02 09:15:00+05:30,-1,False,2,False,False,False,False,True,-1.0,-1.0,-1.0,-0.9839357429718822,0.3399050748449064,2.724351953267564,STOP,STOP,D,False,2026-06-02,23343.9,,61.79999999999927,,,,,,,,,,,-0.0175246361865475,9.25,0,,,
226,NIFTY26JUNFUT,2026-06-02 10:20:00+05:30,1,False,1,True,False,False,True,False,-1.0,-1.0,-1.0,-1.3749561557348018,0.4910557699052864,1.723605752367573,STOP,STOP,D,False,2026-06-02,23423.0,,52.0,26.7,23400.0,23331.0,,23398.0,,,,,,-0.0003488752407602,10.333333333333334,0,,,
227,NIFTY26JUNFUT,2026-06-02 12:30:00+05:30,1,False,0,False,False,False,False,True,1.5,2.0,3.0,7.255802469135661,7.895308641975162,0.2488888888889117,TARGET,TARGET,D,False,2026-06-02,23426.4,27.31428571428608,80.0,20.61999999999971,23394.1,23358.7,23381.9,23381.6,1.6433099846206178,1.6322847334921249,0.7549163179916111,2.92887029288699,1.7555332654333191,0.0009837713888898,12.5,0,1.1825313807532287,1.6322847334921249,1.6433099846206178
228,NIFTY26JUNFUT,2026-06-02 12:40:00+05:30,1,True,2,True,True,False,False,False,1.5,2.0,3.0,5.471492784480733,6.133901111899705,0.0,TARGET,TARGET,D,True,2026-06-02,23466.0,27.84285714285735,50.79999999999927,29.9,23440.0,23358.7,23378.0,23372.0,3.389668622437552,3.172492361357051,1.073884043099017,1.8245253976397755,2.750314408267432,-2.169095451043379e-05,12.666666666666666,1,0.9338122113904496,3.172492361357051,3.389668622437552
229,NIFTY26JUNFUT,2026-06-03 09:15:00+05:30,-1,False,1,False,False,False,False,True,1.5,1.427467300832306,1.427467300832306,1.427467300832306,1.80202140309152,0.2413793103448719,TIME,TIME,D,False,2026-06-03,23356.6,,160.0,,,,,,,,,,,0.0067463426656513,9.25,0,,,
230,NIFTY26JUNFUT,2026-06-03 10:30:00+05:30,-1,False,0,False,False,False,False,True,1.5,0.7488619119878838,0.7488619119878838,0.7488619119878838,1.651745068285309,0.9267830045522992,TIME,TIME,D,False,2026-06-03,23274.2,35.94999999999969,51.20000000000073,32.619999999999706,23358.7,23283.0,,23328.9,-1.5179900751776694,,0.9073713490959664,1.4242002781641494,,0.0033915478686725,10.5,0,0.2447844228094394,,1.5179900751776694
231,NIFTY26JUNFUT,2026-06-03 12:00:00+05:30,-1,False,1,True,False,False,True,False,-1.0,-1.0,-1.0,-6.374292046293975,0.3206106870228711,7.19477961093319,STOP,STOP,D,False,2026-06-03,23231.3,26.664285714286184,48.0,24.579999999999565,23309.0,23250.0,23322.1,23265.4,-1.27698975838713,-3.3920461648264952,0.921832306455901,1.8001607286364538,3.949802379108698,0.0052174517159928,12.0,0,0.701312617197979,3.3920461648264952,1.27698975838713
232,NIFTY26JUNFUT,2026-06-03 12:25:00+05:30,1,False,2,False,False,False,False,True,1.5,2.0,3.0,6.022120702091824,7.38879538350556,0.2188025967780689,TARGET,TARGET,D,False,2026-06-03,23306.4,27.59285714285761,71.0,26.06000000000058,23292.3,23212.0,23300.9,23231.3,2.730517392616045,0.1993739975759325,0.944447320735185,2.5731296919492186,2.215607172044834,0.0130484964510577,12.416666666666666,0,0.5110018120632338,0.1993739975759325,2.730517392616045
233,NIFTY26JUNFUT,2026-06-03 12:30:00+05:30,1,True,3,True,True,False,False,False,1.5,2.0,3.0,4.067039106145218,5.086927374301589,0.6256983240223413,TARGET,TARGET,D,True,2026-06-03,23370.0,29.70714285714322,65.40000000000146,30.660000000000583,23322.0,23212.0,23302.2,23244.4,4.250784876224596,2.2889199062649284,1.032075018033188,2.2014907429670814,4.168984189247243,0.0065776759338505,12.5,1,1.6157730223611246,2.2889199062649284,4.250784876224596
234,NIFTY26JUNFUT,2026-06-03 13:45:00+05:30,1,False,0,False,False,False,False,True,-1.0,-1.0,-1.0,0.0496982605608805,2.286119985800506,1.242456514022014,STOP,STOP,D,False,2026-06-03,23490.0,36.14285714285688,119.29999999999929,32.1,23440.0,23350.0,23244.4,23425.8,1.7811526138354106,6.867055504992026,0.888142292490125,3.300790513833996,1.6634659436954236,-0.0137728079324871,13.75,0,1.383399209486176,6.867055504992026,1.7811526138354106
235,NIFTY26JUNFUT,2026-06-03 14:20:00+05:30,1,False,3,False,False,False,False,True,-1.0,-1.0,-1.0,-1.588132635253054,0.6108202443280977,1.6956369982548347,STOP,STOP,D,False,2026-06-03,23552.1,39.02142857142852,48.70000000000073,34.36000000000058,23532.6,23400.0,23403.5,23452.0,2.576206453168259,3.8323438647023913,0.8805418268350883,1.2480322167307545,1.4734424110705056,0.0107557462205836,14.333333333333334,0,0.4997254255903356,3.8323438647023913,2.576206453168259
236,NIFTY26JUNFUT,2026-06-04 09:15:00+05:30,-1,False,3,False,False,False,False,True,-1.0,-1.0,-1.0,-1.733790737564329,0.8260720411664106,2.473413379073741,STOP,STOP,D,False,2026-06-04,23412.8,,99.90000000000146,,,,,,,,,,,-0.0093503986826432,9.25,0,,,
237,NIFTY26JUNFUT,2026-06-04 14:00:00+05:30,1,True,2,True,True,False,False,False,1.5,2.0,1.6597337770382596,1.6597337770382596,2.148918469217936,0.4367720465890157,TARGET,TIME,D,True,2026-06-04,23467.6,32.55000000000031,49.5,24.540000000000145,23466.7,23359.2,23495.0,23426.0,1.2803033325319135,-0.8408001833250162,0.7539170506912415,1.5207373271889255,0.7220313039393333,-0.0008750033018992,14.0,1,0.0276497695851861,-0.8408001833250162,1.2803033325319135
238,NIFTY26JUNFUT,2026-06-04 14:35:00+05:30,1,False,2,False,False,False,False,True,-1.0,-1.0,-1.0,0.5336237408113269,1.1739722297848916,2.210726926218354,STOP,STOP,D,False,2026-06-04,23513.0,25.678571428571427,31.5,22.51999999999971,23510.0,23405.0,23459.7,23472.0,1.5994510193188594,2.080376501962364,0.8769958275382362,1.2267037552155773,-0.001731639119367,0.0026084401197901,14.583333333333334,0,0.1168289290681502,2.080376501962364,1.5994510193188594
239,NIFTY26JUNFUT,2026-06-05 10:35:00+05:30,-1,False,2,True,False,False,True,False,-1.0,-1.0,-1.0,-1.4902084649400094,1.0811749842072262,3.0224257738471207,STOP,STOP,D,False,2026-06-05,23440.0,41.57857142857159,74.40000000000146,42.060000000000585,23590.0,23490.0,,23540.0,-2.3948680231844617,,1.0115787665349698,1.7893832674798429,,-0.0006217023460217,10.583333333333334,0,1.2025425184676126,,2.3948680231844617
240,NIFTY26JUNFUT,2026-06-05 12:40:00+05:30,-1,True,3,True,True,False,False,False,1.5,2.0,3.0,1.413397129186615,3.0813397129186333,0.7937799043062376,TARGET,TARGET,D,True,2026-06-05,23442.0,29.45000000000047,34.79999999999927,29.780000000001017,23530.0,23443.8,23525.0,23507.4,-2.2145348212641807,-2.808392617758376,1.0112054329372002,1.181663837011841,-0.3270424843137555,-0.0023955031210169,12.666666666666666,1,0.0611205432936924,2.808392617758376,2.2145348212641807
241,NIFTY26JUNFUT,2026-06-05 13:20:00+05:30,-1,False,2,False,False,False,False,True,1.5,-1.0,-1.0,-2.009028272748878,1.5400332620574395,3.881682109764733,STOP,STOP,D,False,2026-06-05,23396.3,29.42857142857195,48.900000000001455,25.72000000000044,23505.0,23402.5,23493.0,23441.0,-1.5160355641907164,-3.2723970804771563,0.8739805825242712,1.6616504854369132,1.6565432752511675,-0.0019776369857407,13.333333333333334,0,0.2106796116505064,3.2723970804771563,1.5160355641907164
242,NIFTY26JUNFUT,2026-06-05 14:40:00+05:30,1,False,2,False,False,False,False,True,-1.0,-1.0,-1.0,-1.5485327313769752,0.7584650112866818,2.417607223476298,STOP,STOP,D,False,2026-06-05,23488.8,27.785714285714285,93.40000000000146,29.5,23444.3,23367.8,23448.2,23386.0,3.716006232278757,1.4637125220216376,1.0616966580976863,3.3614395886889987,3.03774930779363,-0.0010653304967959,14.666666666666666,0,1.601542416452442,1.4637125220216376,3.716006232278757
243,NIFTY26JUNFUT,2026-06-08 09:15:00+05:30,-1,False,1,True,False,False,True,False,-1.0,-1.0,-1.0,-1.2987772461456448,0.5247208931419557,1.4290271132376162,STOP,STOP,D,False,2026-06-08,23208.1,,46.0,,,,,,,,,,,-0.012012404967221,9.25,0,,,
244,NIFTY26JUNFUT,2026-06-08 12:40:00+05:30,1,False,2,False,False,False,False,True,1.5,-1.0,-1.0,-5.331029716655023,1.8237733241186709,5.606772633033764,STOP,STOP,D,False,2026-06-08,23310.0,19.214285714286238,34.400000000001455,19.38000000000102,23299.0,23250.0,23267.5,23266.7,2.257725485837501,2.2159361203522945,1.0086245353160108,1.7903345724907336,2.3219563774621093,-0.0002858569795103,12.666666666666666,0,0.5724907063196871,2.2159361203522945,2.257725485837501
245,NIFTY26JUNFUT,2026-06-08 12:50:00+05:30,1,False,2,False,False,False,False,True,-1.0,-1.0,-1.0,-4.6431273644387545,0.6488020176544924,5.305170239596367,STOP,STOP,D,False,2026-06-08,23328.1,20.728571428572,40.0,21.18000000000102,23324.0,23250.0,23246.6,23288.5,1.9136550907815988,3.945555545785207,1.021778084079966,1.9297036526532891,4.440474772810073,-0.0010752334604761,12.833333333333334,0,0.1977946243968919,3.945555545785207,1.9136550907815988
246,NIFTY26JUNFUT,2026-06-08 13:40:00+05:30,-1,False,3,False,False,False,False,True,1.5,2.0,3.0,3.126457399103136,3.5073243647235515,0.5273542600896195,TARGET,TARGET,D,False,2026-06-08,23237.6,22.407142857143167,34.79999999999927,22.039999999999417,23353.6,23252.0,23262.8,23296.0,-2.5997780829307886,-1.1234230816916069,0.9836149187121056,1.5530761874401755,0.3188470089847984,0.0038215428368291,13.666666666666666,0,0.6426522154925648,1.1234230816916069,2.5997780829307886
247,NIFTY26JUNFUT,2026-06-08 15:00:00+05:30,-1,False,1,False,False,False,False,True,1.0374501992032314,1.0374501992032314,1.0374501992032314,1.0374501992032314,1.1936254980079026,0.8552456839309347,TIME,TIME,D,False,2026-06-08,23175.0,23.36428571428587,70.40000000000146,25.52000000000044,23250.0,23200.0,23285.0,23209.0,-1.453080661276389,-4.68579923635765,1.092265362274545,3.013145826964273,8.140729047831428,0.0059435848755011,15.0,0,1.0700091715071771,4.68579923635765,1.453080661276389
248,NIFTY26JUNFUT,2026-06-09 09:15:00+05:30,1,False,0,False,False,False,False,True,-1.0,-1.0,-1.0,-1.677637130801748,1.0367088607594346,2.735021097046436,STOP,STOP,D,False,2026-06-09,23254.9,,40.900000000001455,,,,,,,,,,,-0.0296299647154618,9.25,0,,,
249,NIFTY26JUNFUT,2026-06-09 10:45:00+05:30,-1,False,2,False,False,False,False,True,-1.0,-1.0,-1.0,-2.741981265966454,1.3113823445926522,2.861197842747605,STOP,STOP,D,False,2026-06-09,23178.0,24.42857142857195,44.0,19.02000000000044,23269.8,23200.0,,23214.1,-1.475479701273429,,0.7785964912280714,1.8011695906432366,,0.0064717226232406,10.75,0,0.9005847953216183,,1.475479701273429
250,NIFTY26JUNFUT,2026-06-09 11:20:00+05:30,-1,False,2,False,False,False,False,True,-1.0,-1.0,-1.0,-3.3672486453942043,0.4298615291993025,4.838049367850598,STOP,STOP,D,False,2026-06-09,23154.1,21.35714285714312,47.70000000000073,16.720000000000436,23222.0,23162.3,23246.0,23198.1,-2.056293071746857,-4.28599864989177,0.7828762541806129,2.2334448160535185,1.594409940054856,0.0114324858174659,11.333333333333334,0,0.3839464882943438,4.28599864989177,2.056293071746857
251,NIFTY26JUNFUT,2026-06-09 12:30:00+05:30,1,False,3,False,False,False,False,True,-1.0,-1.0,-1.0,-0.0862334462580841,0.3880505081613788,2.151524484139263,STOP,STOP,D,False,2026-06-09,23260.0,24.650000000000155,27.299999999999272,14.2,23250.0,23177.0,23208.0,23220.6,1.6010893593660764,2.114260103356739,0.5760649087221059,1.1075050709938783,0.4067125232561793,-2.2851248167810034e-05,12.5,0,0.4056795131845816,2.114260103356739,1.6010893593660764
252,NIFTY26JUNFUT,2026-06-09 14:35:00+05:30,1,False,2,False,False,False,False,True,1.5,2.0,2.5029069767442165,2.5029069767442165,2.604651162790728,0.0,TARGET,TIME,D,False,2026-06-09,23297.5,18.507142857143013,33.0,18.2,23275.0,23225.6,23220.0,23259.0,2.083721313275448,4.201548974768827,0.9834040910845152,1.7830953299884065,4.908014357996463,-0.0012664409428311,14.583333333333334,0,1.2157468159011862,4.201548974768827,2.083721313275448
253,NIFTY26JUNFUT,2026-06-10 09:15:00+05:30,1,False,2,False,False,False,False,True,1.5,2.0,2.040115998066642,2.040115998066642,2.121314644755912,0.8119864668922055,TARGET,TIME,D,False,2026-06-10,23355.0,,129.90000000000146,,,,,,,,,,,-0.0226769386787052,9.25,0,,,
254,NIFTY26JUNFUT,2026-06-10 09:45:00+05:30,1,False,2,False,False,False,False,True,-1.0,-1.0,-1.0,0.6847640009782258,0.8559550012227822,2.67057960381508,STOP,STOP,D,False,2026-06-10,23402.0,,32.29999999999927,23.5,,,,23360.0,,,,,,-0.0036244108244616,9.75,0,,,
255,NIFTY26JUNFUT,2026-06-10 12:40:00+05:30,-1,False,3,False,False,False,False,True,-1.0,-1.0,-1.0,1.73261589403983,2.897350993377501,4.983443708609301,STOP,STOP,D,False,2026-06-10,23374.8,16.149999999999896,25.5,13.039999999999418,23441.9,23395.0,23401.1,23425.0,-3.101697889648612,-1.6266527546606564,0.8074303405572447,1.5789473684210629,1.1305690316392851,-0.0006122957051829,12.666666666666666,0,1.2507739938081026,1.6266527546606564,3.101697889648612
256,NIFTY26JUNFUT,2026-06-10 13:40:00+05:30,-1,True,2,True,True,False,False,False,1.5,2.0,3.0,4.609274916730729,5.394824493979053,0.8608762490392022,TARGET,TARGET,D,True,2026-06-10,23371.4,25.764285714285503,41.70000000000073,25.719999999999708,23456.0,23385.0,23415.0,23426.7,-2.141315383353663,-1.6891139509083688,0.9982811200443548,1.6185195453285692,0.8142844228879826,-0.0003538797011233,13.666666666666666,1,0.5278624896034965,1.6891139509083688,2.141315383353663
257,NIFTY26JUNFUT,2026-06-10 14:10:00+05:30,-1,False,2,False,False,False,False,True,1.5,2.0,3.0,3.75561797752809,4.325842696629214,0.7471910112359551,TARGET,TARGET,D,False,2026-06-10,23335.0,25.26428571428577,42.59999999999855,20.38000000000029,23436.3,23361.0,23400.0,23388.3,-2.104889657783973,-2.565655137750119,0.8066723211761478,1.6861747243426022,2.8708110981689563,-0.0010960400914603,14.166666666666666,0,1.0291207237772102,2.565655137750119,2.104889657783973
258,NIFTY26JUNFUT,2026-06-10 15:10:00+05:30,-1,False,2,False,False,False,False,True,-0.0701670644390915,-0.0701670644390915,-0.0701670644390915,-0.0701670644390915,0.4143198090692574,0.5546539379474406,TIME,TIME,D,False,2026-06-10,23225.0,28.935714285714443,36.400000000001455,25.00000000000073,23350.0,23241.0,23401.6,23252.0,-0.932019427340076,-6.057126763331226,0.8639842014317657,1.2579609972846646,2.6350045112233147,-0.0009690707725553,15.166666666666666,0,0.5529498889163139,6.057126763331226,0.932019427340076
259,NIFTY26JUNFUT,2026-06-11 09:15:00+05:30,-1,False,1,False,False,False,False,True,-1.0,-1.0,-1.0,-1.6079760717845937,0.6392821535394179,2.568295114656013,STOP,STOP,D,False,2026-06-11,23135.9,,59.29999999999927,,,,,,,,,,,-0.0036957212061429,9.25,0,,,
260,NIFTY26JUNFUT,2026-06-11 12:30:00+05:30,1,False,2,False,False,False,False,True,-1.0,-1.0,-1.0,-2.9166666666666727,1.1091008771930406,3.6074561403508847,STOP,STOP,D,False,2026-06-11,23338.0,25.47142857142847,33.5,22.0,23324.9,23238.0,23191.3,23300.8,1.462791540374108,5.795826180093857,0.8637128435221572,1.315199102636012,1.2936044871783263,-0.0051735957503571,12.5,0,0.5143017386426819,5.795826180093857,1.462791540374108
261,NIFTY26JUNFUT,2026-06-12 09:15:00+05:30,1,False,3,True,False,False,True,False,-1.0,-1.0,-1.0,-1.3753094059405988,0.2274133663366344,2.1636757425742963,STOP,STOP,D,False,2026-06-12,23464.0,,59.400000000001455,,,,,,,,,,,-0.0192724947797283,9.25,0,,,
262,NIFTY26JUNFUT,2026-06-12 12:40:00+05:30,-1,False,2,False,False,False,False,True,-1.0,-1.0,-1.0,-12.22954303931999,0.6199078993978133,12.472546935884004,STOP,STOP,D,False,2026-06-12,23347.6,19.699999999999687,30.0,19.640000000000143,23420.0,23355.0,23388.1,23373.5,-1.3132639799139554,-2.0522775726308247,0.9969543147208356,1.522842639593933,2.0854213638375505,0.0017941180529679,12.666666666666666,0,0.3756345177665773,2.0522775726308247,1.3132639799139554
263,NIFTY26JUNFUT,2026-06-12 13:25:00+05:30,1,True,2,True,True,False,False,False,1.5,2.0,3.0,10.140518011312816,11.64096457278944,0.2792497767192908,TARGET,TARGET,D,True,2026-06-12,23425.0,19.350000000000104,80.79999999999927,17.639999999999418,23387.0,23335.0,23410.0,23362.7,3.228223871375855,0.7756905052832244,0.9116279069767091,4.175710594315185,7.833917615090294,0.0023948551904013,13.416666666666666,1,1.963824289405674,0.7756905052832244,3.228223871375855
264,NIFTY26JUNFUT,2026-06-12 14:35:00+05:30,1,False,3,False,False,False,False,True,1.5,2.0,3.0,2.770295202951969,3.1060885608855906,0.6392988929888979,TARGET,TARGET,D,False,2026-06-12,23622.8,34.38571428571465,33.0,25.500000000001457,23620.7,23526.0,23354.8,23585.0,1.10105557962479,7.883370979629284,0.7415870378064325,0.9597008724553284,1.4750962838209545,0.0039705933349516,14.583333333333334,0,0.0610718737016604,7.883370979629284,1.10105557962479
265,NIFTY26JUNFUT,2026-06-12 15:00:00+05:30,1,False,3,False,False,False,False,True,-1.0,-1.0,-1.0,0.2958957974931852,0.6537232735315662,1.3418530351437412,STOP,STOP,D,False,2026-06-12,23699.5,25.42857142857195,81.20000000000073,24.920000000000435,23660.0,23550.1,23373.2,23622.8,3.026085622764319,13.011163065948526,0.9799999999999972,3.1932584269662554,3.1606144548340627,-0.0021346044246411,15.0,0,1.553370786516822,13.011163065948526,3.026085622764319
266,NIFTY26JUNFUT,2026-06-15 09:15:00+05:30,1,False,1,False,False,False,False,True,1.5,1.4005909666525445,1.4005909666525445,1.4005909666525445,1.5207541860137788,0.4432249894470168,TIME,TIME,D,False,2026-06-15,23953.0,,83.70000000000073,,,,,,,,,,,-0.0299874043212866,9.25,0,,,
267,NIFTY26JUNFUT,2026-06-15 10:50:00+05:30,1,False,3,False,False,False,False,True,-1.0,-1.0,-1.0,-3.0424284235942896,0.7678509830976766,4.249741290099959,STOP,STOP,D,False,2026-06-15,24015.0,20.81428571428608,29.799999999999272,17.2,24000.0,23930.0,,23970.0,2.166035444099138,,0.8263555250514611,1.4317089910774965,,-0.0035810875816434,10.833333333333334,0,0.7206588881262742,,2.166035444099138
268,NIFTY26JUNFUT,2026-06-15 12:05:00+05:30,-1,False,1,False,False,False,False,True,1.5,-1.0,-1.0,0.613314936184908,1.685408761641965,1.4536046912727387,STOP,STOP,D,False,2026-06-15,23955.4,20.057142857143585,24.40000000000145,18.6,23999.0,23970.0,23970.0,23978.0,-1.125718601500406,-0.727476855566075,0.9273504273503936,1.216524216524245,0.668398633069382,0.000861893401606,12.083333333333334,0,0.7279202279201289,0.727476855566075,1.125718601500406
269,NIFTY26JUNFUT,2026-06-15 14:30:00+05:30,1,True,2,True,True,False,False,False,-1.0,-1.0,-1.0,-1.899838449111448,0.5428109854604136,4.11631663974147,STOP,STOP,D,True,2026-06-15,23971.9,21.735714285714494,29.799999999999272,17.540000000000145,23966.0,23902.0,23937.0,23942.9,1.3358256762943177,1.607993348077249,0.8069668090699956,1.3710154452842125,0.9358681685380156,0.0003857899499914,14.5,1,0.2714426552744646,1.607993348077249,1.3358256762943177
270,NIFTY26JUNFUT,2026-06-16 10:35:00+05:30,1,True,3,True,True,False,False,False,-1.0,-1.0,-1.0,-2.3213598460551745,0.5971776779986789,2.5009621552277195,STOP,STOP,D,True,2026-06-16,23984.0,21.9428571428572,27.200000000000728,19.040000000000145,23974.5,23929.0,,23935.0,2.237644488545308,,0.8677083333333379,1.2395833333333637,,-0.0017281673040954,10.583333333333334,1,0.4329427083333322,,2.237644488545308
271,NIFTY26JUNFUT,2026-06-17 14:55:00+05:30,1,True,3,True,True,False,False,False,0.2744082840238141,0.2744082840238141,0.2744082840238141,0.2744082840238141,1.211538461538514,0.0828402366863136,TIME,TIME,D,True,2026-06-17,24084.6,18.6428571428574,27.40000000000145,16.840000000000146,24064.1,24025.0,24041.1,24034.6,2.68757177750724,2.337555269933401,0.9032950191570834,1.4697318007663411,2.004135131830485,7.586764131306545e-05,14.916666666666666,1,1.0996168582375323,2.337555269933401,2.68757177750724
272,NIFTY26JUNFUT,2026-06-18 10:35:00+05:30,-1,True,2,True,True,False,False,False,1.5,2.0,-0.906934306569304,-0.906934306569304,2.3418491484184707,0.9452554744525774,TARGET,TIME,D,True,2026-06-18,24085.0,22.3357142857146,37.5,17.9,24153.9,24106.0,,24135.4,-2.2517638397778743,,0.8014070994563367,1.6789254876878563,,-0.0010726354923166,10.583333333333334,1,0.9401982731051995,,2.2517638397778743
273,NIFTY26JUNFUT,2026-06-18 10:40:00+05:30,-1,True,2,False,False,True,False,False,1.5,-1.0,-1.0,-1.235537190082694,1.9545454545454075,1.235537190082694,STOP,STOP,D,True,2026-06-18,24080.0,23.485714285714494,30.0,20.98000000000029,24153.9,24085.0,,24120.0,-1.700338534416298,,0.8933090024330945,1.2773722627737114,,-0.0006653692607093,10.666666666666666,1,0.2128953771289518,,1.700338534416298
274,NIFTY26JUNFUT,2026-06-18 11:20:00+05:30,-1,False,2,False,False,False,False,True,-1.0,-1.0,-1.0,-4.284180386542569,0.30064423765211,4.860415175375779,STOP,STOP,D,False,2026-06-18,24051.0,19.58571428571434,27.299999999999272,16.920000000000435,24122.5,24052.1,24117.6,24096.7,-2.328908107749282,-3.391047434311369,0.8638949671772628,1.3938730853391277,1.4824131963983889,-0.0002731578198158,11.333333333333334,0,0.056163384390881,3.391047434311369,2.328908107749282
275,NIFTY26JUNFUT,2026-06-18 12:25:00+05:30,1,False,3,False,False,False,False,True,-1.0,-1.0,-1.0,-1.5686274509804,0.6274509803921244,1.6078431372548745,STOP,STOP,D,False,2026-06-18,24139.8,19.3928571428574,33.39999999999782,16.88000000000029,24109.9,24045.0,24079.4,24095.2,2.304072776513093,3.122361237961327,0.870423572744018,1.7222836095762917,2.1641887190675644,-0.0011579060749676,12.416666666666666,0,1.5418047882134949,3.122361237961327,2.304072776513093
276,NIFTY26JUNFUT,2026-06-18 13:30:00+05:30,1,False,1,True,False,False,True,False,-1.0,-1.0,-1.0,2.503687315634178,2.8753687315634133,3.3812684365781167,STOP,STOP,D,False,2026-06-18,24153.0,18.59285714285761,21.799999999999272,19.140000000000875,24145.6,24112.6,24071.9,24135.1,0.9634493261570356,4.376585655143068,1.029427583557455,1.172493276988022,2.233304501629993,1.5418298436653544e-05,13.5,0,0.3980023050327229,4.376585655143068,0.9634493261570356
277,NIFTY26JUNFUT,2026-06-18 14:05:00+05:30,-1,True,2,True,True,False,False,False,-1.0,-1.0,-1.0,-5.564853556485102,1.4058577405857098,5.857740585773791,STOP,STOP,D,True,2026-06-18,24109.0,16.1214285714294,28.299999999999272,13.020000000001165,24153.8,24112.6,24139.8,24142.5,-2.075096225891327,-1.9080630544914827,0.8076207354896187,1.7554275587061117,0.1724777174911188,0.0002855268742523,14.083333333333334,1,0.2233052724854985,1.9080630544914827,2.075096225891327
278,NIFTY26JUNFUT,2026-06-18 14:55:00+05:30,1,False,2,False,False,False,False,True,1.5,2.0,2.67136150234748,2.67136150234748,2.906103286385038,0.8497652582158921,TARGET,TIME,D,False,2026-06-18,24147.6,19.828571428571585,34.599999999998545,18.45999999999985,24136.5,24086.0,24130.0,24108.6,1.9700405377482084,0.888255474966802,0.9309798270893224,1.7449567723342068,2.0861377344968544,0.0003215384257788,14.916666666666666,0,0.5597982708932939,0.888255474966802,1.9700405377482084
279,NIFTY26JUNFUT,2026-06-18 15:00:00+05:30,1,True,2,True,True,False,False,False,1.1902667839343353,1.1902667839343353,1.1902667839343353,1.1902667839343353,1.3954851949574965,0.1518616241571691,TIME,TIME,D,True,2026-06-18,24180.0,21.30000000000005,55.0,20.859999999999854,24147.6,24086.0,24132.4,24103.4,3.607672905008869,2.239149704879172,0.9793427230046856,2.5821596244131397,11.818723488680169,-0.0014875591246644,15.0,1,1.521126760563445,2.239149704879172,3.607672905008869
280,NIFTY26JUNFUT,2026-06-19 09:15:00+05:30,-1,False,0,False,False,False,False,True,1.2132792897124534,1.2132792897124534,1.2132792897124534,1.2132792897124534,1.3483883420189584,0.5377340281798306,TIME,TIME,D,False,2026-06-19,24029.0,,60.0,,,,,,,,,,,-0.0096691460343697,9.25,0,,,
281,NIFTY26JUNFUT,2026-06-19 14:00:00+05:30,1,False,2,False,False,False,False,True,-1.0,-1.0,-1.0,2.700560747663475,3.119252336448522,4.008971962616936,STOP,STOP,D,False,2026-06-19,24028.0,17.607142857142858,28.0,15.8,24012.0,23955.0,24009.9,23985.0,2.446568997442078,1.0287668439540607,0.8973630831643002,1.59026369168357,0.2994747840854389,-0.0024032125525218,14.0,0,0.9087221095334684,1.0287668439540607,2.446568997442078
282,NIFTY26JUNFUT,2026-06-19 14:50:00+05:30,-1,False,0,False,False,False,False,True,-1.0,-1.0,-1.0,-4.095435684647315,1.2240663900414883,4.4273858921161935,STOP,STOP,D,False,2026-06-19,23978.3,21.292857142857297,53.0,19.0,24046.0,24000.0,23973.0,24017.0,-1.8145822405204932,0.2489647913054636,0.8923180140892253,2.489097618248892,2.8517720921062373,0.0009950558164122,14.833333333333334,0,1.019121100301939,-0.2489647913054636,1.8145822405204932
283,NIFTY26JUNFUT,2026-06-19 15:00:00+05:30,1,False,0,False,False,False,False,True,0.6571300849351789,0.6571300849351789,0.6571300849351789,0.6571300849351789,0.9074653553866756,0.2565936522128069,TIME,TIME,D,False,2026-06-19,24055.0,25.078571428571585,110.0,29.78000000000029,24046.0,23948.8,23955.0,24033.2,0.8700565091735657,4.004113618284428,1.1874679578467715,4.386214753631417,6.405204740895802,0.0032640753535109,15.0,0,0.3588721162062068,4.004113618284428,0.8700565091735657
284,NIFTY26JUNFUT,2026-06-22 09:15:00+05:30,1,False,3,False,False,False,False,True,1.056080932482932,1.056080932482932,1.056080932482932,1.056080932482932,1.056080932482932,0.4372113481416536,TIME,TIME,D,False,2026-06-22,24139.9,,48.09999999999855,,,,,,,,,,,-0.0158046925032505,9.25,0,,,
285,NIFTY26JUNFUT,2026-06-23 09:15:00+05:30,-1,False,2,False,False,False,False,True,-1.0,-1.0,-1.0,-1.447277739489967,0.2749827705031288,2.8221915920054355,STOP,STOP,D,False,2026-06-23,24095.5,,39.09999999999855,,,,,,,,,,,-0.0054651835658715,9.25,0,,,
286,NIFTY26JUNFUT,2026-06-23 11:40:00+05:30,-1,True,3,True,True,False,False,False,1.5,2.0,3.0,8.688456764584169,10.246586677699682,0.289615225486139,TARGET,TARGET,D,True,2026-06-23,24105.0,16.742857142857247,22.0,13.88000000000029,24145.0,24106.4,24148.0,24135.2,-1.80149725658089,-2.5636861227210512,0.8290102389078621,1.3139931740614252,2.22658940746812,-7.324337961234217e-05,11.666666666666666,1,0.0836177474403594,2.5636861227210512,1.80149725658089
287,NIFTY26JUNFUT,2026-06-23 11:45:00+05:30,-1,True,3,True,True,False,False,False,1.5,2.0,3.0,6.009292351679714,6.409578270192939,0.5153681200859225,TARGET,TARGET,D,True,2026-06-23,24053.1,17.264285714285766,61.0,15.680000000000293,24145.0,24104.0,24149.8,24143.4,-5.210888287537921,-5.578730448116335,0.9082333471245488,3.533305750930896,14.144956899211238,-0.0004882196663018,11.75,1,2.948282995448979,5.578730448116335,5.210888287537921
288,NIFTY26JUNFUT,2026-06-23 13:00:00+05:30,-1,False,3,False,False,False,False,True,1.5,2.0,-0.2745754604161913,-0.2745754604161913,2.102846209040864,0.8304233436976513,TARGET,TIME,D,False,2026-06-23,23948.0,29.46428571428597,30.0,22.52000000000044,24012.6,23950.0,24143.4,23990.2,-1.429723035896255,-6.57808471152543,0.7643151515151596,1.0181818181818092,0.4216555751808769,0.0005756959028289,13.0,0,0.0678787878787872,6.57808471152543,1.429723035896255
289,NIFTY26JUNFUT,2026-06-23 13:30:00+05:30,-1,False,2,False,False,False,False,True,-1.0,-1.0,-1.0,1.043941411451388,1.4279627163781214,2.535286284953371,STOP,STOP,D,False,2026-06-23,23899.6,27.242857142857247,48.900000000001455,25.099999999999277,23994.9,23925.0,24051.0,23969.0,-2.540080815363655,-5.5224363138312365,0.921342422653352,1.7949659150498631,1.0084181108242094,0.0010483835059724,13.5,0,0.9323544834819586,5.5224363138312365,2.540080815363655
290,NIFTY26JUNFUT,2026-06-23 14:40:00+05:30,1,False,1,False,False,False,False,True,-1.0,-1.0,-1.0,-5.479082321187584,0.1133603238866396,5.479082321187584,STOP,STOP,D,False,2026-06-23,23955.0,27.535714285714285,33.900000000001455,23.079999999999565,23946.0,23884.0,23948.0,23921.0,1.2365150722295013,0.2542896119282281,0.8381841763942773,1.2311284046693136,0.1790108448035472,-0.0009615889651606,14.666666666666666,0,0.3268482490272373,0.2542896119282281,1.2365150722295013
291,NIFTY26JUNFUT,2026-06-23 15:00:00+05:30,-1,False,1,False,False,False,False,True,1.5,2.0,2.0107108081791663,2.0107108081791663,2.0107108081791663,0.9712755598831564,TARGET,TIME,D,False,2026-06-23,23862.5,26.407142857142908,82.09999999999854,25.52000000000044,23958.0,23910.0,23955.0,23925.0,-2.360601057820636,-3.489314249900609,0.9664051934000688,3.109007303218765,7.385056345331924,-0.0019918950477367,15.0,0,1.7987557479037022,3.489314249900609,2.360601057820636
292,NIFTY26JUNFUT,2026-06-24 10:20:00+05:30,1,True,3,False,False,True,False,False,1.5,2.0,1.8367740690719427,1.8367740690719427,2.009646922631694,0.159367161875399,TARGET,TIME,D,True,2026-06-24,23952.5,,39.900000000001455,33.2,23938.0,23810.0,,23843.9,,,,,,-0.0064833315370138,10.333333333333334,1,,,
293,NIFTY26JUNFUT,2026-06-24 11:40:00+05:30,1,False,1,False,False,False,False,True,-1.0,-1.0,-1.0,2.3107734806629017,3.1809392265192376,1.7645027624309038,STOP,STOP,D,False,2026-06-24,24023.0,20.06428571428608,30.799999999999272,15.6,23999.9,23950.0,23896.2,23977.8,2.257005613187334,6.353220767513651,0.7775008899964259,1.5350658597364968,-0.058759705601458,-0.0042339885022744,11.666666666666666,0,1.1512993948023271,6.353220767513651,2.257005613187334
294,NIFTY26JUNFUT,2026-06-25 09:15:00+05:30,1,False,1,False,False,False,False,True,1.5,2.0,2.099578397912062,2.099578397912062,2.276651274844382,0.0983738205179671,TARGET,TIME,D,False,2026-06-25,24129.7,,40.0,,,,,,,,,,,-0.1489043908514111,9.25,0,,,
295,NIFTY26JUNFUT,2026-06-25 10:45:00+05:30,1,False,2,False,False,False,False,True,-1.0,-1.0,-1.0,0.8300395256916996,3.923320158102847,1.217391304347826,STOP,STOP,D,False,2026-06-25,24205.0,17.88571428571439,18.0,10.840000000000146,24200.0,24168.5,,24183.5,1.2031453666525822,,0.6060702875399407,1.0063897763578216,,-0.0130759118131494,10.75,0,0.2795527156549504,,1.2031453666525822
296,NIFTY26JUNFUT,2026-06-25 11:55:00+05:30,1,False,3,False,False,False,False,True,-1.0,-1.0,-1.0,-2.57708237459734,1.410952600092137,4.993097100782346,STOP,STOP,D,False,2026-06-25,24254.9,14.06428571428556,39.400000000001455,13.88000000000029,24225.0,24187.0,24188.0,24197.8,4.069509187864532,4.769885629271337,0.9868969019807324,2.80142204164564,3.385301767074239,0.0004612546125462,11.916666666666666,0,2.125952260030599,4.769885629271337,4.069509187864532
297,NIFTY26JUNFUT,2026-06-25 13:10:00+05:30,-1,False,2,False,False,False,False,True,-1.0,-1.0,-1.0,2.87887323943662,4.255211267605692,1.494647887324001,STOP,STOP,D,False,2026-06-25,24191.0,24.29285714285704,35.5,22.740000000000144,24272.0,24191.9,24197.8,24215.0,-0.98696554917617,-0.2798390095697574,0.9360776242281782,1.4613349014995654,-0.443520839264453,0.0021061092429708,13.166666666666666,0,0.0370479270803305,0.2798390095697574,0.98696554917617
298,NIFTY26JUNFUT,2026-06-25 14:10:00+05:30,-1,True,2,True,True,False,False,False,1.5,2.0,3.0,2.0382479950647787,3.040098704503415,0.1727328809376904,TARGET,TARGET,D,True,2026-06-25,24155.5,21.45714285714322,47.79999999999927,18.059999999999853,24228.9,24181.0,24218.1,24217.0,-2.8588996587501203,-2.9099022739596654,0.8416777629826686,2.227696404793537,3.5070837762783125,0.0038681203258108,14.166666666666666,1,1.188415446071884,2.9099022739596654,2.8588996587501203
299,NIFTY26JUNFUT,2026-06-29 10:20:00+05:30,1,False,0,False,False,False,False,True,-1.0,-1.0,-1.0,-2.5682004930155564,0.6959737058340296,3.0139687756778346,STOP,STOP,D,False,2026-06-29,24116.0,,47.900000000001455,28.140000000000875,24105.0,24030.0,,24092.9,,,,,,0.0005678629205321,10.333333333333334,0,,,
300,NIFTY26JUNFUT,2026-06-29 11:30:00+05:30,-1,False,2,False,False,False,False,True,1.5,2.0,3.0,2.259636906242287,3.5513553842327905,0.6963441929868217,TARGET,TARGET,D,False,2026-06-29,24045.0,27.599999999999845,63.60000000000218,19.579999999999565,24135.0,24063.1,24089.9,24103.5,-2.1144209617762804,-1.6237794587196106,0.7094202898550607,2.3043478260870485,0.2407045013696977,-0.0079186513969122,11.5,0,0.6557971014492263,1.6237794587196106,2.1144209617762804
301,NIFTY26JUNFUT,2026-06-29 11:50:00+05:30,-1,False,3,False,False,False,False,True,1.5,2.0,1.5579106737321011,1.5579106737321011,2.6212465304062884,0.7277315165278329,TARGET,TIME,D,False,2026-06-29,24021.0,27.54999999999979,34.70000000000073,28.3,24111.6,24024.1,24074.1,24087.0,-2.389080056663901,-1.9231534615096688,1.027223230490026,1.2595281306715422,0.4039434251483207,-0.0017634883024212,11.833333333333334,0,0.1125226860253563,1.9231534615096688,2.389080056663901
302,NIFTY26JUNFUT,2026-06-29 12:10:00+05:30,-1,False,2,False,False,False,False,True,1.5,2.0,1.7716814159292826,1.7716814159292826,2.7876106194690564,0.227138643067849,TARGET,TIME,D,False,2026-06-29,24009.5,24.699999999999687,31.0,20.41999999999971,24104.8,24010.0,24126.2,24045.9,-1.4714533892528154,-4.701842692425371,0.8267206477732781,1.2550607287449551,0.5596426308087531,0.0045814244064972,12.166666666666666,0,0.0202429149797573,4.701842692425371,1.4714533892528154
303,NIFTY26JUNFUT,2026-06-29 12:15:00+05:30,-1,False,2,False,False,False,False,True,1.5,2.0,0.9265895953757912,0.9265895953757912,2.1040462427745883,0.5381502890173172,TARGET,TIME,D,False,2026-06-29,23995.0,24.214285714285456,32.5,23.639999999999414,24093.5,24005.0,24115.0,24021.0,-1.072584104444482,-4.93109161668191,0.9762831858406944,1.3421828908554716,1.9987413985994225,0.0044267405138838,12.25,0,0.4129793510324527,4.93109161668191,1.072584104444482
304,NIFTY26JUNFUT,2026-06-29 12:30:00+05:30,-1,False,3,False,False,False,False,True,-1.0,-1.0,-1.0,-0.7971398305084776,0.6673728813559348,1.445974576271192,STOP,STOP,D,False,2026-06-29,23961.9,24.928571428571168,47.400000000001455,22.839999999999417,24064.1,23983.5,24075.0,24035.0,-2.923459694344904,-4.515648919476153,0.916217765042966,1.9014326647565247,2.0660720922042946,-0.0001838022560024,12.5,0,0.8664756446990911,4.515648919476153,2.923459694344904
305,NIFTY26JUNFUT,2026-06-30 09:20:00+05:30,-1,False,1,False,False,False,False,True,0.9056175524872508,0.9056175524872508,0.9056175524872508,0.9056175524872508,1.4299224512956288,0.4898808397957246,TIME,TIME,D,False,2026-06-30,23920.0,,45.900000000001455,,,,,,,,,,,-0.2723008904492251,9.333333333333334,0,,,
306,NIFTY26JUNFUT,2026-06-30 11:10:00+05:30,1,False,0,False,False,False,False,True,1.5,2.0,-1.0,0.3286063569681624,2.211246943765212,1.2117359413203324,TARGET,STOP,D,False,2026-06-30,23949.3,27.95714285714322,58.59999999999855,28.3,23938.5,23876.6,23887.5,23926.6,0.8127274091597464,2.2162452284557874,1.012263668880927,2.096065406233952,1.688503991160895,0.0070876160559851,11.166666666666666,0,0.3863055697495857,2.2162452284557874,0.8127274091597464
307,NIFTY26JUNFUT,2026-06-30 15:00:00+05:30,-1,False,2,True,False,False,True,False,-1.0,-1.0,-1.0,-0.569960474308256,0.1411067193676483,1.0513833992094783,STOP,STOP,D,False,2026-06-30,23853.4,31.685714285714443,72.40000000000146,26.479999999999563,23990.2,23868.0,23935.0,23943.2,-2.823455404421033,-2.5665132818575342,0.8357078449053021,2.2849413886384475,3.405540287036384,-0.0156742751966612,15.0,0,0.4607754733994108,2.5665132818575342,2.823455404421033
308,NIFTY26MAYFUT,2026-05-04 12:05:00+05:30,-1,True,3,True,True,False,False,False,1.5,2.0,3.0,3.8394919168591466,8.406466512702131,0.1172055427252327,TARGET,TARGET,D,True,2026-05-04,24282.0,25.657142857142908,32.099999999998545,24.02000000000044,24337.7,24290.9,24288.4,24321.6,-1.5409168588573532,-0.2493774787741473,0.9361915367483448,1.2511135857460431,1.422194329523862,0.0017032255888564,12.083333333333334,1,0.3468819599109691,0.2493774787741473,1.5409168588573532
309,NIFTY26MAYFUT,2026-05-04 12:10:00+05:30,-1,True,3,True,True,False,False,False,-1.0,-1.0,-1.0,0.9356608478802738,4.357107231920174,1.612967581047407,STOP,STOP,D,True,2026-05-04,24197.0,24.742857142856987,85.90000000000146,26.440000000000147,24337.7,24273.0,24274.3,24331.5,-5.405863529817421,-3.1141853387571103,1.0685912240184885,3.4717090069284877,11.631822603300574,0.0035318413621612,12.166666666666666,1,3.071593533487317,3.1141853387571103,5.405863529817421
310,NIFTY26MAYFUT,2026-05-04 13:25:00+05:30,-1,False,3,False,False,False,False,True,-1.0,-1.0,-1.0,-2.904196357877981,0.7759303246238933,3.630245447347501,STOP,STOP,D,False,2026-05-04,24105.0,34.50714285714379,77.0,31.6400000000016,24227.5,24140.0,24331.5,24189.2,-2.431580882131791,-6.5027559780233455,0.916911612502609,2.2314220658248205,1.1378383918974004,0.0037884780309904,13.416666666666666,0,1.0142827571931003,6.5027559780233455,2.431580882131791
311,NIFTY26MAYFUT,2026-05-05 09:15:00+05:30,-1,False,2,False,False,False,False,True,1.5,2.0,2.761104829591332,2.761104829591332,2.919399127766104,0.2464868357293194,TARGET,TIME,D,False,2026-05-05,24107.5,,112.90000000000146,,,,,,,,,,,-0.0014494369494927,9.25,0,,,
312,NIFTY26MAYFUT,2026-05-05 10:25:00+05:30,-1,False,3,False,False,False,False,True,1.5,0.6066076909189329,0.6066076909189329,0.6066076909189329,1.693446470482021,0.5055064090991107,TIME,TIME,D,False,2026-05-05,24011.9,49.778571428571794,42.0,34.30000000000073,24115.0,24020.0,,24062.0,-1.0043616016637598,,0.6890515138470464,0.843736547567794,,0.0036534061554358,10.416666666666666,0,0.1627206198880453,,1.0043616016637598
313,NIFTY26MAYFUT,2026-05-05 12:20:00+05:30,1,True,3,True,True,False,False,False,-1.0,-1.0,-1.0,2.2939672801635216,4.222903885480525,1.5674846625766434,STOP,STOP,D,True,2026-05-05,24022.5,26.464285714286238,37.09999999999855,27.82000000000044,24015.0,23937.0,23986.8,23947.5,2.84288378804336,1.3509955779322032,1.0512280701754344,1.4018893387313616,1.72247230650618,-0.0012604906651202,12.333333333333334,1,0.2834008097165936,1.3509955779322032,2.84288378804336
314,NIFTY26MAYFUT,2026-05-05 12:55:00+05:30,1,False,2,False,False,False,False,True,1.5,2.0,1.0275879524171134,1.0275879524171134,2.763857251328788,0.173626929891219,TARGET,TIME,D,False,2026-05-05,24065.0,27.34285714285735,39.69999999999709,23.599999999999277,24050.6,23955.0,23983.0,24010.5,1.9977322051521464,3.0092087607683387,0.863113897596623,1.4519331243468,-0.3234715247744784,-0.0002701776317115,12.916666666666666,0,0.5266457680251275,3.0092087607683387,1.9977322051521464
315,NIFTY26MAYFUT,2026-05-05 13:05:00+05:30,1,False,3,False,False,False,False,True,-1.0,-1.0,-1.0,-1.3884038504589071,0.354152675173474,2.2440116409224022,STOP,STOP,D,False,2026-05-05,24130.0,28.442857142856933,70.5,26.61999999999898,24090.0,23986.2,23980.5,24018.0,3.956081992582323,5.288920762266338,0.935911602209916,2.478653942742359,5.237555674588312,-0.0023108938682669,13.083333333333334,0,1.406328478151693,5.288920762266338,3.956081992582323
316,NIFTY26MAYFUT,2026-05-05 14:05:00+05:30,-1,True,2,True,True,False,False,False,-1.0,-1.0,-1.0,-1.8003220611916704,0.2576489533011268,1.9935587761675155,STOP,STOP,D,True,2026-05-05,24072.9,31.378571428571377,35.099999999998545,24.01999999999971,24145.0,24084.0,24000.0,24117.1,-1.4060230140686956,2.3302983667198056,0.765490553152735,1.1185977691781936,-0.4466610711027097,-4.861488101504108e-05,14.083333333333334,1,0.3537445936717047,-2.3302983667198056,1.4060230140686956
317,NIFTY26MAYFUT,2026-05-06 09:15:00+05:30,1,True,3,False,False,True,False,False,-1.0,-1.0,-1.0,-2.4314710190416147,0.6239799121154774,2.6130989746808893,STOP,STOP,D,True,2026-05-06,24259.9,,60.400000000001455,,,,,,,,,,,-0.0012224097663254,9.25,1,,,
318,NIFTY26MAYFUT,2026-05-06 10:50:00+05:30,-1,False,2,False,False,False,False,True,-1.0,-1.0,-1.0,1.5673429479344572,2.895135663651978,1.12588609142011,STOP,STOP,D,False,2026-05-06,24166.1,28.285714285714544,39.09999999999855,26.240000000000144,24235.0,24172.0,,24201.0,-1.232059078867743,,0.9276767676767644,1.3823232323231682,,0.0006884501417161,10.833333333333334,0,0.2085858585859081,,1.232059078867743
319,NIFTY26MAYFUT,2026-05-06 11:00:00+05:30,-1,False,3,False,False,False,False,True,-1.0,-1.0,-1.0,2.2455378678243973,2.4852870236371785,1.82682103232025,STOP,STOP,D,False,2026-05-06,24146.0,29.34285714285735,38.70000000000073,26.41999999999971,24235.0,24165.0,24260.0,24194.0,-1.6325870907663915,-3.866845782182789,0.9003894839337715,1.3188899707887205,0.5365312488351413,0.0022905219089024,11.0,0,0.6475170399220986,3.866845782182789,1.6325870907663915
320,NIFTY26MAYFUT,2026-05-06 12:20:00+05:30,-1,True,3,True,True,False,False,False,1.5,-1.0,-1.0,-3.5243538767395246,1.6456262425447004,3.6391650099404207,STOP,STOP,D,True,2026-05-06,24105.9,26.11428571428587,60.900000000001455,21.98000000000029,24199.1,24126.0,24215.0,24180.0,-2.82883170395988,-4.158967019556187,0.8416849015317348,2.3320568927790357,5.561501345580213,0.0028535830553433,12.333333333333334,1,0.7696936542668981,4.158967019556187,2.82883170395988
321,NIFTY26MAYFUT,2026-05-06 13:15:00+05:30,1,False,2,True,False,False,True,False,1.5,2.0,3.0,11.517361111111116,11.59375000000003,0.0277777777777524,TARGET,TARGET,D,False,2026-05-06,24138.0,27.72857142857148,40.0,26.5,24125.0,24056.0,24153.0,24080.0,2.0967434671651515,-0.5406223117425503,0.9556929417825843,1.442555383822769,1.5702152524638815,0.0041748653945168,13.25,0,0.4688304997423999,-0.5406223117425503,2.0967434671651515
322,NIFTY26MAYFUT,2026-05-06 14:10:00+05:30,1,False,1,False,False,False,False,True,1.5,2.0,3.0,8.954143201930778,9.08554572271383,0.0,TARGET,TARGET,D,False,2026-05-06,24226.0,26.20714285714296,34.0,21.900000000000727,24210.1,24133.7,24120.4,24181.0,1.7202845682448045,4.047076832043468,0.8356500408830988,1.2973562278549962,0.3860786590024915,-0.0021929824561403,14.166666666666666,0,0.6067048242028331,4.047076832043468,1.7202845682448045
323,NIFTY26MAYFUT,2026-05-06 14:20:00+05:30,1,False,2,False,False,False,False,True,1.5,2.0,2.6824605153782177,2.6824605153782177,2.784289276807976,0.002909393183665,TARGET,TIME,D,False,2026-05-06,24371.9,24.400000000000155,148.90000000000146,23.22000000000044,24245.0,24155.0,24078.5,24190.0,7.510976304393583,12.171111531714784,0.9516393442623068,6.102459016393463,28.62399305528065,-0.001545324895621,14.333333333333334,0,5.200819672131174,12.171111531714784,7.510976304393583
324,NIFTY26MAYFUT,2026-05-07 09:15:00+05:30,-1,False,0,False,False,False,False,True,-1.0,-1.0,-1.0,-0.2467362924281821,0.4637728459529865,1.843668407310724,STOP,STOP,D,False,2026-05-07,24369.9,,108.5,,,,,,,,,,,-0.0070545554920247,9.25,0,,,
325,NIFTY26MAYFUT,2026-05-07 12:35:00+05:30,1,False,1,False,False,False,False,True,-1.0,-1.0,-1.0,-2.841791044776119,1.225870646766169,3.5104477611940297,STOP,STOP,D,False,2026-05-07,24491.9,28.892857142857142,118.90000000000146,29.60000000000073,24429.8,24318.0,24378.1,24410.0,2.844121265829165,3.957076033546571,1.0244746600741907,4.115203955500668,3.7407476012137137,0.0154413123935608,12.583333333333334,0,2.149320148331349,3.957076033546571,2.844121265829165
326,NIFTY26MAYFUT,2026-05-07 15:05:00+05:30,-1,False,1,False,False,False,False,True,-1.0,-1.0,-1.0,-1.7195087117966188,0.8357612110826008,1.999428734647232,STOP,STOP,D,False,2026-05-07,24362.0,23.71428571428597,41.0,21.22000000000044,24425.0,24370.0,24399.2,24380.5,-0.7795285240549876,-1.566283034363764,0.8948192771084423,1.7289156626505835,3.86120168144396,0.0010194825835161,15.083333333333334,0,0.3373493975903577,1.566283034363764,0.7795285240549876
327,NIFTY26MAYFUT,2026-05-08 09:15:00+05:30,-1,False,0,False,False,False,False,True,-1.0,-1.0,-1.0,0.0269801503179804,1.7537097706687297,1.3166313355174266,STOP,STOP,D,False,2026-05-08,24248.0,,88.09999999999854,,,,,,,,,,,0.0064785449025508,9.25,0,,,
328,NIFTY26MAYFUT,2026-05-08 11:20:00+05:30,-1,False,1,True,False,False,True,False,1.5,1.634517766497462,1.634517766497462,1.634517766497462,1.883248730964467,0.8137055837563969,TIME,TIME,D,False,2026-05-08,24238.0,29.09285714285709,34.70000000000073,26.559999999999853,24293.0,24241.0,24212.6,24245.0,-0.2405394193623737,0.8739824179500872,0.912938865700954,1.1927326295114438,-0.3853950068723203,0.0009674421439127,11.333333333333334,0,0.1031180947704396,-0.8739824179500872,0.2405394193623737
329,NIFTY26MAYFUT,2026-05-08 13:25:00+05:30,1,False,1,False,False,False,False,True,-1.0,-1.0,-1.0,-0.4385542168674052,1.87951807228918,4.337349397590415,STOP,STOP,D,False,2026-05-08,24249.0,19.349999999999845,44.900000000001455,16.740000000000144,24222.4,24185.0,24239.9,24192.0,2.9526770333455468,0.4704607890552045,0.8651162790697818,2.3204134366926,1.1808558131122011,0.0010134700761614,13.416666666666666,0,1.3746770025839152,0.4704607890552045,2.9526770333455468
330,NIFTY26MAYFUT,2026-05-08 13:55:00+05:30,-1,False,2,False,False,False,False,True,-1.0,-1.0,-1.0,-1.95927731574416,0.7989675939203321,4.380269572698527,STOP,STOP,D,False,2026-05-08,24172.4,22.057142857142804,58.0,24.7,24255.0,24191.0,24225.0,24235.0,-2.8307520168983973,-2.3795370688225805,1.1198186528497436,2.629533678756483,5.348108741249082,0.0029740985118169,13.916666666666666,0,0.8432642487045993,2.3795370688225805,2.8307520168983973
331,NIFTY26MAYFUT,2026-05-08 14:30:00+05:30,1,False,1,False,False,False,False,True,1.5,-0.3791037622813053,-0.3791037622813053,-0.3791037622813053,1.6439012700694828,0.670980110232442,TIME,TIME,D,False,2026-05-08,24235.0,28.17857142857169,41.20000000000073,23.740000000000144,24231.7,24160.0,24203.3,24212.0,0.8169984318912693,1.1264417289208746,0.8424841571609606,1.4621039290240934,0.5950851060471355,0.0008769981820166,14.5,0,0.1171102661596689,1.1264417289208746,0.8169984318912693
332,NIFTY26MAYFUT,2026-05-08 14:35:00+05:30,1,True,2,True,True,False,False,False,-1.0,-1.0,-1.0,-1.4192439862542654,0.6529209621993104,1.718213058419238,STOP,STOP,D,True,2026-05-08,24267.0,29.807142857143067,35.0,26.11999999999971,24245.4,24160.0,24202.6,24190.0,2.5914963286395,2.1663049159486034,0.8763000239635594,1.1742151929067737,1.97237131159504,-8.655825558767649e-05,14.583333333333334,1,0.7246585190509885,2.1663049159486034,2.5914963286395
333,NIFTY26MAYFUT,2026-05-11 09:15:00+05:30,-1,True,2,False,False,True,False,False,1.5,0.5509001115182536,0.5509001115182536,0.5509001115182536,1.777600764696515,0.6914130954277473,TIME,TIME,D,True,2026-05-11,23953.9,,86.5,,,,,,,,,,,-0.0039244311832367,9.25,1,,,
334,NIFTY26MAYFUT,2026-05-11 09:35:00+05:30,-1,False,3,False,False,False,False,True,-1.0,-1.0,-1.0,-0.9377691964948416,0.6633001633744519,1.3120451507500013,STOP,STOP,D,False,2026-05-11,23905.0,,45.59999999999855,,,,,,,,,,,0.0121148511882449,9.583333333333334,0,,,
335,NIFTY26MAYFUT,2026-05-11 10:15:00+05:30,-1,False,0,False,False,False,False,True,-1.0,-1.0,-1.0,-1.8259143748228108,0.0198468953785088,2.34193365466404,STOP,STOP,D,False,2026-05-11,23880.0,,48.0,25.15999999999985,23981.7,23891.0,,23915.4,,,,,,0.0064673899095517,10.25,0,,,
336,NIFTY26MAYFUT,2026-05-11 11:10:00+05:30,1,True,3,True,True,False,False,False,1.5,0.6963451497663745,0.6963451497663745,0.6963451497663745,1.773564165979637,0.7271228359440083,TIME,TIME,D,True,2026-05-11,23949.9,25.692857142856933,36.09999999999855,21.460000000000583,23943.9,23871.0,23944.7,23887.1,2.4506851452995155,0.2024348339217132,0.8352515985543804,1.405059772032204,-0.1359858049866282,0.0014866599464802,11.166666666666666,1,0.2335279399499602,0.2024348339217132,2.4506851452995155
337,NIFTY26MAYFUT,2026-05-11 12:35:00+05:30,-1,True,2,True,True,False,False,False,-1.0,-1.0,-1.0,-0.4769144144143512,0.9774774774775802,3.66948198198188,STOP,STOP,D,True,2026-05-11,23938.0,24.27857142857153,40.900000000001455,22.12000000000044,23988.0,23940.0,23926.0,23976.9,-1.5996364923324595,0.4945109143897153,0.9110914974992786,1.6846131215063782,-0.3762326575409225,0.0006079137341463,12.583333333333334,1,0.0823771697558101,-0.4945109143897153,1.5996364923324595
338,NIFTY26MAYFUT,2026-05-11 12:40:00+05:30,1,False,0,False,False,False,False,True,-1.0,-1.0,-1.0,-0.5597092419522792,2.1079958463135795,2.177050882658388,STOP,STOP,D,False,2026-05-11,23985.0,25.371428571428883,55.0,26.900000000000727,23982.0,23931.0,23925.0,23971.0,0.55212407560041,2.3707955604506323,1.0602477477477634,2.167792792792766,0.7018686764404451,0.0002279272369429,12.666666666666666,0,0.1182432432432417,2.3707955604506323,0.55212407560041
339,NIFTY26MAYFUT,2026-05-11 14:45:00+05:30,-1,False,2,False,False,False,False,True,1.5,2.0,1.947104423164621,1.947104423164621,2.010943912448707,0.7022343821249453,TARGET,TIME,D,False,2026-05-11,23917.0,31.41428571428566,43.59999999999855,25.32000000000044,24043.0,23931.0,23965.0,23969.6,-1.6707230780937803,-1.5249068602489428,0.8060027285129757,1.387903592542021,0.8262272661907389,0.002248521569824,14.75,0,0.4456571168713059,1.5249068602489428,1.6707230780937803
340,NIFTY26MAYFUT,2026-05-11 15:00:00+05:30,-1,False,2,False,False,False,False,True,0.9348376698134946,0.9348376698134946,0.9348376698134946,0.9348376698134946,0.999309233248908,0.1289431268708268,TIME,TIME,D,False,2026-05-11,23872.0,29.84285714285709,51.5,30.040000000000145,24004.3,23905.2,23986.2,23944.1,-2.4087135344633395,-3.808492100925216,1.0066060315940708,1.7257060794638612,3.877344339549541,0.0043512471762219,15.0,0,1.1124940162757564,3.808492100925216,2.4087135344633395
341,NIFTY26MAYFUT,2026-05-12 09:15:00+05:30,-1,False,2,False,False,False,False,True,1.5,2.0,3.0,3.2460881934565347,3.8378378378378337,0.0,TARGET,TARGET,D,False,2026-05-12,23751.0,,65.90000000000146,,,,,,,,,,,-0.0091794801424227,9.25,0,,,
342,NIFTY26MAYFUT,2026-05-12 09:20:00+05:30,-1,False,3,False,False,False,False,True,1.5,2.0,2.146416251437305,2.146416251437305,2.251054043694913,0.0858566500575117,TARGET,TIME,D,False,2026-05-12,23700.0,,56.5,,,,,,,,,,,-0.0076621576751505,9.333333333333334,0,,,
343,NIFTY26MAYFUT,2026-05-12 09:25:00+05:30,-1,False,3,False,False,False,False,True,1.03897072534027,1.03897072534027,1.03897072534027,1.03897072534027,1.435763565168741,0.9972030579899448,TIME,TIME,D,False,2026-05-12,23664.0,,41.39999999999782,,,,,,,,,,,-0.0057638963939623,9.416666666666666,0,,,
344,NIFTY26MAYFUT,2026-05-12 11:00:00+05:30,-1,False,2,False,False,False,False,True,-1.0,-1.0,-1.0,1.878048780487859,2.7073170731707616,1.195121951219489,STOP,STOP,D,False,2026-05-12,23620.0,26.92142857142841,38.900000000001455,28.340000000000146,23703.2,23621.6,23700.0,23637.9,-0.6643943513592322,-2.961579754000266,1.052693022021768,1.444945608914894,-0.6978423251349598,0.0036950069303649,11.0,0,0.0594322101352607,2.961579754000266,0.6643943513592322
345,NIFTY26MAYFUT,2026-05-12 12:30:00+05:30,-1,False,1,False,False,False,False,True,-1.0,-1.0,-1.0,2.4474739374498484,2.7506014434642183,1.8561881849771595,STOP,STOP,D,False,2026-05-12,23553.2,24.800000000000832,47.70000000000073,26.220000000001164,23653.0,23578.1,23635.0,23581.5,-1.1397595709594432,-3.2869714816052293,1.0572580645161405,1.9233870967741584,3.1040160561787933,0.0035924519804226,12.5,0,1.0040322580643943,3.2869714816052293,1.1397595709594432
346,NIFTY26MAYFUT,2026-05-12 14:05:00+05:30,-1,False,3,False,False,False,False,True,-1.0,-1.0,-1.0,1.2168382798304205,4.464566929133769,1.6493034524529444,STOP,STOP,D,False,2026-05-12,23500.0,22.81428571428608,31.700000000000728,21.60000000000073,23607.0,23512.0,23590.0,23549.8,-2.1782268432092597,-3.929846206444163,0.9467752035065916,1.3894802755166034,0.4766965490745035,0.0038940809968848,14.083333333333334,0,0.5259862241703109,3.929846206444163,2.1782268432092597
347,NIFTY26MAYFUT,2026-05-13 10:55:00+05:30,-1,False,2,False,False,False,False,True,-1.0,-1.0,-1.0,-1.8396533044420829,0.1083423618634894,3.1419284940411947,STOP,STOP,D,False,2026-05-13,23415.0,44.56428571428556,70.09999999999854,42.52000000000044,23530.1,23418.3,23450.1,23525.0,-2.4568026123426865,-0.7864473069055189,0.954127263984626,1.5730084949510867,-0.2593373313915,0.0004272131349241,10.916666666666666,0,0.0740503285782817,0.7864473069055189,2.4568026123426865
348,NIFTY26MAYFUT,2026-05-13 11:35:00+05:30,1,False,1,False,False,False,False,True,-1.0,-1.0,-1.0,0.4405415294548284,2.80204903036949,1.8441273326015293,STOP,STOP,D,False,2026-05-13,23520.0,35.45714285714296,69.0,23.6,23519.9,23410.0,23415.0,23450.0,1.9801075204155905,2.974600983584047,0.6655922643029796,1.946011281224813,0.3167765960078161,-0.0012329066542806,11.583333333333334,0,0.0028203062046326,2.974600983584047,1.9801075204155905
349,NIFTY26MAYFUT,2026-05-13 11:40:00+05:30,1,True,2,True,True,False,False,False,-1.0,-1.0,-1.0,0.0233549582946605,2.345875810935979,2.361445783132514,STOP,STOP,D,True,2026-05-13,23538.5,39.0428571428573,41.900000000001455,32.48000000000029,23520.0,23410.0,23430.0,23457.0,2.094702413105129,2.7918664622757943,0.8319063300402528,1.0731796560556497,3.935738400213897,-0.0035708305854453,11.666666666666666,1,0.4738382729601151,2.7918664622757943,2.094702413105129
350,NIFTY26MAYFUT,2026-05-13 12:35:00+05:30,-1,False,2,True,False,False,True,False,1.5,-1.0,-1.0,-0.2848101265822752,1.639240506329072,4.1012658227847165,STOP,STOP,D,False,2026-05-13,23499.9,30.61428571428613,37.70000000000073,26.80000000000073,23560.0,23502.1,23415.0,23543.9,-1.434551537233428,2.783270466572733,0.8754083061129377,1.2314512365842347,0.1420512300441296,-0.0003119055371801,12.583333333333334,0,0.0718618758748456,-2.783270466572733,1.434551537233428
351,NIFTY26MAYFUT,2026-05-13 12:50:00+05:30,1,False,0,False,False,False,False,True,1.5,-1.0,-1.0,-1.7763632505834597,1.6456609378314546,2.5902821981752653,STOP,STOP,D,False,2026-05-13,23566.0,30.942857142857456,76.0,29.98000000000029,23560.0,23448.2,23450.0,23529.5,1.1814235590429445,3.767390195835258,0.9688827331486608,2.456140350877168,1.5585109933647383,-0.0012340685182264,12.833333333333334,0,0.1939058171745132,3.767390195835258,1.1814235590429445
352,NIFTY26MAYFUT,2026-05-13 15:00:00+05:30,-1,False,1,False,False,False,False,True,-0.8219118288957284,-0.8219118288957284,-0.8219118288957284,-0.8219118288957284,0.6966390222610036,0.8769096464426293,TIME,TIME,D,False,2026-05-13,23455.0,29.54285714285704,58.60000000000218,23.779999999999564,23559.9,23475.0,23540.1,23520.8,-2.221041878600296,-2.870147390045099,0.8049323017408004,1.983558994197373,2.728270620210236,0.0005318910106966,15.0,0,0.6769825918762113,2.870147390045099,2.221041878600296
353,NIFTY26MAYFUT,2026-05-14 09:15:00+05:30,1,False,1,False,False,False,False,True,1.5,-1.0,-1.0,-3.580262080262138,1.5221130221129873,3.5945945945946525,STOP,STOP,D,False,2026-05-14,23569.9,,65.0,,,,,,,,,,,-0.0186087497408251,9.25,0,,,
354,NIFTY26MAYFUT,2026-05-14 09:25:00+05:30,1,True,3,True,True,False,False,False,-1.0,-1.0,-1.0,-4.367323064924955,0.0272957691557809,4.850458178982298,STOP,STOP,D,True,2026-05-14,23607.0,,40.5,,,,,,,,,,,-0.0189176493344109,9.416666666666666,1,,,
355,NIFTY26MAYFUT,2026-05-14 10:45:00+05:30,-1,False,1,False,False,False,False,True,-1.0,-1.0,-1.0,-7.335329341317153,0.6622754491017976,7.899800399201388,STOP,STOP,D,False,2026-05-14,23456.9,35.06428571428686,54.09999999999855,33.580000000001746,23560.0,23469.0,,23512.5,-1.5819093864526974,,0.957669586473842,1.5428804237114582,,-0.0010854510789313,10.75,0,0.3450804644529926,,1.5819093864526974
356,NIFTY26MAYFUT,2026-05-14 11:25:00+05:30,1,True,3,True,True,False,False,False,1.5,2.0,3.0,3.6792452830188096,4.2641509433961415,0.0,TARGET,TARGET,D,True,2026-05-14,23594.0,39.75000000000078,68.40000000000146,40.52000000000044,23573.4,23431.3,23518.0,23441.0,3.874179493598057,1.918128279637024,1.019371069182381,1.7207547169811348,2.7545676950884257,-0.0114131335682265,11.416666666666666,1,0.5182389937106451,1.918128279637024,3.874179493598057
357,NIFTY26MAYFUT,2026-05-14 14:45:00+05:30,-1,True,2,True,True,False,False,False,-1.0,-1.0,-1.0,-1.144414168937307,1.210304681694354,1.144414168937307,STOP,STOP,D,True,2026-05-14,23709.2,28.65714285714343,38.0,27.079999999999565,23797.3,23727.0,23750.0,23755.6,-1.6159800247003853,-1.4212829973237269,0.944965104685908,1.3260219341973811,0.6615357090434996,0.0012400721496523,14.75,1,0.6211365902292743,1.4212829973237269,1.6159800247003853
358,NIFTY26MAYFUT,2026-05-14 15:05:00+05:30,-1,False,1,False,False,False,False,True,-1.0,-1.0,-1.0,-2.154375614552646,0.0,2.154375614552646,STOP,STOP,D,False,2026-05-14,23682.0,27.86428571428613,36.5,27.8,23797.3,23690.0,23725.0,23733.3,-1.837086891605076,-1.5403971152191287,0.997692899256586,1.3099205331965966,1.781517136580924,-0.0002326748151325,15.083333333333334,0,0.287105870289665,1.5403971152191287,1.837086891605076
359,NIFTY26MAYFUT,2026-05-15 11:00:00+05:30,-1,False,0,False,False,False,False,True,1.5,2.0,3.0,0.31215161649944,3.873801560758005,0.31215161649944,TARGET,TARGET,D,False,2026-05-15,23780.0,30.60714285714312,55.0,28.920000000000435,23849.0,23782.1,23780.0,23809.1,-0.9495964220694786,0.0,0.9448774795799362,1.7969661610268226,-0.993890000805848,0.0003518610148991,11.0,0,0.0686114352391584,-0.0,0.9495964220694786
360,NIFTY26MAYFUT,2026-05-15 11:05:00+05:30,-1,False,1,True,False,False,True,False,1.5,2.0,-1.0,-1.5286012526095707,2.384968684759856,1.6513569937369397,TARGET,STOP,D,False,2026-05-15,23740.0,32.03571428571455,55.0,33.14000000000014,23849.0,23780.0,23797.0,23818.0,-2.426809099438852,-1.7750024138114835,1.0344704570791488,1.7168338907469205,2.0601332337196707,-0.0008280905916451,11.083333333333334,0,1.24860646599776,1.7750024138114835,2.426809099438852
361,NIFTY26MAYFUT,2026-05-15 13:35:00+05:30,-1,False,2,True,False,False,True,False,1.5,2.0,3.0,4.42519219396807,6.482554701360149,0.6664695446480684,TARGET,TARGET,D,False,2026-05-15,23750.0,23.27857142857179,43.20000000000073,21.5,23801.4,23763.0,23715.0,23798.0,-2.0578232340672207,1.5057476863724764,0.9235961951518727,1.8557839828168172,0.8773820511027017,-0.0022528584755042,13.583333333333334,0,0.5584535133476439,-1.5057476863724764,2.0578232340672207
362,NIFTY26MAYFUT,2026-05-15 13:45:00+05:30,-1,True,3,True,True,False,False,False,1.5,2.0,3.0,1.7184387617765269,4.4581426648721125,0.9948855989233388,TARGET,TARGET,D,True,2026-05-15,23703.6,23.56428571428582,63.0,24.81999999999971,23798.4,23734.9,23751.0,23791.9,-3.733288974436572,-2.0075042433083032,1.053288875416776,2.6735374355865296,2.490997101651222,-0.0002472443327539,13.75,1,1.3282812973629547,2.0075042433083032,3.733288974436572
363,NIFTY26MAYFUT,2026-05-15 14:45:00+05:30,-1,False,3,False,False,False,False,True,-1.0,-1.0,-1.0,-1.4887998113651884,0.9111058712568464,2.215043621787255,STOP,STOP,D,False,2026-05-15,23613.4,28.078571428571585,74.20000000000073,22.72000000000044,23730.0,23676.1,23781.0,23704.6,-3.2355321743738776,-5.926897507721936,0.8091579750699678,2.64258458407531,10.289833085624924,0.000739076450068,14.75,0,2.2330195878910057,5.926897507721936,3.2355321743738776
364,NIFTY26MAYFUT,2026-05-18 09:15:00+05:30,-1,False,2,False,False,False,False,True,1.5,-0.6805555555555521,-0.6805555555555521,-0.6805555555555521,1.7869444444444638,0.7272222222222469,TIME,TIME,D,False,2026-05-18,23426.0,,110.70000000000071,,,,,,,,,,,-0.0302404414084569,9.25,0,,,
365,NIFTY26MAYFUT,2026-05-18 10:30:00+05:30,1,True,2,True,True,False,False,False,-1.0,-1.0,-1.0,2.508461079036381,3.762691618554572,1.2737407923551607,STOP,STOP,D,True,2026-05-18,23435.0,32.9214285714292,70.40000000000146,26.76000000000131,23415.0,23342.1,,23375.0,1.8271992834294637,,0.8128444348014997,2.13842482100239,,-0.002308529006838,10.5,1,0.607507051421121,,1.8271992834294637
366,NIFTY26MAYFUT,2026-05-18 11:20:00+05:30,1,False,2,False,False,False,False,True,-1.0,-1.0,-1.0,3.239109390125779,3.8760890609873337,1.8160696999031565,STOP,STOP,D,False,2026-05-18,23525.0,33.57857142857237,68.39999999999782,27.38000000000029,23495.0,23364.6,23402.0,23469.0,1.6717096853467217,3.682303265032693,0.8154009785151954,2.0370134014038346,3.058310964526443,-0.0083253306602492,11.333333333333334,0,0.8934269304403069,3.682303265032693,1.6717096853467217
367,NIFTY26MAYFUT,2026-05-18 12:30:00+05:30,1,True,3,True,True,False,False,False,1.5,2.0,0.7231638418078705,0.7231638418078705,2.3022598870056563,0.6553672316384405,TARGET,TIME,D,True,2026-05-18,23587.6,37.59285714285683,37.70000000000073,28.68000000000029,23570.0,23458.0,23444.1,23491.0,2.580203984638923,3.840579468944235,0.7629108873266339,1.0028500855025928,5.699839766994555,-0.0069527960062025,12.5,1,0.4681740452213218,3.840579468944235,2.580203984638923
368,NIFTY26MAYFUT,2026-05-18 12:55:00+05:30,1,False,1,False,False,False,False,True,-1.0,-1.0,-1.0,-1.857711209922798,0.927217411654553,1.9560028083314105,STOP,STOP,D,False,2026-05-18,23640.0,29.83571428571434,59.0,28.65999999999985,23608.0,23472.0,23493.6,23587.6,1.7601860113944097,4.937448049462565,0.9605937275556554,1.9774958103902287,1.6388701310109928,-0.0003543572310292,12.916666666666666,0,1.0725401005506323,4.937448049462565,1.7601860113944097
369,NIFTY26MAYFUT,2026-05-18 15:00:00+05:30,1,False,0,False,False,False,False,True,-1.0,-1.0,-1.0,-0.2095024317246531,0.5394687616909436,1.3617658062102451,STOP,STOP,D,False,2026-05-18,23662.1,31.035714285714544,131.70000000000073,27.440000000000147,23634.6,23576.4,23629.5,23583.0,2.557225184199906,1.0518519304205605,0.884142692750285,4.243498273878009,33.11045233552279,-0.0032405545643016,15.0,0,0.8860759493670812,1.0518519304205605,2.557225184199906
370,NIFTY26MAYFUT,2026-05-19 09:15:00+05:30,1,False,2,False,False,False,False,True,-1.0,-1.0,-1.0,1.037292590767168,1.313290619352676,1.950386068670991,STOP,STOP,D,False,2026-05-19,23719.0,,62.0,,,,,,,,,,,-0.0295034339099586,9.25,0,,,
371,NIFTY26MAYFUT,2026-05-19 13:35:00+05:30,-1,False,0,False,False,False,False,True,-1.0,-1.0,-1.0,3.9017081210668176,5.055439017081199,1.6613724902606484,STOP,STOP,D,False,2026-05-19,23701.6,21.6928571428572,55.0,23.639999999999414,23748.6,23705.0,23743.1,23710.0,-0.3870870482939679,-1.909728297376418,1.089759631214985,2.5353967731313736,3.5599498107745635,0.0016428671848325,13.583333333333334,0,0.1567336187027338,1.909728297376418,0.3870870482939679
372,NIFTY26MAYFUT,2026-05-19 14:40:00+05:30,-1,True,3,True,True,False,False,False,1.5,2.0,1.6297039638735995,1.6297039638735995,2.63070747616662,0.4495735072754361,TARGET,TIME,D,True,2026-05-19,23655.8,26.578571428571585,43.0,22.059999999999853,23736.6,23670.9,23710.0,23728.9,-2.741863159325222,-2.0345751602353355,0.8299919376511586,1.617844665412514,2.5056317796839576,0.0004062702380904,14.666666666666666,1,0.5681268476216859,2.0345751602353355,2.741863159325222
373,NIFTY26MAYFUT,2026-05-19 14:45:00+05:30,-1,True,3,True,True,False,False,False,1.5,2.0,1.6165413533834525,1.6165413533834525,2.68796992481202,0.6090225563910024,TARGET,TIME,D,True,2026-05-19,23647.9,28.471428571428728,28.799999999999272,26.340000000000146,23736.6,23650.0,23723.0,23706.0,-2.0356409269107507,-2.62938178283176,0.925137982940291,1.0115403913697631,3.379446047333273,0.0005189016982969,14.75,1,0.0737581535373293,2.62938178283176,2.0356409269107507
374,NIFTY26MAYFUT,2026-05-19 15:15:00+05:30,-1,False,3,False,False,False,False,True,-0.3347662547018339,-0.3347662547018339,-0.3347662547018339,-0.3347662547018339,0.4777001612035529,0.6055883933370084,TIME,TIME,D,False,2026-05-19,23604.0,24.74999999999974,43.59999999999855,25.139999999999414,23722.8,23605.6,23701.6,23656.0,-2.0963917156003977,-3.9271958113555376,1.015757575757563,1.7616161616161212,6.419044697086338,0.0038752522531939,15.25,0,0.0646464646464065,3.9271958113555376,2.0963917156003977
375,NIFTY26MAYFUT,2026-05-20 09:15:00+05:30,-1,False,2,False,False,False,False,True,-1.0,-1.0,-1.0,-2.2676579925650646,0.3717472118959122,3.2218091697645725,STOP,STOP,D,False,2026-05-20,23447.0,,69.40000000000146,,,,,,,,,,,-0.0160449708893796,9.25,0,,,
376,NIFTY26MAYFUT,2026-05-20 10:30:00+05:30,1,False,1,False,False,False,False,True,-1.0,-1.0,-1.0,0.0568475452196567,2.10077519379842,1.9664082687338016,STOP,STOP,D,False,2026-05-20,23560.0,36.53571428571455,52.79999999999927,35.600000000000726,23536.0,23455.1,,23493.0,1.8390519935661012,,0.9743890518084196,1.4451612903225504,,-0.0002004606503925,10.5,0,0.6568914956011683,,1.8390519935661012
377,NIFTY26MAYFUT,2026-05-20 11:20:00+05:30,1,False,1,False,False,False,False,True,1.5,0.3845518380834092,0.3845518380834092,0.3845518380834092,1.992152003304324,0.5406856670797312,TIME,TIME,D,False,2026-05-20,23576.0,32.778571428571794,52.400000000001455,21.940000000000147,23575.0,23490.2,23514.4,23536.5,1.2070779454547451,1.8841996177217275,0.669339725430374,1.5986053606450472,2.1094517126629677,0.0032184546516471,11.333333333333334,0,0.0305077358901718,1.8841996177217275,1.2070779454547451
378,NIFTY26MAYFUT,2026-05-20 11:45:00+05:30,1,False,3,False,False,False,False,True,-1.0,-1.0,-1.0,-2.85714285714281,0.2507936507936928,2.952380952380904,STOP,STOP,D,False,2026-05-20,23635.0,28.81428571428634,57.59999999999855,29.780000000001017,23604.7,23525.8,23493.0,23576.0,2.0527196384177997,4.957898302009951,1.0335151214675389,1.9990084283588552,3.85489795702989,-0.0001750629005072,11.75,0,1.0515617253346077,4.957898302009951,2.0527196384177997
379,NIFTY26MAYFUT,2026-05-20 13:15:00+05:30,-1,False,2,True,False,False,True,False,-1.0,-1.0,-1.0,-4.522072936660232,0.7754318618042491,5.082533589251346,STOP,STOP,D,False,2026-05-20,23565.9,25.121428571428623,36.79999999999927,20.62000000000044,23615.0,23570.0,23590.0,23599.0,-1.315752159008995,-0.9583602662438374,0.8208131930622847,1.464884845038353,0.0660799794002638,-0.0005244861864974,13.25,0,0.1632072789308487,0.9583602662438374,1.315752159008995
380,NIFTY26MAYFUT,2026-05-20 13:25:00+05:30,-1,True,2,True,True,False,False,False,-1.0,-1.0,-1.0,-4.722323049001753,0.0580762250453191,5.430127041742224,STOP,STOP,D,True,2026-05-20,23545.0,26.407142857142908,47.900000000001455,26.4,23615.0,23555.0,23635.0,23592.0,-1.776275715199121,-3.39519077870274,0.9997295104138472,1.8139031647282096,0.5336730569563839,0.0006545966099213,13.416666666666666,1,0.3786854206113057,3.39519077870274,1.776275715199121
381,NIFTY26MAYFUT,2026-05-20 14:05:00+05:30,1,True,3,False,False,True,False,False,1.2416851441241683,1.2416851441241683,1.2416851441241683,1.2416851441241683,1.3968957871396894,0.4873614190687587,TIME,TIME,D,True,2026-05-20,23659.0,29.992857142857247,49.0,26.5,23639.9,23542.0,23579.8,23583.5,2.525324767989157,2.649498083659585,0.8835437008811591,1.6337223148368605,4.867233188125416,0.0005327368849126,14.083333333333334,1,0.6368182900690134,2.649498083659585,2.525324767989157
382,NIFTY26MAYFUT,2026-05-20 14:20:00+05:30,1,False,2,False,False,False,False,True,-1.0,-1.0,-1.0,0.4392386530014654,0.5856515373352872,1.1127379209370458,STOP,STOP,D,False,2026-05-20,23684.0,31.621428571428623,55.29999999999927,30.920000000000435,23664.9,23543.4,23593.0,23615.0,2.1884403163637245,2.888895222824301,0.9778179353964432,1.7488140953241214,1.758565551386374,-0.0010484224898814,14.333333333333334,0,0.6040207815676061,2.888895222824301,2.1884403163637245
383,NIFTY26MAYFUT,2026-05-21 10:35:00+05:30,-1,True,2,False,False,True,False,False,-1.0,-1.0,-1.0,1.2949852507375,3.342182890855528,1.1799410029498472,STOP,STOP,D,True,2026-05-21,23723.6,33.400000000000155,42.0,23.9,23807.9,23736.7,,23760.0,-1.088150769168781,,0.7155688622754457,1.257485029940114,,0.0027328436988371,10.583333333333334,1,0.392215568862339,,1.088150769168781
384,NIFTY26MAYFUT,2026-05-21 11:15:00+05:30,-1,False,3,False,False,False,False,True,-1.0,-1.0,-1.0,1.9951391957578184,2.768448961555422,2.647812638090951,STOP,STOP,D,False,2026-05-21,23661.3,30.321428571428832,66.40000000000146,28.940000000000147,23780.0,23677.0,23764.9,23739.9,-2.583643594344184,-3.4018307874455886,0.9544405182567692,2.189870435806861,5.274035179236595,0.0060956937007026,11.25,0,0.5177856301531408,3.4018307874455886,2.583643594344184
385,NIFTY26MAYFUT,2026-05-21 12:25:00+05:30,-1,True,3,True,True,False,False,False,1.5,2.0,-1.0,0.1126307320997568,2.0836685438455014,1.2896218825421952,TARGET,STOP,D,True,2026-05-21,23633.1,34.61428571428639,79.0,34.000000000000725,23734.0,23662.1,23731.0,23718.0,-2.443964785778948,-2.8166440757358626,0.9822534048699976,2.2822946760214164,5.43591182343,0.0068401959227546,12.416666666666666,1,0.837804374742039,2.8166440757358626,2.443964785778948
386,NIFTY26MAYFUT,2026-05-21 13:40:00+05:30,1,True,2,False,False,True,False,False,-1.0,-1.0,-1.0,-1.0077878341402056,0.3477162702588725,1.7503683435066784,STOP,STOP,D,True,2026-05-21,23664.2,33.02857142857128,42.09999999999855,28.6,23649.9,23550.0,23718.0,23605.5,1.7816686356670393,-1.6251978845435808,0.865916955017305,1.2746539792387162,0.078624189201671,0.0073575273622945,13.666666666666666,1,0.4329584775086305,-1.6251978845435808,1.7816686356670393
387,NIFTY26MAYFUT,2026-05-22 09:15:00+05:30,1,False,2,False,False,False,False,True,1.5,2.0,3.0,2.736423220973778,3.729400749063641,0.0,TARGET,TARGET,D,False,2026-05-22,23705.0,,49.900000000001455,,,,,,,,,,,-0.1451951675712139,9.25,0,,,
388,NIFTY26MAYFUT,2026-05-22 09:20:00+05:30,1,True,3,True,True,False,False,False,1.5,0.9292035398230012,0.9292035398230012,0.9292035398230012,1.8769911504424173,0.811504424778777,TIME,TIME,D,True,2026-05-22,23752.3,,59.900000000001455,,,,,,,,,,,-0.1449661653703426,9.333333333333334,1,,,
389,NIFTY26MAYFUT,2026-05-22 10:40:00+05:30,1,False,1,True,False,False,True,False,-1.0,-1.0,-1.0,-1.008853910477106,1.0777176586325417,2.141662567634071,STOP,STOP,D,False,2026-05-22,23813.0,29.19999999999995,34.79999999999927,25.81999999999971,23810.0,23744.5,,23768.2,1.5371384328064444,,0.8842465753424573,1.1917808219177854,,-0.0172466381390675,10.666666666666666,0,0.1027397260273974,,1.5371384328064444
390,NIFTY26MAYFUT,2026-05-25 09:15:00+05:30,1,True,3,True,True,False,False,False,0.1888983774551978,0.1888983774551978,0.1888983774551978,0.1888983774551978,0.729291204099047,0.8105892399657738,TIME,TIME,D,True,2026-05-25,23979.8,,80.0,,,,,,,,,,,-0.2152506510416666,9.25,1,,,
391,NIFTY26MAYFUT,2026-05-25 12:45:00+05:30,-1,False,2,False,False,False,False,True,-1.0,-1.0,-1.0,-2.965195246179809,0.3505942275043276,3.434634974533032,STOP,STOP,D,False,2026-05-25,23947.0,15.985714285714494,34.70000000000073,13.38000000000029,24008.0,23960.6,23986.7,23975.0,-1.7495182742672626,-2.479357034813109,0.8369973190348599,2.170688114387864,2.2724907277579542,0.0019615097752485,12.75,0,0.8507596067916763,2.479357034813109,1.7495182742672626
392,NIFTY26MAYFUT,2026-05-25 14:25:00+05:30,1,False,1,False,False,False,False,True,1.5,2.0,3.0,7.395886889460066,7.683804627249223,0.4018851756641372,TARGET,TARGET,D,False,2026-05-25,23995.8,16.178571428571427,22.0,15.540000000000145,23994.0,23967.8,23947.0,23990.0,0.3585855695943223,3.0224823305993223,0.9605298013245124,1.359823399558499,0.4551987014277614,0.0041526678100698,14.416666666666666,0,0.1112582781456504,3.0224823305993223,0.3585855695943223
393,NIFTY26MAYFUT,2026-05-25 14:35:00+05:30,1,True,3,True,True,False,False,False,1.5,2.0,3.0,6.105440742302855,6.388865457612805,0.1180936313791638,TARGET,TARGET,D,True,2026-05-25,24015.1,16.72857142857148,22.90000000000145,15.540000000000145,24001.0,23967.8,23961.0,23971.5,2.611059827966389,3.2412898579034954,0.9289496157130716,1.368915456874549,3.1296038334356977,0.0037650867377458,14.583333333333334,1,0.8428693424422673,3.2412898579034954,2.611059827966389
394,NIFTY26MAYFUT,2026-05-25 14:40:00+05:30,1,True,3,True,True,False,False,False,1.5,2.0,3.0,4.811783960720031,5.086743044189705,0.2176759410801501,TARGET,TARGET,D,True,2026-05-25,24030.0,16.935714285714443,22.30000000000291,17.020000000000437,24020.0,23967.8,23986.9,23971.1,3.486402976172004,2.549490500314337,1.00497680303671,1.3167439898778484,3.0501376263329667,0.002220516636298,14.666666666666666,1,0.5904681568958191,2.549490500314337,3.486402976172004
395,NIFTY26MAYFUT,2026-05-25 15:10:00+05:30,1,False,1,False,False,False,False,True,1.5,2.0,3.0,2.97471451876006,3.2487765089720853,0.964926590538402,TARGET,TARGET,D,False,2026-05-25,24062.0,17.02857142857179,24.700000000000728,15.5,24056.3,23970.0,23993.0,24044.0,1.0578383143208534,4.063666360182588,0.9102348993288396,1.4505033557047098,1.7871403541151871,-0.0026087516012236,15.166666666666666,0,0.3347315436241966,4.063666360182588,1.0578383143208534
396,NIFTY26MAYFUT,2026-05-25 15:20:00+05:30,1,False,1,False,False,False,False,True,1.5,2.0,2.3517350157727366,2.3517350157727366,2.616719242902028,0.2429022082019675,TARGET,TIME,D,False,2026-05-25,24075.0,17.29285714285756,27.0,16.020000000000437,24064.8,23985.0,23976.1,24051.1,1.3834469140433543,5.742715379716081,0.9263940520446126,1.5613382899627877,3.096371544998363,-0.0103970307578826,15.333333333333334,0,0.5898389095415396,5.742715379716081,1.3834469140433543
397,NIFTY26MAYFUT,2026-05-26 11:20:00+05:30,-1,False,2,True,False,False,True,False,-1.0,-1.0,-1.0,3.5519871537535743,3.889201124046632,1.731031714170985,STOP,STOP,D,False,2026-05-26,24041.2,17.035714285714285,25.799999999999272,14.3,24084.0,24046.0,24065.0,24065.5,-1.424974779914631,-1.395683308788537,0.839412997903564,1.514465408804989,-0.0154086746945637,-0.0094997139611148,11.333333333333334,0,0.2817610062892655,1.395683308788537,1.424974779914631
398,NIFTY26MAYFUT,2026-05-26 14:50:00+05:30,-1,False,3,False,False,False,False,True,-1.0,-1.0,-1.0,-1.0906051487796435,0.2293547308593136,1.731862253426956,STOP,STOP,D,False,2026-05-26,23888.0,21.899999999999896,26.0,20.01999999999971,23941.7,23899.4,23972.0,23921.0,-1.504770554674,-3.8221761004276735,0.9141552511415436,1.1872146118721518,1.955861843564206,-0.0406579656245111,14.833333333333334,0,0.5205479452055484,3.8221761004276735,1.504770554674
399,NIFTY26SEPFUT,2026-09-01 10:50:00+05:30,1,True,2,False,False,True,False,False,1.5,2.0,3.0,2.0640269587194164,4.959561920808569,0.6486941870261024,TARGET,TARGET,V,True,2026-09-01,24212.0,17.27142857142878,24.5,13.9,24198.9,24151.2,,24189.3,1.3155427358002716,,0.8047973531844403,1.4185277088502726,,0.0007959104969927,10.833333333333334,1,0.7584780810586329,,1.3155427358002716
400,NIFTY26SEPFUT,2026-09-01 11:05:00+05:30,1,False,2,False,False,False,False,True,1.5,2.0,3.0,1.2654067378800065,3.917009038619391,0.0,TARGET,TARGET,V,False,2026-09-01,24233.0,16.121428571428883,33.400000000001455,16.91999999999971,24220.0,24163.8,24205.0,24181.6,3.1950800602132565,1.7388279132871822,1.0495347806822837,2.0717766947275646,1.6290523858747912,-0.0007424666300218,11.083333333333334,0,0.8063801506424302,1.7388279132871822,3.1950800602132565
401,NIFTY26SEPFUT,2026-09-01 12:20:00+05:30,-1,True,2,True,True,False,False,False,-1.0,-1.0,-1.0,9.345299145299045,9.441025641025451,1.005128205128146,STOP,STOP,V,True,2026-09-01,24248.2,16.571428571428832,22.700000000000728,14.680000000000293,24296.1,24251.0,24181.6,24263.8,-0.9407740664323284,4.030034392065572,0.8858620689655209,1.369827586206919,-0.0288720211158725,-0.0045852283962823,12.333333333333334,1,0.1689655172413327,-4.030034392065572,0.9407740664323284
402,NIFTY26SEPFUT,2026-09-01 13:00:00+05:30,-1,False,3,False,False,False,False,True,1.5,2.0,3.0,7.533362031855264,9.341368919500528,0.3254412397762351,TARGET,TARGET,V,False,2026-09-01,24218.1,15.485714285714494,28.0,13.38000000000029,24284.1,24231.1,24263.0,24250.0,-2.0572532925020024,-2.8940809111653176,0.8640221402214093,1.8081180811807875,1.1876850782996204,0.0015349162415652,13.0,0,0.8394833948339371,2.8940809111653176,2.0572532925020024
403,NIFTY26SEPFUT,2026-09-01 13:10:00+05:30,-1,False,3,False,False,False,False,True,1.5,2.0,3.0,5.336248012718635,6.910969793322715,0.5953895071542483,TARGET,TARGET,V,False,2026-09-01,24188.1,16.964285714285975,29.5,17.00000000000073,24265.0,24210.0,24276.6,24250.0,-3.639528153662538,-5.19782418157043,1.0021052631579224,1.738947368421026,3.3642112145683862,0.0032598083828372,13.166666666666666,0,1.2909473684211186,5.19782418157043,3.639528153662538
404,NIFTY26SEPFUT,2026-09-01 13:35:00+05:30,-1,False,2,False,False,False,False,True,1.5,2.0,3.0,4.537969624300334,5.433253397281919,0.0503597122302956,TARGET,TARGET,V,False,2026-09-01,24162.0,17.09285714285761,31.90000000000145,17.80000000000073,24264.7,24176.5,24263.8,24188.1,-1.525305966099458,-5.9307166791597385,1.041370664437958,1.866276640200619,2.288037699197022,0.003319313871021,13.583333333333334,0,0.8483075637275155,5.9307166791597385,1.525305966099458
405,NIFTY26SEPFUT,2026-09-01 13:50:00+05:30,-1,False,3,False,False,False,False,True,-1.0,-1.0,-1.0,0.3411016949153121,2.175141242937764,1.2507062146891783,STOP,STOP,V,False,2026-09-01,24112.5,17.807142857143585,43.900000000001455,18.80000000000073,24243.6,24142.0,24260.8,24185.0,-4.059194978936489,-8.27721109510868,1.055756117127956,2.465302847974309,5.935088513257101,0.0095909848033066,13.833333333333334,0,1.6566385880464625,8.27721109510868,4.059194978936489
406,NIFTY26SEPFUT,2026-09-02 09:15:00+05:30,-1,False,1,False,False,False,False,True,-1.0,-1.0,-1.0,-0.6388953896559696,1.146735314767125,1.752866838286891,STOP,STOP,V,False,2026-09-02,23975.7,,47.59999999999855,,,,,,,,,,,-0.0081367485808694,9.25,0,,,
407,NIFTY26SEPFUT,2026-09-02 10:20:00+05:30,1,True,2,True,True,False,False,False,-1.0,-1.0,-1.0,-1.9815583218073347,0.6164130935914709,2.1622867680959,STOP,STOP,V,True,2026-09-02,24010.0,,35.900000000001455,18.08000000000029,23989.8,23954.2,,23974.7,,,,,,0.0066151713210536,10.333333333333334,1,,,
408,NIFTY26SEPFUT,2026-09-02 12:10:00+05:30,1,False,0,False,False,False,False,True,-1.0,-1.0,-1.0,1.863615133115348,3.021018215787032,1.6870621205043723,STOP,STOP,V,False,2026-09-02,23980.9,14.921428571428676,35.0,14.360000000000582,23980.0,23942.4,24011.0,23954.1,1.798084136693317,-2.0147043383796137,0.9623743417903626,2.345619913834354,11.73625200761597,0.0117248872456676,12.166666666666666,0,0.0603159406415523,-2.0147043383796137,1.798084136693317
409,NIFTY26SEPFUT,2026-09-03 09:15:00+05:30,1,False,0,False,False,False,False,True,1.5,2.0,-0.4805914972273465,-0.4805914972273465,2.107208872458365,0.7726432532347879,TARGET,TIME,V,False,2026-09-03,24091.7,,40.0,,,,,,,,,,,-0.0115510010348824,9.25,0,,,
410,NIFTY26SEPFUT,2026-09-03 10:25:00+05:30,-1,False,2,True,False,False,True,False,1.5,2.0,3.0,3.299435028248631,3.960451977401207,0.3728813559321168,TARGET,TARGET,V,False,2026-09-03,24106.7,25.11428571428613,26.399999999997817,13.140000000000146,24148.0,24110.0,,24134.1,-1.089773862566308,,0.523208191126277,1.0511945392490425,,0.0008327807773673,10.416666666666666,0,0.1313993174061122,,1.089773862566308
411,NIFTY26SEPFUT,2026-09-03 10:35:00+05:30,-1,True,2,True,True,False,False,False,1.5,2.0,3.0,3.487522281639997,4.005347593582908,0.6114081996434444,TARGET,TARGET,V,True,2026-09-03,24088.9,16.514285714286025,17.599999999998545,15.839999999999415,24148.0,24100.0,,24129.0,-2.4241652638118523,,0.959169550172957,1.06574394463657,,0.0010459136351617,10.583333333333334,1,0.6721453287196224,,2.4241652638118523
412,NIFTY26SEPFUT,2026-09-03 12:15:00+05:30,-1,True,3,True,True,False,False,False,-1.0,-1.0,-1.0,-0.2396348421452977,1.2407759604411697,1.384556865728387,STOP,STOP,V,True,2026-09-03,24033.0,18.471428571428987,24.299999999999272,17.80000000000073,24098.7,24040.0,24088.9,24073.8,-2.205073228129661,-3.019272703886751,0.9636504253673804,1.3155452436194206,2.384224102640825,0.002267261839272,12.25,1,0.3789636504253588,3.019272703886751,2.205073228129661
413,NIFTY26SEPFUT,2026-09-03 14:55:00+05:30,-1,True,2,True,True,False,False,False,-1.0,-1.0,-1.0,2.385285575992321,2.636011616650649,1.1519845111326317,STOP,STOP,V,True,2026-09-03,24011.0,14.550000000000052,25.899999999997817,11.859999999999127,24045.9,24020.7,24040.3,24040.0,-1.990722793053877,-2.011291377809887,0.8151202749140264,1.7800687285221803,4.339278488293631,0.0077541509783347,14.916666666666666,1,0.6666666666667143,2.011291377809887,1.990722793053877
414,NIFTY26SEPFUT,2026-09-04 09:15:00+05:30,1,False,0,False,False,False,False,True,-1.0,-1.0,-1.0,2.0181879420680167,2.319973054900691,1.0751094644661237,STOP,STOP,V,False,2026-09-04,24049.1,,25.0,,,,,,,,,,,-0.0059479186090318,9.25,0,,,
415,NIFTY26SEPFUT,2026-09-04 12:00:00+05:30,-1,False,1,False,False,False,False,True,1.5,2.0,3.0,2.014725568942319,3.701472556894028,0.0468540829986585,TARGET,TARGET,V,False,2026-09-04,24076.0,8.807142857143324,32.400000000001455,8.28000000000029,24120.0,24081.3,24078.6,24115.5,-4.477649742621968,-0.2951830457331457,0.940145985401443,3.6788321167882914,0.7056768535361585,-0.0023796343282435,12.0,0,0.6017842660177282,0.2951830457331457,4.477649742621968
416,NIFTY26SEPFUT,2026-09-04 13:10:00+05:30,1,False,1,False,False,False,False,True,-1.0,-1.0,-1.0,-0.8972602739724966,0.8835616438357098,1.698630136986239,STOP,STOP,V,False,2026-09-04,24077.3,15.785714285714546,16.799999999999272,14.6,24076.0,24050.0,24109.0,24065.5,0.7478778383016085,-2.0055043637596426,0.924886877828039,1.0642533936650946,-0.1971211265779575,0.0003153931067374,13.166666666666666,0,0.0823529411764231,-2.0055043637596426,0.7478778383016085
417,NIFTY26SEPFUT,2026-09-04 14:25:00+05:30,1,True,3,True,True,False,False,False,-1.0,-1.0,-1.0,-3.075144508670537,0.0147136100893864,4.0756699947450725,STOP,STOP,V,True,2026-09-04,24087.9,13.235714285713971,18.099999999998545,13.080000000000291,24078.0,24056.9,24065.5,24067.0,1.5804322529989934,1.6939659832628369,0.9882352941176924,1.36751214247159,0.7702861549550327,0.0004109978413011,14.416666666666666,1,0.7479762547222,1.6939659832628369,1.5804322529989934
418,NIFTY26SEPFUT,2026-09-04 15:20:00+05:30,-1,False,1,False,False,False,False,True,-1.0,-1.0,-1.0,-0.4932432432431837,0.4256756756756175,1.1756756756755034,STOP,STOP,V,False,2026-09-04,24040.6,14.242857142857506,21.599999999998545,13.640000000000873,24090.0,24052.3,24068.0,24064.9,-1.7043955689316448,-1.9215812136425947,0.9576730190572084,1.5165496489466996,3.656334990984939,0.0009593835385135,15.333333333333334,0,0.8214643931795688,1.9215812136425947,1.7043955689316448
419,NIFTY26SEPFUT,2026-09-04 15:25:00+05:30,-1,False,1,False,False,False,False,True,-0.8559518295507593,-0.8559518295507593,-0.8559518295507593,-0.8559518295507593,0.0,0.9467345993516868,TIME,TIME,V,False,2026-09-04,24034.4,14.800000000000312,23.69999999999709,15.120000000000436,24082.7,24040.0,24074.6,24057.5,-1.5593121210162957,-2.711680652099004,1.0216216216216296,1.601351351351121,3.599910500615213,0.0014661012070387,15.416666666666666,0,0.3783783783782721,2.711680652099004,1.5593121210162957
420,NIFTY26SEPFUT,2026-09-07 09:15:00+05:30,-1,False,1,False,False,False,False,True,1.5,2.0,2.023471278566967,2.023471278566967,2.330450895614619,0.1642989499690838,TARGET,TIME,V,False,2026-09-07,23953.9,,74.79999999999927,,,,,,,,,,,-0.0063508134103408,9.25,0,,,
421,NIFTY26SEPFUT,2026-09-07 10:15:00+05:30,-1,False,2,False,False,False,False,True,0.1759656652359886,0.1759656652359886,0.1759656652359886,0.1759656652359886,1.0772532188840551,0.8540772532189447,TIME,TIME,V,False,2026-09-07,23900.1,,21.700000000000728,14.980000000000292,23955.0,23916.8,,23930.0,,,,,,0.0027713431649121,10.25,0,,,
422,NIFTY26SEPFUT,2026-09-07 11:00:00+05:30,-1,False,3,False,False,False,False,True,-1.0,-1.0,-1.0,0.235877106045683,0.7908820614470525,2.0743310208124672,STOP,STOP,V,False,2026-09-07,23886.4,14.485714285714751,19.200000000000728,13.180000000000293,23932.4,23897.3,23937.0,23913.4,-1.8618008382614055,-3.4857126518581785,0.9098619329388468,1.325443786982256,0.2222723352073588,0.0022014476416043,11.0,0,0.7524654832345391,3.4857126518581785,1.8618008382614055
423,NIFTY26SEPFUT,2026-09-07 12:50:00+05:30,-1,False,2,False,False,False,False,True,-1.0,-1.0,-1.0,-2.650334075723745,0.0623608017816784,4.638084632516553,STOP,STOP,V,False,2026-09-07,23865.0,12.86428571428613,17.900000000001455,11.999999999999272,23916.3,23873.4,23888.0,23883.0,-1.3981680961203875,-1.7861741802295592,0.932815102720624,1.391449194891795,3.794752758965474,0.0060987738649713,12.833333333333334,0,0.6529705719045895,1.7861741802295592,1.3981680961203875
424,NIFTY26SEPFUT,2026-09-07 13:50:00+05:30,1,False,3,False,False,False,False,True,-1.0,-1.0,-1.0,-4.02184598580003,0.8334243582742851,4.350628072091621,STOP,STOP,V,False,2026-09-07,23912.6,12.471428571428469,20.0,12.440000000000143,23903.5,23871.2,23907.0,23888.0,1.974539891774348,0.4491315263217,0.9974799541810052,1.6036655211913078,-0.4827199024976893,0.001712424176012,13.833333333333334,0,0.7296678121419284,0.4491315263217,1.974539891774348
425,NIFTY26SEPFUT,2026-09-07 15:15:00+05:30,-1,False,2,False,False,False,False,True,-1.0,-1.0,-1.0,-0.563618290258346,0.208747514910536,1.2524850894632162,STOP,STOP,V,False,2026-09-07,23856.0,13.785714285714286,25.5,13.639999999999418,23914.9,23870.2,23893.0,23876.0,-1.4495619422282515,-2.6797815563298446,0.9894300518134292,1.849740932642487,3.950116817402456,0.0041372209135219,15.25,0,1.0300518134715553,2.6797815563298446,1.4495619422282515
426,NIFTY26SEPFUT,2026-09-08 09:15:00+05:30,-1,False,1,False,False,False,False,True,-1.0,-1.0,-1.0,1.0653231410702746,1.362056984016699,1.4933981931897733,STOP,STOP,V,False,2026-09-08,23794.5,,50.0,,,,,,,,,,,-0.0047472381549583,9.25,0,,,
427,NIFTY26SEPFUT,2026-09-08 10:10:00+05:30,1,False,1,False,False,False,False,True,-1.0,-1.0,-1.0,-1.9183556951184344,0.3477019697402452,2.5338281473023234,STOP,STOP,V,False,2026-09-08,23812.0,,32.60000000000218,21.200000000000728,23799.8,23765.0,,23791.9,,,,,,0.002983915696062,10.166666666666666,0,,,
428,NIFTY26SEPFUT,2026-09-08 13:30:00+05:30,-1,False,2,True,False,False,True,False,-1.0,-1.0,-1.0,-0.7324460761818233,1.092244148692053,1.4713171179440947,STOP,STOP,V,False,2026-09-08,23742.0,15.107142857142858,21.40000000000145,14.260000000000582,23779.9,23743.2,23767.0,23760.0,-1.1905867182462568,-1.6531056381591305,0.9439243498818352,1.4165484633570702,-0.1006602554431663,0.0006972107936946,13.5,0,0.0794326241135233,1.6531056381591305,1.1905867182462568
429,NIFTY26SEPFUT,2026-09-08 15:20:00+05:30,-1,False,1,False,False,False,False,True,-1.0,-1.0,-1.0,-0.2585751978889971,0.3755496921725094,1.2374670184695398,STOP,STOP,V,False,2026-09-08,23735.0,16.06428571428608,20.0,14.500000000000728,23764.9,23741.0,23737.1,23750.2,-0.94559274854103,-0.1307132014597516,0.902623388172546,1.244997776789656,2.0176314603219216,-0.0014649464424283,15.333333333333334,0,0.3734993330368968,0.1307132014597516,0.94559274854103
430,NIFTY26SEPFUT,2026-09-09 09:15:00+05:30,-1,False,1,False,False,False,False,True,-1.0,-1.0,-1.0,-0.8646264130135556,1.6018748276812602,1.717673007995568,STOP,STOP,V,False,2026-09-09,23618.6,,73.0,,,,,,,,,,,-0.0022600796650873,9.25,0,,,
431,NIFTY26SEPFUT,2026-09-09 10:20:00+05:30,1,False,2,True,False,False,True,False,-1.0,-1.0,-1.0,-2.204968944099347,0.2484472049689405,2.3571428571428683,STOP,STOP,V,False,2026-09-09,23654.0,,39.0,23.82000000000044,23644.4,23576.0,,23598.4,,,,,,0.0059619566969899,10.333333333333334,0,,,
432,NIFTY26SEPFUT,2026-09-09 15:00:00+05:30,-1,False,2,False,False,False,False,True,-1.0,-1.0,-1.0,1.6764076977903195,2.320028510334918,1.317177476835381,STOP,STOP,V,False,2026-09-09,23564.8,18.23571428571501,37.29999999999927,18.420000000001163,23660.0,23590.0,23644.7,23606.7,-2.2936107795789646,-4.366705973105457,1.0101057579318684,2.045436741088793,2.830865229279223,-0.0004403018197958,15.0,0,1.3819036427731928,4.366705973105457,2.2936107795789646
433,NIFTY26SEPFUT,2026-09-10 12:10:00+05:30,1,False,1,False,False,False,False,True,-1.0,-1.0,-1.0,-2.4087078651685454,0.0737359550561799,2.8855337078652115,STOP,STOP,V,False,2026-09-10,23564.4,19.742857142856987,30.40000000000145,16.679999999999563,23552.0,23515.1,23531.7,23541.0,1.1864169241078917,1.6585968367687134,0.8448625180897096,1.5397973950796806,3.0095870337373394,0.0001201230908378,12.166666666666666,0,0.6280752532562291,1.6585968367687134,1.1864169241078917
434,NIFTY26SEPFUT,2026-09-10 12:55:00+05:30,-1,True,2,True,True,False,False,False,-1.0,-1.0,-1.0,2.0226130653266083,2.5619765494137465,1.1725293132328165,STOP,STOP,V,True,2026-09-10,23525.0,16.514285714285766,27.0,13.820000000000435,23566.5,23534.0,23547.0,23549.0,-1.4518060773229935,-1.3309352729423234,0.8368512110726882,1.634948096885808,-0.146402631337583,3.1799648083863374e-05,12.916666666666666,1,0.544982698961936,1.3309352729423234,1.4518060773229935
435,NIFTY26SEPFUT,2026-09-10 14:00:00+05:30,-1,False,2,False,False,False,False,True,-1.0,-1.0,-1.0,-0.2840095465392968,2.199681782020672,1.358790771678673,STOP,STOP,V,False,2026-09-10,23498.3,17.471428571428728,21.799999999999272,15.040000000000145,23545.0,23506.3,23554.0,23527.9,-1.6920631696785662,-3.1805230804863807,0.8608340147179073,1.2477514309075517,4.758588321401745,0.0007021973813001,14.0,0,0.4578904333605846,3.1805230804863807,1.6920631696785662
436,NIFTY26SEPFUT,2026-09-10 14:15:00+05:30,-1,False,3,False,False,False,False,True,-1.0,-1.0,-1.0,-0.7609958506223221,1.829875518672199,1.882157676348632,STOP,STOP,V,False,2026-09-10,23490.2,17.185714285714443,21.099999999998545,16.2,23534.9,23491.0,23545.0,23516.0,-1.4995998267640551,-3.1812733756321765,0.9426433915211884,1.2277639235244262,3.702653496873879,0.001840732320635,14.25,0,0.0465502909392756,3.1812733756321765,1.4995998267640551
437,NIFTY26SEPFUT,2026-09-10 15:00:00+05:30,-1,False,1,True,False,False,True,False,-1.0,-1.0,-1.0,-1.655474452554611,0.4496350364963072,2.4167883211678136,STOP,STOP,V,False,2026-09-10,23468.6,17.971428571428728,34.400000000001455,18.660000000000583,23519.4,23477.0,23534.0,23490.5,-1.2174648622457855,-3.628996764549916,1.0383147853736323,1.9141494435612725,8.936761436291095,0.0009339842920823,15.0,0,0.4674085850557208,3.628996764549916,1.2174648622457855
438,NIFTY26SEPFUT,2026-09-11 09:15:00+05:30,-1,False,0,False,False,False,False,True,-1.0,-1.0,-1.0,-0.9657253718473704,0.5432205216641458,1.87109290795428,STOP,STOP,V,False,2026-09-11,23318.0,,47.900000000001455,,,,,,,,,,,-0.0068168940724343,9.25,0,,,
439,NIFTY26SEPFUT,2026-09-11 10:10:00+05:30,1,False,3,True,False,False,True,False,1.5,2.0,2.0431014289061555,2.0431014289061555,2.817053174045482,0.691965331459308,TARGET,TIME,V,False,2026-09-11,23354.1,,25.40000000000145,17.259999999999856,23341.0,23300.0,,23303.0,,,,,,-0.0011439078886881,10.166666666666666,0,,,
440,NIFTY26SEPFUT,2026-09-11 10:20:00+05:30,1,True,3,True,True,False,False,False,1.5,2.0,1.9750231267344984,1.9750231267344984,2.8168362627196943,0.6475485661424585,TARGET,TIME,V,True,2026-09-11,23363.6,,25.90000000000145,19.95999999999985,23357.0,23300.0,,23320.5,,,,,,-0.0011183292019261,10.333333333333334,1,,,
441,NIFTY26SEPFUT,2026-09-11 11:10:00+05:30,1,False,1,True,False,False,True,False,-1.0,-1.0,-1.0,-0.380257009345763,0.89953271028037,1.120327102803793,STOP,STOP,V,False,2026-09-11,23415.6,22.042857142857297,55.29999999999927,22.32000000000044,23380.0,23333.0,23322.8,23367.7,2.1774939124401884,4.226731813453707,1.0125729099157612,2.5087491898897745,3.72992816615476,0.0026299427558655,11.166666666666666,0,1.615035644847622,4.226731813453707,2.1774939124401884
442,NIFTY26SEPFUT,2026-09-11 12:10:00+05:30,-1,True,2,True,True,False,False,False,-1.0,-1.0,-1.0,-0.9018284106892184,1.0593530239098892,1.6185654008439514,STOP,STOP,V,True,2026-09-11,23399.0,25.00000000000026,31.5,15.8,23440.0,23406.5,23356.7,23416.0,-0.6795063204645821,1.6950642856224416,0.6319999999999935,1.259999999999987,-0.1485934038764771,-0.0062635134417829,12.166666666666666,1,0.2999999999999969,-1.6950642856224416,0.6795063204645821
443,NIFTY26SEPFUT,2026-09-11 15:00:00+05:30,-1,False,3,False,False,False,False,True,-1.0,-1.0,-1.0,-1.4107633168587823,0.3613399231192277,1.8451400329489624,STOP,STOP,V,False,2026-09-11,23464.0,26.928571428571168,28.099999999998545,14.539999999999418,23510.0,23465.5,23400.0,23499.5,-1.3163108668207484,2.383158085651508,0.5399469496021057,1.043501326259903,0.1522049215632404,-0.0031440758328015,15.0,0,0.0557029177718838,-2.383158085651508,1.3163108668207484
444,NIFTY26SEPFUT,2026-09-15 09:15:00+05:30,1,False,1,True,False,False,True,False,-1.0,-1.0,-1.0,-5.59233926128602,0.0536251709986888,6.28180574555416,STOP,STOP,V,False,2026-09-15,23519.8,,76.70000000000073,,,,,,,,,,,-0.0082269288300201,9.25,0,,,
445,NIFTY26SEPFUT,2026-09-15 09:45:00+05:30,-1,False,3,True,False,False,True,False,1.5,2.0,3.0,3.579877300613554,3.7138650306748295,0.3195092024539656,TARGET,TARGET,V,False,2026-09-15,23451.9,,39.19999999999709,21.02000000000044,,,,23507.6,,,,,,-0.0003461090061206,9.75,0,,,
446,NIFTY26SEPFUT,2026-09-15 09:50:00+05:30,-1,True,3,True,True,False,False,False,1.5,2.0,2.5311507451747155,2.5311507451747155,2.924505252870786,0.2496946005374808,TARGET,TIME,V,True,2026-09-15,23437.0,,32.29999999999927,25.179999999999563,,,,23500.0,,,,,,0.0001239089633557,9.833333333333334,1,,,
447,NIFTY26SEPFUT,2026-09-15 09:55:00+05:30,-1,True,3,True,True,False,False,False,1.5,2.0,1.42411545623839,1.42411545623839,2.515828677839884,0.5083798882681108,TARGET,TIME,V,True,2026-09-15,23426.0,,37.20000000000073,27.41999999999971,,,,23494.0,,,,,,0.0012943544270567,9.916666666666666,1,,,
448,NIFTY26SEPFUT,2026-09-15 10:40:00+05:30,-1,False,2,False,False,False,False,True,0.3370786516853906,0.3370786516853906,0.3370786516853906,0.3370786516853906,1.0674157303370704,0.3745318352059896,TIME,TIME,V,False,2026-09-15,23382.6,25.900000000000155,33.70000000000073,21.4,23469.3,23385.0,,23430.0,-1.8264134190895311,,0.8262548262548213,1.3011583011583214,,-0.0007701012701247,10.666666666666666,0,0.0926640926641483,,1.8264134190895311
449,NIFTY26SEPFUT,2026-09-15 14:10:00+05:30,-1,False,1,False,False,False,False,True,1.5,2.0,3.0,2.3839009287925697,4.117647058823529,0.0,TARGET,TARGET,V,False,2026-09-15,23279.0,22.721428571428728,36.69999999999709,18.960000000000583,23339.0,23288.3,23365.8,23306.0,-1.186928912342724,-3.805991000547379,0.8344545740333428,1.6152153410875691,4.395808309558039,0.000174620823355,14.166666666666666,0,0.4093052499213735,3.805991000547379,1.186928912342724
450,NIFTY26SEPFUT,2026-09-15 14:15:00+05:30,-1,False,2,False,False,False,False,True,-1.0,-1.0,-1.0,0.751298326601206,2.366993652625432,1.0663589151760475,STOP,STOP,V,False,2026-09-15,23238.6,23.071428571428573,37.900000000001455,22.91999999999971,23339.0,23269.4,23367.6,23322.2,-3.61054062602318,-5.5604645250651545,0.9934365325077272,1.6427244582043974,5.911608531847647,0.0031779057173801,14.25,0,1.334984520123965,5.5604645250651545,3.61054062602318
451,NIFTY26SEPFUT,2026-09-15 14:45:00+05:30,-1,False,1,False,False,False,False,True,-1.0,-1.0,-1.0,-0.6596292481976933,0.3712667353243732,1.701338825952614,STOP,STOP,V,False,2026-09-15,23196.5,23.635714285714908,75.0,22.020000000001165,23328.8,23230.6,23342.5,23255.0,-2.4688417449097946,-6.138457003664314,0.9316409791478036,3.1731640979146944,4.399909184529631,0.0066663355377061,14.75,0,1.4427319431851529,6.138457003664314,2.4688417449097946
452,NIFTY26SEPFUT,2026-09-16 09:15:00+05:30,1,False,0,False,False,False,False,True,-1.0,-1.0,-1.0,-0.3333333333332904,0.4958677685950371,3.07438016528919,STOP,STOP,V,False,2026-09-16,23311.0,,99.0,,,,,,,,,,,-0.0240915521209433,9.25,0,,,
453,NIFTY26SEPFUT,2026-09-16 12:30:00+05:30,1,True,2,True,True,False,False,False,1.5,2.0,-1.0,-0.5465465465464214,2.401651651651644,2.6433933933933047,TARGET,STOP,V,True,2026-09-16,23300.4,18.578571428571845,35.0,17.0,23296.1,23250.0,23302.4,23265.0,1.908320278542044,-0.1076416640294588,0.9150326797385416,1.8838908112264088,1.0346846211843108,0.0007185576588084,12.5,1,0.2314494425222583,-0.1076416640294588,1.908320278542044
454,NIFTY26SEPFUT,2026-09-16 13:05:00+05:30,1,False,1,False,False,False,False,True,-1.0,-1.0,-1.0,-2.7921348314606456,0.4915730337078664,3.8342696629213577,STOP,STOP,V,False,2026-09-16,23328.0,18.599999999999845,38.400000000001455,16.9,23318.0,23269.4,23270.0,23312.3,0.8446544832419581,3.1260518180684684,0.908602150537642,2.064516129032353,3.196853574728681,0.000815524690463,13.083333333333334,0,0.5376344086021551,3.1260518180684684,0.8446544832419581
455,NIFTY26SEPFUT,2026-09-17 09:15:00+05:30,1,True,2,True,True,False,False,False,-1.0,-1.0,-1.0,0.0,3.162248144220408,2.172499116295544,STOP,STOP,V,True,2026-09-17,23309.9,,75.59999999999854,,,,,,,,,,,-0.0150954554961738,9.25,1,,,
456,NIFTY26SEPFUT,2026-09-17 11:00:00+05:30,-1,False,2,False,False,False,False,True,-1.0,-1.0,-1.0,-5.664689353730698,0.9790821105214298,6.600062441460995,STOP,STOP,V,False,2026-09-17,23272.0,21.95000000000047,37.900000000001455,21.220000000001164,23373.8,23297.0,23275.0,23320.0,-2.1822870472029434,-0.1366566432351921,0.9667425968109664,1.7266514806378426,1.2983790799843933,0.0024112079090545,11.0,0,1.1389521640090874,0.1366566432351921,2.1822870472029434
457,NIFTY26SEPFUT,2026-09-17 11:55:00+05:30,1,True,3,False,False,True,False,False,1.5,2.0,-1.0,-2.090152167671552,2.6528854435831235,2.8418030433534662,TARGET,STOP,V,True,2026-09-17,23352.0,23.9428571428572,33.79999999999927,21.95999999999985,23335.0,23244.6,23340.0,23291.0,2.554405304106627,0.5014510003620087,0.9171837708830468,1.411694510739823,0.1427222951080323,-0.0003900411912659,11.916666666666666,1,0.710023866348447,0.5014510003620087,2.554405304106627
458,NIFTY26SEPFUT,2026-09-17 12:05:00+05:30,1,False,3,False,False,False,False,True,-1.0,-1.0,-1.0,-2.516649323621189,1.3475546305931396,3.631113423517216,STOP,STOP,V,False,2026-09-17,23385.0,25.514285714285503,52.0,25.5,23363.0,23253.3,23334.9,23315.6,2.7281411364238912,1.967821682220681,0.9994400895856744,2.038073908174709,4.346218377995945,-0.0020306678235761,12.083333333333334,0,0.8622620380739152,1.967821682220681,2.7281411364238912
459,NIFTY26SEPFUT,2026-09-17 13:25:00+05:30,-1,False,3,False,False,False,False,True,-1.0,-1.0,-1.0,-0.8287416232316401,1.2352941176470866,2.2933730454206813,STOP,STOP,V,False,2026-09-17,23305.0,16.84285714285735,54.0,13.520000000000437,23412.0,23356.0,23315.0,23373.4,-4.049184376550758,-0.593468841476191,0.8027141645462416,3.206106870228968,2.196752404483614,0.0003666119192866,13.416666666666666,0,3.027989821882914,0.593468841476191,4.049184376550758
460,NIFTY26SEPFUT,2026-09-17 14:35:00+05:30,1,False,1,False,False,False,False,True,-1.0,-1.0,-1.0,0.4919184820801086,0.737877723120163,1.7217146872803804,STOP,STOP,V,False,2026-09-17,23349.0,21.1928571428572,41.900000000001455,20.240000000000144,23337.2,23299.0,23380.5,23319.6,1.389008835262315,-1.4843473239962863,0.9550387596899268,1.9770812268285096,0.1446833048119399,0.0009552461680355,14.583333333333334,0,0.5567913717559467,-1.4843473239962863,1.389008835262315
461,NIFTY26SEPFUT,2026-09-18 11:50:00+05:30,1,False,3,True,False,False,True,False,-1.0,-1.0,-1.0,0.3938618925831129,1.7186700767263106,1.5038363171355218,STOP,STOP,V,False,2026-09-18,23356.0,13.257142857143013,26.80000000000291,12.78000000000029,23338.0,23314.1,23356.0,23316.0,3.022417638324543,0.0,0.9640086206896658,2.021551724138127,2.224067600410669,0.0009846807108735,11.833333333333334,0,1.3577586206896393,0.0,3.022417638324543
462,NIFTY26SEPFUT,2026-09-18 13:00:00+05:30,1,False,1,False,False,False,False,True,-1.0,-1.0,-1.0,0.0128205128205593,1.955128205128192,3.2051282051281835,STOP,STOP,V,False,2026-09-18,23372.0,16.09285714285735,19.90000000000145,12.840000000000146,23369.0,23337.1,23326.0,23352.0,1.2438517894071934,2.8640479322795844,0.7978695073235673,1.2365734576121472,1.4271603554375236,5.1167346461378216e-05,13.0,0,0.1864181091877472,2.8640479322795844,1.2438517894071934
463,NIFTY26SEPFUT,2026-09-21 11:50:00+05:30,1,False,1,False,False,False,False,True,-1.0,-1.0,-1.0,1.093180635085901,1.4211348256116714,1.275377407600218,STOP,STOP,V,False,2026-09-21,23423.9,13.278571428571272,22.200000000000728,12.180000000000293,23415.0,23392.5,23382.0,23412.0,0.8966362587722136,3.161114435461634,0.9172673480366116,1.6718665949435925,3.515865996627869,-0.000414954822261,11.833333333333334,0,0.6702528240990955,3.161114435461634,0.8966362587722136
464,NIFTY26SEPFUT,2026-09-21 13:05:00+05:30,-1,False,2,False,False,False,False,True,-1.0,-1.0,-1.0,-2.7675205413242443,0.3383276945384041,4.398260028999254,STOP,STOP,V,False,2026-09-21,23410.0,14.542857142857818,17.400000000001455,13.800000000001456,23437.2,23412.3,23412.0,23426.0,-1.0994450274970036,-0.1375128097457422,0.9489194499018242,1.196463654224013,1.2613630586684743,0.0003446506104436,13.083333333333334,0,0.1581532416502373,0.1375128097457422,1.0994450274970036
465,NIFTY26SEPFUT,2026-09-21 13:55:00+05:30,1,False,2,False,False,False,False,True,-1.0,-1.0,-1.0,-1.1407407407406271,0.4148148148149022,1.9833333333332053,STOP,STOP,V,False,2026-09-21,23467.7,13.77142857142904,37.0,10.980000000000292,23444.0,23405.0,23432.0,23437.5,2.1957717421854674,2.5962732056669378,0.7973029045643094,2.6867219917011536,11.736010239913236,-0.0011304867102085,13.916666666666666,0,1.7209543568464674,2.5962732056669378,2.1957717421854674
466,NIFTY26SEPFUT,2026-09-22 10:30:00+05:30,-1,True,3,True,True,False,False,False,1.5,2.0,3.0,2.7604860838885683,4.033712269698065,0.548804390435111,TARGET,TARGET,V,True,2026-09-22,23426.4,17.38571428571465,32.900000000001455,15.700000000000728,23475.0,23442.2,,23469.3,-2.463032667711736,,0.9030402629416828,1.892358258011548,,0.0031271395712011,10.5,1,0.9087921117501446,,2.463032667711736
467,NIFTY26SEPFUT,2026-09-22 11:45:00+05:30,-1,True,3,True,True,False,False,False,1.5,1.1150033046926149,1.1150033046926149,1.1150033046926149,1.684071381361629,0.6708526107072155,TIME,TIME,V,True,2026-09-22,23372.0,21.592857142856836,24.0,16.719999999999708,23417.0,23376.0,23469.3,23410.0,-1.7569845763146763,-4.487438089936296,0.7743301356268583,1.111478663579242,0.9764157550491958,0.000641592070383,11.75,1,0.1852464439298736,4.487438089936296,1.7569845763146763
468,NIFTY26SEPFUT,2026-09-22 13:00:00+05:30,-1,False,3,False,False,False,False,True,-1.0,-1.0,-1.0,-2.0661290322579218,3.070967741935476,4.6911290322578445,STOP,STOP,V,False,2026-09-22,23340.3,17.150000000000414,22.30000000000291,16.820000000000437,23386.5,23341.0,23410.0,23376.0,-2.0784535682855982,-4.052039533577516,0.9807580174927132,1.3002915451896426,3.8928575561964673,0.0046621574721774,13.0,0,0.0408163265306536,4.052039533577516,2.0784535682855982
469,NIFTY26SEPFUT,2026-09-22 13:50:00+05:30,-1,False,3,True,False,False,True,False,-1.0,-1.0,-1.0,-4.194756554307002,1.1440245148110004,5.41028260129369,STOP,STOP,V,False,2026-09-22,23308.0,19.02142857142904,39.900000000001455,17.779999999999564,23368.3,23327.4,23374.7,23347.9,-2.094049530414663,-3.4965654899471166,0.934735260983807,2.0976342470897733,1.7393048301776226,0.0023885807466612,13.833333333333334,0,1.0199023657529618,3.4965654899471166,2.094049530414663
470,NIFTY26SEPFUT,2026-09-23 09:15:00+05:30,1,True,3,False,False,True,False,False,-1.0,-1.0,-1.0,0.3209046454767683,1.0654034229829332,2.310513447432732,STOP,STOP,V,True,2026-09-23,23423.0,,51.0,,,,,,,,,,,-0.0423720711453079,9.25,1,,,
471,NIFTY26SEPFUT,2026-09-23 12:00:00+05:30,1,False,2,False,False,False,False,True,-1.0,-1.0,-1.0,-1.0365182591294877,1.1275637818908149,2.5212606303150933,STOP,STOP,V,False,2026-09-23,23468.0,13.328571428571845,24.299999999999272,10.78000000000029,23460.6,23431.1,23422.7,23446.9,1.5844899901227445,3.405287011197084,0.80878885316184,1.8231511254018176,1.1450432877826873,-0.0028902428284348,12.0,0,0.5551982851019139,3.405287011197084,1.5844899901227445
472,NIFTY26SEPFUT,2026-09-23 14:25:00+05:30,1,True,2,False,False,True,False,False,-1.0,-1.0,-1.0,-1.815841584158401,0.1940594059405366,3.5415841584158656,STOP,STOP,V,True,2026-09-23,23477.7,13.59285714285761,21.0,13.079999999999565,23475.0,23432.0,23464.0,23452.6,1.848534333553329,1.0084707665451178,0.962270099842289,1.5449290593798732,5.137785170011595,-7.664937349227685e-05,14.416666666666666,1,0.1986337362060372,1.0084707665451178,1.848534333553329
473,NIFTY26SEPFUT,2026-09-24 09:15:00+05:30,-1,False,0,False,False,False,False,True,-0.5101360020528863,-0.5101360020528863,-0.5101360020528863,-0.5101360020528863,1.3184500898127,0.9771619194252232,TIME,TIME,V,False,2026-09-24,23248.2,,71.59999999999854,,,,,,,,,,,-0.0380769493445606,9.25,0,,,
474,NIFTY26SEPFUT,2026-09-24 11:55:00+05:30,-1,False,3,False,False,False,False,True,1.5,2.0,3.0,2.960624575695839,3.1459606245757463,0.798370672097729,TARGET,TARGET,V,False,2026-09-24,23216.8,20.43571428571418,24.799999999999272,14.299999999999272,23261.0,23218.0,23232.4,23223.3,-0.31798157948357,-0.7628568669432056,0.6997553303040575,1.2135616917161538,0.7791764156903356,-0.0007164517311473,11.916666666666666,0,0.0587207270185608,0.7628568669432056,0.31798157948357
475,NIFTY26SEPFUT,2026-09-24 12:30:00+05:30,-1,False,1,False,False,False,False,True,-1.0,-1.0,-1.0,5.469005847953135,7.701364522417184,1.195321637426997,STOP,STOP,V,False,2026-09-24,23197.1,18.278571428571272,32.099999999998545,16.820000000000437,23238.0,23203.2,23260.0,23224.9,-1.519086092381501,-3.4318822579893635,0.9202032043767414,1.7561547479483528,2.3566468411908645,-0.0011639063868841,12.5,0,0.3337241109809741,3.4318822579893635,1.519086092381501
476,NIFTY26SEPFUT,2026-09-24 13:25:00+05:30,-1,False,2,False,False,False,False,True,1.5,2.0,3.0,2.3581560283687946,5.649645390070886,0.7049645390071283,TARGET,TARGET,V,False,2026-09-24,23169.8,17.642857142857142,49.0,14.559999999999857,23219.0,23187.1,23224.0,23212.1,-2.39320169588357,-3.064895215196941,0.8252631578947286,2.7773279352226723,5.05541320724338,-0.002575797554877,13.416666666666666,0,0.980566801619392,3.064895215196941,2.39320169588357
477,NIFTY26SEPFUT,2026-09-25 12:40:00+05:30,-1,False,1,False,False,False,False,True,1.5,2.0,-1.0,-5.961337513061606,2.70637408568441,10.745036572622803,TARGET,STOP,V,False,2026-09-25,23095.0,13.742857142857249,17.0,13.300000000000727,23139.5,23103.0,23130.8,23116.9,-1.592045425020577,-2.6009578106781115,0.9677754677755134,1.2370062370062276,1.4421775779004296,-0.003168639415426,12.666666666666666,0,0.5821205821205777,2.6009578106781115,1.592045425020577
478,NIFTY26SEPFUT,2026-09-25 13:55:00+05:30,1,True,3,True,True,False,False,False,1.5,2.0,3.0,5.403508771929923,9.045614035087986,0.1052631578947387,TARGET,TARGET,V,True,2026-09-25,23110.5,13.142857142856885,22.0,12.639999999999418,23098.0,23066.5,23116.9,23072.0,2.9342359975200707,-0.4868217060096418,0.9617391304347572,1.673913043478294,2.792412098373478,-0.0073120338163793,13.916666666666666,1,0.951086956521758,-0.4868217060096418,2.9342359975200707
479,NIFTY26SEPFUT,2026-09-25 14:00:00+05:30,1,True,3,True,True,False,False,False,-1.0,-1.0,-1.0,-1.528557904701745,0.5787314610288161,2.544651309561329,STOP,STOP,V,True,2026-09-25,23222.0,14.24999999999974,130.40000000000146,14.839999999999415,23111.0,23066.5,23113.0,23076.0,10.31043721281023,7.685195769677968,1.0414035087719078,9.150877192982724,11.244019214527686,-0.006715668630534,14.0,1,7.789473684210668,7.685195769677968,10.31043721281023
480,NIFTY26SEPFUT,2026-09-28 09:15:00+05:30,-1,False,1,True,False,False,True,False,1.5,2.0,3.0,2.9350588235293387,3.860705882352813,0.2272941176471048,TARGET,TARGET,V,False,2026-09-28,22970.1,,154.0,,,,,,,,,,,-0.1349906648462715,9.25,0,,,
481,NIFTY26SEPFUT,2026-09-28 10:15:00+05:30,-1,False,2,False,False,False,False,True,0.5567047075606102,0.5567047075606102,0.5567047075606102,0.5567047075606102,0.9810984308131072,0.289586305278138,TIME,TIME,V,False,2026-09-28,22890.0,,35.20000000000073,21.6,22972.3,22890.6,,22915.9,,,,,,-0.0031344598563231,10.25,0,,,
482,NIFTY26SEPFUT,2026-09-28 12:25:00+05:30,1,True,3,True,True,False,False,False,-1.0,-1.0,-1.0,-1.4071456615625386,0.1923831959167642,2.47899489595594,STOP,STOP,V,True,2026-09-28,22904.6,18.47857142857148,21.200000000000728,15.320000000000435,22901.1,22850.2,22870.0,22871.3,1.8047111507881095,1.87527192992972,0.8290684190181891,1.147274835717083,-0.4013463465346553,-0.0041812416418964,12.416666666666666,1,0.1894085813683798,1.87527192992972,1.8047111507881095
483,NIFTY26SEPFUT,2026-09-28 14:15:00+05:30,-1,True,3,True,True,False,False,False,1.5,0.5267796610168606,0.5267796610168606,0.5267796610168606,1.5708474576269915,0.7261016949151928,TIME,TIME,V,True,2026-09-28,22826.0,17.921428571429196,61.400000000001455,17.36000000000131,22900.0,22863.3,22892.9,22885.0,-3.28366075268632,-3.722052493484815,0.9686727779992422,3.426066161817419,10.338617650715891,-0.0035250779923505,14.25,1,2.0813072937424137,3.722052493484815,3.28366075268632
484,NIFTY26SEPFUT,2026-09-29 09:15:00+05:30,-1,True,2,True,True,False,False,False,1.5,2.0,3.0,2.62882096069869,4.707423580786027,0.3056768558951965,TARGET,TARGET,V,True,2026-09-29,22700.0,,68.70000000000073,,,,,,,,,,,-0.1576496660254853,9.25,1,,,
485,NIFTY26SEPFUT,2026-09-29 09:20:00+05:30,-1,True,3,True,True,False,False,False,1.5,2.0,3.0,3.218155197657394,4.448023426061494,0.0204978038067349,TARGET,TARGET,V,True,2026-09-29,22687.5,,30.099999999998545,,,,,,,,,,,-0.1589372101453804,9.333333333333334,1,,,
486,NIFTY26SEPFUT,2026-09-29 09:25:00+05:30,-1,True,3,True,True,False,False,False,1.5,2.0,0.3710575139146574,0.3710575139146574,2.448979591836739,0.3710575139146574,TARGET,TIME,V,True,2026-09-29,22642.0,,50.70000000000073,,,,,,,,,,,-0.1586668253481074,9.416666666666666,1,,,
487,NIFTY26SEPFUT,2026-09-29 11:10:00+05:30,1,False,2,False,False,False,False,True,1.5,2.0,-1.0,-0.2576235541535191,2.340694006309197,2.5136698212407387,TARGET,STOP,V,False,2026-09-29,22701.3,22.38571428571465,88.0,26.15999999999985,22640.0,22590.1,22630.0,22617.0,3.779830700396109,3.195102149644569,1.1686024250159286,3.9310784939373966,1.0115762055372235,-0.013761100888071,11.166666666666666,0,2.7383535417995404,3.195102149644569,3.779830700396109
488,NIFTY26SEPFUT,2026-09-29 12:25:00+05:30,-1,False,2,False,False,False,False,True,1.5,2.0,-1.0,0.3974246414984109,2.396839332747968,1.2906057945565983,TARGET,STOP,V,False,2026-09-29,22690.0,23.77142857142904,46.30000000000291,18.60000000000073,22764.9,22713.5,22617.0,22755.0,-2.726564216655601,3.080825327952756,0.7824519230769382,1.9477163461539304,0.3988639625282469,-0.0099963098118004,12.416666666666666,0,0.9885817307692114,-3.080825327952756,2.726564216655601
489,NIFTY26SEPFUT,2026-09-29 12:30:00+05:30,-1,True,3,True,True,False,False,False,-1.0,-1.0,-1.0,-0.8055929013174574,0.7604194675988264,2.3000806668458176,STOP,STOP,V,True,2026-09-29,22662.5,24.40714285714343,59.29999999999927,22.44000000000087,22764.9,22680.1,22628.2,22758.0,-3.8963696557816743,1.4074565140820958,0.919402985074641,2.429616622768424,2.6444470042921613,-0.0096998220742696,12.5,1,0.7211003804506112,-1.4074565140820958,3.8963696557816743
490,NIFTY26SEPFUT,2026-09-29 13:35:00+05:30,-1,True,3,True,True,False,False,False,-1.0,-1.0,-1.0,-1.5045731707318024,0.1387195121950435,2.4613821138211502,STOP,STOP,V,True,2026-09-29,22651.0,29.264285714286025,30.200000000000728,20.50000000000073,22723.0,22662.9,22737.0,22700.7,-1.6945976164303485,-2.927620241899871,0.700512570173315,1.031974615572384,0.4590756270368844,0.0025633368174804,13.583333333333334,1,0.406639004149423,2.927620241899871,1.6945976164303485
491,NIFTY26SEPFUT,2026-09-29 15:20:00+05:30,-1,False,0,False,False,False,False,True,-1.0,-1.0,-1.0,-2.4155653450807724,0.0,2.4429760156632243,STOP,STOP,V,False,2026-09-29,22646.3,25.47142857142847,65.0,28.399999999999277,22714.8,22654.0,22655.7,22680.0,-1.321085128407541,-0.3688878247008085,1.1149747616376653,2.551878855860919,1.669077440511216,-0.02242560571458,15.333333333333334,0,0.3022994952327836,0.3688878247008085,1.321085128407541